CB_mean,CB_median,CB_std,CB_CV,CB_IQR,CB_MAD,CB_skew,CB_kurt,CP_mean,CP_median,CP_std,CP_CV,CP_IQR,CP_MAD,CP_skew,CP_kurt,APIT_mean,APIT_median,APIT_std,APIT_CV,APIT_IQR,APIT_MAD,APIT_skew,APIT_kurt,APS_mean,APS_median,APS_std,APS_CV,APS_IQR,APS_MAD,APS_skew,APS_kurt,Time_mean,Time_median,Time_std,Time_CV,Time_IQR,Time_MAD,Time_skew,Time_kurt,TNFE,PSE,t,source,label
146.36363636363637,140.0,29.16184533153716,0.1992424215198191,0.0,0.0,4.364357804719847,17.047619047619047,5.2272727272727275,5.0,1.0414944761263272,0.1992424215198191,0.0,0.0,4.364357804719848,17.047619047619047,0.19469654545454548,0.199895,0.020792270621833735,0.1067932179961969,0.00011000000000002674,5.500000000001337e-05,-4.293533563735918,16.63920153589712,28.0,28.0,0.0,0.0,0.0,0.0,0.0,-3.0,0.9961884090909089,0.999475,0.010554807541671983,0.01059519207948221,0.0005500000000000504,0.0002750000000000252,-2.8425115030522328,6.088068202366221,44.0,1.0,2,attack,0
533.0555555555555,280.0,360.09890188086166,0.6755372833616998,470.0,0.0,1.4778438136155807,1.5150080111564046,6.861111111111111,10.0,4.796716340823271,0.6991165516989383,9.0,0.0,0.09016122082768752,-0.5602902066407314,0.14637316666666667,0.1999125,0.06425602276991887,0.4389877204491183,0.11771374999999999,8.500000000000174e-05,-0.4636278150825305,-1.60041928116176,308.77777777777777,28.0,351.97357153872844,1.1398928189451443,722.0,0.0,0.4558423058385519,-1.7922077922077915,1.2500995277777776,1.999125,0.935321420040087,0.748197562879452,1.91732,0.0007999999999999119,-0.4556916542133444,-1.791909856748423,72.0,1.9640787648082292,3,attack,0
1178.936170212766,750.0,1030.3650128743434,0.8739786248889034,1080.0,330.0,1.7660376679653174,2.8373683075601965,8.638297872340425,6.0,7.017987624258881,0.8124271387688853,13.0,5.0,0.517129915535372,-0.46816648145038764,0.33259512659574464,0.19998666666666667,0.25431861558153834,0.7646492544391725,0.15794287499999998,0.02191066666666666,1.9188912407523993,2.6502792419461736,412.0425531914894,750.0,360.26384878643785,0.8743365120810997,722.0,0.0,-0.12792042981336654,-1.983636363636363,1.8580485957446808,1.088028,1.088657356949916,0.5859143616820188,1.9338605,0.8016110000000001,0.005491089517917365,-1.8219258509064276,94.0,2.688266807327481,4,attack,0
1311.276595744681,750.0,1021.9768432678135,0.7793754929999551,940.0,190.0,1.5990607952009162,2.128025079620209,11.170212765957446,6.0,9.623373913895561,0.8615210932439836,18.0,5.0,0.5137897336874118,-0.5878617264090407,0.5969854102836879,0.34660599999999997,0.5602325405014997,0.9384358995226982,0.643315875,0.14664599999999997,1.5451127459045824,1.4076308511666777,412.0425531914894,750.0,360.26384878643785,0.8743365120810997,722.0,0.0,-0.12792042981336654,-1.983636363636363,2.8580485957446813,2.088028,1.088657356949916,0.38090932343516015,1.9338604999999998,0.8016110000000001,0.0054910895179161165,-1.8219258509064276,94.0,2.688266807327481,5,attack,0
1379.787234042553,750.0,976.6780199895193,0.707846830215997,800.0,50.0,1.7152450080398631,2.5489233209670275,13.617021276595745,6.0,12.314242215417597,0.9043271626947298,23.0,5.0,0.5035181857802826,-0.6820258330582543,0.8654428670212767,0.5132726666666666,0.8749408908219432,1.010974755425921,1.1433110000000002,0.3133026666666666,1.3839602597024814,0.9797611008670515,412.0425531914894,750.0,360.26384878643785,0.8743365120810997,722.0,0.0,-0.12792042981336654,-1.983636363636363,3.8580485957446813,3.088028,1.088657356949916,0.2821782385402492,1.9338604999999998,0.8016109999999999,0.005491089517916263,-1.8219258509064276,94.0,2.688266807327481,6,attack,0
1707.3684210526317,1500.0,1097.0766998339539,0.642554170679566,1410.0,660.0,1.0500578304494401,-0.09100768714135521,13.929824561403509,5.0,14.403775880592704,1.0340242130904083,28.0,3.0,0.8007375846839173,-0.36541894200398684,0.9604987435672515,0.199995,1.146058543102482,1.1931910903350786,1.1635593333333334,0.06261320000000001,1.5537637280269787,1.543371197090977,471.3333333333333,750.0,351.4857354462941,0.7457264542707795,722.0,0.0,-0.46848748060169054,-1.7805194805194806,4.108237842105263,4.079636,1.904491769096019,0.4635787513509841,2.3156149999999998,1.9194640000000005,-0.7539043686203982,-0.5228144649886644,114.0,3.0620756802466547,7,attack,0
1763.859649122807,1500.0,1057.9403266194158,0.5997871356406077,1270.0,520.0,1.0941506412523938,0.029024336583229005,15.947368421052632,5.0,17.021576660878413,1.0673595925963362,33.0,3.0,0.7959435407363604,-0.41450879417869135,1.2397454753968251,0.42060025,1.419141085729371,1.144703581414664,1.4968743333333334,0.22166225,1.5365628615170976,1.5304111770788733,471.3333333333333,750.0,351.4857354462941,0.7457264542707795,722.0,0.0,-0.46848748060169054,-1.7805194805194806,5.1082378421052645,5.079636,1.9044917690960192,0.37282754405012564,2.315615,1.9194640000000005,-0.7539043686204011,-0.5228144649886617,114.0,3.0620756802466547,8,attack,0
1892.4137931034484,1500.0,1150.5145930301221,0.6079614285326811,1130.0,380.0,1.4122393698792,1.5487232517498182,17.79310344827586,5.0,19.514591022678438,1.0967502706544083,38.0,3.0,0.8176297116087994,-0.3988823072310983,1.4947203564655172,0.67032175,1.6992627950256773,1.136843281537846,1.882511,0.47071424999999995,1.499661645968567,1.4804948010874952,476.13793103448273,750.0,350.3255357164672,0.7357648128459986,722.0,0.0,-0.49746833816309105,-1.7525252525252528,6.018278448275861,6.077806,2.006448693023797,0.33339246601303596,2.7087069999999995,1.9213190000000004,-0.802193601151669,-0.39140771917071326,116.0,3.1521807014494527,9,attack,0
2110.12987012987,1500.0,1235.7557165257044,0.5856301709286019,1740.0,750.0,1.1270743765569282,0.6662467580616256,15.753246753246753,4.0,20.469905591212157,1.2994086813877461,43.0,2.0,1.242382224796502,0.49550782667328797,1.3544666665945166,0.1999988888888889,1.873814735334099,1.3834336285627162,1.8970643333333332,0.1523168888888889,1.8005834542521084,2.6275946432262174,543.7142857142857,750.0,326.16635294879563,0.5998855676935285,722.0,0.0,-0.9486832980505134,-1.0999999999999992,5.344735948051948,6.690593,3.4035347685205344,0.6368012941333531,7.1084570000000005,2.3090069999999994,-0.4833249073778842,-1.3275233792878374,154.0,3.5006168386261662,10,attack,1
2255.072463768116,1500.0,1471.889865906311,0.6527018042900736,1600.0,750.0,0.863819531714262,-0.36287435565486614,11.028985507246377,3.0,18.5343167926634,1.6805096697684292,4.0,2.0,2.140372629649619,3.85917038921799,1.0267625338940647,0.22659616666666665,1.730017222453088,1.684924376712387,0.7999999999999999,0.16616919166666666,2.675850428326758,7.207912015135294,634.8985507246376,750.0,264.3007808378984,0.4162882094095825,0.0,0.0,-1.8607478187925037,1.4623824451410625,3.7241556521739123,1.269146,3.8932986440702115,1.045417809483222,7.603344,1.0169445000000001,0.575671756791221,-1.4288044154753015,276.0,4.662304600945441,11,attack,1
2130.287356321839,1500.0,1570.1396190063706,0.7370553152591482,2250.0,750.0,1.1565145951094495,0.16406930265291075,9.839080459770114,2.0,18.699298384538015,1.9005128031014105,5.0,1.0,2.527349501087204,5.861445246864079,1.2402002576149425,0.56279425,1.7285535930979015,1.3937697420109576,1.135956625,0.36280288636363645,2.9375312515021137,9.478416067745101,658.7126436781609,750.0,239.95018199646657,0.3642714077213058,0.0,0.0,-2.2480720075647413,3.053827751196171,3.8760074310344828,1.6839135,3.8460413922995267,0.9922688386779077,7.190593,0.8235560000000001,0.8925541553594426,-0.9251831942078157,348.0,5.303395783599217,12,attack,1
2004.5876288659795,1500.0,1542.4548933408992,0.7694624426139381,1500.0,750.0,1.270076339678398,0.48720424100067605,9.52061855670103,2.0,19.5959728565516,2.058266775403904,5.0,1.0,2.7269816238955054,6.993661484687628,1.6115372429205528,1.028329,1.828644984954787,1.1347208964533608,1.549828057142857,0.6900242857142858,2.7543801171461406,9.214032672868687,668.1237113402062,750.0,228.93438747306888,0.34265269079261323,0.0,0.0,-2.438460332858834,3.94608879492601,4.4274499639175255,2.525,3.8763546085432496,0.8755275926626956,4.8293219999999994,0.8407184999999999,0.9828921828185461,-0.6542281990922092,388.0,5.784029842540658,13,attack,1
1902.3831775700935,1500.0,1513.4031783625123,0.7955301519726306,1500.0,750.0,1.3719594159173594,0.8016583778968691,9.261682242990654,2.0,20.435600441248543,2.206467454302315,4.0,1.0,2.9146655596836526,8.140338658460191,2.006923299029333,1.528329,1.9717693850207427,0.9824836783620019,2.2489835714285715,0.9835580000000002,2.4094812792273914,7.908835134970996,675.7757009345794,750.0,219.2731113326042,0.32447617016911895,0.0,0.0,-2.6156941833108216,4.841856060606068,4.969277070093458,3.325,3.9580083724618027,0.7964958114898116,5.006244000000001,0.9627494999999997,1.0064077752643168,-0.4336255474716779,428.0,6.188750622235655,14,attack,1
2090.064724919094,1500.0,1807.1692884825798,0.8646475235605611,2250.0,750.0,1.9895501648730183,5.790844289512773,7.802588996763754,2.0,18.67027455269867,2.392830707915342,4.0,1.0,3.6343800261479817,13.514771071476922,1.8767310916062094,1.3,2.1051750097766915,1.121724374468037,2.63136925,1.100007142857143,2.128256236523373,6.741177832081247,698.5954692556634,750.0,185.66541254731737,0.2657695629562834,0.0,0.0,-3.334982698263867,9.12210959771935,4.282454278317152,3.684882,4.158366734291861,0.9710241987512701,4.095289,2.584882,1.170964446168546,0.2962055297730579,618.0,6.390929674450616,15,attack,1
2269.915254237288,1500.0,2001.198156259086,0.8816180042507827,2250.0,750.0,1.7105865921683638,3.628979007643082,7.7175141242937855,2.0,18.79924804756178,2.435920135006175,4.0,1.0,3.9196119888058236,16.011445604778185,2.1757825370841655,1.475,2.2752919695104077,1.04573500831549,2.87116775,1.2509743333333334,1.8965477395167365,5.438265343440694,705.1299435028249,750.0,174.3067951082251,0.24719811818277546,0.0,0.0,-3.627281923307045,11.157174151150052,4.6854983446327685,3.875,4.188987300362426,0.8940323936216741,4.194457,2.2016545,1.2498715133576876,0.5879250470494468,708.0,6.6233617138845124,16,attack,1
2270.8854166666665,1500.0,2044.8630372319137,0.9004694918660753,2250.0,750.0,1.7137372531264496,3.493021954554651,7.640625,2.0,19.3470501526557,2.5321292633332613,4.0,1.0,4.110707833588194,17.724231128038237,2.564864927689917,1.9249999999999998,2.4871670578555434,0.9697068375821438,3.2865772,1.4545252,1.6435697464332963,4.099933488122047,708.6354166666666,750.0,167.79213453653415,0.236782032890492,0.0,0.0,-3.809897496679989,12.515318935208446,5.275998755208334,4.125,4.2615497425456965,0.8077237960563962,4.48253975,2.147053,1.2370794526265032,0.689455432386513,768.0,6.8764166700879885,17,attack,1
2275.5454545454545,1500.0,2156.382107463431,0.9476330622866742,2250.0,750.0,2.0973453933432067,5.76779956601384,7.3113636363636365,2.0,19.337924537375336,2.6449135208098067,4.0,1.0,4.429792437114199,20.82452845134704,2.7917500599162888,1.935372,2.718446812731965,0.9737429047690173,3.650032583333334,1.59039975,1.4662631795071865,3.0560983459949336,713.9,750.0,157.3562518618183,0.22041777820677727,0.0,0.0,-4.129483209670112,15.052631578947377,5.543478265909091,3.8863305,4.419732424419266,0.7972850640723963,4.616042500000001,2.75,1.1874885650313411,0.773462612098025,880.0,7.069677329458528,18,attack,1
2339.2389006342496,1500.0,2328.4074923273342,0.9953696869935009,2250.0,750.0,2.304452326891755,7.618915345330821,7.331923890063425,2.0,19.82752736299611,2.704273484053391,4.0,1.0,4.5981035821413725,22.583267860524145,3.1715093356175337,2.3,2.9588529885492116,0.9329479044314668,4.04689,1.7788229999999998,1.3131789277523773,2.2428647308924905,716.4186046511628,750.0,152.04623417988873,0.21223099622590452,0.0,0.0,-4.306829516919014,16.548780487804862,6.1211126109936576,4.802481,4.533649089169036,0.7406576838704942,5.2711749999999995,2.9024810000000003,1.1368063708417528,0.7659538631235812,946.0,7.272250709496369,19,attack,1
2320.8519269776875,1500.0,2409.7998209098905,1.0383255359371568,2250.0,750.0,2.380687894213533,7.5505129933307185,7.36105476673428,2.0,20.560489702789223,2.793144509086549,4.0,1.0,4.705856599845159,23.697911851788845,3.637893479451734,2.7199285,3.2082338152065604,0.8818932806383525,4.5090504,2.0209975,1.1724877239030527,1.592396214291539,717.7809330628803,750.0,149.07749009928298,0.20769218466579584,0.0,0.0,-4.410872933853635,17.45580003860256,6.853521835699796,5.68213,4.627846985363456,0.6752509288373658,5.970752000000001,3.0070810000000003,1.0809535673298283,0.7271431676174047,986.0,7.438020308999106,20,attack,1
2271.077504725898,1500.0,2359.9836138221567,1.039147104804329,2250.0,750.0,2.417534216258489,7.905917997195077,7.213610586011342,2.0,20.951508601352632,2.9044413129233604,4.0,1.0,4.907651996207058,25.82752384213913,3.991795189600174,3.0114093333333334,3.4769435797810786,0.8710225386411511,5.0,2.231982166666667,1.0718601970183006,1.0955422398568793,719.9735349716447,750.0,144.14409161798326,0.20020748627053384,0.0,0.0,-4.592259471152029,19.0888470503855,7.3575685349716435,6.5,4.830263961832616,0.6565027480034519,6.388817,3.052725,0.9606654925849584,0.6127757679925141,1058.0,7.589354915898995,21,attack,1
2216.5862068965516,750.0,2303.259474763018,1.039102141661261,2250.0,0.0,2.452044285207377,8.234037591720616,6.963793103448276,1.0,21.076635194679618,3.026602726643768,3.0,0.0,5.173744587901008,28.801485994412097,4.25106138860053,3.1156475,3.748859216265476,0.881864286015314,5.6923666875,2.3800415,1.0219067972158398,0.7601792698814176,722.6137931034483,750.0,137.92330133494346,0.1908672414660075,0.0,0.0,-4.837671225593348,21.403062886933846,7.676048186206896,7.0750075,5.109434457801755,0.6656334527684319,6.605057749999999,3.575,0.8343488618584092,0.44020614683471804,1160.0,7.748219937458995,22,attack,1
2188.0666666666666,750.0,2286.127933622458,1.0448163981699787,2250.0,0.0,2.457344474662543,8.321583178483591,6.976666666666667,1.0,21.739199361726477,3.1159865305866905,3.0,0.0,5.282677982081698,30.02514930485031,4.738138471864331,3.375,4.001916796069506,0.8446179485537194,6.243950187499999,2.476730388888889,0.9506312437984572,0.4763780049005,723.5266666666666,750.0,135.69417558940725,0.1875455070848445,0.0,0.0,-4.9305972819187245,22.310789556464307,8.40434658,8.050189,5.232562637076884,0.6226019580783262,7.124999999999999,3.6,0.780371259883957,0.3670467787706291,1200.0,7.878185843025143,23,attack,1
2146.8709677419356,750.0,2266.1947392609272,1.0555803181988601,2250.0,0.0,2.4907809104635295,8.536742795484367,6.969354838709678,1.0,22.38916852689493,3.2125166597257246,3.0,0.0,5.389350744927998,31.24609877952993,5.226188090527162,3.875,4.263525208546097,0.8158001845119276,6.743950187500001,2.7489563125,0.8830633926423862,0.23997356208448695,724.3806451612903,750.0,133.56954312715405,0.18439137492058957,0.0,0.0,-5.021813166524324,23.21860747947705,9.11791604516129,8.975,5.381491450619518,0.5902106823494362,7.389178,3.7076655,0.7086846498674163,0.28690363824402976,1240.0,8.001318423850941,24,attack,1
2108.25,750.0,2247.00162716897,1.0658136497896218,2250.0,0.0,2.5232295967667664,8.746430597712907,6.9625,1.0,23.024277268787394,3.306897991926376,3.0,0.0,5.493504326655668,32.464020653936224,5.7149846037323515,4.4884775,4.531978045631656,0.7929991697041326,7.2059992500000005,2.9695135,0.8208781908476612,0.042909823052475815,725.18125,750.0,131.54150352051442,0.18139120877782544,0.0,0.0,-5.111409570403324,24.12650779641068,9.818137418749998,9.689768,5.553730078965047,0.565660251236545,7.986948249999999,3.986996999999999,0.625232990529737,0.20436478778723677,1280.0,8.118209800383543,25,attack,1
2071.969696969697,750.0,2228.5446533127847,1.0755681690577241,2250.0,0.0,2.554757677498654,8.950554959443089,6.956060606060606,1.0,23.645414885073087,3.3992537190477536,3.0,0.0,5.595329273526729,33.67927059780966,6.204460112475392,4.920985625,4.8058263462988515,0.7745760725636243,7.679854928571429,3.218295,0.7646547514829813,-0.12171232124840925,725.9333333333333,750.0,129.6029663583704,0.17853287679084912,0.0,0.0,-5.1994694689574485,25.034482758620662,10.506224163636364,10.670373999999999,5.7467424400993625,0.5469845636827082,8.524999999999999,4.0249999999999995,0.5356798129806264,0.12234515285684422,1320.0,8.229383261999688,26,attack,1
2037.8235294117646,750.0,2210.814721672536,1.0848901731499325,2250.0,0.0,2.585437604362537,9.149127334530064,6.95,1.0,24.253389696384833,3.4896963591920622,3.0,0.0,5.694992454869295,34.89215094699833,6.694554705795387,5.525,5.083946038521412,0.7594151160076872,8.2448425,3.576705333333334,0.7143031286331384,-0.259732305429055,726.6411764705882,750.0,127.74754773206841,0.1758055445640427,0.0,0.0,-5.286069008208919,25.942525559546823,11.18324698235294,11.525,5.95806504937613,0.5327670093290349,8.540785999999999,4.275,0.4448006248995765,0.042506042734566485,1360.0,8.335303129545874,27,attack,1
2005.6285714285714,750.0,2193.798995685199,1.0938211725427291,2250.0,0.0,2.6153453691050252,9.342250724039904,6.944285714285714,1.0,24.848938670720415,3.5783289589599447,3.0,0.0,5.7926409728260495,36.102920287542396,7.185215319639384,5.897826666666667,5.36546101545969,0.7467362878874694,8.750254421428572,3.783835916666667,0.6694117662955307,-0.375968171483569,727.3085714285714,750.0,125.96948240728462,0.17319950204884393,0.0,0.0,-5.371278264599864,26.850630195762925,11.850154211428572,12.225,6.185385772513373,0.5219666902349709,8.724999999999998,4.525,0.3562343067971918,-0.034310143841354,1400.0,8.436382956857406,28,attack,1
1958.2103825136612,750.0,2163.9761002138116,1.1050784530291473,1500.0,0.0,2.6715240849371087,9.72018547241914,6.845628415300546,1.0,25.23381253589908,3.6861206897382015,2.0,0.0,5.940828755324288,38.00390694894694,7.563173201308046,6.212980666666667,5.671457007991032,0.7498779754257323,9.208196857142855,4.053336291666667,0.6422438556464337,-0.4685586901733547,728.3005464480874,750.0,123.27262137242505,0.16926064654712134,0.0,0.0,-5.504880851409973,28.303713188220218,12.317160415300547,12.425,6.542502129771995,0.5311696778459432,8.70253,4.549840500000001,0.24942306209997758,-0.16389654899022954,1464.0,8.530181725591286,29,attack,1
1930.3590425531916,750.0,2148.643623070328,1.1130797824162402,1500.0,0.0,2.699668557168107,9.902161405576273,6.843085106382978,1.0,25.80696250794297,3.771246755921709,2.0,0.0,6.0341532491814736,39.21243012292697,8.063957850992228,6.618396499999999,5.945211715606288,0.737257290460014,9.814191464285713,4.320873799999999,0.6128615587649829,-0.5469505257848026,728.8776595744681,750.0,121.67241479555659,0.1669311896136193,0.0,0.0,-5.586766074225731,29.211955168119594,12.976943382978723,13.277357,6.775285600792488,0.5221018078632699,8.825,4.575000000000001,0.19010812884367603,-0.23756896085523405,1504.0,8.621877071769264,30,attack,1
1912.689393939394,750.0,2113.2697544419234,1.1048682348206114,1500.0,0.0,2.7279882136272406,10.213646918534861,6.7436868686868685,1.0,26.042335589817128,3.861735590176964,2.0,0.0,6.21017083729446,41.583272329040724,8.353843697817231,6.84497225,6.281777063436928,0.7519624846558104,10.415569214285714,4.525,0.594977087264572,-0.6083552088232094,729.9444444444445,750.0,118.65026676105343,0.1625469823958415,0.0,0.0,-5.747048932153906,31.028571428571382,13.296266007575758,13.681823999999999,7.2318340968099735,0.5438996251044859,9.475,4.75,0.10442985022337573,-0.3828615499951744,1584.0,8.709635902276895,31,attack,1
1901.3776137761377,750.0,2107.8916490823963,1.10861284671177,1500.0,0.0,2.713209370128259,10.111031860523804,6.756457564575646,1.0,26.57861644073664,3.9338094240522277,2.0,0.0,6.302518614265518,42.84209175989285,8.84583437248797,7.3404335,6.55910128328505,0.7414904018195226,10.916357714285715,4.813547785714285,0.5727425377418099,-0.6644330975781996,730.4624846248463,750.0,117.15106313570797,0.1603793016090003,0.0,0.0,-5.829438939521972,31.982358349615012,13.94099794095941,14.5,7.463969466327987,0.5353970711378158,10.0,5.0,0.07359293735628625,-0.4540993038414176,1626.0,8.791406580804754,32,attack,1
1877.5990396158463,750.0,2095.268492990377,1.1159296786917112,1500.0,0.0,2.738773463054136,10.267836383245225,6.756302521008403,1.0,27.123069510178585,4.014484168795089,2.0,0.0,6.390144370279803,44.047364066611195,9.348591099044956,7.83945,6.836063393264912,0.7312399612775105,11.514903928571428,5.06952925,0.5506757729047,-0.7135980989407904,730.9315726290516,750.0,115.77477980727748,0.15839345862548104,0.0,0.0,-5.906840387833038,32.89076336733555,14.594875541416567,15.473159,7.69708645355607,0.5273828085558993,10.5,5.2731590000000015,0.042561837373369514,-0.5111831041090009,1666.0,8.87150265713898,33,attack,1
1854.9355216881595,750.0,2083.189209335481,1.1230520872442993,1500.0,0.0,2.7641272476145904,10.421736931451154,6.756154747948417,1.0,27.658512152237453,4.093824547259856,2.0,0.0,6.4764162221256845,45.251299582740366,9.851218552353293,8.33945,7.1156857915818135,0.722315290617727,11.75,5.330908000000001,0.5293233960376074,-0.7568603343457636,731.3786635404455,750.0,114.44584200510926,0.15647960175800282,0.0,0.0,-5.983243384677279,33.79920140028438,15.24153731066823,16.45,7.940900676241071,0.5210039193804211,11.0,5.5,0.011000891219260796,-0.559705631246703,1706.0,8.94865499871251,34,attack,1
1895.743756786102,750.0,2155.4061303826225,1.1369712402675833,1500.0,0.0,2.7907149576224013,10.366281605416571,6.614549402823019,1.0,27.464085027216832,4.152071948467942,2.0,0.0,6.737860014976806,49.13707430723962,9.817568462591124,8.228986666666666,7.556464371012635,0.7696879731275413,12.5185095,5.650873333333335,0.5342729369851702,-0.7799440630263828,732.7535287730727,750.0,110.24750090618943,0.15045645851858067,0.0,0.0,-6.2360330338113625,36.88810799878655,15.067633069489686,16.475227,8.70031643447594,0.57741759401436,13.356199,6.374773000000001,-0.03611907500111005,-0.7353286767134248,1842.0,8.94910393953761,35,attack,1
1887.566418703507,750.0,2186.096178267639,1.1581558967176266,1500.0,0.0,2.8677714689685114,10.81757224148939,6.634431455897981,1.0,27.987667020124437,4.2185479202205824,2.0,0.0,6.815979851097022,50.303275312147335,10.330459066161131,8.683660999999999,7.819173397477462,0.7569047365078152,12.8502511,5.973200499999999,0.525234753575771,-0.8125071875202425,733.1200850159405,750.0,109.09797013978717,0.14881323315185807,0.0,0.0,-6.308459902141526,37.79666633692747,15.737290177470776,17.1,8.894589005084175,0.5651919043735694,13.918696999999998,6.600000000000001,-0.035137911037351297,-0.7857809848011401,1882.0,9.020436579640355,36,attack,1
1868.1089414182939,750.0,2161.9899003798587,1.157314679270496,1500.0,0.0,2.9052083293952693,11.118671293247095,6.586844809866393,1.0,28.327440703810858,4.30060848881385,2.0,0.0,6.942743464024963,52.212211166826506,10.711106315817366,8.95,8.121601481411169,0.7582411416659912,13.287916833333332,6.2399059999999995,0.5220330314274415,-0.8358574689936882,733.6752312435766,750.0,107.3311928899843,0.14629251243504343,0.0,0.0,-6.422647917402223,39.25040627091107,16.203006793422407,17.35,9.214578212789327,0.5686955717706651,14.536122,7.000000000000002,-0.036792846614610415,-0.8513741434673756,1946.0,9.097646239010484,37,attack,1
1856.8239921337267,750.0,2130.9374547558195,1.147624903482156,1500.0,0.0,2.9342100980496792,11.42972590630544,6.503441494591937,1.0,28.49661847410964,4.381775172084896,2.0,0.0,7.1113218845118515,54.819958003743764,10.963327648171976,9.3,8.456657616908101,0.7713586502468677,13.963868399999999,6.450000000000001,0.5274082355924069,-0.8500275589418016,734.3815142576204,750.0,105.03622998334014,0.14302678913360217,0.0,0.0,-6.576426330465246,41.24938328003653,16.480577238938054,17.673586,9.63215023703701,0.5844546642625771,15.983434000000003,7.573586000000001,-0.03091297022425469,-0.9301718619723172,2034.0,9.151515333183845,38,attack,1
1888.0093023255813,750.0,2168.7151785088936,1.1486782272934508,1500.0,0.0,2.9271126622699364,11.386520204528772,6.430697674418605,1.0,28.49051391663865,4.43039237095133,2.0,0.0,7.31852010977924,58.16514423135601,11.079643995598417,9.3,8.814276523799151,0.7955378825620009,14.451330035714285,6.800000000000001,0.5460876395509147,-0.8522942914035161,735.2241860465116,750.0,102.22432683285572,0.13903830800580985,0.0,0.0,-6.773812002941596,43.884529051195685,16.56398657767442,17.881592,10.124625141612631,0.611243259231989,17.08496425,7.981592000000001,-0.007934432645978522,-1.0196874209441777,2150.0,9.177834496862001,39,attack,1
1882.4658780709735,750.0,2206.7500503630804,1.1722656309841917,1500.0,0.0,3.0312361724581596,12.340061245209201,6.438580527752502,1.0,28.93591494947517,4.494145072000172,2.0,0.0,7.4034868386468355,59.55158727078234,11.560070063433724,9.688929666666667,9.077137558806692,0.7852147529381394,15.220138000000002,7.038929666666666,0.5434246438447201,-0.8689831349680288,735.5468607825296,750.0,101.12503785796112,0.1374827944345745,0.0,0.0,-6.85382904418359,44.974972566894586,17.19311604822566,18.85889,10.316597583271772,0.6000423398722101,17.813900500000003,8.29111,0.003054910387937846,-1.0498084539265164,2198.0,9.229783465835657,40,attack,1
1865.1027703306524,750.0,2197.5186598105915,1.178229261554851,1500.0,0.0,3.051834383386441,12.473044544886895,6.444146559428061,1.0,29.421959590252342,4.5656875303692095,2.0,0.0,7.478477512570835,60.76093852698515,12.081309906327434,10.1,9.33393201018835,0.7725927140814277,15.781502785714288,7.199999999999999,0.5362524381918812,-0.8859637441538406,735.8051831992851,750.0,100.23554711832683,0.1362256605512102,0.0,0.0,-6.919804264446938,45.88369105825807,17.877332025915994,19.682411,10.488612272246094,0.5866989692332842,18.475,8.532410999999998,0.0077049010481928925,-1.0676266271036445,2238.0,9.28926399620444,41,attack,1
1848.3494293239685,750.0,2188.640538624585,1.184105399066819,1500.0,0.0,3.072533491606509,12.605671905678815,6.449517120280948,1.0,29.901797821139017,4.636284742482622,2.0,0.0,7.552585356071305,61.968892008906764,12.601803836809207,10.55,9.594285784445134,0.7613422577187505,16.3197513,7.399999999999999,0.5276880570733736,-0.9014372918414018,736.054433713784,750.0,99.36911008761572,0.13500239321465127,0.0,0.0,-6.985157327217266,46.79242288597704,18.555078610184374,20.2,10.67197215243953,0.575151007260189,19.123543249999997,8.600000000000001,0.008437358199122136,-1.0793654676205982,2278.0,9.347108455395722,42,attack,1
1833.2530120481927,750.0,2177.393454992406,1.1877211932463836,1500.0,0.0,3.0954641806785994,12.769991728787671,6.445783132530121,1.0,30.33690748148017,4.70647349712683,2.0,0.0,7.636205389486156,63.351398865249436,13.088306761836005,10.94401875,9.866809479292758,0.7538644729861649,16.802427833333333,7.5,0.5197305743534004,-0.9141860371594066,736.3304647160069,750.0,98.39994044796315,0.13363556876044064,0.0,0.0,-7.059566563451037,47.83748006379586,19.1788311919105,20.975,10.892593193340018,0.5679487495533324,19.405454,8.689259500000002,0.006185888012562005,-1.0878382066610537,2324.0,9.407614559151535,43,attack,1
1826.2268907563025,750.0,2167.4003633558814,1.186818776093198,1500.0,0.0,3.0981824930883137,12.80994415373207,6.435294117647059,1.0,30.70223649433101,4.770914263287269,2.0,0.0,7.735404804495926,65.02148956565378,13.516466468369188,11.436808,10.159115591464088,0.7516103128904387,17.1,7.8574530000000005,0.5132556529382231,-0.9236313969646739,736.6521008403362,750.0,97.25747673727074,0.1320263345836172,0.0,0.0,-7.149107965847726,49.109744707347446,19.71441545714286,21.275,11.171818218066223,0.5666827019219831,19.978644000000003,8.899999999999999,0.0005464527256615431,-1.0933751507297045,2380.0,9.463557521286077,44,attack,1
1844.487284659557,750.0,2282.9488785511294,1.2377146199587388,1500.0,0.0,3.7084491321351525,21.682639344959735,6.455291222313372,1.0,31.062459417220087,4.811937734094712,2.0,0.0,7.825311612702668,66.61170055507021,13.9324327211827,11.8,10.45611508485641,0.7504873911186423,17.441743821428574,8.0660295,0.507340615540147,-0.9322311313544578,736.9696472518458,750.0,96.11516317119803,0.13041943250934518,0.0,0.0,-7.240681610913993,50.42747019062806,20.235112570959807,21.55,11.45725504099849,0.5662066371422732,19.978846499999996,9.337371999999998,-0.0033499267357633817,-1.100774917314406,2438.0,9.520314140790862,45,attack,1
1833.3200636942674,750.0,2352.189834723877,1.283021923615482,1500.0,0.0,4.7830932127668815,43.3911609323041,6.410828025477707,1.0,31.320462124975375,4.885556436782051,2.0,0.0,7.94450359593786,68.70540654634617,14.259414680783426,11.925,10.776398101076877,0.7557391619727277,18.0498829,8.231466000000001,0.5064432314387519,-0.9369302144393954,737.3535031847134,750.0,94.71450162957038,0.12845195855242797,0.0,0.0,-7.355864143109327,52.10873729188154,20.627001085987263,21.625,11.814676537027657,0.5727772296019237,20.85231525,10.0551645,-0.005602252373975825,-1.1121756870841422,2512.0,9.559126330720263,46,attack,1
1818.8636363636363,750.0,2343.065111387474,1.2882027352373968,1500.0,0.0,4.7974522410017375,43.56475564880704,6.41614420062696,1.0,31.772186080443124,4.951912720000663,2.0,0.0,8.014342099279324,69.9153838107122,14.779855024126883,12.375163833333334,11.04203625765032,0.7471004444647877,18.5949624,8.375,0.4979642365680396,-0.9490300744968323,737.551724137931,750.0,93.98242176319796,0.12742485535241202,0.0,0.0,-7.417381199564241,53.01754385964911,21.296248717868338,22.125,12.011250843304616,0.5640078213975184,21.205444749999998,10.0908915,-0.0076576476395702996,-1.1163633820420555,2552.0,9.609120302461394,47,attack,1
1804.8533950617284,750.0,2334.2645251917615,1.2933263895995977,750.0,0.0,4.8117381320590145,43.72993146953446,6.421296296296297,1.0,32.21889317360175,5.017506074620027,1.0,0.0,8.083468826716185,71.12410171263471,15.299664492411278,13.059879,11.309950103134701,0.7392286352909571,19.036997785714284,8.75,0.4891003759734451,-0.9604364202344073,737.7438271604939,750.0,93.26705215375688,0.12642200276040658,0.0,0.0,-7.478392832349128,53.92635935493083,21.960272657407405,22.625,12.216659810344872,0.5563072918506811,21.60292725,10.450007499999998,-0.012027163700805485,-1.1170989100605562,2592.0,9.657920227249413,48,attack,1
1793.3509833585476,750.0,2320.7001224530923,1.2940579641063552,750.0,0.0,4.833033995633279,44.06695128820404,6.4107413010590015,1.0,32.58734297922944,5.083240993338209,1.0,0.0,8.171285454370523,72.6831424078148,15.747206019331374,13.875,11.602272348437555,0.7367829146449554,19.58185,9.16078275,0.4821471959204995,-0.9686951061278277,737.9848714069592,750.0,92.36102819408295,0.12515301027512632,0.0,0.0,-7.556972420740478,55.10783216783215,22.517039619515888,22.975,12.494238647762318,0.554879276267443,22.181060000000002,10.924999999999999,-0.02003990781637806,-1.114743222977684,2644.0,9.707923432591228,49,attack,1
1781.454678362573,750.0,2295.0881962040817,1.2883225288187605,750.0,0.0,4.8655856902940755,44.73961895128404,6.340643274853801,1.0,32.7142427920553,5.159451710806048,1.0,0.0,8.321364498581232,75.40776716551945,15.961246010413326,13.725,11.962038381548638,0.7494426421185694,20.075,9.311590833333334,0.4846481745323539,-0.9688182243734587,738.3888888888889,750.0,90.82072627427979,0.12299850071003207,0.0,0.0,-7.694034241341117,57.19816290692959,22.742767317251463,22.825000000000003,12.964868287309024,0.5700655556315946,22.755633000000003,11.151269000000003,-0.026398423056250512,-1.1215438808284732,2736.0,9.742777809550203,50,attack,1
1763.4370579915135,750.0,2268.89671172381,1.286633226539991,750.0,0.0,4.915853679899841,45.60874978853297,6.265912305516266,1.0,32.846606943114814,5.242110859770243,1.0,0.0,8.469006035895854,78.13403719599256,16.187813393895222,13.625,12.305467530980717,0.7601686053300675,20.65,9.3981155,0.49122598788647526,-0.9689874828912872,738.7666195190948,750.0,89.35497675107301,0.12095156222575304,0.0,0.0,-7.828699245112714,59.28853187042839,22.98823188755304,22.8831225,13.39973741228398,0.582895521405422,22.773383999999997,11.3,-0.022794848759741915,-1.13926806348146,2828.0,9.775323119370228,51,attack,1
1793.8361774744028,750.0,2289.5041477985474,1.276317300625529,1500.0,0.0,4.711939767584914,42.40934563495269,6.2457337883959045,1.0,32.92605777244295,5.271767719850156,2.0,0.0,8.624849766630188,81.10176736928008,16.36675987948123,13.761147000000001,12.653635664867751,0.7731301588124008,21.021692,9.738852999999999,0.5019297731300509,-0.9661192860795325,739.1576791808874,750.0,87.8100205594712,0.11879741364086166,0.0,0.0,-7.975346707583006,61.606155106155114,23.172585678498294,23.0,13.84734316350073,0.5975743646230036,23.349999999999998,11.95,-0.011693493929497891,-1.1633671982955716,2930.0,9.792689085027884,52,attack,1
1817.8217158176944,750.0,2489.7066405266123,1.36960991216165,750.0,0.0,5.489969549001321,53.33705585057806,6.282171581769437,1.0,33.29501131794744,5.299920717633371,1.0,0.0,8.690504999675893,82.45018400009418,16.819292173412258,14.226596166666667,12.926543112694425,0.7685545253282748,21.50539384375,10.05,0.5015842863022814,-0.9724057164652868,739.3538873994638,750.0,87.02386789889218,0.11770259057537659,0.0,0.0,-8.051903365327753,62.83314780457633,23.746078691689007,23.325000000000003,14.076597073486685,0.5927966994573051,24.24593025,12.360940999999997,-0.004978809393345475,-1.17502538589908,2984.0,9.826746140080077,53,attack,1
1837.5228758169935,750.0,2669.6756689870163,1.452866630463054,1500.0,0.0,6.626690877674617,75.57857592507096,6.284967320261438,1.0,33.541621342055514,5.336801232668982,2.0,0.0,8.789004001325306,84.43626297151101,17.146405441225486,14.58116,13.235125226669094,0.771889202785768,22.049999999999997,10.24367975,0.5052557128160987,-0.9732387732057872,739.6183006535948,750.0,85.9523545156584,0.11621177361309609,0.0,0.0,-8.158433881871634,64.56004340487102,24.14184568104575,23.679643,14.407136812339273,0.5967703133671592,25.410804,12.975,0.0017376337354210224,-1.1863345065266928,3060.0,9.856599019379166,54,attack,1
1822.5864276568502,750.0,2650.620219599214,1.454317984254332,750.0,0.0,6.662540684593944,76.41703971029453,6.257362355953905,1.0,33.8288088775275,5.406240993114176,1.0,0.0,8.888067215526526,86.35256695994481,17.5444985063587,14.893262833333335,13.521910039341682,0.7707208065503212,22.516764875,10.3644115,0.5068483780457569,-0.9761501324051833,739.830985915493,750.0,85.08007593769051,0.11499934114331453,0.0,0.0,-8.247077404407314,66.01428571428572,24.640254475032012,24.287698,14.674613478636338,0.5955544612376522,26.150000000000002,13.2075985,0.00900367252683991,-1.1964104712036865,3124.0,9.894213030807819,55,attack,1
1859.8565190268248,750.0,2697.6375685085886,1.4504546672880632,1500.0,0.0,6.315002966437864,69.60610353462748,6.278228321896444,1.0,34.02140449662412,5.4189498616940055,2.0,0.0,9.004352957540524,88.69427570237579,17.841409626232302,15.086769666666667,13.836169304946194,0.7755087515396101,22.87275015625,10.523563777777778,0.5118019492256184,-0.9747078780561895,740.0910792264505,750.0,84.00032194942067,0.11349997899882609,0.0,0.0,-8.359279371282742,67.87755160715322,24.999026380536492,24.6,15.016735279484331,0.6006928050276358,26.990621249999997,13.855629,0.017323309290137805,-1.2065031691623778,3206.0,9.917915478255416,56,attack,1
1858.10960591133,750.0,2717.505817343707,1.4625110427815031,750.0,0.0,6.241997820789229,67.43662850643133,6.294950738916256,1.0,34.42171562436519,5.468146940621057,1.0,0.0,9.066239069266683,89.92821918925789,18.361397716707334,15.438906833333334,14.093731895935854,0.7675740220534376,23.35539384375,10.692207222222223,0.5075591549684603,-0.9814759267617323,740.2192118226601,750.0,83.46295733239637,0.11275437870206512,0.0,0.0,-8.416169832657813,68.83191465213932,25.66947652770936,25.075000000000003,15.194652115877679,0.5919346309799325,27.425000000000004,13.9,0.020545170224800707,-1.2097938701899371,3248.0,9.959045830526124,57,attack,1
1871.016333938294,750.0,2754.462022978506,1.4721742258554478,750.0,0.0,6.237593529985568,66.00381719397842,6.312159709618875,1.0,34.73621036759272,5.503062654555373,1.0,0.0,9.148241919509235,91.59497056396405,18.789286752545667,15.760689,14.378570445097427,0.7652536594104269,23.65,10.910689,0.5058265359745631,-0.9844682048769937,740.3908045977012,750.0,82.73755159648009,0.11174848618147867,0.0,0.0,-8.494106915599145,70.14985229362921,26.210702185722926,25.35,15.447153123163003,0.5893452610963291,27.811814000000002,14.299999999999997,0.02319994581526458,-1.2117851420099872,3306.0,9.99999678017295,58,attack,1
1866.7124925283922,750.0,2756.279655003518,1.4765421381362487,750.0,0.0,6.186901301162735,65.136498737576,6.326957561267185,1.0,35.13749063586197,5.553615666867934,1.0,0.0,9.208269197216415,92.79839176012554,19.317829023649146,16.162972,14.638715266266416,0.7577826291114547,24.280564,11.162972,0.4999393782992933,-0.9909442388720637,740.5056784219964,750.0,82.24814914082894,0.11107024772058223,0.0,0.0,-8.547442880936645,71.05877980287441,26.891686020920503,25.85,15.626080684046,0.5810747854147049,28.368418999999996,14.634019000000002,0.02383717803097545,-1.2115084467971118,3346.0,10.037561179689094,59,attack,1
1855.4223272297697,750.0,2747.4892391665717,1.4807891437140883,750.0,0.0,6.199301332030222,65.3658523604015,6.331955109273479,1.0,35.534858813854996,5.611988430210495,1.0,0.0,9.269000308054148,94.01574175988976,19.84576950722459,16.560564333333335,14.900816671668066,0.7508308844483769,25.0,11.221012833333337,0.49369645416971697,-0.9971195314344445,740.6178381571175,750.0,81.76732776430384,0.11040421058148671,0.0,0.0,-8.600448315265094,71.96771122354603,27.568393805670407,26.35,15.812456508227744,0.5735719178886424,29.105629,15.000000000000002,0.022815922339492974,-1.2090818774352756,1693.0,10.074441803829306,60,attack,1
1844.3957968476357,750.0,2738.9363712574072,1.4850046697887096,750.0,0.0,6.211545061334777,65.58664136540281,6.336835960303561,1.0,35.928860807279655,5.669842336514975,1.0,0.0,9.32924587543294,95.23179428951377,20.373057556762987,17.0,15.164832422819126,0.7443572169060627,25.450000000000003,11.378435,0.48715921599183787,-1.0030405276193386,740.7273788674839,750.0,81.29483965793526,0.10975001326699832,0.0,0.0,-8.653129284649543,72.87664641685944,28.240975314068887,26.85,16.005943394901795,0.5667631240387109,29.799999999999997,15.159407000000002,0.020304093371154592,-1.2047989208930827,1713.0,10.110660223746399,61,attack,1
1831.9495412844037,750.0,2722.836315016264,1.4863053013497567,750.0,0.0,6.239486135174935,66.16537807045202,6.314793577981652,1.0,36.206515981224626,5.733602458118201,1.0,0.0,9.419679970289325,97.08732529412345,20.771175499474946,17.239493333333336,15.466287169627108,0.7446033648898718,26.075000000000006,11.426934976190477,0.48457306957802176,-1.0047643080240296,740.8922018348624,750.0,80.57839839443618,0.10875859969220775,0.0,0.0,-8.734157264142397,74.28550311477134,28.73276885722477,27.665785,16.306733442013257,0.5675308746972005,30.775000000000006,15.25,0.016552194809474223,-1.198941723249428,1744.0,10.143718241898881,62,attack,1
1813.7681970884657,750.0,2699.9797747193197,1.4886024460311063,750.0,0.0,6.284942400586883,67.10617286154232,6.261478163493841,1.0,36.37185769665216,5.80882928071365,1.0,0.0,9.539481543208636,99.58214895745672,21.03818839918999,17.49815266666667,15.807035325977477,0.7513496421862101,26.573775291666667,11.73048222916667,0.4854920563247991,-1.002591327925299,741.1063829787234,750.0,79.63727183700207,0.10745727424032778,0.0,0.0,-8.842753521225559,76.19428983714695,29.042451735722285,28.081992,16.71664813693862,0.5755935583212868,31.025099750000003,15.325,0.011576189941818504,-1.1921161966139138,1786.0,10.171733261233406,63,attack,1
1805.4318936877075,750.0,2692.678870168744,1.4914319834401393,750.0,0.0,6.292778056018906,67.24993744946822,6.269102990033223,1.0,36.756156895655025,5.863064772438878,1.0,0.0,9.597839547498692,100.79566524774884,21.571165646981736,17.934821,16.06419982659697,0.7447070821063715,27.091027625000002,11.992391399999999,0.4808874733423734,-1.0085949075755076,741.2048726467331,750.0,79.20055355803082,0.10685379505833165,0.0,0.0,-8.894000277123576,77.10324092947415,29.71556965669989,29.068679500000002,16.908414351650485,0.5690085886621457,31.214342749999997,15.389309500000003,0.010133832435298782,-1.190422863007816,1806.0,10.205858687146614,64,attack,1
1787.2541644277271,750.0,2664.2436714940895,1.4906909853793355,750.0,0.0,6.344453087641804,68.40117409913422,6.190220311660398,1.0,36.7922019838272,5.9436013795054174,1.0,0.0,9.750357605484146,104.04629881785905,21.693256620120707,18.015583333333336,16.438397133575677,0.7577653010534575,27.406516500000002,12.384535666666668,0.48811935069538925,-1.0021929108178125,741.4648038688877,750.0,78.03564591689194,0.10524524631474064,0.0,0.0,-9.03343080530821,79.60287211429129,29.821493301450836,29.55,17.426859710230058,0.5843724703545355,31.800905999999998,15.749999999999996,0.008391472469994006,-1.189311717450154,1861.0,10.217224257648642,65,attack,1
1780.7283359914939,750.0,2658.135166545442,1.4927235742926592,750.0,0.0,6.347286468446672,68.45579521964483,6.1998936735778845,1.0,37.170475555816864,5.99534080950879,1.0,0.0,9.807341724517809,105.2582112087748,22.232187364804002,18.420103,16.688072250770688,0.7506266467144723,27.950000000000003,12.634055999999998,0.4849429396110632,-1.0078986165021062,741.5555555555555,750.0,77.62461109025654,0.10467807908485299,0.0,0.0,-9.083602496781046,80.51183431952664,30.499361527910683,30.05,17.610307563757544,0.5773992202309526,31.900000000000002,15.591509,0.00877368233597823,-1.1902256233286532,1881.0,10.25013289941051,66,attack,1
1771.5781167806417,750.0,2651.4474390740543,1.4966584955860338,750.0,0.0,6.357978435321837,68.61264605981071,6.205681220410311,1.0,37.54613209182428,6.050283725231665,1.0,0.0,9.864001601086128,106.46971584102938,22.770408163094796,18.8,16.93997285815558,0.7439468250556479,28.450000000000003,12.924486000000002,0.4812080512719489,-1.0131186885928192,741.6443976854288,750.0,77.22000246750315,0.10411998352376997,0.0,0.0,-9.133498741698018,81.4207992645992,31.173487129931612,30.68699,17.800242403690028,0.5710058143158102,32.216736,15.789964999999995,0.007885933875922733,-1.1894042735038024,1901.0,10.282510480317168,67,attack,1
1766.9461697722568,750.0,2639.382140980957,1.4937535654077958,750.0,0.0,6.368578124420388,68.91754059529491,6.195134575569358,1.0,37.8116137407218,6.103437024569683,1.0,0.0,9.9493056544685,108.32196362415337,23.176424959173936,19.094251333333332,17.23281432061057,0.7435492898912045,29.01526854166667,13.100000000000001,0.4802661558468856,-1.014240237661146,741.7784679089027,750.0,76.60517332300292,0.10327230654046263,0.0,0.0,-9.210304020106456,82.82970014278911,31.666160128881984,31.281227,18.098310731384117,0.5715347442734953,32.035949,16.075000000000003,0.005929698798662643,-1.1874839346461283,1932.0,10.31198433785701,68,attack,1
1759.7118301314458,750.0,2620.312844163027,1.4890579237438533,750.0,0.0,6.389435012590449,69.50427722835448,6.1521739130434785,1.0,37.932802031962304,6.165755807315427,1.0,0.0,10.072992242116062,111.04761692032713,23.40613252080561,19.34334975,17.575608323423182,0.7508975824092383,29.50659316666667,13.257798750000001,0.4841001613023057,-1.0103445477328605,741.9696663296259,750.0,75.719314914707,0.10205176619857677,0.0,0.0,-9.323107762589343,84.92033835285353,31.91805047371082,31.525,18.532134262349377,0.5806161086690836,32.475,16.355726,0.004892611021426627,-1.1873976361310947,1978.0,10.336518527461648,69,attack,1
1764.925816023739,750.0,2604.0711809712475,1.4754564511034507,750.0,0.0,6.387353622518835,69.79063780877831,6.131058358061326,1.0,38.07330810524235,6.209907960700171,1.0,0.0,10.189968696192455,113.65765328425563,23.662801101839037,19.694464833333335,17.908097590891696,0.7568037914792728,29.899135049999998,13.46449166666667,0.48765206906684155,-1.007183652587603,742.1444114737883,750.0,74.90009776249745,0.10092388570811577,0.0,0.0,-9.42974500763891,86.92009090909099,32.21261025173096,32.260001,18.929851379895,0.5876534447834073,33.403949000000004,16.619041999999997,0.007028041160382361,-1.1912793433775133,2022.0,10.36081422226914,70,attack,1
1760.969637610186,750.0,2599.9349498490133,1.4764223609087253,750.0,0.0,6.382830960850535,69.70747639313164,6.142997061704212,1.0,38.43772227973271,6.257161104529192,1.0,0.0,10.24425222245852,114.86576648355016,24.20134528736876,20.212980666666667,18.16093669959451,0.7504102141409934,30.282843624999998,13.630866833333332,0.4837025773858023,-1.0117385193964041,742.2213516160626,750.0,74.53641232660596,0.10042342781478249,0.0,0.0,-9.477820050375007,87.82907290729052,32.89245735994123,32.8776245,19.110021800959398,0.5809849228301482,33.7027685,16.992306999999997,0.008000640231300402,-1.1928548401272336,2042.0,10.390888264208018,71,attack,1
1752.725509214355,750.0,2594.6000481039196,1.4803230936411302,750.0,0.0,6.39259347492457,69.81446098704268,6.148884578079534,1.0,38.79996258031714,6.310081460731442,1.0,0.0,10.29831831346361,116.0741944021663,24.739346791916375,20.6766955,18.415520655386352,0.7443818468725155,30.582934357142854,13.760892812500002,0.47942424038215703,-1.0160523887900033,742.2967992240543,750.0,74.1779728628267,0.09993034179908525,0.0,0.0,-9.52565257822257,88.73805704099826,33.56881567846751,33.682508,19.296268345303876,0.5748272006414971,33.669479,17.0315985,0.00785375875670726,-1.1928801123726356,2062.0,10.420515966262533,72,attack,1
1744.6397694524496,750.0,2589.422359433962,1.4842160569609422,750.0,0.0,6.402440829502839,69.9173243343426,6.154658981748319,1.0,39.159653754040626,6.362603333534618,1.0,0.0,10.352050002570044,117.2818151906187,25.276618200270374,21.24617125,18.672016574916274,0.7387070701853837,31.125,14.0,0.47482590740338576,-1.0201594742727709,742.3707973102786,750.0,73.82465447462667,0.09944444843749853,0.0,0.0,-9.57324622309559,89.6470432480141,34.24178574879923,34.669304,19.488364686311204,0.5691398465395342,34.375,17.191585000000003,0.006678610003466684,-1.1915182450207698,2082.0,10.44970887463482,73,attack,1
1754.5094339622642,750.0,2587.4522044452065,1.4747439679488534,750.0,0.0,6.332079190731779,68.91019190490395,6.151415094339622,1.0,39.349644551118814,6.3968442947911885,1.0,0.0,10.449855254083092,119.5270173258727,25.59522190624239,21.674999999999997,18.996374490814933,0.7421844030264855,31.43066432142857,14.264367749999998,0.47459302589827645,-1.0186668937508983,742.5075471698113,750.0,73.16702873551466,0.09854045122423702,0.0,0.0,-9.663028642250215,91.37412254094791,34.61952328160377,35.2783105,19.854593760249074,0.5735085835453855,34.496640000000006,17.579445,0.004424181980911267,-1.1891462036654947,2120.0,10.468612069919594,74,attack,1
1746.6261682242991,750.0,2582.651108473669,1.4786513310397218,750.0,0.0,6.342063421420215,69.00222884317705,6.157009345794393,1.0,39.704441033528724,6.448656937746772,1.0,0.0,10.502753379575859,120.73366955003999,26.13129510675475,22.174999999999997,19.255210041076236,0.7368639771742085,31.9965075625,14.575,0.4697854991462265,-1.022681856457501,742.5775700934579,750.0,72.82789250559044,0.09807445772490087,0.0,0.0,-9.709949249631684,92.28311443042317,35.29153708271028,36.055426499999996,20.04805368902502,0.5680697228358124,34.948068000000006,17.804183500000004,0.0031991103470458385,-1.1879220300316886,2140.0,10.496936512781195,75,attack,1
1744.289629968022,750.0,2583.0365743515745,1.4808530246200737,750.0,0.0,6.324188791770452,68.12387135162557,6.118775696665144,1.0,39.79490084847444,6.503735848686767,1.0,0.0,10.625843339173045,123.60916874534546,26.315166473676,22.016994333333333,19.621965289692387,0.7456523335818885,32.424707142857145,14.594447333333331,0.4721914242169311,-1.0183210944006758,742.7437185929648,750.0,72.01653668444013,0.09696014235013184,0.0,0.0,-9.823958076267632,94.51015228426402,35.48799884056647,36.25,20.521415605675493,0.5782635334798699,36.380454,18.35,0.0006061942240132622,-1.1858020251092793,2189.0,10.51298920654658,76,attack,1
1761.6949152542372,750.0,2575.6431655068827,1.4620256567722347,750.0,0.0,6.263548521518521,67.33252943032063,6.101694915254237,1.0,39.84978940014732,6.530937707246367,1.0,0.0,10.757926131856708,126.7317818887542,26.458317093273056,22.097240166666666,19.99407443020034,0.7556820171031879,33.001451583333335,15.032578833333332,0.47692701970818435,-1.0134231958016549,742.9152542372881,750.0,71.168762938214,0.09579661008748463,0.0,0.0,-9.945803176164342,96.91900081900079,35.63747220829616,35.925,21.001252564889608,0.5893025308344024,38.025000000000006,19.155941500000004,0.00323070711078494,-1.1907222922259717,2242.0,10.523805204985182,77,attack,1
1781.649802023757,750.0,2595.7377423952876,1.4569292682809027,750.0,0.0,6.095792437137118,64.38570418741908,6.125824901011878,1.0,40.10115900868696,6.546246367907604,1.0,0.0,10.833437242650602,128.54288977265315,26.863555089878727,22.451192,20.289860132384238,0.7552931867915266,33.651027,15.374459444444444,0.47570989050914825,-1.014800981966434,743.011878574571,750.0,70.6865604489507,0.09513516874664121,0.0,0.0,-10.016384340280238,98.32795525221113,36.14502764144302,36.15,21.273845242792202,0.5885690683052659,38.8,19.300000000000004,0.005830940208786199,-1.1945915977241437,2273.0,10.55287962841523,78,attack,1
1796.7820069204151,750.0,2611.260389350539,1.4532983852760717,750.0,0.0,5.964131916461121,61.967497627404,6.130622837370242,1.0,40.282311236745244,6.570671904850784,1.0,0.0,10.927810254956158,130.8219972424504,27.17431090329055,22.75171816666667,20.61247817456206,0.7585280910312278,34.43700025,15.565498444444447,0.4767883370265871,-1.0140986505859642,743.1297577854672,750.0,70.09361348087559,0.09432217287295173,0.0,0.0,-10.104480000366605,100.10051607780868,36.52790017344291,36.325,21.61341218786081,0.5916959936168062,39.54115175,19.658506,0.009330250074441757,-1.1993073410565798,2312.0,10.575049700806488,79,attack,1
1825.961620469083,750.0,2669.881884624245,1.462178533598292,750.0,0.0,5.701861613195994,56.40811182805643,6.164179104477612,1.0,40.51745150892583,6.573049034135667,1.0,0.0,11.003245841995993,132.68995942755373,27.555101973582143,23.015583333333336,20.916005347466356,0.7590610757862236,34.89080566666667,15.834416666666666,0.47609421972120836,-1.0150722209330374,743.2264392324093,750.0,69.6033745498606,0.09365029400965026,0.0,0.0,-10.178427167454593,101.60037960317767,37.00765785586354,36.5,21.898143996262938,0.5917192620389882,40.1,19.65,0.012410801004178941,-1.2030651435372615,2345.0,10.597496307184057,80,attack,1
1840.8557046979865,750.0,2708.6461778465564,1.471406026520118,750.0,0.0,5.60650219273768,53.63202440237723,6.169463087248322,1.0,40.70035750523583,6.597066378330312,1.0,0.0,11.093939193865118,134.93070371514966,27.864813929222247,23.174999999999997,21.239923186684592,0.7622488792006599,35.325,16.04801880555555,0.47704494855288,-1.01455287778364,743.3372483221476,750.0,69.03705129485667,0.09287446774756185,0.0,0.0,-10.265132756286944,103.37295050419522,37.394173575922814,36.925,22.233198568849957,0.5945631750280307,40.275000000000006,20.15,0.01595094110311967,-1.2069843312726103,2384.0,10.613577241616428,81,attack,1
1832.4989639452963,750.0,2699.4638407384487,1.4731052479978552,750.0,0.0,5.628655188676553,53.94092650829514,6.159552424368006,1.0,40.96345683436916,6.650395030702604,1.0,0.0,11.165219380921199,136.6661565702548,28.29181894987888,23.5392435,21.531184899146922,0.7610392579314558,35.95,16.360756499999997,0.47525212268056855,-1.016686679957069,743.4173228346457,750.0,68.62478615429377,0.09230990998787583,0.0,0.0,-10.329134491954118,104.69101935287627,37.937397537505184,37.6,22.483939245854376,0.5926589778233099,41.0,20.117408,0.01813001334925162,-1.2090754971958264,2413.0,10.638494117422043,82,attack,1
1847.3461068079903,750.0,2701.5333798017696,1.4623861602576036,750.0,0.0,5.553418453942145,52.91724846959027,6.16388096208724,1.0,41.13233255025246,6.673122469958286,1.0,0.0,11.260302960871146,139.02314224406047,28.58980658706717,23.85,21.858168074873397,0.7645441044977589,36.35,16.650000000000002,0.47659405731604654,-1.0160713989248296,743.5246636771301,750.0,68.06807507648377,0.09154783748510838,0.0,0.0,-10.416767721983417,106.50904977375569,38.30969415735834,37.690593,22.826617069323657,0.5958444088737063,41.0,20.140593,0.021343459928501833,-1.211972369732517,2453.0,10.657017053795276,83,attack,1
1845.313373253493,750.0,2685.6102076113625,1.4553680944046554,750.0,0.0,5.565310652834818,53.25225189750328,6.128542914171657,1.0,41.20356266780355,6.723223324833761,1.0,0.0,11.383613871562401,142.09932138983268,28.752269046804795,23.55,22.217942982708273,0.7727370297815618,36.7365795,16.8,0.48196444652736026,-1.012571299025166,743.6590818363273,750.0,67.36420170248633,0.09058478992301552,0.0,0.0,-10.529600971230307,108.8724966133343,38.50413234530939,38.2,23.2562112853823,0.6039926072562286,41.550000000000004,20.799999999999997,0.027262641686619356,-1.2173714604116928,2505.0,10.669320636187653,84,attack,1
1860.787617554859,750.0,2688.8961356378063,1.4450311847899715,750.0,0.0,5.49537076078284,52.14938085462189,6.125,1.0,41.31756898295738,6.74572554823794,1.0,0.0,11.492616209079928,144.85970067574803,28.977044854492885,23.82110075,22.557125146695363,0.7784480874418043,37.6028985625,17.19515925,0.4863788341248701,-1.0103625727782923,743.7758620689655,750.0,66.74644330016659,0.08973999655554515,0.0,0.0,-10.63055481393957,111.0086956521739,38.78673792907524,38.025,23.62882569364111,0.6091985806295022,42.43232825,21.1,0.034106492273166374,-1.2233338307748,2552.0,10.680771507242918,85,attack,1
1861.8686868686868,750.0,2705.6105130803894,1.4531693519325026,750.0,0.0,5.441354664737945,50.85623695880159,6.138306138306138,1.0,41.633818114677474,6.782623280201254,1.0,0.0,11.54339350906209,146.15122168985548,29.486905771655888,24.275,22.82340055970193,0.7740181603469831,38.166512892857135,17.4,0.48328312638898907,-1.0144062753188687,743.8290598290598,750.0,66.46305967095918,0.08935259895093792,0.0,0.0,-10.677481945180478,112.00862068965506,39.45144080613831,38.475,23.803179656323948,0.6033538742803122,42.724999999999994,21.006587,0.03707144174777763,-1.22558797324526,2574.0,10.702987816489852,86,attack,1
1856.4438502673797,750.0,2691.959549385092,1.4500624670104483,750.0,0.0,5.463805349815707,51.25459806282461,6.111917494270435,1.0,41.771451574081965,6.8344266121459025,1.0,0.0,11.645834850669322,148.76265599779364,29.746056808021564,24.34624975,23.153618412109843,0.7783760570868691,39.025,17.799369249999998,0.48673809917041255,-1.0129217742682937,743.9327731092437,750.0,65.9069539045929,0.08859262057932579,0.0,0.0,-10.770723029410382,114.00847457627127,39.780595049274254,38.375,24.153607336420826,0.6071705892408836,43.074999999999996,20.975,0.04237069130333527,-1.2290205119663298,2618.0,10.706141393389059,87,attack,1
1847.2383830751794,750.0,2684.404462575073,1.4531987247396982,750.0,0.0,5.485666391065741,51.525659656208894,6.101624480544012,1.0,42.027621761630755,6.887939743857136,1.0,0.0,11.71370134627935,150.4967607756995,30.178720858326237,25.070641,23.43697107918582,0.7766058471865157,39.5,18.122375499999997,0.48618044096046864,-1.015138820950508,743.9992444276539,750.0,65.54797064589266,0.08810220055575138,0.0,0.0,-10.831738677172877,115.32656277056284,40.340781515300336,38.95,24.381728730679914,0.6043940601753707,43.2297035,21.049999999999997,0.04595356517969107,-1.2311562875919861,2647.0,10.729312846305724,88,attack,1
1840.217472815898,750.0,2681.167589921228,1.4569840953735262,750.0,0.0,5.49856772180436,51.62686726553298,6.106486689163854,1.0,42.35274123160596,6.935696970692196,1.0,0.0,11.760941335803903,151.70354263976927,30.713053528506933,25.7,23.69570554516547,0.7715190390682525,40.1891625,18.400000000000002,0.4828349305605294,-1.0194581670290135,744.0442444694413,750.0,65.3037860244227,0.08776868648582739,0.0,0.0,-10.87361900691821,116.23559030761292,41.03470141394826,39.682243,24.544053756380375,0.5981292152899037,43.15,21.282243,0.04763194524704413,-1.2315950166694951,2667.0,10.752477160524652,89,attack,1
1833.301079270562,750.0,2678.0251751319374,1.4607667040688572,750.0,0.0,5.511708197915663,51.73005368083308,6.111276516561221,1.0,42.676048948124084,6.983164455490495,1.0,0.0,11.807956451599477,152.90970631150955,31.246875105700592,26.2,23.95569196940733,0.7666588063085041,40.735506,18.637668666666666,0.47935358107518156,-1.0236365625139243,744.0885746185337,750.0,65.06230994499072,0.08743893155239714,0.0,0.0,-10.915338693592537,117.14461879583834,41.72573452586528,40.5,24.711474391396997,0.5922358149520089,43.150875,21.549999999999997,0.048549843431474185,-1.2310757798342844,2687.0,10.775377167586267,90,attack,1
1826.486885851496,750.0,2674.975764714844,1.464546931837284,750.0,0.0,5.525092736909614,51.835404296303125,6.115995567048393,1.0,42.99757116099799,7.030347012129836,1.0,0.0,11.854750709413764,154.11527576670431,31.780196918160197,26.68225,24.216878628506127,0.762011597689876,41.3943379375,18.8453435,0.47575455115557014,-1.0276855995580483,744.1322497229405,750.0,64.8234927069115,0.08711286566473492,0.0,0.0,-10.956899571228327,118.0536482139835,42.41394483598079,41.284531,24.883858902835538,0.5866905094318402,43.55000000000001,21.784531,0.04874584029728811,-1.2296633170489621,2707.0,10.798018130821143,91,attack,1
1828.195104128608,750.0,2692.3116617445685,1.4726610172319838,750.0,0.0,5.517369021392205,50.982420908919195,6.118377785896968,1.0,43.24052097956673,7.067317921955938,1.0,0.0,11.921353527043133,155.86819596373408,32.19572410475021,27.228986666666668,24.511123891183626,0.7613161241982196,41.913675874999996,19.121013333333334,0.47464139437781516,-1.0292943926211797,744.1965655827548,750.0,64.47014656580005,0.0866305349250244,0.0,0.0,-11.01894704769225,119.41719403984595,42.944347536353675,42.0,25.14594276459302,0.5855472071919646,44.3,22.150000000000006,0.04853540203089721,-1.2270180583739347,2737.0,10.821081449702532,92,attack,1
1823.7178092129127,750.0,2707.2366776645363,1.4844602953309625,750.0,0.0,5.582636076877786,51.4615633441403,6.125861443598114,1.0,43.56023569159261,7.110875114081403,1.0,0.0,11.96612661862884,157.04482477388808,32.72809590396664,27.75,24.774132068967713,0.7569683290363706,42.349999999999994,19.274997111111112,0.47093066134188827,-1.0331763790425161,744.2386652158143,750.0,64.23776720657884,0.08631339677568509,0.0,0.0,-11.060118701617421,120.32622569386727,43.62937221871599,42.75,25.32407649501301,0.5804364171930387,44.8,22.400000000000006,0.04792105482235528,-1.2247219631982622,2757.0,10.84317250229454,93,attack,1
1836.0409188801148,750.0,2725.3158718469167,1.4843437549906084,750.0,0.0,5.4802039479227656,49.72716941322687,6.143575017946877,1.0,43.80674689155408,7.130497595224916,1.0,0.0,12.029845400926607,158.74042937265972,33.15286085416514,28.1175005,25.06847141053233,0.7561480597648895,42.93260581249999,19.4825965,0.4692923501197637,-1.034920579770735,744.2986360373295,750.0,63.90523632702769,0.08585967141799597,0.0,0.0,-11.119546893438576,121.64432311537955,44.17079218090453,43.525,25.585671535360465,0.5792441174831681,45.494555250000005,22.775,0.04661307200868956,-1.2210224110972847,2786.0,10.864534212709286,94,attack,1
1832.0021375133595,750.0,2725.230761465408,1.4875696407016528,750.0,0.0,5.47860556780688,49.60152336891235,6.149982187388671,1.0,44.11358633445232,7.17296164286669,1.0,0.0,12.077640772373863,159.99914693923344,33.6718382889459,28.6,25.33726957921813,0.7524765758790212,43.349999999999994,19.75,0.46566494348424947,-1.0384275390363105,744.3412896330602,750.0,63.667636063494776,0.08553554256661103,0.0,0.0,-11.162383641154307,122.59880855230936,44.83691400391877,44.285092,25.778260963085835,0.5749338806152627,45.44073700000001,22.785092,0.04526866241595942,-1.2179465189089724,2807.0,10.88718431784668,95,attack,1
1848.4232655921514,750.0,2729.278040274854,1.4765438690799624,750.0,0.0,5.401805804036415,48.5686926689639,6.149614576033637,1.0,44.21693160822608,7.190195590557646,1.0,0.0,12.180502172991124,162.7607125294125,33.87946317707048,28.625,25.695467280562333,0.7584378520481679,43.89430375,19.815977166666666,0.46803575395976305,-1.0361682917441226,744.4344779257183,750.0,63.14532367224099,0.08482321217602418,0.0,0.0,-11.257665881027666,124.73504108885462,45.0897847547302,44.681407,26.209053965691066,0.5812636744277554,46.857599500000006,23.207946,0.042478476346859216,-1.2118563642993239,2854.0,10.89734409849327,96,attack,1
1848.7941787941788,750.0,2724.961729164852,1.4739129755060822,750.0,0.0,5.398886588835531,48.543638706492295,6.147609147609147,1.0,44.43584581287639,7.228150773078641,1.0,0.0,12.251462058765291,164.66439315799275,34.26619877386807,28.975,26.002348912599494,0.7588337733110124,44.434668968749996,20.125,0.4670466308774138,-1.0373115557281036,744.4961884961886,750.0,62.7969741682067,0.08434828161451118,0.0,0.0,-11.322080186346675,126.18949974606389,45.584399297643806,45.495296499999995,26.4967642911668,0.5812682562329253,47.175,23.575,0.04143637314601121,-1.209161443679916,2886.0,10.920216642393939,97,attack,1
1853.658038147139,750.0,2717.7197396594393,1.4661386748420924,750.0,0.0,5.384206420806225,48.419326548730474,6.1290871934604905,1.0,44.51763143023907,7.26333792048802,1.0,0.0,12.360226789259372,167.61686795315245,34.44132953965889,29.226596166666667,26.36623359763127,0.7655405279076344,44.8406236875,20.591128416666667,0.4706193612894333,-1.0346703310843268,744.5899182561308,750.0,62.264034840333174,0.08362191498128105,0.0,0.0,-11.422000490909014,128.46209521432579,45.79934230143052,45.888583999999994,26.938761269865196,0.5881910070360067,47.21485175000001,23.826256999999995,0.04086468920249803,-1.2066519206594717,2936.0,10.926801816330709,98,attack,1
1853.8911426639622,750.0,2722.7900091122365,1.468689259283964,750.0,0.0,5.361486049134934,47.94483900695487,6.139621365787694,1.0,44.810816121851644,7.298628604616329,1.0,0.0,12.40839773501117,168.9258425312438,34.94712761834247,29.625,26.63872385766675,0.7622578927970337,45.192924000000005,20.85,0.4675938295567037,-1.0380602598763589,744.6301555104801,750.0,62.03380120218148,0.08330820440605753,0.0,0.0,-11.465689627866107,129.46203864255645,46.45541295537526,46.6702965,27.130907568346164,0.5840203722741184,47.22500000000001,23.9,0.04090572886111858,-1.2059880256301942,2958.0,10.945473666607862,99,attack,1
1858.9350301406564,750.0,2775.928162717219,1.4932895005519253,750.0,0.0,5.5075541493678735,49.20040814072204,6.149028801071668,1.0,45.062413672399146,7.328379022154776,1.0,0.0,12.464773178678108,170.50314132603225,35.38179272310421,29.975,26.931084306292966,0.7611565789516098,45.649509249999994,21.125,0.466015986777534,-1.0401339076050227,744.680509042197,750.0,61.74443689502461,0.08291399619742955,0.0,0.0,-11.521054427847817,130.73469512943197,47.015765936369725,46.975,27.378898024845782,0.5823344037806356,47.20257074999999,23.713353,0.040514678093445985,-1.2046213672920472,2986.0,10.965890332481166,100,attack,1
1855.6220891550233,750.0,2811.5039072455234,1.5151274193582005,750.0,0.0,5.812845194936857,55.33664070185836,6.157019294743845,1.0,45.37116056713277,7.3690138677761565,1.0,0.0,12.505855872975891,171.64440107377231,35.91057988096808,30.424999999999997,27.1982495883299,0.7573882036570636,46.02499999999999,21.375,0.4625120625183308,-1.043811631245748,744.7159015302727,750.0,61.54020960725819,0.08263582056030071,0.0,0.0,-11.560438412556818,131.6437362905191,47.699792776447104,47.525,27.559448340788155,0.5777687226011657,47.474999999999994,23.824999999999996,0.0398072177559022,-1.2031275801189147,3006.0,10.98602089760466,101,attack,1
1856.7234600262123,750.0,2802.2752781975114,1.5092582921088047,750.0,0.0,5.8138137535525445,55.43933991028112,6.139252948885977,1.0,45.480613218537215,7.408167344984553,1.0,0.0,12.604336265546275,174.36751632475028,36.13004761634781,30.49815266666667,27.551335168839355,0.7625601676863876,46.73525690625001,21.6019425,0.4650744365764031,-1.0421620049496325,744.7955439056357,750.0,61.07807247198371,0.08200649557017516,0.0,0.0,-11.650516445778077,133.73453345334542,47.97306554652686,48.225,27.974792829065695,0.5831354013000115,48.006148749999994,24.124999999999996,0.038257257454179,-1.2000316411010206,3052.0,10.999101013106172,102,attack,1
1854.47265625,750.0,2800.46705703416,1.5101150440778628,750.0,0.0,5.818238658548373,55.45646010105847,6.1484375,1.0,45.78211501067049,7.446138146589355,1.0,0.0,12.648074130874127,175.57182486819502,36.65842256607193,30.894775499999998,27.818692369130613,0.7588622319738697,47.275000000000006,21.871310666666666,0.46171310677790384,-1.0458000639237355,744.8294270833334,750.0,60.88036482764181,0.08173732483428098,0.0,0.0,-11.689464348340257,134.64357675111785,48.657648453125,48.886855999999995,28.15451037385231,0.5786245589113361,48.175,24.204888999999994,0.03771836174872876,-1.1989399188640377,3072.0,11.018787536743634,103,attack,1
1848.3699870633893,750.0,2797.921561840925,1.5137237573772457,750.0,0.0,5.831815149831441,55.57644323456597,6.152328589909444,1.0,46.082492730250124,7.490252195864658,1.0,0.0,12.691701564002743,176.77625519447616,37.1864777502655,31.325000000000003,28.086784388536383,0.755295636687071,47.752881375,22.097947500000004,0.45832619224274346,-1.0493494559596013,744.862871927555,750.0,60.6845646229138,0.0814707873220669,0.0,0.0,-11.728282937806085,135.5526206692331,49.339843482535585,49.825,28.33837184194298,0.5743506635154544,48.7839745,24.3297035,0.036680217289485756,-1.197227894140188,3092.0,11.03504598512182,104,attack,1
1852.808701215611,750.0,2797.514225380075,1.5098775300141083,750.0,0.0,5.805720770570173,55.19540003639604,6.153550863723608,1.0,46.277896760701886,7.520519093052303,1.0,0.0,12.763570629770657,178.79031745314543,37.54595396643725,31.559929500000003,28.403024096847712,0.7564869472283883,48.39756862499999,22.220276500000004,0.45802399316501513,-1.0500985872271387,744.9187460012796,750.0,60.35599593144515,0.08102359654047621,0.0,0.0,-11.793981376947112,137.09799671977504,49.79836307869481,49.975,28.65298275203677,0.5753800121252449,49.234585749999994,24.511767,0.03474543274025858,-1.1942509245167459,3126.0,11.04234797971647,105,attack,1
1851.4407853071564,750.0,2799.1373153309514,1.5118697489785347,750.0,0.0,5.789336198797327,54.79211069452037,6.149461684610513,1.0,46.487897238319476,7.559669386128368,1.0,0.0,12.830800318862215,180.68396714607778,37.92924948000092,31.89326283333333,28.712450019251484,0.7570002152136122,48.90764958333334,22.5,0.457346391642193,-1.051255693616068,744.9702343255225,750.0,60.051580114370125,0.08060936846522376,0.0,0.0,-11.85548269163164,138.55246985157706,50.28917565959468,50.6723355,28.94827262096034,0.5756362525588007,49.775000000000006,24.825,0.0331204788617735,-1.1918823736373663,3158.0,11.050438643209215,106,attack,1
1863.4455877767384,750.0,2801.592948936281,1.5034476817103302,750.0,0.0,5.725137985524451,53.90674674585399,6.143748051138135,1.0,46.57327975700348,7.5805972786230615,1.0,0.0,12.931901494383219,183.56451970396992,38.11059387968408,32.0,29.076487091844818,0.7629502490472827,49.5093495,22.681325,0.46067899377633004,-1.049196867708234,745.0470845026505,750.0,59.59424147652597,0.07998721519232248,0.0,0.0,-11.949043252539644,140.77963465106325,50.51414846492048,51.0,29.39237966601785,0.5818643005816354,50.48737799999999,25.276949000000002,0.03174241469626447,-1.1899769285118196,3207.0,11.04251075099517,107,attack,1
1857.542609234583,750.0,2799.3839472850245,1.5070361957610952,750.0,0.0,5.739551964170603,54.036586899056424,6.1475054229934925,1.0,46.867970828964026,7.623900688832892,1.0,0.0,12.974538273272737,184.76821201389276,38.63855725095676,32.4,29.34380065407392,0.7594434870713843,50.08279475,22.85,0.45768181841953587,-1.0526867465453744,745.0777812209483,750.0,59.410552267812776,0.0797373828145265,0.0,0.0,-11.987021417199069,141.6886824563892,51.19813267028199,51.5,29.57315902458436,0.5776218288084192,50.59999999999999,25.416985,0.031259941906693574,-1.189344711953325,3227.0,11.049028768888913,108,attack,1
1852.4469720258223,750.0,2794.7135397881398,1.508660480970131,750.0,0.0,5.758417829558393,54.265231769182535,6.145404242237934,1.0,47.11798581965952,7.66719062935083,1.0,0.0,13.029241954705796,186.32396779082836,39.09448079419023,32.760689,29.63152296371131,0.7579464507970854,50.462202000000005,23.184646,0.4560009242078825,-1.0549675426129512,745.1171226560099,750.0,59.17427609362404,0.07941607338547552,0.0,0.0,-12.03621391472777,142.87044540108607,51.7857947805103,51.9,29.810815514470388,0.5756562323861399,50.85,25.449999999999996,0.030343659077421446,-1.1881795974143805,3253.0,11.05403836186174,109,attack,1
1853.8106870229008,750.0,2804.6494354488673,1.5129103824258083,750.0,0.0,5.720935460150678,53.447224296948725,6.156335877862595,1.0,47.396195795519134,7.698767048424023,1.0,0.0,13.074481745512331,187.62405233032453,39.583000774160794,33.15,29.918289736483402,0.7558368277125069,51.0,23.45,0.45335559435314005,-1.0587812707261854,745.1499236641222,750.0,58.97653663992125,0.07914720885954897,0.0,0.0,-12.077681869947053,143.87039935164762,52.43482355358779,52.488682,30.015486222364657,0.5724341990335712,50.849999999999994,25.438681999999996,0.02917632291426892,-1.1867126159042978,3275.0,11.059572549169443,110,attack,1
1853.7098728043609,750.0,2802.5361153406493,1.5118526132144234,750.0,0.0,5.720644250348399,53.43108692346749,6.159600242277407,1.0,47.63630667579693,7.733668550247381,1.0,0.0,13.130528465502177,189.2342327750378,40.02502510814683,33.473152666666664,30.211693681410498,0.7548201056658702,51.474999999999994,23.777830833333333,0.4517710504841791,-1.0607448851893733,745.1895820714718,750.0,58.73654419311909,0.07882094114875268,0.0,0.0,-12.128380617707457,145.09761640798217,53.00167126892792,53.125,30.270793752505547,0.5711290423072322,50.72897025,25.460937,0.02731850600298242,-1.1844186383701567,3302.0,11.066580268792162,111,attack,1
1854.1300421432873,750.0,2807.33157583983,1.5140963751359566,750.0,0.0,5.698162275872051,53.00336375924685,6.171282360024082,1.0,47.92573254481352,7.765927687130897,1.0,0.0,13.17188491778468,190.4264692553627,40.55067107056944,33.89326283333334,30.482581497217872,0.7517158333624049,51.93109953571428,23.993799,0.4486209835987974,-1.0639206661559335,745.2185430463576,750.0,58.56064881753159,0.07858184604229411,0.0,0.0,-12.16579905582312,146.0066666666668,53.679716595424445,53.625,30.46174948748273,0.5674722487279158,50.8558785,25.3509915,0.02577925761200177,-1.1825640810858786,3322.0,11.073019760288728,112,attack,1
1849.9075178997614,750.0,2802.0300064985354,1.5146865339948121,750.0,0.0,5.716186093105259,53.24366656528004,6.165572792362768,1.0,48.14218297246695,7.808225544283602,1.0,0.0,13.233690213266428,192.2151329079726,40.954614067006005,34.23949333333333,30.7883046311047,0.7517664451856837,52.523895624999994,24.275,0.4475880406798328,-1.0652534094715216,745.2613365155131,750.0,58.29974360304092,0.07822724827725902,0.0,0.0,-12.221711949241946,147.3702429702432,54.195215974343675,53.875,30.750734757440465,0.5674068126603286,51.07244850000001,25.275000000000002,0.023273156725704777,-1.1796376769173749,3352.0,11.07868828977909,113,attack,1
1867.1807726334414,750.0,2838.0088658553655,1.5199432788999234,750.0,0.0,5.590940654177725,50.64313625680077,6.178708345620761,1.0,48.296299015525385,7.8165688221480805,1.0,0.0,13.309392923896597,194.46068122205824,41.24891943416524,34.45,31.125136502447358,0.7545685300223245,53.0,24.483062500000003,0.4484677548282757,-1.0649959886369016,745.3158360365674,750.0,57.965722539808205,0.07777336766122897,0.0,0.0,-12.294018617360134,149.1428937639978,54.566492171041,53.9,31.124073098165198,0.5703880139592896,50.900000000000006,25.7,0.020475046774837195,-1.1766936213897294,3391.0,11.077706036071342,114,attack,1
1865.2394859813085,750.0,2833.4842205596424,1.5190994195948717,750.0,0.0,5.601922434132595,50.77626477529538,6.172897196261682,1.0,48.489923454806394,7.855294185714284,1.0,0.0,13.376366485387168,196.42287307540107,41.61764436490554,34.840208000000004,31.438989651943725,0.7554245352352269,53.578198178571434,24.650053999999997,0.4483579697120899,-1.0658398615160012,745.3609813084112,750.0,57.68752898942885,0.07739542374241781,0.0,0.0,-12.35487071646677,150.64283042060808,55.03735183557244,54.075,31.434749542154098,0.5711530168832868,51.52499999999999,25.9936795,0.018834149772148145,-1.1753370448921663,3424.0,11.081846563771721,115,attack,1
1858.760498117579,750.0,2828.0261104040605,1.5214580432864186,750.0,0.0,5.62607715465615,51.08008129521599,6.165363452070663,1.0,48.71102688912807,7.900755124625827,1.0,0.0,13.435315018927401,198.1535898412352,42.0339999012249,35.277519,31.74011667047825,0.7551057892435623,54.07326499999999,25.072481000000003,0.447364971924461,-1.0673417482626644,745.3999420793513,750.0,57.44633396340489,0.07706780041215708,0.0,0.0,-12.408100482317609,151.96095757929046,55.56998018997973,54.855395,31.711763379994494,0.5706635717986579,52.009086,26.205395000000003,0.01701788479950115,-1.1736977000244428,3453.0,11.088106193687988,116,attack,1
1858.5517636937195,750.0,2821.538334610316,1.5181381491375519,750.0,0.0,5.64291026498416,51.34847510296514,6.160883280757098,1.0,48.89571710559411,7.936478403724185,1.0,0.0,13.503774609491272,200.17766172622632,42.38981239623383,35.56056433333333,32.05791189275593,0.7562645381182237,54.551160033333346,25.290133833333332,0.4474795102228051,-1.0679707671098082,745.4447949526814,750.0,57.167369636366175,0.07668893796487639,0.0,0.0,-12.470218490722175,153.50634920634917,56.02347114224262,55.05,32.03379354888829,0.5717923737277014,52.577625,26.949999999999996,0.015302439283213976,-1.1724431374556448,3487.0,11.095582272668087,117,attack,1
1855.7142857142858,750.0,2821.617914405544,1.5205023403263132,750.0,0.0,5.647686559959929,51.36288419454116,6.167664670658683,1.0,49.17744101933957,7.9734297575045705,1.0,0.0,13.544362466434109,201.3767908004679,42.91546786323556,36.016994333333336,32.327987397317884,0.7532945347430858,55.033786833333345,25.466994333333336,0.4447518433385992,-1.0709587471191333,745.4707727402338,750.0,57.00515925756697,0.07646867099567826,0.0,0.0,-12.506614397114067,154.415403678101,56.70126714371258,55.687606,32.22440893762884,0.5683190263800322,52.661924500000005,27.187606000000002,0.014205478962612327,-1.1716148577718886,3507.0,11.101963868805493,118,attack,1
1863.156258830178,750.0,2826.1139678953937,1.5168421620577486,750.0,0.0,5.609637857184979,50.80885766978808,6.175473297541679,1.0,49.374430885678144,7.9952464380880786,1.0,0.0,13.607524163478589,203.26749883609307,43.29380404626586,36.3,32.64083061046454,0.7539376899193927,55.6079421,25.599999999999998,0.44436464845477663,-1.0718534867937919,745.5117264764058,750.0,56.74847033015463,0.07612015789258095,0.0,0.0,-12.564628593591001,155.86989169488479,57.18407969172083,56.090593,32.532108123817736,0.5689014897012982,53.60000000000001,27.590593,0.012232328544244123,-1.1700547400724728,3539.0,11.108149890647962,119,attack,1
146.36363636363637,140.0,29.16184533153716,0.1992424215198191,0.0,0.0,4.364357804719847,17.047619047619047,5.2272727272727275,5.0,1.0414944761263272,0.1992424215198191,0.0,0.0,4.364357804719848,17.047619047619047,0.19469654545454548,0.199895,0.020792270621833735,0.1067932179961969,0.00011000000000002674,5.500000000001337e-05,-4.293533563735918,16.63920153589712,28.0,28.0,0.0,0.0,0.0,0.0,0.0,-3.0,0.9961884090909089,0.999475,0.010554807541671983,0.01059519207948221,0.0005500000000000504,0.0002750000000000252,-2.8425115030522328,6.088068202366221,44.0,1.0,2,baseline,0
533.0555555555555,280.0,360.09890188086166,0.6755372833616998,470.0,0.0,1.4778438136155807,1.5150080111564046,6.861111111111111,10.0,4.796716340823271,0.6991165516989383,9.0,0.0,0.09016122082768752,-0.5602902066407314,0.14637316666666667,0.1999125,0.06425602276991887,0.4389877204491183,0.11771374999999999,8.500000000000174e-05,-0.4636278150825305,-1.60041928116176,308.77777777777777,28.0,351.97357153872844,1.1398928189451443,722.0,0.0,0.4558423058385519,-1.7922077922077915,1.2500995277777776,1.999125,0.935321420040087,0.748197562879452,1.91732,0.0007999999999999119,-0.4556916542133444,-1.791909856748423,72.0,1.9640787648082292,3,baseline,0
1178.936170212766,750.0,1030.3650128743434,0.8739786248889034,1080.0,330.0,1.7660376679653174,2.8373683075601965,8.638297872340425,6.0,7.017987624258881,0.8124271387688853,13.0,5.0,0.517129915535372,-0.46816648145038764,0.33259512659574464,0.19998666666666667,0.25431861558153834,0.7646492544391725,0.15794287499999998,0.02191066666666666,1.9188912407523993,2.6502792419461736,412.0425531914894,750.0,360.26384878643785,0.8743365120810997,722.0,0.0,-0.12792042981336654,-1.983636363636363,1.8580485957446808,1.088028,1.088657356949916,0.5859143616820188,1.9338605,0.8016110000000001,0.005491089517917365,-1.8219258509064276,94.0,2.688266807327481,4,baseline,0
1311.276595744681,750.0,1021.9768432678135,0.7793754929999551,940.0,190.0,1.5990607952009162,2.128025079620209,11.170212765957446,6.0,9.623373913895561,0.8615210932439836,18.0,5.0,0.5137897336874118,-0.5878617264090407,0.5969854102836879,0.34660599999999997,0.5602325405014997,0.9384358995226982,0.643315875,0.14664599999999997,1.5451127459045824,1.4076308511666777,412.0425531914894,750.0,360.26384878643785,0.8743365120810997,722.0,0.0,-0.12792042981336654,-1.983636363636363,2.8580485957446813,2.088028,1.088657356949916,0.38090932343516015,1.9338604999999998,0.8016110000000001,0.0054910895179161165,-1.8219258509064276,94.0,2.688266807327481,5,baseline,0
1379.787234042553,750.0,976.6780199895193,0.707846830215997,800.0,50.0,1.7152450080398631,2.5489233209670275,13.617021276595745,6.0,12.314242215417597,0.9043271626947298,23.0,5.0,0.5035181857802826,-0.6820258330582543,0.8654428670212767,0.5132726666666666,0.8749408908219432,1.010974755425921,1.1433110000000002,0.3133026666666666,1.3839602597024814,0.9797611008670515,412.0425531914894,750.0,360.26384878643785,0.8743365120810997,722.0,0.0,-0.12792042981336654,-1.983636363636363,3.8580485957446813,3.088028,1.088657356949916,0.2821782385402492,1.9338604999999998,0.8016109999999999,0.005491089517916263,-1.8219258509064276,94.0,2.688266807327481,6,baseline,0
1707.3684210526317,1500.0,1097.0766998339539,0.642554170679566,1410.0,660.0,1.0500578304494401,-0.09100768714135521,13.929824561403509,5.0,14.403775880592704,1.0340242130904083,28.0,3.0,0.8007375846839173,-0.36541894200398684,0.9604987435672515,0.199995,1.146058543102482,1.1931910903350786,1.1635593333333334,0.06261320000000001,1.5537637280269787,1.543371197090977,471.3333333333333,750.0,351.4857354462941,0.7457264542707795,722.0,0.0,-0.46848748060169054,-1.7805194805194806,4.108237842105263,4.079636,1.904491769096019,0.4635787513509841,2.3156149999999998,1.9194640000000005,-0.7539043686203982,-0.5228144649886644,114.0,3.0620756802466547,7,baseline,0
1763.859649122807,1500.0,1057.9403266194158,0.5997871356406077,1270.0,520.0,1.0941506412523938,0.029024336583229005,15.947368421052632,5.0,17.021576660878413,1.0673595925963362,33.0,3.0,0.7959435407363604,-0.41450879417869135,1.2397454753968251,0.42060025,1.419141085729371,1.144703581414664,1.4968743333333334,0.22166225,1.5365628615170976,1.5304111770788733,471.3333333333333,750.0,351.4857354462941,0.7457264542707795,722.0,0.0,-0.46848748060169054,-1.7805194805194806,5.1082378421052645,5.079636,1.9044917690960192,0.37282754405012564,2.315615,1.9194640000000005,-0.7539043686204011,-0.5228144649886617,114.0,3.0620756802466547,8,baseline,0
1892.4137931034484,1500.0,1150.5145930301221,0.6079614285326811,1130.0,380.0,1.4122393698792,1.5487232517498182,17.79310344827586,5.0,19.514591022678438,1.0967502706544083,38.0,3.0,0.8176297116087994,-0.3988823072310983,1.4947203564655172,0.67032175,1.6992627950256773,1.136843281537846,1.882511,0.47071424999999995,1.499661645968567,1.4804948010874952,476.13793103448273,750.0,350.3255357164672,0.7357648128459986,722.0,0.0,-0.49746833816309105,-1.7525252525252528,6.018278448275861,6.077806,2.006448693023797,0.33339246601303596,2.7087069999999995,1.9213190000000004,-0.802193601151669,-0.39140771917071326,116.0,3.1521807014494527,9,baseline,0
2128.0263157894738,1500.0,1233.9058862610163,0.5798358211577149,1740.0,750.0,1.1211560377000769,0.6510789280986882,15.947368421052632,4.5,20.533601945695402,1.2875856005551571,43.0,2.5,1.223569693447072,0.44744910460437914,1.3722885964181286,0.19999944444444445,1.8796075627660398,1.3696882475538215,1.8972206666666667,0.14830254444444446,1.7839380197309738,2.559931105959646,541.0,750.0,327.44007085266765,0.6052496688589051,722.0,0.0,-0.9284141650970551,-1.138047138047138,5.4150614210526316,6.777131499999999,3.3698151078490324,0.6223041339379629,6.214538500000001,2.2224435,-0.5146502353838086,-1.2795875308922975,152.0,3.432202946873946,10,baseline,0
2510.169491525424,2250.0,1443.829056416991,0.5751918590722651,2350.0,850.0,0.7267126592250029,-0.5710532007047138,12.728813559322035,4.0,19.539903117635863,1.5350922555799145,5.0,2.0,1.897515229126806,2.776092318607291,1.1118070311642452,0.1999955,1.8537117317456606,1.6672962841443077,1.03797865,0.138917875,2.4127641161913784,5.598341853108337,615.3898305084746,750.0,281.19147327460723,0.45693227176384893,0.0,0.0,-1.6102183175902058,0.5928030303030316,4.2663854237288135,1.2895815000000002,3.9603167902083767,0.9282604352110004,7.589193000000001,1.2466295,0.31784648517901554,-1.646355635789718,236.0,3.8523181332184806,11,baseline,0
2542.313432835821,1540.0,1569.3248449330167,0.6172822063023577,2250.0,710.0,0.9014423384133737,-0.42657531007114846,12.477611940298507,4.0,20.58535793862594,1.6497834711578205,5.0,2.0,2.0968609617851013,3.650542876219837,1.3044391404850746,0.4275846666666667,1.9396948410018395,1.4869952769743906,1.2046996666666667,0.2276005757575758,2.6092638798909635,6.860398921833205,631.4626865671642,750.0,267.4562499225492,0.42355036269289015,0.0,0.0,-1.8131016690571062,1.287337662337663,4.727054425373135,2.2744895,3.9946845251278256,0.8450684434022571,7.791405999999999,1.5845875,0.5074204628675923,-1.48853538322279,268.0,3.989363056641242,12,baseline,0
2566.3432835820895,1680.0,1556.9600791691903,0.6066842612715447,2250.0,570.0,0.8927454809160309,-0.4121002420753186,13.335820895522389,4.0,22.55836345215591,1.6915616690480648,5.0,2.0,2.0998695741811293,3.636574696873276,1.6502852621387114,0.8413327500000001,2.1214730710934626,1.2855190067831719,1.4779,0.5735387986111111,2.508214920331144,6.553300805768565,631.4626865671642,750.0,267.4562499225492,0.42355036269289015,0.0,0.0,-1.8131016690571062,1.287337662337663,5.727054425373135,3.2744895,3.9946845251278256,0.697511186104637,7.791405999999999,1.5845875,0.5074204628675923,-1.48853538322279,268.0,3.989363056641242,13,baseline,0
2590.373134328358,1820.0,1546.4887560894426,0.597013895641109,2250.0,430.0,0.8777613815232418,-0.40449103119192165,14.194029850746269,4.0,24.532791826554902,1.728388067696297,5.0,2.0,2.1019335657150178,3.6235957225761677,1.9961312387483368,1.3383825,2.326539606579482,1.1655243710520387,2.22567925,0.8009731875,2.352934171809307,5.966446854242694,631.4626865671642,750.0,267.4562499225492,0.42355036269289015,0.0,0.0,-1.8131016690571062,1.287337662337663,6.727054425373135,4.2744895,3.9946845251278256,0.5938237261855138,7.791405999999999,1.5845874999999998,0.5074204628675923,-1.48853538322279,268.0,3.989363056641242,14,baseline,0
2731.244019138756,2250.0,1886.3035376493465,0.6906389632092101,2250.0,750.0,1.699136563867081,4.810733411016468,11.057416267942584,3.0,21.968802478049273,1.986793473782907,5.0,2.0,2.864671684229086,7.9025845582006315,1.566554580413008,0.7147463333333333,2.293081821668928,1.4637739727296175,1.8138036666666668,0.6466563333333333,2.6713805050848336,8.336701841035465,674.0,750.0,221.57617200412142,0.32874802967970534,0.0,0.0,-2.5724787771376327,4.617647058823529,5.123341492822966,4.268041,4.73118189145785,0.9234562829913889,7.996279,3.5886120000000004,0.7108120847525284,-0.8410045780370337,418.0,4.44858015496504,15,baseline,0
3049.358974358974,2250.0,2065.5056745625825,0.6773573370438573,3000.0,1125.0,1.3720627759239663,2.740562645543414,11.162393162393162,4.0,22.352635082411975,2.0024948733860652,5.0,2.0,3.0754026026943118,9.346507238252684,1.7402864022555318,0.8590784166666667,2.3945686484329407,1.375962396378788,2.1293075,0.6801522500000001,2.704698105150852,8.710759667017522,682.1196581196581,750.0,210.71750288909263,0.3089157457651343,0.0,0.0,-2.782110210122753,5.740137221269288,5.5370359572649575,5.042952,4.782148420859418,0.8636657695142692,4.835845000000001,3.4860469999999997,0.8225958094238471,-0.653389266263646,468.0,4.567534300719033,16,baseline,0
3143.5245901639346,2250.0,2119.4297957779563,0.6742208419204471,3000.0,1500.0,1.329281811939733,2.467340520884904,11.450819672131148,4.0,23.436206561998514,2.046683751298367,5.0,2.0,3.1605121257662234,9.928808100327933,2.013967755052984,1.0402823571428572,2.5612778431922347,1.2717571255875701,2.4948204805555556,0.8402857946428572,2.5918720370731365,8.173163135658337,684.9016393442623,750.0,206.79269772740554,0.30193050483189493,0.0,0.0,-2.861819035160713,6.190008190008189,6.280670172131147,5.8603575,4.844545512435408,0.7713421306426547,5.0804279999999995,3.5822675000000004,0.8294680828408791,-0.5905957555618349,488.0,4.668107833615605,17,baseline,0
3147.285714285714,2380.0,2284.1424908195518,0.7257499630401191,3000.0,880.0,1.7428491148987912,4.275007796994562,10.917857142857143,4.0,23.492028337462973,2.151706880762065,5.0,2.0,3.429712173305552,11.938959663665011,2.087035808439882,1.0660660714285715,2.683201896393688,1.2856520647815128,2.600604,0.8660704831932773,2.563020064555499,8.174267395290512,693.2714285714286,750.0,194.26759316752248,0.28021866351514707,0.0,0.0,-3.1324980518912064,7.812544045102195,6.411180132142857,3.8810755,5.057504057780746,0.7888569582415302,5.424583,3.2049555,0.8484143898916138,-0.41512913396678774,560.0,4.868067841983902,18,baseline,0
3315.563139931741,2520.0,2499.452521679376,0.7538545991106758,3000.0,1020.0,1.9339598166481622,5.849203456584039,11.22184300341297,4.0,24.39021374027237,2.1734588278284077,5.0,2.0,3.516010969082121,12.637792664674967,2.3400133643245504,1.22230375,2.8582784887483355,1.2214795574782469,2.7405874444444445,0.9681498611111111,2.462730169990695,7.6015988259285034,695.7883959044368,750.0,190.26791673422642,0.2734565822801661,0.0,0.0,-3.2248042777802683,8.39936262998993,7.101659607508531,4.863511,5.1485748819339765,0.7249819290818201,5.575468,3.378078,0.8385636842279536,-0.37012826564218715,586.0,4.975781431221729,19,baseline,0
3393.1058020477817,2660.0,2633.8127372463314,0.7762247601170563,3000.0,1160.0,1.9241113441923394,5.198898794460412,11.703071672354948,4.0,25.784031306766405,2.203184943972749,5.0,2.0,3.5150937289429462,12.62173857420467,2.6910630899989925,1.4693565714285715,3.0692929980141765,1.1405503681503526,3.5492964999999996,1.0939119285714285,2.326226950181618,6.784850377502913,695.7883959044368,750.0,190.26791673422642,0.2734565822801661,0.0,0.0,-3.2248042777802683,8.39936262998993,8.101659607508532,5.863511,5.1485748819339765,0.6354963219094434,5.575468,3.378078,0.8385636842279528,-0.37012826564218937,586.0,4.975781431221729,20,baseline,0
3354.045307443366,2800.0,2591.289518775453,0.7725863192798291,3000.0,1300.0,1.9436599165242352,5.432690794342532,11.637540453074434,4.0,26.54125472476515,2.2806584287965603,5.0,2.0,3.6373380454920543,13.569014158197131,2.900193059218422,1.7147463333333333,3.2637585959712725,1.1253590810436698,2.91096675,1.2952791666666665,2.235777492192088,6.2629458857905504,698.5954692556634,750.0,185.66541254731737,0.2657695629562834,0.0,0.0,-3.334982698263867,9.12210959771935,8.662309886731393,6.690593,5.354487497207254,0.618136220849021,5.419634,3.2349639999999997,0.7474839931785471,-0.3366942545276794,618.0,5.0638261379440115,21,baseline,0
3251.823529411765,2940.0,2541.600277159674,0.7815923140267805,3000.0,1440.0,1.9591314421722066,5.631728018784086,11.173529411764706,4.0,26.73886583920085,2.393054589452037,5.0,2.0,3.8540527575146055,15.364361820158905,2.998869427612669,1.755599,3.422665618319494,1.1413186538915767,3.139505333333333,1.3187909999999998,2.2146545161395634,6.102448539044513,703.2823529411764,750.0,177.61644808338497,0.25255354032499244,0.0,0.0,-3.538887938955194,10.523727844482563,8.841493964705881,7.6586185,5.72550427707619,0.6475720392878935,6.99571475,3.600616499999999,0.6328865262979351,-0.3477324430070907,680.0,5.261215322954044,22,baseline,0
3287.764705882353,3000.0,2536.1881431742904,0.7714019615322932,3000.0,1500.0,1.933187669367097,5.594927973150881,11.547058823529412,4.0,28.031822623311083,2.4276158155694776,5.0,2.0,3.8620843389846184,15.400217074423754,3.37171495034882,2.0456846666666664,3.6310039741730225,1.0769012290903708,3.28304875,1.3476955454545452,2.1311754825524765,5.588377640649776,703.2823529411764,750.0,177.61644808338497,0.25255354032499244,0.0,0.0,-3.538887938955194,10.523727844482563,9.841493964705881,8.6586185,5.72550427707619,0.5817718628502253,6.99571475,3.6006165,0.6328865262979353,-0.3477324430070907,680.0,5.261215322954044,23,baseline,0
3297.235294117647,3000.0,2536.6788159372704,0.769335091269577,3000.0,1500.0,1.9222727375833095,5.56166562141382,11.885294117647058,4.0,29.33561008452256,2.468227525052628,5.0,2.0,3.8684620931821843,15.424523952271613,3.7448135768436486,2.4463597083333335,3.8519450829528803,1.0286079677695275,3.3822433125,1.6363978750000001,2.0403018506860846,5.07543195688711,703.2823529411764,750.0,177.61644808338497,0.25255354032499244,0.0,0.0,-3.538887938955194,10.523727844482563,10.841493964705881,9.6586185,5.72550427707619,0.5281102674331948,6.99571475,3.6006165,0.6328865262979353,-0.3477324430070907,680.0,5.261215322954044,24,baseline,0
3306.705882352941,3000.0,2537.702012004188,0.767441103712086,3000.0,1500.0,1.9103853927772583,5.522079351888209,12.223529411764705,4.0,30.640179876060948,2.506655716520867,5.0,2.0,3.874005752465467,15.44496336803967,4.117912195260898,2.720236875,4.083628032619955,0.991674382304606,3.596875714285714,1.783561675,1.9491326106418525,4.585527599416245,703.2823529411764,750.0,177.61644808338497,0.25255354032499244,0.0,0.0,-3.538887938955194,10.523727844482563,11.841493964705881,10.6586185,5.72550427707619,0.48351198709734766,6.99571475,3.6006165,0.6328865262979351,-0.3477324430070907,680.0,5.261215322954044,25,baseline,0
3316.176470588235,3000.0,2539.257087632803,0.7657183235433731,3000.0,1500.0,1.8976215134034482,5.476391212842245,12.561764705882354,4.0,31.94543615296965,2.543069138845629,5.0,2.0,3.8788493595033566,15.462213946518531,4.491010806569878,2.970236875,4.32432663317259,0.9628849315718755,4.089474821428571,1.9199862142857143,1.8619996171305992,4.131374303710968,703.2823529411764,750.0,177.61644808338497,0.25255354032499244,0.0,0.0,-3.538887938955194,10.523727844482563,12.841493964705885,11.6586185,5.72550427707619,0.4458596712199073,6.995714750000001,3.6006165,0.6328865262979334,-0.3477324430070925,680.0,5.261215322954044,26,baseline,0
3325.6470588235293,3000.0,2541.3430664345333,0.7641649945059267,3000.0,1500.0,1.8840789925378396,5.424862967613967,12.9,4.0,33.2512980728484,2.5776200056471628,5.0,2.0,3.8831015242444336,15.47681843522939,4.864109411590774,3.222073375,4.57261737903397,0.9400728873692268,4.623822178571428,2.0789564305555555,1.7811356135024494,3.7184006212231537,703.2823529411764,750.0,177.61644808338497,0.25255354032499244,0.0,0.0,-3.538887938955194,10.523727844482563,13.841493964705885,12.6586185,5.72550427707619,0.41364785417495575,6.995714750000001,3.600616500000001,0.6328865262979334,-0.3477324430070925,680.0,5.261215322954044,27,baseline,0
3335.1176470588234,3000.0,2543.9586424300346,0.7627792814665783,3000.0,1500.0,1.8698571429435948,5.367793846462369,13.238235294117647,4.0,34.557696977883595,2.6104458947968054,5.0,2.0,3.886850941429511,15.48921433067349,5.23720801102226,3.4823376250000004,4.827328920828663,0.9217370993607732,5.021705696428572,2.211059183333333,1.707453166061738,3.347484384438763,703.2823529411764,750.0,177.61644808338497,0.25255354032499244,0.0,0.0,-3.538887938955194,10.523727844482563,14.841493964705885,13.6586185,5.72550427707619,0.3857768153726196,6.995714750000001,3.600616500000001,0.6328865262979334,-0.3477324430070925,680.0,5.261215322954044,28,baseline,0
3262.528409090909,3000.0,2541.838683165865,0.7791008581206925,3000.0,1500.0,1.8694040191767112,5.3543026359752695,13.15625,4.0,35.31893671223632,2.6845747619752074,5.0,2.0,3.968645916371564,16.18769870128451,5.445291998174685,3.7366446,5.076713972965841,0.9323125324900124,6.0920431875,2.3638345166666666,1.6631139098331755,3.099643636896575,704.875,750.0,174.76837349760967,0.24794236353624355,0.0,0.0,-3.6147844564602556,11.066666666666666,15.331424499999999,14.453936500000001,6.247828484116538,0.4075178065884575,7.011619,3.813024499999999,0.24772356530501652,-0.031206165343379055,704.0,5.330456452469406,29,baseline,0
3271.6761363636365,3000.0,2545.686029545167,0.7780984191102166,3000.0,1500.0,1.8541870665019948,5.285453991800372,13.482954545454545,4.0,36.60507516225445,2.7149149720003303,5.0,2.0,3.971770571067075,16.198083181456038,5.835500863483395,3.9724760000000003,5.319423052235713,0.9115623794219407,6.8026493125,2.374630583333333,1.6207458610801042,2.8580494236440668,704.875,750.0,174.76837349760967,0.24794236353624355,0.0,0.0,-3.6147844564602556,11.066666666666666,16.3314245,15.453936500000001,6.247828484116538,0.3825648206080577,7.011619,3.813024499999999,0.24772356530501569,-0.031206165343379055,704.0,5.330456452469406,30,baseline,0
3225.4032258064517,2625.0,2501.7130902235867,0.7756280114707457,3000.0,1125.0,1.8955644061678163,5.5652240874998995,13.228494623655914,3.5,36.940724749870164,2.7925116047453162,4.25,1.5,4.104630370670372,17.376389914529817,5.902538195352813,4.08158305,5.584835362582684,0.9461752178037132,6.418662906250001,2.6978191928571427,1.5861199793861915,2.6885396893935365,707.3010752688172,750.0,170.30979268002994,0.24078825642291288,0.0,0.0,-3.7379069078761207,11.971948051948027,16.425114725806452,16.0855075,7.1690232924569655,0.4364671670264377,7.063184499999998,4.177850500000002,-0.1627802715281894,0.0867413397209198,744.0,5.45201147643128,31,baseline,0
3259.5710455764074,3000.0,2505.202806732695,0.7685682476939805,3000.0,1500.0,1.8514627854034633,5.405550641830581,13.546916890080428,4.0,38.13839722695947,2.815282439274863,5.0,2.0,4.113761924140298,17.44656120145939,6.275236849417481,4.2966226,5.829555641465253,0.9289777870306841,6.794070625000001,2.8315624,1.5551097524361337,2.5092745000388215,707.4155495978553,750.0,170.09567241495535,0.24044661233648268,0.0,0.0,-3.743958268627406,12.017223517223512,17.380781034852546,17.084436,7.210288771939906,0.4148426217142707,7.034223000000001,4.179884999999999,-0.1734677809205519,0.07827537198946866,746.0,5.454699022633972,32,baseline,0
3268.2037533512066,3000.0,2510.4681086810106,0.7681492030926113,3000.0,1500.0,1.8359037055585647,5.324149123787473,13.855227882037534,4.0,39.391013737727945,2.843043367680442,5.0,2.0,4.116121261718012,17.45406763932037,6.66454795041407,4.721843,6.0788581313372285,0.9121185977751946,6.992077000000001,2.9551600999999996,1.522853482465663,2.3371616201838474,707.4155495978553,750.0,170.09567241495535,0.24044661233648268,0.0,0.0,-3.743958268627406,12.017223517223512,18.380781034852546,18.084436,7.210288771939906,0.3922732531478496,7.034223000000001,4.179884999999999,-0.1734677809205519,0.07827537198946866,746.0,5.454699022633972,33,baseline,0
3276.8364611260054,3000.0,2516.214904396066,0.7678793050085354,3120.0,1500.0,1.8203104578398452,5.239838355962769,14.163538873994638,4.0,40.64391318056352,2.869615676007987,5.0,2.0,4.118247805437366,17.460558740223327,7.053859048679246,4.971843,6.333677822958467,0.8979025210525543,7.2012962142857155,3.1295034999999998,1.490213932862036,2.1740179026037803,707.4155495978553,750.0,170.09567241495535,0.24044661233648268,0.0,0.0,-3.743958268627406,12.017223517223512,19.380781034852546,19.084436,7.210288771939906,0.37203293092128803,7.034223000000001,4.179884999999999,-0.17346778092055193,0.07827537198946866,746.0,5.454699022633972,34,baseline,0
3256.484560570071,2250.0,2598.585764262396,0.7979726959944483,3000.0,1500.0,1.8711991430605976,5.15594991365721,13.282660332541568,3.0,39.60035999441768,2.981357574687025,4.0,2.0,4.4104247535009184,20.24488480635512,6.602091577307427,4.3655065,6.63427804364994,1.0048751923486101,7.181268428571429,3.5085775000000003,1.4936465058560378,2.174433507848361,712.270783847981,750.0,160.67669498191688,0.22558372268742374,0.0,0.0,-4.0238664839896385,14.191501480975163,18.0873873087886,19.839497,9.324251783034843,0.5155112578644357,10.386021,4.840885999999998,-0.46362470181822585,-0.3753971958065061,842.0,5.565621583551001,35,baseline,0
3292.6365795724464,2250.0,2666.318987656033,0.8097823501682225,3000.0,1500.0,1.901509644060898,5.163844628888196,13.593824228028504,3.0,40.78200967833468,3.000039502809523,4.0,2.0,4.410478243111753,20.240765048387537,7.002284991110744,4.61710475,6.857945031054624,0.9793867344389214,7.538857428571429,3.5539067500000003,1.491483013906736,2.0999600381145553,712.270783847981,750.0,160.67669498191688,0.22558372268742374,0.0,0.0,-4.0238664839896385,14.191501480975163,19.0873873087886,20.839497,9.324251783034843,0.4885033049411421,10.386021,4.840885999999998,-0.46362470181822585,-0.3753971958065061,842.0,5.565621583551001,36,baseline,0
3262.517321016166,2250.0,2645.7478876121036,0.8109529014816206,3000.0,1500.0,1.9288159090372445,5.2964146754221435,13.554272517321015,3.0,41.42114505572148,3.0559474883502133,4.0,2.0,4.483801474776995,20.95159900077195,7.201862460254724,4.5763498,7.090078318068417,0.9844784397364965,7.781789,3.5298424666666666,1.4968877696221718,2.072844672063825,713.3163972286375,750.0,158.55558800823346,0.2222794662007637,0.0,0.0,-4.090885743008896,14.735346162353473,19.542784318706698,21.682817,9.743663258558202,0.4985811182100289,10.399897,5.000056000000001,-0.4546113300597065,-0.5214871196368112,866.0,5.649040276239838,37,baseline,0
3213.1072210065645,2250.0,2600.8763830788394,0.8094583231069604,3000.0,1500.0,1.9794955777464254,5.595206997004253,13.247264770240701,3.0,41.52764124108253,3.1348087292987636,4.0,2.0,4.624947808565172,22.366777755448226,7.211606604356456,4.6112194,7.31630657600998,1.0145182588842652,8.5637145,3.6915816500000003,1.5182546253883733,2.1126047428581645,715.2428884026258,750.0,154.5528316360196,0.21608440173545415,0.0,0.0,-4.2217652688621845,15.823301985370964,19.4895996761488,22.660184,10.486471592321799,0.5380547454319983,17.180331000000002,5.177490000000002,-0.41059697710708426,-0.7724953885843377,914.0,5.744486597081899,38,baseline,0
3221.4343434343436,2250.0,2630.3650634277624,0.8165198427181206,3000.0,1500.0,2.006696194672375,5.719877071105159,12.793939393939393,3.0,41.0823017712568,3.2110752213440894,4.0,2.0,4.835384756153694,24.584126816217502,7.042661202562216,4.18333,7.51000844829576,1.0663594672939138,9.472324444444444,3.6226686666666663,1.5683215855975892,2.2582619714258767,717.9111111111112,750.0,148.79005674995327,0.20725414950002774,0.0,0.0,-4.421143701340975,17.54651162790701,18.953102163636363,21.684952,11.398316074402105,0.6013958019110478,19.53006025,6.778892000000003,-0.3041898124836255,-1.0694926351453389,990.0,5.841773742874179,39,baseline,0
3244.1482965931864,2250.0,2707.1966410585733,0.8344860942089213,3000.0,1500.0,2.06771003613896,6.137265879655844,12.977955911823647,3.0,42.02043489693933,3.237831533905609,4.0,2.0,4.856278660837004,24.807957434672556,7.393821642712747,4.8423395,7.713130731707737,1.0431859333947684,9.658164,3.7129468333333335,1.5769045822441643,2.2496907000879167,718.1683366733467,750.0,148.22012728270843,0.20638632993663322,0.0,0.0,-4.441614545985451,17.72793977510958,19.80006921242485,22.680867,11.479471488717852,0.5797692606808821,23.001788249999997,6.802246,-0.29227113343385314,-1.0938855542884511,998.0,5.8395708882634825,40,baseline,0
3250.6012024048096,2250.0,2713.7757455015144,0.8348534860240163,3000.0,1500.0,2.055342827664449,6.054356798786754,13.208416833667334,3.0,43.11183026869575,3.263966515563523,4.0,2.0,4.858440095591025,24.818131259178354,7.802576723808415,5.113397166666666,7.926294894257862,1.015856065865003,9.81265275,3.630834833333333,1.574312235168892,2.210562905980656,718.1683366733467,750.0,148.22012728270843,0.20638632993663322,0.0,0.0,-4.441614545985451,17.72793977510958,20.80006921242485,23.680867,11.479471488717852,0.5518958312821685,23.001788249999997,6.802246,-0.2922711334338531,-1.0938855542884516,998.0,5.8395708882634825,41,baseline,0
3257.0541082164327,2250.0,2720.6845808095186,0.8353206579977172,3000.0,1500.0,2.043218609752805,5.971106486023597,13.438877755511022,3.0,44.203412253499074,3.289219014985988,4.0,2.0,4.860433713287113,24.827343274021196,8.21133180385909,5.280063833333333,8.14615662361944,0.9920627759544414,9.985820666666667,3.6097924999999993,1.5668889803299528,2.162720622894507,718.1683366733467,750.0,148.22012728270843,0.20638632993663322,0.0,0.0,-4.441614545985451,17.72793977510958,21.80006921242485,24.680867,11.479471488717852,0.5265795891223675,23.001788249999997,6.802246,-0.2922711334338531,-1.0938855542884516,998.0,5.8395708882634825,42,baseline,0
3257.4501992031874,2250.0,2720.8788187504165,0.8352787156703047,3000.0,1500.0,2.0413301830662416,5.944805316295696,13.605577689243027,3.0,45.16710682134177,3.3197492861366866,4.0,2.0,4.878601568635293,25.01203704606346,8.569945133970988,5.41407175,8.372147000638053,0.9769195566318308,10.145248833333333,3.5875069166666664,1.5583479526664699,2.1204722940098595,718.3585657370518,750.0,147.79693899276847,0.2057425720832403,0.0,0.0,-4.456906455324725,17.864015151515158,22.667931962151393,25.6780605,11.571299331585921,0.5104700045379746,23.005731,6.807929999999999,-0.2910988974450575,-1.0991138209820561,1004.0,5.863387934584281,43,baseline,0
3261.1960784313724,2250.0,2712.495981886301,0.8317488175047129,3000.0,1500.0,2.0361866224850558,5.938605015086118,13.68235294117647,3.0,45.90810388490037,3.3552784438663212,4.0,2.0,4.923555301197718,25.490799140084512,8.838421759528105,5.6770375,8.606768075978382,0.9737901528290396,10.493424,3.7422934000000003,1.5498392126399185,2.0899029125303663,718.8549019607843,750.0,146.68586725530633,0.20405490295078837,0.0,0.0,-4.497432617508722,18.226900149031316,23.300302733333336,26.669311999999998,11.843796849061322,0.50831085692795,23.010586000000004,7.000168500000001,-0.29560250983697706,-1.0972358925217738,1020.0,5.90358065073733,44,baseline,0
3320.674373795761,2250.0,2906.292642662829,0.8752115731663069,3000.0,1500.0,2.639025920929813,12.069321893162059,13.8131021194605,3.0,46.60444939159369,3.3739307064077453,4.0,2.0,4.9666549005677965,25.979615212658675,9.08696625649655,6.0122562,8.8441393312383,0.9732774483360003,10.8286157,3.9753958153846156,1.5417436475076922,2.0615880509265088,719.3949903660887,750.0,145.46528912765476,0.20220503489137417,0.0,0.0,-4.542595588919453,18.635174684470478,23.890370373795765,27.483893,12.139422885598622,0.5081303762001861,23.255994499999996,7.198980000000002,-0.29647920678921913,-1.1033382450211597,1038.0,5.953513424076612,45,baseline,0
3288.526119402985,2250.0,3044.8044001443955,0.9258872484483001,3000.0,1500.0,3.6849462292981934,27.229109391419772,13.67910447761194,3.0,46.973809906249755,3.433982830025896,4.0,2.0,5.052500975113032,26.93823883503138,9.201165744522356,5.947111416666667,9.078534944366682,0.9866722539773095,10.834611854166665,4.2368292637254905,1.5431945086517862,2.0696832693049805,720.3656716417911,750.0,143.24032832057003,0.19884391213994118,0.0,0.0,-4.626709189051829,19.40643792005665,24.122226425373135,28.465222500000003,12.676964060894496,0.5255304314513913,21.51486575,7.7898339999999955,-0.2912443529122501,-1.1258315390982183,1072.0,5.999333613548752,46,baseline,0
3294.533582089552,2250.0,3051.9627533975536,0.9263717237515156,3000.0,1500.0,3.66359520040915,26.945370630060598,13.89365671641791,3.0,48.02846129214543,3.4568625288827652,4.0,2.0,5.054443639808416,26.948953483052406,9.609319049973704,6.2130085,9.30893898823717,0.9687407546596805,11.037295791666667,4.325448033333334,1.5325440008347726,2.0162067994190256,720.3656716417911,750.0,143.24032832057003,0.19884391213994118,0.0,0.0,-4.626709189051829,19.40643792005665,25.12222642537314,29.465222500000003,12.676964060894496,0.5046114881000722,21.51486575,7.7898339999999955,-0.29124435291225087,-1.1258315390982179,1072.0,5.999333613548752,47,baseline,0
3300.541044776119,2250.0,3059.391383936742,0.9269363242062834,3000.0,1500.0,3.642201029211457,26.657226239793413,14.10820895522388,3.0,49.08327001432995,3.479057488452903,4.0,2.0,5.056257500510643,26.958835382432863,10.017472354785479,6.538105,9.543891175022708,0.9527244834834473,11.245629125,4.317125833333333,1.5201515117007318,1.9595255187947522,720.3656716417911,750.0,143.24032832057003,0.19884391213994118,0.0,0.0,-4.626709189051829,19.40643792005665,26.12222642537314,30.465222500000003,12.676964060894496,0.4852941649943383,21.51486575,7.7898339999999955,-0.29124435291225087,-1.1258315390982179,1072.0,5.999333613548752,48,baseline,0
3294.8523985239854,2250.0,3052.0672741783533,0.9263138086384707,3000.0,1500.0,3.6448878934047193,26.67198193874443,14.197416974169741,3.0,49.87400872293608,3.51289314201837,4.0,2.0,5.089289867986736,27.320387280666264,10.310528334974313,6.9116961,9.789395780275465,0.9494562705452139,10.677685333333333,4.566334830769231,1.50888934133197,1.9179612415207048,720.6937269372694,750.0,142.47902129950285,0.19769704657343923,0.0,0.0,-4.656036010242119,19.678671328671342,26.82292689483395,31.4585005,12.920096355470962,0.48168107850897324,20.824396999999998,7.810645500000003,-0.3039973772706507,-1.1013126353816483,1084.0,6.031797077834386,49,baseline,0
3234.207746478873,2250.0,3012.873155979936,0.9315645104307517,3000.0,1500.0,3.6778450105639178,27.154069752786256,13.862676056338028,3.0,49.807857727774966,3.592946810944397,4.0,2.0,5.223934278164003,28.850891649354413,10.237648841981393,6.5200885,10.040622218341055,0.9807546999627108,11.854210034090908,4.544588833333334,1.5140076533425293,1.9489706943426297,722.0352112676056,750.0,139.3145651249046,0.19294705154382127,0.0,0.0,-4.7810537393418695,20.85847485847486,26.57060860915493,31.4849665,13.85577565290357,0.5214700143575014,22.292778000000002,9.597680999999998,-0.3157325143701671,-1.097500657813326,1136.0,6.1154122658088514,50,baseline,0
3162.4579124579122,2250.0,2979.820687961563,0.9422483303961504,2250.0,1500.0,3.7080975317013825,27.53997677714541,13.535353535353535,3.0,49.77112189858054,3.6771201999697563,3.0,2.0,5.355096314215628,30.379641042195104,10.20045141240378,6.23990005,10.259834700387444,1.0058216333358987,12.395605,4.9189961166666665,1.532875149861315,2.0091664143554917,723.2592592592592,750.0,136.3515588449626,0.18852376530182252,0.0,0.0,-4.902903378454599,22.03846153846153,26.38865301178451,30.682868499999998,14.63219240283223,0.5544880368201386,23.374653000000002,10.404872,-0.2886637197803369,-1.161785932523476,1188.0,6.190743353778893,51,baseline,0
3196.752,2250.0,2975.6109709597454,0.9308232139871173,2250.0,1500.0,3.5697898090127484,26.169044338135926,13.296,3.0,49.542906495279425,3.7261512105354564,3.0,2.0,5.5062916832367845,32.20239683777749,10.106085157504005,6.114576499999999,10.458531608121618,1.0348746765067494,12.8182817,4.775024999999999,1.5618113658682435,2.1045458175850147,724.5856,750.0,133.05376760032013,0.18362739695671584,0.0,0.0,-5.044360728033872,23.445575154530374,26.0589408304,30.885122,15.406556730492818,0.5912196059987113,24.008412999999997,11.401807000000002,-0.2368008917352439,-1.2503099422133341,1250.0,6.246666073673085,52,baseline,0
3270.8702531645567,2250.0,3312.1819697726874,1.0126301911756241,2250.0,1500.0,4.149644980297656,30.971936620568385,13.469936708860759,3.0,50.27332616852228,3.732261498708573,3.0,2.0,5.529393408976822,32.52339972917585,10.415955573941602,6.279175416666666,10.661486848624076,1.0235726115515256,12.70490925,4.650634416666666,1.5695120355748793,2.1116564581140045,724.867088607595,750.0,132.34159886542847,0.1825736068658392,0.0,0.0,-5.075759874249688,23.763338301043213,26.76843260759494,31.879043000000003,15.56496999297688,0.5814673657269224,24.014182,13.100000000000001,-0.22410127204777067,-1.2685712643088887,1264.0,6.252043034852202,53,baseline,0
3309.8615384615387,2250.0,3606.5598967049905,1.0896407160226287,2250.0,1500.0,5.070972639475883,43.21244232603554,13.44,3.0,50.58817374720027,3.764001022857163,3.0,2.0,5.604481108972541,33.48366149937846,10.541538961653835,6.358646833333333,10.865212190807128,1.0307045518050728,12.801295666666666,4.7128732499999995,1.5830922309757718,2.154858107044099,725.5630769230769,750.0,130.56146158829185,0.17994501889755588,0.0,0.0,-5.155626673120184,24.580486392588288,27.00772906461538,32.860889,15.99616570152187,0.5922810341903019,24.591452999999998,13.18599,-0.19821934653572545,-1.301257736507346,1300.0,6.289285315843049,54,baseline,0
3280.785498489426,2250.0,3589.857016807078,1.0942065607336895,2250.0,1125.0,5.078749739585016,43.41525377609791,13.404833836858007,3.0,51.1032292233767,3.812298596560218,3.0,1.5,5.662541261767777,34.19817522436173,10.773423968175663,6.4696785000000006,11.064805228147943,1.0270463003064774,13.763785,4.729358,1.5932562480793946,2.180673468102551,726.0060422960725,750.0,129.4137838714941,0.17825441708750667,0.0,0.0,-5.208193937528546,25.125284090909098,27.515978081570996,33.6846565,16.258462085707144,0.5908734931213059,24.810049,13.232790000000001,-0.17880004098650112,-1.3237253522178467,1324.0,6.324197323943241,55,baseline,0
3354.831625183016,2250.0,3631.188927108938,1.0823759081831255,2812.5,1500.0,4.810584755367873,39.927250149080436,13.387994143484626,3.0,51.26862310715045,3.8294476795913996,3.75,2.0,5.758200983290621,35.42084153795122,10.859120982211396,6.56233,11.262427637335868,1.0371398988725828,13.894074375000002,4.799305666666667,1.6085074006410751,2.2364618666114557,726.7437774524158,750.0,127.47604007096008,0.17540712975599806,0.0,0.0,-5.298937388773749,26.078737450144413,27.65803702489019,27.888113,16.715678335678252,0.6043696564812382,29.966410500000002,13.796929000000002,-0.14838316661944473,-1.3533765421342727,1366.0,6.358618633979248,56,baseline,0
3380.9502923976606,2250.0,3677.917007240516,1.0878352797764015,3000.0,1500.0,4.702497506338829,37.98522238539414,13.571637426900585,3.0,52.169756224946035,3.8440281436887953,4.0,2.0,5.763265571945329,35.48230796802513,11.265219140252489,6.880639,11.473077608066058,1.0184513470377914,14.444750625,4.787996166666667,1.6058068860497425,2.214301428924185,726.7777777777778,750.0,127.38592088416273,0.17527492554004961,0.0,0.0,-5.303219938802082,26.124141719307904,28.616564153508772,28.8872855,16.738583026147015,0.5849263711868303,29.964110749999996,13.7982965,-0.14724196864335068,-1.3542010946945149,1368.0,6.366660847145683,57,baseline,0
3423.939393939394,2250.0,3734.280829335713,1.090638705797668,3000.0,1500.0,4.688978512167733,36.84423860255875,13.670995670995671,3.0,52.77164980467034,3.860117512627881,4.0,2.0,5.803687148077788,36.0035151054202,11.536350652176024,7.112934333333333,11.687078481438121,1.0130654687783494,14.655010666666668,4.882736666666666,1.6059918405307811,2.2143915102259744,727.0793650793651,750.0,126.58334372078096,0.1740983856789329,0.0,0.0,-5.3416090165086,26.53278688524593,29.238514737373734,29.878467,16.952980176255355,0.5798167358544187,30.935980999999998,13.924014,-0.1387246360959754,-1.3586608227659203,1386.0,6.403500718566785,58,baseline,0
3445.901875901876,2250.0,3752.7429816702816,1.0890452243908129,3000.0,1500.0,4.61810330865689,35.989163207418414,13.86002886002886,3.0,53.70035272535414,3.87447625597818,4.0,2.0,5.805392409614831,36.0170060773069,11.954152895476224,7.4176254,11.908722634549054,0.9961996252411695,14.755410333333332,4.855947066666667,1.5978469426860056,2.178688147209038,727.0793650793651,750.0,126.58334372078096,0.1740983856789329,0.0,0.0,-5.3416090165086,26.53278688524593,30.238514737373734,30.878467,16.952980176255355,0.5606419602118246,30.935980999999998,13.924014,-0.1387246360959754,-1.3586608227659203,1386.0,6.403500718566785,59,baseline,0
3450.5483405483405,2250.0,3759.4897322756437,1.0895339990159965,3000.0,1500.0,4.5987848535807245,35.71387277280116,14.025974025974026,3.0,54.631674109169175,3.8950360244500244,4.0,2.0,5.807462832044269,36.032385829792496,12.372132432512597,7.827211,12.134342450755842,0.9807801942750087,14.541755000000002,4.8873105,1.5882068631012622,2.1397174069568132,727.0793650793651,750.0,126.58334372078096,0.1740983856789329,0.0,0.0,-5.341609016508599,26.53278688524593,31.23851473737374,31.878467,16.952980176255355,0.5426948214017621,30.935980999999998,13.924014,-0.1387246360959767,-1.35866082276592,693.0,6.403500718566785,60,baseline,0
3455.194805194805,2250.0,3766.4063999843593,1.0900706363420247,3000.0,1500.0,4.579425143424485,35.43598178334378,14.191919191919192,3.0,55.56312109053119,3.915123834848817,4.0,2.0,5.809428822458645,36.046909376163725,12.790111969314573,8.1361316,12.36388482812015,0.9666752611535375,14.669827333333334,4.8997919,1.5772729416107767,2.0978554522810233,727.0793650793651,750.0,126.58334372078096,0.1740983856789329,0.0,0.0,-5.341609016508599,26.53278688524593,32.23851473737374,32.878467,16.952980176255355,0.5258610799647653,30.935980999999998,13.924014,-0.1387246360959767,-1.35866082276592,693.0,6.403500718566785,61,baseline,0
3430.284090909091,2250.0,3752.6133589226965,1.093965764779611,3000.0,1500.0,4.584896939638203,35.54833428971705,14.166193181818182,3.0,56.07239075361703,3.9581834042461033,4.0,2.0,5.860806981291731,36.701886442091514,13.00984385097204,8.339315500000001,12.597030313054491,0.9682691396878906,13.020800825757576,5.098023916666666,1.5721023770201177,2.0883903224352194,727.4375,750.0,125.62268343635237,0.17269206417919392,0.0,0.0,-5.388159060803247,27.032258064516125,32.73288194176136,32.77966,17.29218677449541,0.5282818300344535,30.779978,14.904703000000001,-0.14333467657442103,-1.337657511873667,704.0,6.435186095143949,62,baseline,0
3366.9283746556475,2250.0,3724.1138591874605,1.1060864517405553,2250.0,1500.0,4.602269907938813,35.88755015267024,13.943526170798899,3.0,56.1694195960663,4.028351143608035,3.0,2.0,5.960205175865286,37.9956185437489,13.027141158337914,8.5374692,12.836235503785055,0.9853455449486189,13.119667583333333,5.447185533333333,1.5717384886572325,2.1075528439500983,728.1212121212121,750.0,123.76511418586358,0.16997872349481846,0.0,0.0,-5.480077554195742,28.031250000000004,32.718069972451794,32.480304000000004,17.969856294804863,0.5492333841799122,34.57337525,16.150366999999996,-0.15042446162613138,-1.3052445940879418,726.0,6.492009452122963,63,baseline,0
3375.495867768595,2250.0,3730.1769120830545,1.10507524174483,2250.0,1500.0,4.584687352248019,35.62839768080358,14.107438016528926,3.0,57.07932255320845,4.046044539506867,3.0,2.0,5.962025102164506,38.009696895304145,13.458023634227303,8.826564833333332,13.053318288129592,0.9699283225310708,13.234737145833336,5.552926972222221,1.5666700306062815,2.077339819360038,728.1212121212121,750.0,123.76511418586358,0.16997872349481846,0.0,0.0,-5.480077554195742,28.031250000000004,33.718069972451794,33.480304000000004,17.969856294804863,0.5329443918197727,34.57337525,16.150366999999996,-0.15042446162613138,-1.3052445940879418,726.0,6.492009452122963,64,baseline,0
3286.5703022339026,2250.0,3681.74898956908,1.120240448551054,2250.0,1500.0,4.622260093749599,36.31821613618176,13.69250985545335,3.0,56.702048197439275,4.141099681214135,3.0,2.0,6.115944258058625,40.06238574148997,13.263666977719625,8.891928,13.274835654200306,1.0008420504299032,13.600929,5.991633,1.5800291223436316,2.1467904979848305,729.1274638633378,750.0,120.97234529384762,0.16591385085519392,0.0,0.0,-5.623226747190057,29.620679050313683,33.14099741655716,30.677169,18.964624535682667,0.5722406087333988,35.192491,17.394613999999997,-0.14393411906075299,-1.294393200113565,761.0,6.549845322391898,65,baseline,0
3297.700394218134,2250.0,3687.7898960753055,1.1182913713268543,2250.0,1500.0,4.60371097341458,36.04658160959452,13.852825229960578,3.0,57.59092127616349,4.157341215249518,3.0,2.0,6.117684060817699,40.076425067273554,13.706628690139715,9.1361316,13.478605848577258,0.9833640462058704,13.603581666666667,6.061874600000001,1.5791633235288138,2.1273896179631553,729.1274638633378,750.0,120.97234529384762,0.16591385085519392,0.0,0.0,-5.623226747190057,29.620679050313683,34.14099741655716,31.677169,18.964624535682667,0.555479510580599,35.192491,17.394613999999997,-0.14393411906075299,-1.294393200113565,761.0,6.549845322391898,66,baseline,0
3301.9316688567674,2250.0,3695.4321806659036,1.119172821024906,2250.0,1500.0,4.584642338918292,35.747222841236315,14.003942181340342,3.0,58.48156361410772,4.176078625348219,3.0,2.0,6.1192744469191584,40.08868528636786,14.149863230017349,9.3377196,13.686801820332695,0.9672744957207557,13.8339845,6.153388399999999,1.5761678325567736,2.104283780726732,729.1274638633378,750.0,120.97234529384762,0.16591385085519392,0.0,0.0,-5.623226747190057,29.620679050313683,35.14099741655716,32.677169,18.964624535682667,0.53967234654379,35.192491,17.394613999999997,-0.14393411906075299,-1.294393200113565,761.0,6.549845322391898,67,baseline,0
3295.0,2250.0,3680.352663181696,1.1169507323768424,2250.0,1500.0,4.593109186381352,35.90669195685196,14.001295336787564,3.0,58.96192895148202,4.211176718525684,3.0,2.0,6.16816715269068,40.74571755455687,14.388410649124413,9.34272425,13.904732280116638,0.966384169815364,13.693591,6.06200425,1.5755187288920605,2.1054274928798513,729.4248704663213,750.0,120.1328746346661,0.16469533669432623,0.0,0.0,-5.6674723134958915,30.12024242424244,35.63474270595855,33.662234,19.294129978235365,0.5414415402811132,35.38965025,17.619918000000002,-0.1449841961415856,-1.2861242473551007,772.0,6.578564266321226,68,baseline,0
3252.7694235588974,2250.0,3644.4547741699093,1.1204159593281173,2250.0,1500.0,4.6200198973769515,36.41040803975861,13.770676691729323,3.0,58.900738831363014,4.277258129714049,3.0,2.0,6.2798485810587765,42.27818298000895,14.358183115480578,9.49423305,14.124476521760037,0.9837231081508798,14.407545852272728,6.3506547,1.582000276375516,2.146308827218294,730.0952380952381,750.0,118.21606721910872,0.1619186936864912,0.0,0.0,-5.770708603645763,31.301077788191215,35.4566464122807,34.07446899999999,20.03369506861144,0.565019456032723,36.3709605,18.584513499999993,-0.14029379674851078,-1.2813777382517209,798.0,6.641343198675495,69,baseline,0
3246.5693430656934,2250.0,3603.0131222436803,1.1097909028000004,2250.0,1500.0,4.661285403875906,37.137949425059375,13.621654501216545,3.0,58.916920914216306,4.325239706303992,3.0,2.0,6.381810523913154,43.700355105559034,14.374919498684337,9.2294525,14.337471444002155,0.9973949033463729,14.790043392045455,6.6557945,1.5889696833019193,2.1841063554033173,730.676399026764,750.0,116.52569823049143,0.15947647739231716,0.0,0.0,-5.8643956520375,32.391136363636356,35.40620186009732,35.056400499999995,20.64754316092782,0.5831617647810323,36.5427625,18.785549499999995,-0.12613192777130056,-1.2932940281327705,822.0,6.696178663268426,70,baseline,0
3261.4355231143554,2250.0,3608.8677457655153,1.1065273926738235,2250.0,1500.0,4.64230758263885,36.85839117485975,13.776155717761558,3.0,59.77254954931558,4.338841021682922,3.0,2.0,6.383307280404518,43.713137250570654,14.815872356212903,9.7686034,14.549042592766707,0.9819902765742778,15.070192691287875,6.717930816666668,1.5839458741223897,2.1582496200141676,730.676399026764,750.0,116.52569823049143,0.15947647739231716,0.0,0.0,-5.8643956520375,32.391136363636356,36.40620186009732,36.056400499999995,20.64754316092782,0.5671435663701675,36.5427625,18.785549499999995,-0.12613192777130056,-1.2932940281327705,822.0,6.696178663268426,71,baseline,0
3265.352798053528,2250.0,3616.961470211341,1.1076786166466932,2250.0,1500.0,4.623731789401575,36.54253655644897,13.916058394160585,3.0,60.63078008695579,4.356893192715941,3.0,2.0,6.38464248256542,43.72369810655772,15.257339519381462,10.0170485,14.764139877308445,0.967674597432501,15.204620624999999,6.6788935333333335,1.5776060812158028,2.129667258758781,730.676399026764,750.0,116.52569823049143,0.15947647739231716,0.0,0.0,-5.8643956520375,32.391136363636356,37.40620186009732,37.056400499999995,20.64754316092782,0.5519818140893202,36.5427625,18.785549499999995,-0.12613192777130056,-1.2932940281327705,822.0,6.696178663268426,72,baseline,0
3269.2700729927005,2250.0,3625.1973286410393,1.1088705575561464,2250.0,1500.0,4.605315426503236,36.22703448270339,14.055961070559611,3.0,61.489079063096085,4.374590876740954,3.0,2.0,6.38592094516869,43.733761172373164,15.698806682436636,10.2294525,14.983100344342263,0.954410143868127,15.453551875,6.700852950000001,1.5699684571597081,2.098318624414661,730.676399026764,750.0,116.52569823049143,0.15947647739231716,0.0,0.0,-5.8643956520375,32.391136363636356,38.40620186009732,38.056400499999995,20.64754316092782,0.5376096088892321,36.5427625,18.785549499999995,-0.12613192777130056,-1.2932940281327703,822.0,6.696178663268426,73,baseline,0
3285.190476190476,2250.0,3607.7842048105827,1.098196354506113,2250.0,1500.0,4.578899681131293,36.122301916713816,14.001190476190477,3.0,61.69113734690094,4.406135139137555,3.0,2.0,6.461270285766275,44.801015798847885,15.797464810992693,10.563298166666666,15.2193118428737,0.9634021676872682,15.925756637499997,7.227636041666667,1.5663647538905514,2.1026177420416854,731.0904761904762,750.0,115.30440624613288,0.15771564532881674,0.0,0.0,-5.93369303615749,33.208713047343835,38.57308256785714,39.0283395,21.186863027503644,0.549265488186796,37.01099325,19.143834500000004,-0.12863853004005174,-1.280024127833327,840.0,6.723505831230818,74,baseline,0
3289.0238095238096,2250.0,3616.1658858131523,1.09946479418667,2250.0,1500.0,4.561174958926034,35.809978952282854,14.138095238095238,3.0,62.540539052228446,4.423547726833268,3.0,2.0,6.46246835440777,44.81047234699441,16.236275629113297,10.838332666666666,15.443295476410329,0.9511599722241058,16.274882675,7.333902,1.5575833536381678,2.068287682540962,731.0904761904762,750.0,115.30440624613288,0.15771564532881674,0.0,0.0,-5.93369303615749,33.208713047343835,39.57308256785714,40.0283395,21.186863027503644,0.535385713032941,37.01099325,19.143834500000004,-0.12863853004005174,-1.280024127833327,840.0,6.723505831230818,75,baseline,0
3254.602991944764,2250.0,3608.8979647774977,1.1088596592916629,2250.0,1500.0,4.54413379844424,35.32101918508825,13.894131185270426,3.0,62.3610285571298,4.4882999682081985,3.0,2.0,6.580409215129917,46.51141434546983,16.12301428179145,11.1361316,15.69090948309608,0.973199502826009,16.419979750000003,7.7970056,1.5569619184274994,2.091991526845793,731.7215189873418,750.0,113.41499205576456,0.15499748075295644,0.0,0.0,-6.043672230190353,34.525974025973994,39.22926290218643,38.688958,22.050249033741927,0.5620867536747157,38.79164,19.991909,-0.13052722627724023,-1.2657463810146812,869.0,6.775486550431629,76,baseline,0
3264.6563192904655,2250.0,3565.0808997856707,1.092023340625484,2250.0,1500.0,4.565103504209945,35.82091435133089,13.680709534368072,3.0,62.05658711867796,4.536064957945504,3.0,2.0,6.713244194244885,48.46187614443764,15.960140712991343,11.071719333333334,15.922114908842099,0.997617451823699,17.37844960833333,8.110961794871796,1.5633968523322617,2.1331768201261614,732.390243902439,750.0,111.37387661666197,0.15206903361140073,0.0,0.0,-6.166441437328336,36.024999999999956,38.775734690687365,39.469975500000004,22.89243237244475,0.5903803642937228,40.013326250000006,20.804330499999995,-0.11290699639158501,-1.282714756429192,902.0,6.823227600824133,77,baseline,0
3318.3899233296825,2250.0,3581.560988773737,1.0793068540842203,2250.0,1500.0,4.446688419079126,34.50555158485995,13.761226725082146,3.0,62.49870051158214,4.541651828006566,3.0,2.0,6.756964404809651,49.11417420750587,16.19590440229391,11.2181186,16.14706411234602,0.9969844049004777,17.891534066666665,8.322475266666666,1.5609701550270387,2.125165660706932,732.6024096385543,750.0,110.71758708795626,0.15112916041674126,0.0,0.0,-6.206826190415256,36.52469135802474,39.303009670317635,40.082503,23.153271838188765,0.5890966628867241,41.969591,21.204881999999998,-0.10519321417757596,-1.2903038354758662,913.0,6.857337622015823,78,baseline,0
3346.738197424893,2250.0,3590.28973033771,1.0727728069976357,2250.0,1500.0,4.353330380206136,33.41619492226574,13.727467811158798,3.0,62.678815246560646,4.565941520227804,3.0,2.0,6.83133577157977,50.23322630013786,16.290243356660675,11.300142916666665,16.37221592760583,1.0050320040744902,17.8838335375,8.420537845238094,1.5625173359453843,2.1352919031440853,732.9570815450644,750.0,109.61079351506372,0.14954599153883,0.0,0.0,-6.275971015533148,37.38781218781214,39.49356781223176,40.679501,23.593001042238786,0.5973884444780821,45.38060300000001,22.793461,-0.09160062271644492,-1.3026682226740978,932.0,6.895395082769119,79,baseline,0
3419.978835978836,2250.0,3665.061524502428,1.07166204829845,2250.0,1500.0,4.120104275690601,30.16507745543423,13.814814814814815,3.0,63.05328721960902,4.564178967639259,3.0,2.0,6.879963219278057,50.98338975907134,16.48858637888902,11.548079666666666,16.5989535129456,1.0066935473739511,18.663539500000002,8.777507416666666,1.5609695312391665,2.130532523487476,733.1915343915344,750.0,108.87234567694958,0.14849100210533833,0.0,0.0,-6.322845939460759,37.978380774155404,39.94492875343916,41.673705,23.88624056625228,0.5979793007941148,45.602571,22.813191999999997,-0.08217040067007941,-1.3105115961623803,945.0,6.919071063010231,80,baseline,0
3447.7178423236514,2250.0,3716.0691735972378,1.0778344816908585,3000.0,1500.0,4.028594873897175,28.397730314369763,13.784232365145229,3.0,63.23978867543472,4.587835361462903,4.0,2.0,6.951547492286401,52.086863854548305,16.581137351935507,11.520080375,16.826088519748602,1.0147728809317476,19.307323661111113,8.66792148611111,1.562318502481181,2.138753939523112,733.5228215767635,750.0,107.81941111314603,0.14698848889442861,0.0,0.0,-6.390738328467035,38.84153638293763,40.14752054460581,42.385647500000005,24.30912582476711,0.6054950715513929,46.205890999999994,23.286191499999994,-0.0688442372650397,-1.3203297208872562,964.0,6.942215468213124,81,baseline,0
3434.5529290853033,2250.0,3710.919324204519,1.0804664830694044,3000.0,1500.0,4.034384907662103,28.410983640207295,13.795477903391573,3.0,63.74698106712529,4.620860655465463,4.0,2.0,6.986925001197728,52.62458520756609,16.847028906534167,11.321742,17.054592531035077,1.0123204884168273,18.81335342857143,8.253067000000001,1.558950025984874,2.1242334062993367,733.6752312435766,750.0,107.3311928899843,0.14629251243504343,0.0,0.0,-6.422647917402224,39.25040627091107,40.76766727440905,43.270845,24.5137210047661,0.6013030090675318,47.586802000000006,23.409906999999997,-0.06351063684629793,-1.3232569103213516,973.0,6.963028848037831,82,baseline,0
3460.7653575025174,2250.0,3695.3062711215193,1.067771400077889,3000.0,1500.0,4.005721927724637,28.270511615556927,13.756294058408862,3.0,63.894905397160734,4.644776065840454,4.0,2.0,7.063400967960811,53.81034750127248,16.922754841969567,11.281490499999999,17.28070114708893,1.0211517751372035,19.190501066666666,8.449627388888887,1.5614008334053748,2.135020866758662,734.0040281973817,750.0,106.26956538718068,0.14478062967605898,0.0,0.0,-6.492997820032485,40.1590206909466,40.93371577844915,43.861116,24.95308003897818,0.6095972370071402,47.205262000000005,23.79501,-0.05073937108303426,-1.3304599108741026,993.0,6.994994940698572,83,baseline,0
3426.839024390244,2250.0,3659.6669391891623,1.0679424720979844,3000.0,1500.0,4.036542635743556,28.723902878946703,13.533658536585365,3.0,63.68894753279113,4.705966783528757,4.0,2.0,7.183513282589243,55.697818937935345,16.807252646093676,11.426453,17.49282163821499,1.0407900688207157,19.5644295,8.597864000000001,1.5726538708249043,2.178676616927607,734.5034146341463,750.0,104.63455679719371,0.14245618837498777,0.0,0.0,-6.6040020660442575,41.612843288316846,40.63985514634147,39.686532,25.59623263857356,0.6298308039338033,49.813717000000004,25.009871,-0.026296326588369164,-1.3451738526055679,1025.0,7.039172095859382,84,baseline,0
3444.610266159696,2250.0,3643.0131237713995,1.0575980567557495,3000.0,1500.0,4.014432647378683,28.542911204503564,13.432509505703422,3.0,63.642972546376896,4.737980830711804,4.0,2.0,7.283227525483257,57.292121468315614,16.78889588276222,11.427928666666666,17.69827815981856,1.0541656987693895,20.045437,8.732132060606059,1.583032780478658,2.2147514518674996,734.9011406844106,750.0,103.31215259214937,0.1405796601376005,0.0,0.0,-6.696233347299262,42.83954104148272,40.585793911596966,39.6768745,26.086989877327817,0.642761601119591,51.3882055,25.008127,-0.003067988314398289,-1.3582163416010617,1052.0,7.068664137729543,85,baseline,0
3465.3225806451615,2250.0,3677.3990530499223,1.0611996336471732,3000.0,1500.0,3.94122326805049,27.47625546313057,13.548387096774194,3.0,64.34387155507862,4.749190519541517,4.0,2.0,7.290641909375335,57.41025646696127,17.17390460744046,11.760465666666665,17.923153163302665,1.0436271525310323,20.290137650000002,8.94012749431818,1.578286068769724,2.188676051946212,734.9297912713472,750.0,103.21617853302902,0.14044359033871312,0.0,0.0,-6.703014899173976,42.93040873854832,41.50854709203037,40.6749605,26.12237336132445,0.6293251677397289,51.3904115,25.0123855,-0.001360039425541433,-1.3590688018729857,1054.0,7.068789004639855,86,baseline,0
3437.0779220779223,2250.0,3653.999320572525,1.063112156143222,3000.0,1500.0,3.9667329537401774,27.780517128884313,13.41465677179963,3.0,64.39597793665668,4.800419349679545,4.0,2.0,7.378453000305503,58.82843326907357,17.20470939090951,11.8872795,18.13049256211478,1.0538098697380165,20.558042583333332,8.992856,1.5867485739329263,2.2170968721388116,735.265306122449,750.0,102.08495371956975,0.13884097735813583,0.0,0.0,-6.783865662978101,44.020833333333364,41.57430226252318,38.0852895,26.561590332412557,0.6388944344679065,51.79998475,27.2066595,0.016504066706044183,-1.365513737306796,1078.0,7.071593490544632,87,baseline,0
3421.9319227230912,2250.0,3652.4279763357968,1.0673584568068444,3000.0,1500.0,3.9687411137105832,27.7369743937712,13.423183072677093,3.0,64.88671988525036,4.83392944385355,4.0,2.0,7.411713433889143,59.3650840654772,17.48304886107594,11.875704,18.34385080178002,1.0492363744758824,20.982548916666666,8.938595958333334,1.5876933497320047,2.2121673032032936,735.3873045078196,750.0,101.67022807000583,0.13825398867614627,0.0,0.0,-6.8139377885394685,44.429748186086165,42.22911561269549,38.68864,26.719816714745825,0.6327344612140765,52.173455499999996,27.016242,0.023385691709718482,-1.3678220200945703,1087.0,7.090482095263675,88,baseline,0
3424.894204231831,2250.0,3660.4418777542683,1.068775167779312,3000.0,1500.0,3.960197775977807,27.551072774464416,13.528978840846365,3.0,65.63578267952988,4.851495700574526,4.0,2.0,7.412771975276658,59.37466446361721,17.904520478866594,12.281490499999999,18.567210806947305,1.0370124588850569,21.053294229166667,9.159455333333332,1.5827149143650616,2.184057924362685,735.3873045078196,750.0,101.67022807000583,0.13825398867614627,0.0,0.0,-6.8139377885394685,44.429748186086165,43.22911561269549,39.68864,26.719816714745825,0.6180976949456438,52.173455499999996,27.016242,0.023385691709718482,-1.3678220200945703,1087.0,7.090482095263675,89,baseline,0
3427.8564857405704,2250.0,3668.558759544127,1.0702194723743093,3000.0,1500.0,3.951894024068709,27.367261366091068,13.63477460901564,3.0,66.38488598284039,4.86879232597986,4.0,2.0,7.413793834346533,59.383878949702776,18.325992096612218,12.575520833333334,18.793093140905466,1.0254884451456026,21.464100700000003,9.239032333333334,1.5771768626254017,2.1549219497796743,735.3873045078196,750.0,101.67022807000583,0.13825398867614627,0.0,0.0,-6.8139377885394685,44.429748186086165,44.22911561269549,40.68864,26.719816714745825,0.6041227898094392,52.173455499999996,27.016242,0.023385691709718482,-1.36782202009457,1087.0,7.090482095263675,90,baseline,0
3430.81876724931,2250.0,3676.7779396847814,1.071691100323749,3000.0,1500.0,3.9438338451639323,27.185639130991433,13.740570377184913,3.0,67.13402843914312,4.8858254494743285,4.0,2.0,7.414780644573103,59.39274464044,18.747463714314314,13.0446845,19.021407944666066,1.014612335541825,22.2378532,9.323719833333335,1.5711430045724017,2.124886994624182,735.3873045078196,750.0,101.67022807000583,0.13825398867614627,0.0,0.0,-6.8139377885394685,44.429748186086165,45.22911561269549,41.68864,26.719816714745825,0.5907658452478289,52.173455499999996,27.016242,0.023385691709718482,-1.36782202009457,1087.0,7.090482095263675,91,baseline,0
3440.0820419325432,2250.0,3707.951628651038,1.0778672088204073,2250.0,1500.0,3.920030321549481,26.439110924979243,13.77028258887876,3.0,67.58154607800778,4.907782076497718,3.0,2.0,7.450324815067284,59.97740783658253,18.996077369828004,12.908854166666666,19.248673674872734,1.01329728765192,22.608987333333335,9.077413833333333,1.5694556246546623,2.115678117487101,735.5205104831358,750.0,101.21529437049993,0.137610430882499,0.0,0.0,-6.847196614667599,44.88410147991545,45.81374585870555,42.679103,26.94799948238034,0.5882077306119178,55.76014300000001,27.399397999999998,0.02476402964721516,-1.3621681958148393,1097.0,7.114110468501598,92,baseline,0
3448.4867821330904,2250.0,3746.3694352477523,1.0863806857715153,2250.0,1500.0,3.9473714602200465,26.30164713323677,13.882406563354603,3.0,68.32929965195586,4.922006810571645,3.0,2.0,7.4503473587028815,59.97570079931402,19.416463452357355,13.094886,19.480581653355134,1.0033022595054504,22.791544333333334,9.152553333333334,1.5628864023012397,2.084727492728673,735.5205104831358,750.0,101.21529437049993,0.137610430882499,0.0,0.0,-6.847196614667599,44.88410147991545,46.81374585870555,43.679103,26.94799948238034,0.5756428798437853,55.76014300000001,27.399397999999998,0.02476402964721516,-1.3621681958148393,1097.0,7.114110468501598,93,baseline,0
3485.723327305606,2250.0,3767.8000775460973,1.0809234479486158,3000.0,1500.0,3.863010633466692,25.393108458643212,13.956600361663654,3.0,68.79523773428099,4.9292260257913165,4.0,2.0,7.482553597242208,60.5078639149324,19.676193797200785,13.424242666666666,19.714237709327847,1.0019334995639488,22.69849025,9.370923777777778,1.5596927149248876,2.0711344735160973,735.6383363471971,750.0,100.8110300237402,0.13703884781795916,0.0,0.0,-6.876992255025398,45.293022475679315,47.43022334177215,44.575195,27.17009191460939,0.5728434318942051,55.60323225,27.306138500000003,0.023840610793267266,-1.3541355819378504,1106.0,7.132532877215691,94,baseline,0
3493.613369467028,2250.0,3778.014580477427,1.0814060346505332,3000.0,1500.0,3.8457210109226083,25.13810963102081,14.058717253839205,3.0,69.50669632579957,4.944028325686572,4.0,2.0,7.486940151729233,60.57445143323658,20.07619699825757,13.759053,19.950839987075163,0.9937559383785044,22.78481741666667,9.517668,1.55285494148851,2.040892130907875,735.6513098464318,750.0,100.76640998742158,0.13697577729924346,0.0,0.0,-6.8802949294254585,45.33845831587767,48.38727877958446,45.47836,27.19534443866686,0.5620350043355012,55.60355,27.209861000000004,0.023664700399309246,-1.3531517229804506,1107.0,7.137430754225969,95,baseline,0
3514.4620811287477,2250.0,3760.5187948721714,1.0700126244254133,3000.0,1500.0,3.819063374124064,25.015183201957683,13.96031746031746,3.0,69.42169287167421,4.972787550785077,4.0,2.0,7.582776809142625,62.17004590325685,20.007925844232048,13.659466916666666,20.18902287289112,1.009051264487332,23.388074500000002,9.483307083333335,1.5563009400671215,2.0607875524991996,735.9929453262787,750.0,99.58361257653885,0.13530511835598055,0.0,0.0,-6.968876431543068,46.565238718116426,48.221557045855384,46.2702795,27.887178668641834,0.5783135256732387,56.8133665,27.782897,0.018042273389316004,-1.3272690244524261,1134.0,7.1671445749563025,96,baseline,0
3517.1204188481674,2250.0,3752.7522299820735,1.0669956620965153,3000.0,1500.0,3.8218899392234973,25.052905011579917,13.963350785340314,3.0,69.7941654647852,4.998382303627286,4.0,2.0,7.6256316313139525,62.884900317017355,20.20833303785624,13.678926166666667,20.42619744341933,1.0107809191958073,23.622583187500002,9.4591305,1.5542767337328691,2.0524193049236583,736.1396160558464,750.0,99.07112073959561,0.13458197137984174,0.0,0.0,-7.007887131271862,47.11048204464574,48.71123592757417,46.784972499999995,28.180882982687468,0.5785294182350031,57.403651499999995,27.616003999999997,0.01747107729834319,-1.319746770431624,1146.0,7.196939333213542,97,baseline,0
3505.391156462585,2250.0,3726.755717823474,1.0631497460569495,3000.0,1500.0,3.835227553702386,25.277363965316844,13.805272108843537,3.0,69.63843946497103,5.044336606763531,4.0,2.0,7.730226561154133,64.6567043137841,20.0984213677198,13.672164291666668,20.6542909899401,1.0276573772661113,24.163982833333336,9.779752458333334,1.5613608289233754,2.0822692791506547,736.4931972789116,750.0,97.82370798982957,0.1328236409395965,0.0,0.0,-7.104478135607768,48.47360957932886,48.45482057568027,47.2861255,28.882621436709133,0.5960732305591381,56.01087375,27.801318999999996,0.019900074847346252,-1.3082071340824848,1176.0,7.223004057760926,98,baseline,0
3521.9100169779285,2250.0,3740.6121316219783,1.0620975872721794,3000.0,1500.0,3.804614112646718,24.881636848055425,13.905772495755517,3.0,70.2990371102674,5.0553852460713635,4.0,2.0,7.737739054447049,64.78081212523983,20.474620963545863,13.91141275,20.890350722433684,1.0203046376110214,24.308264604166666,9.780025,1.5562164728912864,2.0565964677495385,736.516129032258,750.0,97.74221228535275,0.1327088551526776,0.0,0.0,-7.1108709513900665,48.56448568732309,49.372335757215616,48.283786,28.92732471241289,0.5859014824548836,56.014953250000005,27.8002405,0.02028551822854307,-1.3078041158403524,1178.0,7.22230137959193,99,baseline,0
3541.973018549747,2250.0,3834.304264557154,1.0825334480179358,3000.0,1500.0,3.8970509209182422,25.05877321767343,13.963743676222597,3.0,70.78983121314504,5.069545306369785,4.0,2.0,7.763121823968954,65.22638043765961,20.74623361820334,13.9377375,21.12499930743505,1.0182570820420807,24.454183918749997,9.896911625000001,1.553828514257375,2.0431886508520885,736.6070826306914,750.0,97.41825344862059,0.13225267004045715,0.0,0.0,-7.1363850269400055,48.92799125273355,50.03716449072513,49.275951500000005,29.11507675999091,0.5818690378705945,56.407407250000006,28.586253000000006,0.02076858689967423,-1.3047705510210599,1186.0,7.238675107941462,100,baseline,0
3552.2765598650926,2250.0,3908.983346572924,1.100416389517087,3000.0,1500.0,4.132564560738653,28.21765327777061,14.070826306913997,3.0,71.51279116819795,5.082344818161719,4.0,2.0,7.762032968986044,65.21100397681322,21.156579361037146,14.279175416666668,21.364043999078948,1.0098061522376287,24.533644916666667,10.1442382,1.5476653861526575,2.0136068635876,736.6070826306914,750.0,97.41825344862059,0.13225267004045715,0.0,0.0,-7.1363850269400055,48.92799125273355,51.03716449072513,50.275951500000005,29.11507675999091,0.5704681490540472,56.407407250000006,28.586253000000006,0.02076858689967423,-1.3047705510210599,1186.0,7.238675107941462,101,baseline,0
3536.8976897689768,2250.0,3884.8339430547317,1.0983732874977454,3000.0,1500.0,4.151591616790937,28.492460145962763,13.941419141914192,3.0,71.46881223819598,5.1263656526420975,4.0,2.0,7.85133937854,66.74769150254578,21.108007693971555,14.2967856,21.59541537676549,1.0230911268301812,23.8703409375,10.2480461,1.5531334376724084,2.035394430472458,736.8943894389439,750.0,96.38720764139006,0.13080192904545968,0.0,0.0,-7.218683847202829,50.10939648586706,50.93052479207921,50.6634945,29.755122960609476,0.5842296556354557,57.18684024999999,28.9739725,0.018870192819563134,-1.2909883749194444,1212.0,7.27346318368834,102,baseline,0
3549.4554455445545,2250.0,3890.1522279887445,1.0959856484103354,3000.0,1500.0,4.147032159678531,28.38028101357399,14.049504950495049,3.0,72.17710061293845,5.137341199370531,4.0,2.0,7.852329005550309,66.75809349332799,21.516645315984285,14.5405633,21.834482426658585,1.0147716851770654,23.940832083333337,10.322216999999998,1.5474146747868824,2.0070312495224734,736.8943894389439,750.0,96.38720764139006,0.13080192904545968,0.0,0.0,-7.218683847202829,50.10939648586706,51.93052479207921,51.6634945,29.755122960609476,0.5729794389666543,57.18684024999999,28.9739725,0.01887019281956302,-1.2909883749194444,1212.0,7.27346318368834,103,baseline,0
3552.112211221122,2250.0,3898.371030786996,1.0974796962978937,3000.0,1500.0,4.140542601206936,28.22178372681774,14.144389438943895,3.0,72.88739524782974,5.153095901555717,4.0,2.0,7.853182679930933,66.76630564508453,21.925403633515636,14.758434216666668,22.075089016976257,1.006827029776173,24.204276875,10.384404425000001,1.5415449284323093,1.978559680273464,736.8943894389439,750.0,96.38720764139006,0.13080192904545968,0.0,0.0,-7.218683847202829,50.10939648586706,52.93052479207921,52.6634945,29.755122960609476,0.5621543160112816,57.18684024999999,28.9739725,0.01887019281956302,-1.2909883749194444,1212.0,7.27346318368834,104,baseline,0
3561.8923327895595,2250.0,3892.1516807787916,1.0927201939679585,3000.0,1500.0,4.12995710861161,28.143921096963144,14.140293637846655,3.0,73.18278012125484,5.1754781050218295,4.0,2.0,7.901175257157146,67.59795554012494,22.08087446907248,14.840245750000001,22.314309159227307,1.0105718045941425,24.406202999999998,10.562701916666668,1.541438536684974,1.976438739775987,737.0440456769984,750.0,95.84540817789588,0.13004027200282015,0.0,0.0,-7.2626128323436,50.745545152521935,53.321519562805875,53.48991049999999,30.122507715030427,0.5649221545449393,57.79346150000001,28.830659999999995,0.015266401776000551,-1.2804432769595755,1226.0,7.303137012187295,105,baseline,0
3559.652665589661,2250.0,3897.0710129952868,1.094789682900068,3000.0,750.0,4.108199712658244,27.835054142947374,14.135702746365105,3.0,73.5383100072515,5.202310159370135,4.0,1.0,7.941900480108881,68.30773131651233,22.271865797934495,15.0434485,22.553402000539712,1.0126408898634496,24.923368888888888,10.670844416666666,1.5407894345270259,1.971183523487606,737.1696284329564,750.0,95.38820596309112,0.12939790556193054,0.0,0.0,-7.300056121564441,51.290819377990424,53.8006597197092,54.463153,30.43497542454015,0.5656989260559322,57.40575275,29.184794499999995,0.0126550291619733,-1.2726718650062192,1238.0,7.330484763711898,106,baseline,0
3568.3267561168113,2250.0,3880.9913025804103,1.0876221735937244,3000.0,1500.0,4.084756462099225,27.731259590396885,14.019731649565903,3.0,73.40133328130608,5.235573341632315,4.0,2.0,8.038874547555901,70.01947616156075,22.16430510824535,14.896864333333333,22.782410789638035,1.0278874378589358,25.517368949999998,10.687370833333333,1.5484687451049781,2.0003125223709333,737.4632991318074,750.0,94.309751129862,0.12788399265548528,0.0,0.0,-7.389761821171227,52.60857977363994,53.55988486740332,53.289318,31.15780931674622,0.5817377948791846,59.199789499999994,28.404973000000002,0.010506846730213662,-1.2615638089750987,1267.0,7.348538831997287,107,baseline,0
3570.8681925808996,2250.0,3889.257688935726,1.0891630492036464,3000.0,1500.0,4.079793418122529,27.58923708427895,14.11049723756906,3.0,74.09637983495688,5.2511529953512905,4.0,2.0,8.0396740459638,70.0273000506309,22.57113200381804,15.229202,23.020710427658607,1.0199182931438493,25.749707666666666,10.894091125000001,1.5438754511748558,1.9752151983444248,737.4632991318074,750.0,94.309751129862,0.12788399265548528,0.0,0.0,-7.389761821171227,52.60857977363994,54.55988486740332,54.289318,31.15780931674622,0.5710754227665422,59.199789499999994,28.404973000000002,0.010506846730213662,-1.2615638089750987,1267.0,7.348538831997287,108,baseline,0
3567.172034564022,2250.0,3889.464349953052,1.0903495296179122,3000.0,1500.0,4.085992632545906,27.587022650550363,14.148468185388845,3.0,74.61893209575918,5.273993701510268,4.0,2.0,8.060295068489765,70.38803884063134,22.871049507856114,15.560996000000001,23.257649536963292,1.0169034669342298,25.900694666666663,11.101274375000001,1.5418287438266813,1.9616065341043472,737.5223880597015,750.0,94.09115272523151,0.1275773512079676,0.0,0.0,-7.40818616767231,52.88122229489137,55.302192003927736,55.283107,31.30904090346483,0.5661446638722958,59.21970800000001,28.596385,0.009900186380249193,-1.2591978392559455,1273.0,7.3558313369975314,109,baseline,0
3585.278431372549,2250.0,3910.982041676886,1.0908447186289094,3000.0,1500.0,4.039674386233411,26.967389993053278,14.24470588235294,3.0,75.25313960886898,5.282884759459749,4.0,2.0,8.067207204236365,70.50893306477826,23.203394145393418,15.413982166666665,23.508983244830887,1.0131700171760492,26.000010333333332,10.852246166666665,1.5395142295712827,1.9414012159019833,737.5419607843137,750.0,94.01862354143412,0.12747562652768019,0.0,0.0,-7.414317454471366,52.97210331567875,56.21493893176471,56.282067,31.36182588783638,0.5578913093884929,59.588452,28.596791999999997,0.009429456171303325,-1.2580195023646261,1275.0,7.357074274477635,110,baseline,0
3592.7847113884554,2250.0,3909.728830862046,1.0882168415126396,3000.0,1500.0,4.039868994879853,26.948881757435426,14.289391575663027,3.0,75.74100728055569,5.3005061047913316,4.0,2.0,8.091052901428093,70.92937825098603,23.480602891654318,15.378962600000001,23.749710979113708,1.011460867878952,26.34381877777778,10.652648912500002,1.5373947911653152,1.9290312210402956,737.609984399376,750.0,93.76608543107066,0.1271214970163709,0.0,0.0,-7.4357371921140105,53.290187590187536,56.90407061622465,57.276261500000004,31.55623190672178,0.554551397905168,59.595330249999996,28.596951000000004,0.006693739111454653,-1.2522948105927632,1282.0,7.371262654675023,111,baseline,0
3611.0920436817473,2250.0,3923.672432772987,1.0865611801942725,3000.0,1500.0,4.010474870538548,26.59371012825477,14.40015600624025,3.0,76.42998549838273,5.307580380744633,4.0,2.0,8.091642772942444,70.93583464806615,23.883252181303966,15.694122,23.995048893681716,1.0046809668770849,26.567186000000003,10.72619975,1.532030420723222,1.9031868870190847,737.609984399376,750.0,93.76608543107066,0.1271214970163709,0.0,0.0,-7.4357371921140105,53.290187590187536,57.90407061622465,58.276261500000004,31.55623190672178,0.5449743268632959,59.595330249999996,28.596951000000004,0.006693739111454653,-1.2522948105927632,1282.0,7.371262654675023,112,baseline,0
3603.6300309597523,2250.0,3919.86461539949,1.0877544536267267,3000.0,1500.0,4.020421194424431,26.65397829370717,14.40170278637771,3.0,76.82868903216317,5.334694804619487,4.0,2.0,8.125174806504319,71.53119034818107,24.10090274969359,15.865679333333333,24.238495446805295,1.0057090266925148,26.704347201388888,10.804065291666667,1.5308210717604958,1.8959341763641628,737.7058823529412,750.0,93.40881977873795,0.12662067907172833,0.0,0.0,-7.4662303448205005,53.74459556191842,58.45268107275542,59.268738,31.846660223573313,0.5448280496139112,60.781243,29.185363000000002,0.0014523159247556842,-1.2422946667571757,1292.0,7.387356284708846,113,baseline,0
3639.672006102212,2250.0,3963.7254085503914,1.0890336826793394,3000.0,1500.0,3.912685792766236,25.216839174717105,14.395118230358506,3.0,76.96239846238977,5.346423504885173,4.0,2.0,8.186238838133905,72.63957777050162,24.151857971971268,15.613984833333333,24.479083095279616,1.0135486521860182,26.93549456666667,10.829448666666668,1.533518833747569,1.9055680139967146,737.8840579710145,750.0,92.74111328681472,0.12568521068449182,0.0,0.0,-7.523827256462667,54.607976585090604,58.598760451563685,59.879801,32.38975061198268,0.5527378115575544,61.599925500000005,29.193001,-0.006775040584355976,-1.227229145708473,1311.0,7.401887049743258,114,baseline,0
3634.1238670694866,2250.0,3957.421828089905,1.0889617340647009,3000.0,1500.0,3.9227674693384658,25.286316222878032,14.377643504531722,3.0,77.27142092082728,5.37441486127208,4.0,2.0,8.229075015491508,73.41154112905278,24.31745793461975,15.838829,24.71644576528577,1.0164074646181662,26.99293425,11.056123125000001,1.5347187429425682,1.9064470367625912,738.0030211480363,750.0,92.29242238419879,0.12505697096013083,0.0,0.0,-7.562983225105782,55.19871526323143,59.022199913141996,60.2791365,32.74627673500373,0.5548128802923928,61.71772374999999,28.603298,-0.010281487216105766,-1.2209032961187072,1324.0,7.418617673360735,115,baseline,0
3622.1305326331585,2250.0,3956.3462981611247,1.0922704917773913,3000.0,1500.0,3.932135366528813,25.321453285050506,14.380345086271568,3.0,77.69480835031446,5.402847281077217,4.0,2.0,8.258781726340972,73.94714813772708,24.553939729129468,16.229633333333332,24.956751006873336,1.0164051586909286,27.126459666666662,11.214862666666669,1.5340528454302174,1.899791007995339,738.0840210052513,750.0,91.98557647156026,0.12462751374332463,0.0,0.0,-7.589973002195179,55.607690174051754,59.61751057464366,60.684032,33.00259952058818,0.5535722508786662,61.410421,28.021043,-0.013634997615178975,-1.2152868373629842,1333.0,7.433672128782805,116,baseline,0
3619.7253155159615,2250.0,3943.9681138196447,1.089576630832681,3000.0,750.0,3.9552508592049844,25.542812809821495,14.360059391239792,3.0,77.97138593036195,5.429739794664609,4.0,1.0,8.30460265349822,74.78007921715094,24.699165423658023,16.219292,25.193923244997308,1.0200313578557347,27.58444975,11.297404499999999,1.5357765602975841,1.9030290300919983,738.2078693392724,750.0,91.51428299192217,0.1239681758931009,0.0,0.0,-7.631767586926211,56.2438765008576,59.9928313830735,61.668477,33.3917157245266,0.5565950956925131,61.509596,28.381755000000005,-0.017508485612332817,-1.2090435913333262,1347.0,7.460180855959151,117,baseline,0
3628.7973273942093,2250.0,3952.720061043131,1.0892644874938568,3000.0,1500.0,3.9477846509028196,25.41076323662408,14.4543429844098,3.0,78.64489812794105,5.44091822179438,4.0,2.0,8.305276221899232,74.78721606031023,25.100627911185665,16.685632,25.43687402199016,1.0133959242770438,27.914586083333333,11.526697124999998,1.5317036307365581,1.8811443311548297,738.2078693392724,750.0,91.51428299192217,0.1239681758931009,0.0,0.0,-7.631767586926211,56.2438765008576,60.9928313830735,62.668477,33.3917157245266,0.547469513504063,61.509596,28.381755000000005,-0.017508485612332817,-1.2090435913333262,1347.0,7.460180855959151,118,baseline,0
3648.7932303164093,2250.0,3952.5575983139693,1.0832506389985872,3000.0,1500.0,3.928192154136722,25.248748363587232,14.4775570272259,3.0,78.9716609107172,5.454764278407354,4.0,2.0,8.344203060737419,75.50054102591933,25.277610389797566,16.56231,25.677865159742186,1.015834359489383,28.278722833333333,11.464309,1.5322468224742236,1.8803521926454545,738.3119941133186,750.0,91.11602915281625,0.12341128124600324,0.0,0.0,-7.667410385662572,56.78918202216634,61.44956440691685,63.453989,33.73856230257492,0.549044775633548,58.70762700000001,28.178393,-0.02206081082427167,-1.2020641922980362,1359.0,7.479724431498991,119,baseline,0
