CB_mean,CB_median,CB_std,CB_CV,CB_IQR,CB_MAD,CB_skew,CB_kurt,CP_mean,CP_median,CP_std,CP_CV,CP_IQR,CP_MAD,CP_skew,CP_kurt,APIT_mean,APIT_median,APIT_std,APIT_CV,APIT_IQR,APIT_MAD,APIT_skew,APIT_kurt,APS_mean,APS_median,APS_std,APS_CV,APS_IQR,APS_MAD,APS_skew,APS_kurt,Time_mean,Time_median,Time_std,Time_CV,Time_IQR,Time_MAD,Time_skew,Time_kurt,TNFE,PSE,t,source,label
1217.0536912751677,750.0,1129.9235246749627,0.9284089377281997,750.0,722.0,1.196100677064965,1.0623553411903917,1.8456375838926173,1.0,1.317027526758062,0.71358945995255,1.0,0.0,1.6517538959968476,2.1977082814279623,0.5744093381991051,0.559962,0.3076097231945603,0.5355235417289383,0.577114125,0.2859610833333333,0.08189547857190341,-1.4302925704089138,585.248322147651,750.0,302.99768324895126,0.517724992592988,0.0,0.0,-1.2953783675395827,-0.32199488491048545,0.7537837617449664,0.7724975000000001,0.1886255928963608,0.2502383342136521,0.31258675,0.17041800000000007,-0.36297464459647505,-0.6725473715399519,298.0,3.5507115414596,2,attack,0
1521.6791208791208,750.0,1369.640855429176,0.9000851997219312,1500.0,694.0,1.4860263090904486,2.2735264296661306,2.320879120879121,2.0,1.6395869543859618,0.7064508184144058,2.0,1.0,1.7699229580779114,3.3676508407229413,0.7829637881493109,0.6686,0.5290766289158806,0.6757357580565219,0.6559545,0.330975,0.5941187988683737,-0.8396886312103691,642.0967032967033,750.0,257.41611989217097,0.40089930157019177,0.0,0.0,-1.9664402012020288,1.8668870649034792,1.3291646175824177,1.570754,0.6165305439870128,0.4638481462953805,1.166165,0.32501099999999994,-0.5803714201966642,-1.3113282592098492,455.0,4.166178036674282,3,attack,0
1559.9149606299213,750.0,1363.5559991606674,0.8741220089395382,1500.0,666.0,1.7953714939798493,4.032305227209442,2.393700787401575,2.0,1.7048216953200783,0.7122116950843748,2.0,1.0,1.8190569807944799,4.415174309267018,1.0125629399387008,0.8479736666666667,0.7681169349808612,0.7585868538970644,0.9486779999999999,0.4703844666666668,1.0566399299779852,0.1256617205535,672.6834645669292,750.0,223.25924825481218,0.33189346849568474,0.0,0.0,-2.54129194453932,4.458164747380437,1.8109958850393701,1.843502,0.9805365610390826,0.5414350022213144,1.9171845,0.9527,-0.2653201787817346,-1.4911669722205132,635.0,4.503079857896653,4,attack,0
1597.8699186991869,750.0,1445.082154392391,0.9043803487888556,1500.0,638.0,2.189471686037614,6.936188398893879,2.4905149051490514,2.0,1.8936613724236107,0.7603493432255847,3.0,1.0,1.9620184645329801,6.040764991279632,1.3803146554598444,0.99985625,1.014018982166829,0.7346288602789732,1.130155125,0.4437829285714286,1.1058350060495539,0.2601244460853085,683.4742547425474,750.0,208.82028946877094,0.3055276596298859,0.0,0.0,-2.8203605644995124,5.95443371378402,2.4877309295392953,2.485913,1.2160916581531076,0.4888356870565244,2.288915,1.1167715,-0.295887942844925,-1.2518067512958144,738.0,4.654874687914619,5,attack,0
1708.2741738066095,750.0,1659.9157440478427,0.9716916461653179,1500.0,610.0,2.6232556174922403,9.928462326906024,2.6842105263157894,2.0,2.247404681828327,0.8372684108772199,3.0,1.0,2.2190129070290165,7.641850745936354,1.7606947301003357,1.2913810000000001,1.2718509999945267,0.7223574752916131,1.537864,0.6364670000000001,1.0465845614904472,0.13264165702217845,689.9069767441861,750.0,199.4391921029412,0.2890812802678646,0.0,0.0,-3.0175310436363154,7.105493599308879,3.2054201750305995,3.364038,1.4436969063495744,0.4503924064606577,2.3060080000000003,1.2076859999999998,-0.37668046926941845,-1.0668689022633369,817.0,4.815068744343725,6,attack,0
1815.3226544622426,750.0,1854.7676530832227,1.0217289188365608,1500.0,582.0,2.9774033553023767,13.382656278361704,2.876430205949657,2.0,2.5731082589750627,0.8945491719746239,3.0,1.0,2.419715931280387,9.539782600335094,2.164039281012542,1.6756975,1.5582601334621544,0.7200701702295594,1.9313179166666665,0.8763652857142858,0.9472609536184319,-0.15885642004135114,693.8260869565217,750.0,193.3961134841521,0.27873860196362316,0.0,0.0,-3.1523496668561655,7.937308422128163,3.975555897025172,4.309029499999999,1.6450316092927768,0.41378656266000957,2.85316325,1.3561765000000006,-0.45861897538771085,-0.9229308284271482,874.0,4.80643739956541,7,attack,0
1871.6185671039354,1500.0,2004.4377053050066,1.070964853916036,1500.0,750.0,3.3890643316112814,17.833881738134842,2.9646821392532794,2.0,2.8436847152438096,0.9591870499682149,3.0,1.0,2.6825729875076676,11.989824388453371,2.3703103940972223,1.70273225,1.8618851967541235,0.7855026925548533,2.367208202380952,1.01812125,0.9498865077754959,-0.12676168658406484,700.4581231079718,750.0,182.52352601804384,0.2605773564423477,0.0,0.0,-3.412799762340574,9.647202217831875,4.445217428859738,4.5784,2.1193596839754028,0.476773007820913,3.7079545000000005,1.9229260000000004,-0.5525685746192428,-0.8613356266638723,991.0,4.97008316025498,8,attack,0
1925.3384030418251,1500.0,2132.3261712722347,1.1075072142660176,1500.0,750.0,3.6429579873330273,20.554877984050105,3.0722433460076046,2.0,3.0899858961039164,1.0057751122219432,3.0,1.0,2.7925881932968584,12.824400081982018,2.758865539007017,1.948289,2.124064461724722,0.7699050322290172,2.8482848125,1.1171342499999999,0.9590616329293635,-0.15795185305449655,703.3307984790874,750.0,177.53069911285576,0.25241422598975577,0.0,0.0,-3.5411430254016865,10.539693926351022,5.161009239543726,5.4617945,2.3549882934925375,0.4563038320971378,3.950561,2.0761890000000003,-0.5411377059272054,-0.927810158339319,1052.0,5.051854801828804,9,attack,0
1833.5726630007855,750.0,2183.569771857374,1.1908825954482711,1500.0,0.0,3.9868794684979854,24.184547196694552,2.9143754909662216,1.0,3.2359026452762247,1.1103245464788771,2.0,0.0,3.004852939201806,14.23922998992903,2.704211146029077,1.97224175,2.482683265884408,0.9180804056406744,3.2497995,1.3506022954545456,0.9762906270919425,-0.0325817359564744,711.4328358208955,750.0,162.35167502830217,0.22820379782017045,0.0,0.0,-3.9720296789631164,13.777019770563832,5.103815041633935,5.814489,3.148320470463951,0.6168563015669251,5.526948,2.7480650000000004,-0.40303846602830745,-1.2464996930813814,1273.0,6.223846542306063,10,attack,1
1045.3538283062644,750.0,1301.2669515270657,1.244810050234804,0.0,0.0,8.342733414151796,101.08282830912363,1.5222351121423048,1.0,2.00166418398137,1.3149507379082492,0.0,0.0,6.427011391927989,59.948903636904646,1.1882876665320492,0.65,1.7997093865171074,1.5145401548847663,0.6,0.30000000000000004,3.026348689839468,9.142885603940831,740.507347254447,750.0,82.24101668961538,0.11106036556495691,0.0,0.0,-8.548224752159026,71.07214641342429,1.878937430781129,0.65,2.8849724839353894,1.5354276500500723,0.6,0.30000000000000004,1.839877303969637,1.8093337357036061,5172.0,10.802764935990169,11,attack,1
933.0368932038836,750.0,1076.6492393603216,1.1539192578583883,0.0,0.0,11.474984931121263,188.00499503071606,1.3228694714131608,1.0,1.668499046826872,1.2612726220406998,0.0,0.0,8.819851352783774,111.01412714435726,1.396458942761172,1.1,1.5501458342071472,1.110054715351742,1.0499999999999998,0.5499999999999998,3.6183345819476216,15.53678494221898,744.7037756202805,750.0,61.61025896291268,0.0827312294900024,0.0,0.0,-11.54690084436757,131.33091910965646,1.839816033549083,1.15,2.458178787858945,1.3361003182024749,1.1,0.55,2.5993723052326336,5.78452531519371,9270.0,11.35992460733205,12,attack,1
894.4498879761015,750.0,994.3819767067962,1.1117246366443334,0.0,0.0,13.409255710523976,251.9625971943105,1.2521284540702016,1.0,1.541044482975996,1.230739927654097,0.0,0.0,10.392163912911037,150.76777162430238,1.7745866457833448,1.6,1.5386526483248735,0.8670484768838523,1.5999999999999999,0.7999999999999998,3.1686568369619628,15.000623593963425,746.3333831217326,750.0,51.32108053010031,0.06876428375136671,0.0,0.0,-13.925403730038504,191.91686904457012,2.1270202690814037,1.65,2.31335065380752,1.0876016027842492,1.6,0.8000000000000003,2.789738570606515,7.950982343011489,13390.0,11.508786228998801,13,attack,1
870.3626996393612,750.0,945.8182675330472,1.086694395250338,0.0,0.0,15.220855121896685,318.4504361785483,1.2099147060507185,1.0,1.4693861641533676,1.2144543386447377,0.0,0.0,11.80438654597629,190.64905567467252,2.215169554676828,2.05,1.64573063599892,0.742936644522011,2.05,1.0499999999999998,2.352623416521823,10.811063093669027,747.1895357490412,750.0,44.95838609076581,0.06016998892482617,0.0,0.0,-15.93427019492639,251.9009666449194,2.5199849626194974,2.15,2.3088514298949474,0.9162163521384353,2.15,1.0500000000000003,2.6122996834573677,8.190104101443863,17469.0,11.596243694341258,14,attack,1
853.8135254473623,750.0,882.6566508417159,1.0337815278567308,0.0,0.0,16.80397183991424,394.26971245384976,1.1816407157796887,1.0,1.3894818874439785,1.175892019366605,0.0,0.0,12.922958743042546,229.19343845577626,2.677265322816124,2.55,1.813999860379839,0.677557000018121,2.55,1.2999999999999998,1.637812512703741,6.841964706053572,747.7180571694167,750.0,40.5259850046745,0.05419955371693289,0.0,0.0,-17.70311355186259,311.40022943014094,2.95736922561004,2.65,2.389621507280378,0.8080227137642755,2.6,1.3000000000000003,2.2534204526059285,7.192072448634892,21515.0,11.624554735135048,15,attack,1
846.1178157485961,750.0,859.215795077636,1.0154800892798264,0.0,0.0,17.98787266655768,451.55925763764617,1.1678416377902576,1.0,1.3626158094054157,1.1667813214672684,0.0,0.0,13.797344471723255,259.20144807861817,3.196104194157971,3.1,2.002835134332502,0.6266488864766684,2.9999999999999996,1.4999999999999996,1.1254274706215566,4.1313337755574775,748.0445294141076,750.0,37.523671166371884,0.050162349553925116,0.0,0.0,-19.136961723290952,364.22330399870305,3.4672913714501927,3.25,2.5186865323762944,0.7264132899574733,3.05,1.5499999999999998,1.8726798920549657,5.8159098753759775,25107.0,11.647957635542056,16,attack,1
844.3190528673516,750.0,874.1092472351214,1.0352831009398649,0.0,0.0,18.968749833354817,504.61602583563194,1.1635439257652789,1.0,1.3846121143491132,1.189995567583265,0.0,0.0,14.578203065902763,290.7408169757953,3.7754260675700517,3.7,2.212225736591546,0.585953928642386,3.3500000000000005,1.7000000000000002,0.7824166830239664,2.4636541688776328,748.2544885697017,750.0,35.457191689727246,0.047386540583945085,0.0,0.0,-20.264125355070686,408.6347764060186,4.0458514895651865,3.85,2.673618274118861,0.6608295635701148,3.4499999999999997,1.7000000000000002,1.529039917532294,4.5272934023044415,28127.0,11.663860950086658,17,attack,1
841.4289758106022,750.0,861.546419446373,1.0239086651566645,0.0,0.0,19.609912360491204,542.3049232122574,1.1582282552753473,1.0,1.376904417514545,1.1888023032102697,0.0,0.0,15.05102369373835,308.1530962511398,4.345291640681622,4.35,2.458157761930549,0.5657060481088794,3.85,1.9000000000000004,0.5077343427661404,1.3075261841645842,748.4207411219763,750.0,33.730266102260096,0.04506858809350234,0.0,0.0,-21.311467868787048,452.1786627223421,4.615402397098559,4.5,2.869655642063935,0.6217563270036702,3.8500000000000005,1.9500000000000002,1.195874323473177,3.3129672799481096,31088.0,11.675916932095141,18,attack,1
841.5280529040366,750.0,882.0566581499583,1.04816072988424,0.0,0.0,20.20497031672531,578.3597710026447,1.1578144169484426,1.0,1.4103116418394022,1.2180809127912278,0.0,0.0,15.529942956218834,328.8797446348893,4.982026510355801,5.05,2.6835114662370625,0.5386385360774434,4.199999999999999,2.0999999999999996,0.31531240420624906,0.6269124065563125,748.5308955983123,750.0,32.5351365492053,0.04346532219381467,0.0,0.0,-22.101084165088235,486.4579212723141,5.260419911966247,5.2,3.0572676720970886,0.5811831989196351,4.2,2.1,0.9450429833420232,2.4621501194389985,33419.0,11.682411267893455,19,attack,1
841.924810765349,750.0,879.6388128069525,1.0447949764151976,0.0,0.0,20.766311718239116,614.1815457178016,1.1579478553406224,1.0,1.4186087723460041,1.2251059197555192,0.0,0.0,15.912402606265465,343.9451854794785,5.614833404812589,5.75,2.9351823687338157,0.522755023544957,4.65,2.3,0.16158441730559728,0.1837735215871823,748.6236052705354,750.0,31.49384911728157,0.042069003562745545,0.0,0.0,-22.837704208927555,519.5607335344674,5.899260086683489,5.95,3.2708675511422065,0.5544538642270744,4.6,2.3,0.7151108207262721,1.748714553151884,35670.0,11.687590938302533,20,attack,1
842.7407229686501,750.0,903.0163979742777,1.0715233919078928,0.0,0.0,21.17185295697482,634.6638557430811,1.1590690978886755,1.0,1.457690743107218,1.257639208708525,0.0,0.0,16.242009159872023,355.9318731607371,6.291417309156649,6.55,3.172970271248972,0.5043331439214771,5.000000000000001,2.45,0.042826913364849666,-0.08407696986012914,748.6911921518447,750.0,30.71231493041029,0.0410213386404864,0.0,0.0,-23.42325500157532,546.6488748688234,6.586671940605673,6.7,3.4740772269654814,0.5274404522181235,5.0,2.45,0.5343271248717293,1.2517825485678928,37512.0,11.691272037861285,21,attack,1
844.3187141216991,750.0,931.9911735420188,1.1038381098913823,0.0,0.0,21.3947264164785,642.6555619344931,1.161347110600842,1.0,1.5035073242521515,1.294623554429207,0.0,0.0,16.46912054038366,362.8504979180246,6.974277210937573,7.3,3.4187628299935113,0.490196005491717,5.317788999999999,2.6499999999999995,-0.062175965033103006,-0.2645377308355852,748.7473912488838,750.0,30.04687154468055,0.04012951750598215,0.0,0.0,-23.945746944997527,571.3987967538588,7.28363339107029,7.5,3.6879930973676767,0.5063397482208734,5.300000000000001,2.5999999999999996,0.3721510009847593,0.8673197381700088,39195.0,11.69359827300666,22,attack,1
846.4078127300388,750.0,957.6377558899419,1.1314141262485957,0.0,0.0,21.623583401110157,655.5539623760892,1.1644010403886735,1.0,1.546013693667335,1.3277330061052508,0.0,0.0,16.680384360668516,370.9739411538637,7.662423088845744,8.1,3.6714633645637513,0.47915174116505427,5.6499999999999995,2.752148,-0.15236585173776648,-0.3848578391083821,748.7953084359817,750.0,29.467541931025814,0.0393532673068893,0.0,0.0,-24.419770694016382,594.3252007483419,7.986929548044364,8.3,3.91116936632488,0.4896962396873211,5.6000000000000005,2.75,0.22859514900091144,0.5714372608780174,40754.0,11.694173699653385,23,attack,1
846.4096019735282,750.0,961.5523473129356,1.1360366719268487,0.0,0.0,22.122270496065244,692.8493953861787,1.1647848569666492,1.0,1.565331988593561,1.3438807855641453,0.0,0.0,16.979206319021706,385.15250931134716,8.366976505733431,8.9,3.9215726079649795,0.4686965004954586,6.05,2.9000000000000004,-0.23089792218131455,-0.46357567611018347,748.8354286256464,750.0,28.973510415504567,0.03869142578988319,0.0,0.0,-24.838925174430223,614.9722038209435,8.705306171141896,9.15,4.1343162619488725,0.47491911032998907,5.8999999999999995,2.8500000000000005,0.10585531926184845,0.35300410904345725,42158.0,11.699582617009323,24,attack,1
848.0720298054367,750.0,970.7934206899091,1.1447063298534053,0.0,0.0,22.448643495366444,725.5042869099931,1.1674256013982798,1.0,1.5907251938441889,1.3625923501582486,0.0,0.0,17.192601978386353,397.9537945114978,9.06942263081919,9.75,4.1824887930846275,0.4611637326142388,6.449999999999999,3.0500000000000007,-0.3000179888642861,-0.5135882219771033,748.8708891035371,750.0,28.52968937492495,0.03809694006009159,0.0,0.0,-25.22781684541099,634.442742785602,9.425518696679084,9.95,4.366592073293749,0.4632733978695772,6.300000000000001,3.0,-0.0049366504247844965,0.1869791588979468,43482.0,11.699965668902847,25,attack,1
848.7939259557885,750.0,978.9749529235984,1.1533717702105595,0.0,0.0,22.881103473416147,759.7330348635772,1.1689175569441645,1.0,1.6157721676540273,1.3822806904175942,0.0,0.0,17.451005976612144,410.4421671458854,9.79164775024795,10.55,4.431190559497281,0.4525479952426875,6.75,3.200000000000001,-0.3570067594238879,-0.5434834398237807,748.9004009048355,750.0,28.154953889834136,0.03759505784189299,0.0,0.0,-25.565689243396996,651.6044664899446,10.16756261678873,10.8,4.588032509519219,0.45124211991017754,6.550000000000001,3.1499999999999986,-0.09606008154138412,0.06814124534195187,44649.0,11.700976146166777,26,attack,1
850.0161162483488,750.0,996.0822579714962,1.1718392615516848,0.0,0.0,23.30464324361075,794.1440269942964,1.1713782474680758,1.0,1.6527201050160263,1.4109192385878488,0.0,0.0,17.690556743805622,423.1313450188738,10.589696763584515,11.45,4.623894463224449,0.4366408752255247,7.000000000000001,3.3000000000000007,-0.405825947955115,-0.5414482176277451,748.9190664905328,750.0,27.915328702765176,0.03727415945434213,0.0,0.0,-25.78648242496824,662.9426758531963,10.986862761734917,11.7,4.752366801395223,0.432549937544208,6.75,3.25,-0.16202424641870486,0.0158464104623941,45420.0,11.701454900645501,27,attack,1
850.3186434805206,750.0,1001.5180355558581,1.1778149794016615,0.0,0.0,23.983338787353137,850.164407508389,1.1725967472984387,1.0,1.6771774706371698,1.430310526190049,0.0,0.0,18.036201148972925,441.6418422922119,11.382078289044939,12.35,4.833580952978918,0.4246659379975588,7.25,3.4000000000000004,-0.45867108008977114,-0.5134492026280095,748.9367867119995,750.0,27.68590925797083,0.0369669506815364,0.0,0.0,-26.001442348032874,674.0750041780783,11.798955159408361,12.6,4.933004277374661,0.41808822990916583,6.949999999999999,3.3000000000000007,-0.23417941033015388,-0.009672498355917991,46177.0,11.701878409307247,28,attack,1
851.7410917765329,750.0,1009.4907823027662,1.1852085006221835,0.0,0.0,24.427870363365233,892.182625123709,1.1752678324210346,1.0,1.704131526212544,1.44999418787976,0.0,0.0,18.267962810422233,454.6987464806303,12.157666738132075,13.2,5.066372151121131,0.41672240737037486,7.549999999999999,3.5,-0.5144463551891346,-0.47290583337853453,748.9543140721178,750.0,27.457089810670407,0.036660566999586745,0.0,0.0,-26.219407559517233,685.45733277207,12.596334081957785,13.5,5.136528660950915,0.4077796466440313,7.199999999999999,3.3999999999999986,-0.31179899910706366,-0.014640943121980055,46951.0,11.703037255443522,29,attack,1
852.9639533908961,750.0,1027.6281469846674,1.2047732414709984,0.0,0.0,24.92775910669754,930.7250981203422,1.1776552938217788,1.0,1.7417097989055672,1.4789640126809043,0.0,0.0,18.544336632499082,468.6612743960668,12.928879753140938,14.1,5.310408050311528,0.4107399984922452,7.799999999999999,3.5999999999999996,-0.5686641031659925,-0.4266957713461528,748.9710788833934,750.0,27.23641620194842,0.03636511070968714,0.0,0.0,-26.433072267242125,696.7073094852443,13.386701332006037,14.4,5.353428177910285,0.39990644783497664,7.449999999999999,3.4999999999999982,-0.38736118177771794,-0.008288048501011946,47716.0,11.707012613185208,30,attack,1
852.4472515269294,750.0,1037.8829323646792,1.2175333201034924,0.0,0.0,25.443938010424617,968.5094601709689,1.176112477195209,1.0,1.7578871043577053,1.4946590045111259,0.0,0.0,18.98070792972972,490.10451363338893,13.190404648508814,14.65,5.981679386010938,0.453487178400336,8.85,3.9999999999999982,-0.600645043895091,-0.5700074338963983,749.0268757500313,750.0,26.482560988654793,0.03535595563528574,0.0,0.0,-27.177609532693012,736.6329893284985,13.659937598655508,15.0,6.034430876727814,0.4417612330324085,8.35,3.8000000000000007,-0.4974797900103636,-0.21800394843055892,50428.0,11.908959463353945,31,attack,1
854.737945655768,750.0,1065.4203789428666,1.2464877502606484,0.0,0.0,25.583608901302085,975.7943447329269,1.1797016318829867,1.0,1.8031989881871133,1.5285212289728956,0.0,0.0,19.116719348570022,495.7528302709393,13.841314762534063,15.45,6.259959724941152,0.45226626460990044,9.299999999999999,4.150000000000002,-0.6324772725247128,-0.6528280919963811,749.0455052710404,750.0,26.22836608078044,0.03501571786521804,0.0,0.0,-27.44278280856202,751.1164225117717,14.316220511349268,15.8,6.278325272571898,0.43854628165266935,8.799999999999999,3.950000000000001,-0.5596019419297863,-0.33151364043329545,51413.0,11.932707853958423,32,attack,1
855.0047824834342,750.0,1073.0114750814955,1.254977161607029,0.0,0.0,26.149258698524683,1030.1227301365334,1.180831652741765,1.0,1.8296850633081234,1.5494884974160288,0.0,0.0,19.39685700869696,512.5782074537459,14.587996930004042,16.3,6.499577955969645,0.4455428656282178,9.650000000000002,4.300000000000001,-0.6571682771600861,-0.6627811397640575,749.0574450934001,750.0,26.064190519289937,0.034795983525722766,0.0,0.0,-27.616898116887224,760.7026914015919,15.068630464246617,16.7,6.475117640303669,0.4297084367200589,9.05,4.050000000000001,-0.6058656718754233,-0.36576597670707534,52065.0,11.931819446996613,33,attack,1
856.3373246273629,750.0,1100.1128856657451,1.2846723528540132,0.0,0.0,26.252759935976066,1035.7021337248016,1.1835106889265385,1.0,1.8776462709500599,1.5865055453391066,0.0,0.0,19.47272550307584,515.126069259154,15.372569441971311,17.2,6.70573445100031,0.4362142891149884,9.9,4.399999999999999,-0.6876826925786143,-0.6477421326977515,749.0657942033108,750.0,25.948806628518252,0.03464155863119715,0.0,0.0,-27.74066549217168,767.5536907375565,15.86898242184615,17.55,6.647117563630157,0.41887484571659456,9.3,4.149999999999999,-0.6469328624951046,-0.3599341288425393,52531.0,11.927609213372936,34,attack,1
856.6141100813315,750.0,1118.8640591448593,1.306147127367104,0.0,0.0,26.66521758104431,1067.9232081971927,1.1848685454889352,1.0,1.9177088520130727,1.6184992498233055,0.0,0.0,19.670869413643768,524.7978967913849,16.17178331614936,18.15,6.918286722786517,0.42779986520582575,10.1,4.449999999999999,-0.7250786039225242,-0.6061396634655383,749.0717728120187,750.0,25.865899678117263,0.03453060256297813,0.0,0.0,-27.830350148279567,772.5371118673156,16.684179308946472,18.5,6.823601326819169,0.40898633372755616,9.5,4.199999999999999,-0.6955492233230441,-0.3202437215253542,52870.0,11.916704124201438,35,attack,1
858.1357740468303,750.0,1136.3467389793516,1.3242039002995099,0.0,0.0,26.691323959881224,1074.7773789314735,1.187695360023958,1.0,1.9547532690098308,1.6458372532249348,0.0,0.0,19.704681702903084,526.1197694978839,16.92026389889013,19.0,7.186368678118446,0.4247196569191707,10.45,4.550000000000001,-0.7520627720403329,-0.5759998916562781,749.0814392639593,750.0,25.731179529986782,0.03435030983449545,0.0,0.0,-27.977104041027015,780.7266948476281,17.451778543414378,19.355067,7.062526106211512,0.4046880430348249,9.75,4.294933,-0.7345410509285462,-0.29091263573612247,53427.0,11.913845503855176,36,attack,1
860.0842117024843,750.0,1146.8879576796376,1.3334600752750045,0.0,0.0,26.73775883385074,1091.226299324087,1.1913106633394168,1.0,1.9866479778776622,1.6676153744051945,0.0,0.0,19.71755903601712,527.8827423654394,17.74154195204188,19.95,7.415560781810741,0.4179772424435341,10.6,4.600000000000001,-0.7890237101697324,-0.5080269290821717,749.0860649095592,750.0,25.666526426521344,0.0342637884067703,0.0,0.0,-28.04821550785184,784.7103442704714,18.293158134213563,20.3,7.251701218348503,0.3964160351724997,9.849999999999998,4.349999999999998,-0.7798298121523795,-0.21747825384749397,53698.0,11.889224017794199,37,attack,1
859.9610094266956,750.0,1152.0875556366068,1.3396974316366521,0.0,0.0,27.042291572714987,1124.370801959858,1.1916883688515572,1.0,2.0089046950366507,1.685763449191548,0.0,0.0,19.891956003375206,537.230798956123,18.36727902919585,20.763835999999998,7.7965598254344,0.4244809377067403,11.149999999999999,4.736164000000002,-0.8054344808960479,-0.5099162050520984,749.0999339764516,750.0,25.471407194161124,0.03400268247115055,0.0,0.0,-28.2644287932439,796.8855997970676,18.921161886237762,21.1,7.61417222418054,0.40241567985942134,10.3,4.5,-0.8140572483790162,-0.219835260353201,54526.0,11.910510434200782,38,attack,1
861.7215995319157,750.0,1169.9708217004722,1.3577132363120485,0.0,0.0,27.20998769469241,1143.8979243571841,1.1951143698231885,1.0,2.049054368663261,1.7145257561972156,0.0,0.0,19.964912605583752,541.4008254827664,19.21773685730335,21.75,8.00298902762233,0.4164376423221208,11.3,4.800000000000001,-0.8358371241468121,-0.45121512974202727,749.1026405225816,750.0,25.433249090934915,0.03395162119998993,0.0,0.0,-28.307300782072726,799.3105859891463,19.791048964527985,22.1,7.782014111814166,0.39320877462139947,10.4,4.5,-0.8508120795321308,-0.15559564774532575,54691.0,11.883486509214622,39,attack,1
862.0422784170845,750.0,1186.5819181183952,1.3764776366853408,0.0,0.0,27.501222916586073,1169.5046689571616,1.1961148587713286,1.0,2.083250921624429,1.7416813329820038,0.0,0.0,20.14098642585553,550.528002918794,19.88150934441936,22.6,8.374429014304953,0.4212169644280862,11.700000000000001,4.900000000000002,-0.8473985033373026,-0.45475491834588144,749.1147875257025,750.0,25.26085159917442,0.03372093572282834,0.0,0.0,-28.501694081417146,810.3536171248761,20.468743849428225,22.95,8.137643962068033,0.3975644046322535,10.8,4.650000000000002,-0.8757472197905575,-0.157281453435417,55442.0,11.909756416304539,40,attack,1
863.9781257857118,750.0,1208.9838297226404,1.3993222671270484,0.0,0.0,27.77778006569979,1196.5070742995467,1.1996875112244532,1.0,2.127194711168783,1.7731239937620717,0.0,0.0,20.272930851564492,558.6982730644061,20.69564508547491,23.55,8.609012415722455,0.4159818348336785,11.950000000000001,4.949999999999999,-0.8676198236959194,-0.4214369237888689,749.1185950532686,750.0,25.206640580446052,0.03364839792643733,0.0,0.0,-28.563526025285228,813.8817678877003,21.30102731388959,23.85,8.333001145509394,0.391201843118419,10.95,4.699999999999999,-0.9007277569594222,-0.1200237281197527,55682.0,11.895469315594585,41,attack,1
864.8242541110933,750.0,1228.8072214464494,1.4208750686686913,0.0,0.0,27.984532432378455,1220.230320032005,1.2017247844019499,1.0,2.1677919070761846,1.803900473064644,0.0,0.0,20.37880762907109,565.6300812579195,21.46526950156536,24.45,8.878448141772637,0.41361922528506684,12.2,5.050000000000001,-0.8837507485693561,-0.39776645218443063,749.1237022242968,750.0,25.133697817113628,0.033550797742064084,0.0,0.0,-28.647051605399767,818.6600418484288,22.085627219847524,24.75,8.579074811928738,0.38844605709087787,11.149999999999999,4.800000000000001,-0.920291340998568,-0.09421427526410042,56007.0,11.891916030353526,42,attack,1
865.3994501108648,750.0,1249.718311893774,1.4440941830199623,0.0,0.0,28.175562351783945,1238.5679249721074,1.2033525498891353,1.0,2.2090351311194905,1.835733951220703,0.0,0.0,20.482744704826384,571.3303480220159,22.22588129447947,25.4,9.170852402907562,0.41262041677444955,12.5,5.100000000000001,-0.9002274445043501,-0.3728802234443771,749.1294153560564,750.0,25.05182939768748,0.033441257123484475,0.0,0.0,-28.74133843786924,824.0707609088638,22.854629533019953,25.7,8.846113663982496,0.38706003311940773,11.400000000000002,4.850000000000001,-0.9415786588887145,-0.06615248003348562,56375.0,11.886588798671205,43,attack,1
868.0961802017079,750.0,1270.5702083225453,1.463628382775881,0.0,0.0,28.062809979982624,1233.7745269074608,1.2076466247320519,1.0,2.248581847567151,1.8619534899673635,0.0,0.0,20.471638962060773,570.6233492049115,22.924676131063414,26.3,9.519094828548868,0.4152335576793731,13.089281,5.199999999999999,-0.910444174819427,-0.3666417540180129,749.137653461203,750.0,24.933253455394123,0.03328260612745371,0.0,0.0,-28.878890433147586,831.9963215232904,23.57046975837228,26.55,9.179491215582,0.3894488022378691,11.75,4.949999999999999,-0.9583379493013444,-0.055202689419677764,56914.0,11.888053307095538,44,attack,1
869.0317789592957,750.0,1297.8722592817746,1.4934692731674721,0.0,0.0,28.13324221014835,1230.7005934484655,1.2096574566373224,1.0,2.295267964646089,1.8974528301810427,0.0,0.0,20.537192539856605,571.4760361869563,23.596152092759375,27.15,9.879814065778572,0.41870445769885734,13.75,5.350000000000001,-0.9135450632222802,-0.38059241042985015,749.1444268185207,750.0,24.835345427640224,0.03315161207714164,0.0,0.0,-28.993481817213052,838.627783812592,24.24792067957814,27.45,9.52309789031156,0.39273874309280526,12.100000000000001,5.050000000000001,-0.9667351643452319,-0.07262738159484083,57365.0,11.899349449923529,45,attack,1
870.5356028565486,750.0,1311.0730490192589,1.5060533362646447,0.0,0.0,28.224962070808928,1248.5073310891855,1.2125251334673786,1.0,2.3287391934996813,1.9205698333364345,0.0,0.0,20.590612834108985,575.3269600325837,24.38383729283153,28.1,10.1372088260058,0.4157347633297234,14.05,5.399999999999999,-0.9214504165483153,-0.37588865245429437,749.149270187412,750.0,24.76511713523429,0.03305765368901566,0.0,0.0,-29.07628138617396,843.4357227411124,25.05204838915274,28.350125,9.74406437574178,0.3889528003610616,12.3,5.1498750000000015,-0.9776971502599394,-0.06948131556358161,57692.0,11.904455521674826,46,attack,1
872.1919079950118,750.0,1336.1327490868584,1.5319251839407113,0.0,0.0,28.25613652527762,1248.602617543282,1.215844533739781,1.0,2.37653469671492,1.954636987514354,0.0,0.0,20.60403978097001,574.5845308209756,25.15650536241099,28.95,10.384297995903202,0.4127877797931141,14.462499999999995,5.5000000000000036,-0.9260716824271683,-0.37357294456261503,749.1499127355918,750.0,24.7558547157234,0.03304526142881744,0.0,0.0,-29.087394015688904,844.0818479672832,25.839998922232233,29.25,9.963528271814251,0.3855854755180282,12.700000000000003,5.25,-0.9813601449869414,-0.07308109425906562,57736.0,11.903882235145154,47,attack,1
873.1082479597152,750.0,1364.4531346967747,1.5627536881998736,0.0,0.0,28.075118839113422,1233.8816371811708,1.2183538808820975,1.0,2.429349683452803,1.9939606394932934,0.0,0.0,20.51463678829642,568.8325685072779,26.073431038696224,29.95,10.534560033519348,0.4040342837076082,14.499999999999996,5.5000000000000036,-0.9447120362366954,-0.3286031377952874,749.1477520692249,750.0,24.78733612745334,0.033087379704454974,0.0,0.0,-29.050451276439283,841.9338472979886,26.764935789703078,30.25,10.081370563877122,0.37666335697900666,12.800000000000004,5.25,-0.9926315219363239,-0.04281790695056298,57590.0,11.893930226611811,48,attack,1
876.0381327392363,750.0,1391.830737638317,1.5887787136460336,0.0,0.0,27.988763844347613,1227.5523336465687,1.2231145191095454,1.0,2.4768990671023317,2.025075353455512,0.0,0.0,20.5029557772544,568.1218977075446,26.838503365818628,30.9,10.838533731535538,0.40384270254575505,14.899999999999999,5.550000000000004,-0.9594329957001811,-0.2992734364908256,749.1523536724155,750.0,24.72048067862013,0.032997935009398294,0.0,0.0,-29.12955721010832,846.5360548189495,27.5417379264805,31.15,10.35792746063509,0.37608111326468885,13.200000000000003,5.350000000000001,-1.0110921905541148,-0.007018257483967005,57903.0,11.89065435607058,49,attack,1
876.3960265817527,750.0,1406.6402635777529,1.6050281161863955,0.0,0.0,28.186327384780395,1251.3420895572574,1.2248546310397341,1.0,2.5160342230575177,2.054149251100719,0.0,0.0,20.56815612358971,572.0519090749059,27.740230402478,31.9,11.03131357131515,0.39766481428826694,14.944678249999999,5.599999999999998,-0.985934436488771,-0.232899790282858,749.1506029350685,750.0,24.746037843987857,0.0330321269809252,0.0,0.0,-29.099492720599578,844.7852261139608,28.44170892099889,32.2,10.529032677397659,0.3701969071775407,13.350000000000001,5.349999999999994,-1.0300013729176092,0.042739723561803444,57784.0,11.875687949793338,50,attack,1
878.0345125107851,750.0,1431.1214589921547,1.6299148138263824,0.0,0.0,28.186771985099625,1261.937869763249,1.2280241587575496,1.0,2.562027376027906,2.0863004671015846,0.0,0.0,20.579903738495066,575.3242031188141,28.568377700980314,32.85,11.271889921631539,0.3945582783738101,15.199999999999996,5.649999999999999,-1.0016020318837762,-0.19626261696815117,749.153031179685,750.0,24.710750897993265,0.032984917459496166,0.0,0.0,-29.141398847592168,847.2257084754025,29.29073696498705,33.15,10.739380951380937,0.36664768674882964,13.650000000000002,5.399999999999999,-1.0457155285624273,0.08031864981684489,57950.0,11.879289007800573,51,attack,1
878.7229838083907,750.0,1449.1742929233503,1.6491821878183044,0.0,0.0,28.28847143316609,1275.04445860654,1.23004500543169,1.0,2.6028545124198894,2.1160644536794044,0.0,0.0,20.620682391041207,577.4717912157178,29.441181749138984,33.85,11.486424540644828,0.3901482161455952,15.299999999999997,5.649999999999999,-1.0242908913777982,-0.1394376252555003,749.1536544861515,750.0,24.701733221030537,0.03297285286283972,0.0,0.0,-29.152237584287207,847.8573698393119,30.177322042332698,34.15,10.922183331326426,0.3619334848865915,13.800000000000004,5.449999999999999,-1.0671049270704647,0.1378231563757808,57993.0,11.87132342446582,52,attack,1
878.8452045376418,750.0,1473.3872430073704,1.6765037066823567,0.0,0.0,28.35672366300499,1279.1338435442945,1.2311619113097285,1.0,2.6483229983498586,2.1510761289979583,0.0,0.0,20.66229596083333,578.8692635123726,30.242304550653568,34.8,11.771318730088181,0.38923352254363136,15.649999999999999,5.700000000000003,-1.041381943592604,-0.10021703190969244,749.1563702757221,750.0,24.66217925813676,0.03291993532546484,0.0,0.0,-29.199357716139843,850.6067564095915,30.980618605122032,35.1,11.19204397731511,0.3612595384220226,14.087020500000001,5.5,-1.0833255285721763,0.17486918000721863,58180.0,11.879400928820484,53,attack,1
880.6395869427243,750.0,1499.1380995084116,1.7023287639304292,0.0,0.0,28.177960266716408,1267.5663177792087,1.2345746779422613,1.0,2.695924741372677,2.183687053962693,0.0,0.0,20.598001293074123,575.466485995926,31.05844791601535,35.8,12.050803335232581,0.3880040421794085,15.8,5.7499999999999964,-1.061348435869486,-0.05214858328561478,749.1580590831496,750.0,24.63757199521066,0.03288701455786664,0.0,0.0,-29.228797869054084,852.3267447822398,31.808827182891058,36.1,11.455215071318614,0.36012692343086466,14.45,5.5,-1.1043429720272007,0.2266619387638853,58297.0,11.879571647800415,54,attack,1
883.6119725557461,750.0,1522.1471014063584,1.7226420065401817,0.0,0.0,28.076241343266396,1266.0817152201255,1.2396740994854203,1.0,2.7419491815183212,2.211830659893987,0.0,0.0,20.55545944001082,574.0471572539556,31.777687185794708,36.7,12.416392368542528,0.39072674785762623,16.3,5.849999999999994,-1.0700706100617012,-0.040976116317032574,749.1580982379542,750.0,24.637058639972206,0.032886327596163514,0.0,0.0,-29.229544820732063,852.3702646997508,32.5450118971012,37.0,11.801079267825232,0.3626079260667396,14.95,5.600000000000001,-1.1165266580983872,0.24663442192192342,58300.0,11.88266550479967,55,attack,1
884.2472009679453,750.0,1537.2788835393603,1.7385171045569279,0.0,0.0,28.240017956680326,1284.4847314087428,1.2412535573695063,1.0,2.776213190680128,2.2366205310730742,0.0,0.0,20.65037652649215,579.3923333132142,32.447662916086095,37.6,12.84524704011309,0.39587587782000144,16.816803000000004,5.900000000000002,-1.0779625989589459,-0.038315920950977134,749.1635604856281,750.0,24.557155774331022,0.03277943171503485,0.0,0.0,-29.325225865094676,857.9727330788133,33.22009119082838,37.9,12.227739311358917,0.36808265338942936,15.450000000000003,5.700000000000003,-1.129463129529404,0.25784024713785936,58681.0,11.895530727461738,56,attack,1
885.6093431944632,750.0,1562.4438802524564,1.7642585777342832,0.0,0.0,28.27263673894214,1285.5708222233927,1.2439102999050076,1.0,2.821425036266335,2.2681901070212183,0.0,0.0,20.6851090836964,580.6769031271191,33.20942889185309,38.55,13.167536804180862,0.3964999472607947,17.250000000000004,5.950000000000003,-1.086930728886327,-0.0267928738268024,749.1674017279594,750.0,24.50082288992609,0.03270406965574688,0.0,0.0,-29.393091099230983,861.9575505789733,34.00018968099471,38.85,12.527370482126186,0.36845001747530504,15.8,5.75,-1.1407776899912734,0.27450450039611063,58952.0,11.898484648708505,57,attack,1
887.6676716690945,750.0,1586.7204604368912,1.7875163319323746,0.0,0.0,28.272350854521957,1288.5887954444752,1.2476879298079204,1.0,2.867694284119555,2.2984066893722632,0.0,0.0,20.691374298496847,581.3782510986564,34.08042233456671,39.55,13.372173831509864,0.39237113027049797,17.400000000000002,6.0,-1.1008140734309744,0.006551360205424128,749.1686108654742,750.0,24.483099005002995,0.032680358800295954,0.0,0.0,-29.41459050571316,863.2217601663802,34.893739756207864,39.85,12.695552529499633,0.36383467688472676,15.900000000000002,5.75,-1.153686421616679,0.3072972809804413,59038.0,11.8940080805699,58,attack,1
891.4000930569198,750.0,1625.6347524303499,1.8236869898178774,0.0,0.0,27.95385262580002,1262.7118101681187,1.2549242620069276,1.0,2.940751466347105,2.3433696800507557,0.0,0.0,20.482095086919212,569.7277332867151,34.805441381376895,40.5,13.743420114755367,0.3948641238064851,17.900000000000002,6.049999999999997,-1.0988631922813632,-0.016223741072875608,749.1541511535289,750.0,24.694892801918527,0.03296370014621683,0.0,0.0,-29.161264803785045,848.3828108643828,35.64295422693826,40.8,13.039480639113384,0.36583613569434137,16.6,5.849999999999994,-1.1534945548866389,0.2849223273831356,58029.0,11.899027358839495,59,attack,1
892.9564499484004,750.0,1658.4774639863483,1.857288184750985,0.0,0.0,28.00070583047608,1268.1256292683881,1.258015135878913,1.0,2.995296493283134,2.380970155172631,0.0,0.0,20.510341957167554,572.5876249813418,35.62082202723571,41.5,14.024509874988194,0.39371662631101106,18.200000000000003,6.049999999999997,-1.1114074418007636,0.007662898404948493,749.155762527233,750.0,24.671436428292026,0.03293231883455636,0.0,0.0,-29.189234118137342,850.0147286005418,36.47644865560716,41.8,13.300217017830592,0.3646247786730763,16.85,5.850000000000001,-1.1675271923001163,0.3118186536597145,58140.0,11.903057392286785,60,attack,1
894.7338834450748,750.0,1687.1982503210659,1.8856983976338237,0.0,0.0,27.947481388373312,1262.990555276112,1.2614921780986763,1.0,3.0467037977009808,2.4151586911089526,0.0,0.0,20.49132324238642,571.2383360098909,36.46079076558657,42.5,14.280484034578679,0.39166687651923554,18.500000000000004,6.049999999999997,-1.1218664614285712,0.025715392941631166,749.1561945343918,750.0,24.665178669868215,0.03292394676813408,0.0,0.0,-29.196784734079007,850.4554737720954,37.33677301662369,42.8,13.526052684273543,0.3622716049469849,17.05,5.850000000000001,-1.1782474798296694,0.33072878750977,58170.0,11.912109345244994,61,attack,1
894.4058395165872,750.0,1712.6726632666882,1.9148719603534363,0.0,0.0,27.981511977833737,1264.3614063335947,1.2622962108561295,1.0,3.0963369893450463,2.4529400965602295,0.0,0.0,20.497835564184715,570.7013869302793,37.37152777070415,43.5,14.481026955530773,0.3874882248427256,18.6,6.049999999999997,-1.142608934403843,0.07961763520044318,749.1549855417096,750.0,24.682868127226765,0.0329476124481488,0.0,0.0,-29.17586885840008,849.2344522462993,38.24733066221358,43.8,13.721748191627265,0.3587635517054176,16.9556325,5.850000000000001,-1.1963470223493826,0.3738752296438146,58087.0,11.909907666149314,62,attack,1
897.0152564436345,750.0,1746.649832223679,1.94717962674187,0.0,0.0,27.843548829960536,1251.0420080291372,1.2674997830426105,1.0,3.1591181768044088,2.492401355068482,0.0,0.0,20.40413651740013,564.894960364619,38.05845654779728,44.5,14.972291305271325,0.3934024830057876,19.300000000000004,6.100000000000001,-1.1468063115101996,0.06835075828322301,749.1480597121837,750.0,24.783739642117233,0.03308256534981741,0.0,0.0,-29.056665015162917,842.2927888082536,38.94632390958952,44.8,14.219454386332467,0.3651038906609436,17.5,5.899999999999999,-1.2066286524936995,0.3735537505003097,57615.0,11.928256242756701,63,attack,1
899.764603947528,750.0,1777.5504615363502,1.975572781745049,0.0,0.0,27.847335053088955,1245.6445969505362,1.2722026790510683,1.0,3.2119362106764107,2.5247048002384203,0.0,0.0,20.413342035717722,564.1149985055746,38.913701202331524,45.5,15.204163460762855,0.3907149150811667,19.425000000000004,6.100000000000001,-1.1599504387442576,0.10337680485622869,749.1494148240248,750.0,24.764088155369468,0.033056273775754805,0.0,0.0,-29.079932114767548,843.6453716195506,39.82369824419915,45.8,14.420911400967231,0.3621188397053965,17.6,5.899999999999999,-1.220771589706243,0.41399203329160583,57707.0,11.922627117711796,64,attack,1
901.776251768522,750.0,1802.2759453407477,1.9985843958589586,0.0,0.0,27.831831482790083,1244.7331159997261,1.2757168984437006,1.0,3.2566311160365133,2.552785120279751,0.0,0.0,20.427328523622243,564.696869062595,39.65327862503408,46.4,15.565985905879264,0.39255230451617884,19.800000000000004,6.200000000000003,-1.1677924634157593,0.11701150309948538,749.1530954776271,750.0,24.71055593996522,0.03298465439058335,0.0,0.0,-29.14332496038391,847.3362340294328,40.584489604920805,46.75,14.761614056196896,0.36372550695837935,17.950000000000003,5.950000000000003,-1.2326079658435782,0.4411823143299305,57958.0,11.932520690307461,65,attack,1
904.3333626528279,750.0,1840.2252816477994,2.0348970386866716,0.0,0.0,27.614633471216557,1228.8101845482483,1.2817310229571641,1.0,3.3321614320790562,2.5997353363510016,0.0,0.0,20.249359197474345,555.0523208496468,40.67140637596814,47.55,15.698576236103307,0.3859855764756455,19.75,6.100000000000001,-1.186869031132198,0.1651011077420974,749.1365105003771,750.0,24.951091485759033,0.03330646836194546,0.0,0.0,-28.86113899222204,830.9680510470458,41.61691641975547,47.85,14.845962023545889,0.35672902513504195,17.9,5.850000000000001,-1.2468160856774724,0.4764755643599523,56845.0,11.917820121996428,66,attack,1
904.8343386169169,750.0,1855.2949927381092,2.050425048605049,0.0,0.0,27.749627625003978,1246.2498709561562,1.2833146303829428,1.0,3.3683020542215343,2.624689202846872,0.0,0.0,20.31814158259273,559.4373595662826,41.45045695898554,48.5,16.015763074852632,0.3863832693255935,20.049999999999997,6.149999999999999,-1.1943169520981671,0.17941957392947128,749.1393388995547,750.0,24.910282860691414,0.03325186860068419,0.0,0.0,-28.908737825621174,833.7177593622905,42.40253306801445,48.8,15.158496691563071,0.3574903571739113,18.200000000000003,5.900000000000006,-1.2550796438574774,0.4904259180936026,57032.0,11.930952772215441,67,attack,1
905.598046423695,750.0,1874.0302153058014,2.069384118822418,0.0,0.0,27.81943455381465,1256.937117659675,1.2853691839092531,1.0,3.409258313743937,2.6523572810227183,0.0,0.0,20.35343705014604,561.8051504502097,42.252195162046426,49.5,16.336243588424935,0.3866365646985171,20.150000000000006,6.149999999999999,-1.207795707414827,0.2113310161046864,749.1407523307611,750.0,24.88988329643943,0.03322457524704254,0.0,0.0,-28.932633006159175,835.0998176839121,43.21450312829535,49.8,15.476939022867478,0.35814224166640296,18.35,5.900000000000006,-1.2711238114043801,0.5273087008555066,57126.0,11.939370838806967,68,attack,1
906.963016347337,750.0,1896.202984533794,2.0907169866423865,0.0,0.0,27.83315852618364,1263.3328706297177,1.2886799085955352,1.0,3.458169815859709,2.6834978902003583,0.0,0.0,20.339235660954685,561.5172543501083,43.292275699494326,50.55,16.414492580036697,0.37915522607254454,19.85,6.100000000000001,-1.237947777411211,0.30661309705045836,749.1371851602763,750.0,24.941471329767996,0.03329359671877965,0.0,0.0,-28.872589315934167,831.6288957721409,44.26602801195288,50.85,15.51583116008858,0.35051329104791,18.049999999999997,5.850000000000001,-1.297802721184708,0.6190054838141981,56890.0,11.919683156340351,69,attack,1
910.1189573963239,750.0,1928.0958842333018,2.118509749263124,0.0,0.0,27.672832479099505,1252.4830497457417,1.2946488649644083,1.0,3.5192392934614016,2.7182963571811034,0.0,0.0,20.24168582023817,556.5045992280151,43.935467752887845,51.5,16.92375125247689,0.3851956544007547,20.4375,6.149999999999999,-1.2370070939750801,0.2850941849688944,749.1308268280219,750.0,25.03312979772531,0.03341623238723317,0.0,0.0,-28.766447608132765,825.5109029210771,44.93637038894004,51.8,16.016827425558297,0.3564334922230487,18.550000000000004,5.900000000000006,-1.304220649460444,0.6169685361689852,56474.0,11.935032139561356,70,attack,1
909.7291703520254,750.0,1947.4766664175727,2.14072135959319,0.0,0.0,27.941263779177664,1290.503167610868,1.2952237749867328,1.0,3.5614988447582485,2.749717009166798,0.0,0.0,20.35105905316626,566.4766296848968,44.77389717246754,52.5,17.21698740527254,0.3845318029599542,20.487499999999997,6.149999999999999,-1.2546591843289805,0.33351457898587533,749.1316852824002,750.0,25.02081546418529,0.03339975595178996,0.0,0.0,-28.780754678859296,826.334171040027,45.76606399143817,52.8,16.309946248830737,0.3563764245027051,18.700000000000003,5.950000000000003,-1.3195240343551913,0.6591143722293231,56530.0,11.930766451833078,71,attack,1
911.1986170888309,750.0,1974.5576423260816,2.1669892878399595,0.0,0.0,27.96096644370485,1289.780885315836,1.2981196641501447,1.0,3.6095911642311536,2.7806305257645776,0.0,0.0,20.37240807789455,567.0623086322602,45.53592116334944,53.45,17.580069862363466,0.3860703684745739,20.700000000000003,6.199999999999996,-1.2629442956714148,0.3472594696700444,749.1341640403898,750.0,24.985154713690637,0.03335204281558243,0.0,0.0,-28.822109811871155,828.7162882023032,46.54275303859451,53.75,16.663181286844498,0.35801881493832,19.0,6.0,-1.330760167937565,0.6804913114137068,56692.0,11.934987710294113,72,attack,1
911.1745080659457,750.0,1999.240870733661,2.1941360881322716,0.0,0.0,28.011749753032763,1295.825323065035,1.2996809076404894,1.0,3.6620605838091125,2.8176612907682195,0.0,0.0,20.368124319839126,566.663667906065,46.23826608855648,54.4,18.045779455975993,0.39027803121800336,21.1,6.25,-1.2667385071636603,0.33582921621287687,749.1298331928906,750.0,25.047522626203044,0.03343548943905649,0.0,0.0,-28.75007373679438,824.5689420207952,47.24332339820954,54.75,17.13840260757354,0.3627687760895979,19.35,6.0,-1.3358036384173204,0.6674594822577822,56410.0,11.949519102678803,73,attack,1
914.3044579807018,750.0,2033.7144043415715,2.224329528954891,0.0,0.0,27.974991557929638,1292.43216583828,1.3062009235800407,1.0,3.731547007336461,2.856794035261453,0.0,0.0,20.288752917720693,562.0244230831817,46.99009211714062,55.5,18.592110848757958,0.3956602341278683,21.25,6.149999999999999,-1.2766959504955262,0.3226128081256183,749.1179946589897,750.0,25.217157978050317,0.033662464602161324,0.0,0.0,-28.55580740198252,813.436251483789,48.00745424234093,55.85,17.700854901140588,0.3687105509029271,19.4,5.899999999999999,-1.3520157461881561,0.6619042119398912,55653.0,11.960372230184475,74,attack,1
914.6247976691486,750.0,2049.966790040038,2.241319932790169,0.0,0.0,28.208836343391464,1316.182735365678,1.3079025934318909,1.0,3.772630139266217,2.8844886142223842,0.0,0.0,20.373551931908136,566.8128713664933,47.90843762856019,56.55,18.792735927809453,0.392263594014728,21.200000000000003,6.149999999999999,-1.292327517174925,0.36588563842509414,749.1171833147488,750.0,25.228772156211672,0.03367800488112894,0.0,0.0,-28.542669142997163,812.6860197214589,48.9343849046617,56.85,17.8800203650403,0.36538765941118373,19.299999999999997,5.899999999999999,-1.3667808904605478,0.7038179985820556,55602.0,11.95196340669874,75,attack,1
912.5060565275909,750.0,2057.277073029374,2.2545352530130516,0.0,0.0,28.469974628530892,1346.9527385956585,1.3060744728577838,1.0,3.8023949237828814,2.911315551143857,0.0,0.0,20.48286774654608,573.3482298801886,48.67636341389255,57.5,19.158526592968073,0.39358993255235875,21.4,6.200000000000003,-1.3005970896721686,0.3825509139292178,749.1191296545536,750.0,25.201011682494688,0.0336408598911575,0.0,0.0,-28.57433521485204,814.494642192405,49.67867861564827,57.8,18.267806468151413,0.3677192505357266,19.65,5.950000000000003,-1.3711075605091354,0.7043040569706323,55725.0,11.95433574079556,76,attack,1
913.482793793955,750.0,2066.7015242693483,2.2624416555080873,0.0,0.0,28.612116680670002,1370.9657120495167,1.3083158855424921,1.0,3.8335685517661844,2.9301551667521015,0.0,0.0,20.549976753961413,578.4426844757527,49.435190397861454,58.45,19.518472115375726,0.3948295123026387,21.650000000000006,6.200000000000003,-1.3032418209662042,0.3794524736725089,749.1215865253553,750.0,25.165916293995704,0.033593900838877935,0.0,0.0,-28.61444751640401,816.7885701588172,50.44096631944668,58.75,18.624719636669305,0.3692379626258043,19.9,6.0,-1.3730392314417001,0.6947218417125143,55881.0,11.957770214601158,77,attack,1
915.1558170633859,750.0,2076.5475995326915,2.2690645252040884,0.0,0.0,28.752477501713408,1394.771859675316,1.311402335740394,1.0,3.8643125906525366,2.9467025376852143,0.0,0.0,20.62071948443559,583.7796715894833,50.15901981716151,59.4,19.906484736019603,0.39686749877852995,22.050000000000004,6.250000000000007,-1.3030603127836287,0.3688832218217235,749.1247794670635,750.0,25.120222546667016,0.03353276147738411,0.0,0.0,-28.666818306867185,819.7883928939676,51.188306092234996,59.7,18.992046118836655,0.37102314119586877,20.249999999999993,6.049999999999997,-1.3749539244704572,0.6890526473663696,56085.0,11.958441144162105,78,attack,1
911.3936432062212,750.0,2084.252301088071,2.286884834697565,0.0,0.0,29.096070055461684,1430.7383908336483,1.3076017550743766,1.0,3.8969512099561876,2.9802278827122928,0.0,0.0,20.745260043222185,590.4790025277637,51.01537638741872,60.4,20.208442244282473,0.3961245349013288,22.0,6.250000000000007,-1.3177147461480716,0.40358796896107396,749.1244807769505,750.0,25.1245326860642,0.0335385284165409,0.0,0.0,-28.661941875329997,819.5087847495317,52.003953804016696,60.7,19.329435270947098,0.37169164759649725,20.299999999999997,6.050000000000004,-1.3845637859494377,0.7019772002459548,56066.0,11.969073410699647,79,attack,1
911.0515728653969,750.0,2094.262321625939,2.298730811735677,0.0,0.0,29.264727823653534,1456.8131399227702,1.3083137170982237,1.0,3.931257524249486,3.004827873370329,0.0,0.0,20.807647231118324,594.9824742761208,51.87877521561138,61.4,20.475637648860268,0.3946823641028968,22.050000000000004,6.250000000000007,-1.3295610393897914,0.43419670137960376,749.1246348705329,750.0,25.122352826403976,0.03353561164190754,0.0,0.0,-28.664504716769972,819.6556577031402,52.85932869855196,61.7,19.60561363338433,0.3709016765080751,20.39999999999999,6.050000000000004,-1.394255897171976,0.7217305351247605,56076.0,11.966490368429179,80,attack,1
911.7101124793433,750.0,2113.61879308622,2.3183013593414636,0.0,0.0,29.348212610780884,1466.3235471225723,1.3100378484993869,1.0,3.971065766398434,3.0312603341553706,0.0,0.0,20.856394022721357,597.7193655562729,52.5890984151317,62.35,20.878128935272365,0.3970048843671563,22.400000000000006,6.300000000000004,-1.326677991693166,0.4143001958111605,749.1277593613776,750.0,25.07755955612216,0.033475677870354825,0.0,0.0,-28.716016301785512,822.6113813637402,53.57642991397906,62.65,20.002358329333806,0.3733425008245058,20.749999999999993,6.100000000000001,-1.3910875935878275,0.6975951732562096,56277.0,11.972054449930853,81,attack,1
912.4139327519139,750.0,2139.005168943671,2.3443363720808814,0.0,0.0,29.37841415583319,1468.0709016937024,1.3121192205900638,1.0,4.0196709894495015,3.06349524217917,0.0,0.0,20.869263994918448,598.1170668698318,53.48489613095736,63.35,21.073088090620374,0.39400072945870696,22.450000000000003,6.300000000000004,-1.334229620319435,0.43429011346017576,749.1280982766665,750.0,25.072720066476688,0.033469202562492695,0.0,0.0,-28.72164674686416,822.9347387903694,54.48752250917424,63.65,20.169846610488378,0.37017367796622275,20.799999999999997,6.149999999999999,-1.3975814883570012,0.71399323921099,56299.0,11.970943036482003,82,attack,1
912.7413172591082,750.0,2157.564709199418,2.3638293439793197,0.0,0.0,29.572007468513224,1494.6881147703248,1.3135537629642762,1.0,4.060321007806193,3.091096171536466,0.0,0.0,20.94838077315674,604.4560673230485,54.2797510863731,64.3,21.39711132773644,0.3942006162424752,22.650000000000006,6.3500000000000085,-1.3386311871164067,0.44128562581573005,749.129734931215,750.0,25.049231781786748,0.0334377753461979,0.0,0.0,-28.7487686017206,824.493404901609,55.29232790644446,64.6,20.47741735132264,0.37034825854991615,20.999999999999993,6.150000000000006,-1.4021225822003294,0.7214605855536083,56405.0,11.975916383500474,83,attack,1
919.466237240024,750.0,2211.461532641205,2.4051579525958267,0.0,0.0,29.37337202881603,1485.5967711784983,1.3262732681914953,1.0,4.162791313930772,3.138713124789999,0.0,0.0,20.741562121600108,596.0644874364419,54.70949346831766,64.95,21.839904841740093,0.3991977161036523,23.4,6.6499999999999915,-1.3110316685246435,0.360986752885168,749.1068034142711,750.0,25.376732625128014,0.03387598738853553,0.0,0.0,-28.375999675633125,803.1989836609105,55.761340059628445,65.25,20.907382278861704,0.37494404288893296,21.9,6.450000000000003,-1.3756815205066528,0.639405291555502,54957.0,11.966462778758657,84,attack,1
916.572128203733,750.0,2221.4255518543764,2.4236232845175545,0.0,0.0,29.614996583644814,1512.5962757242758,1.3233026790734794,1.0,4.19434431407281,3.1696031304111862,0.0,0.0,20.84338867104306,601.7132825500122,55.39725204778585,65.9,22.295365409909333,0.4024633819503769,23.75,6.699999999999989,-1.3104534247326654,0.34567530202701313,749.1096206148563,750.0,25.3367561001721,0.033822494602827456,0.0,0.0,-28.421049898027526,805.7576707877658,56.41747361517115,66.2,21.414017874221976,0.37956357316332506,22.200000000000003,6.5,-1.3719489341280153,0.6048414223807361,55131.0,11.984041339910483,85,attack,1
917.2731896958907,750.0,2241.758281580428,2.443937429724347,0.0,0.0,29.65049862027125,1521.2475379158914,1.325600406932384,1.0,4.2404933286282205,3.1989227722412124,0.0,0.0,20.847634810953238,602.4042810747978,56.328973622462755,66.9,22.51370063435614,0.39968242249985136,23.599999999999994,6.699999999999989,-1.3277212988189642,0.3931087030515279,749.1082439296014,750.0,25.35633684938984,0.033848695505442526,0.0,0.0,-28.399048582067557,804.5075150236767,57.35283757584565,67.2,21.626231972531947,0.3770734437321007,22.1,6.5,-1.3889678437462012,0.6503075787598647,55046.0,11.98446692649902,86,attack,1
923.096303774749,750.0,2298.851271860288,2.4903699239827595,0.0,0.0,29.24260727820392,1480.0115252548671,1.33759605137697,1.0,4.350608700454409,3.2525579721738374,0.0,0.0,20.553975603199774,585.4083741455579,57.418201698745904,68.15,22.90449774117316,0.3989065673171967,22.750000000000007,6.449999999999989,-1.3625548091282003,0.45266149518618004,749.0822498710074,750.0,25.72280296798097,0.03433909022995867,0.0,0.0,-27.992486269813067,781.5807641531079,58.471759192532765,68.45,21.97514095384617,0.3758248641277847,21.049999999999997,6.25,-1.4276161109740308,0.7237404189543053,53487.0,11.979742748889247,87,attack,1
924.7425086977667,750.0,2321.7696198098015,2.510720117191698,0.0,0.0,29.288333987246517,1486.030047971638,1.3410833863304776,1.0,4.398428987160163,3.2797580165356526,0.0,0.0,20.567492470585847,586.1922259323571,58.324206655984376,69.15,23.12711000978059,0.3965267825448874,22.700000000000003,6.449999999999989,-1.3743562446173452,0.4861772396637569,749.0818189470176,750.0,25.72885775142035,0.034347192924248704,0.0,0.0,-27.98591678064672,781.2129809645421,59.39256952497101,69.45,22.172505306770425,0.3733211996737777,21.0,6.25,-1.4394440779436517,0.7585105642048959,53462.0,11.974441925212574,88,attack,1
924.5562356112079,750.0,2334.3051973731936,2.524784439780481,0.0,0.0,29.807354004150564,1557.6739853991214,1.3421491006419974,1.0,4.4368140095165876,3.3057534422921435,0.0,0.0,20.743545711999662,601.4926940950633,59.23185517965831,70.15,23.357396018930125,0.39433841719263985,22.650000000000006,6.449999999999989,-1.3883606938816953,0.5288495277241294,749.0812157216305,750.0,25.737320911112434,0.03435851863715242,0.0,0.0,-27.976717688464813,780.6981427157843,60.30787264662062,70.5,22.383304073502657,0.37115061585175835,20.949999999999996,6.200000000000003,-1.4526243968666748,0.8007009039579298,53427.0,11.9680432538354,89,attack,1
924.8480096049225,750.0,2351.8679696803765,2.542977813927555,0.0,0.0,30.01494558538404,1578.5448611014144,1.344032566690429,1.0,4.481777297536004,3.334574926686499,0.0,0.0,20.80190669715787,604.3541270612701,60.232053534883455,71.2,23.50177081490123,0.3901871086180078,22.400000000000006,6.3999999999999915,-1.410520371321629,0.6012728120664295,749.0791284700075,750.0,25.76652462119534,0.034397600522955984,0.0,0.0,-27.944896134572808,778.9185961238544,61.32864059156567,71.5,22.48317763151366,0.36660159779582163,20.75,6.200000000000003,-1.4757224888010514,0.8825666861529915,53306.0,11.961887066377646,90,attack,1
926.5029711851105,750.0,2365.9237173201436,2.553606184655661,0.0,0.0,30.249568366966713,1612.131793974146,1.3470493702582502,1.0,4.51638973804752,3.3528019371566598,0.0,0.0,20.9020151819206,612.1480549959706,60.89362934062591,72.15,23.96611582501994,0.393573450696437,22.85000000000001,6.449999999999989,-1.4030945023225552,0.5685405711370128,749.0827060968334,750.0,25.716510289983386,0.034330668804225514,0.0,0.0,-27.99957077295146,781.9773151006693,61.99959271196322,72.45,22.9519124680154,0.3701945684489421,21.199999999999996,6.25,-1.4690680452133331,0.8481507106891892,53514.0,11.96157476335055,91,attack,1
925.1426337540489,750.0,2370.401055963063,2.5622006482875364,0.0,0.0,30.62891371020003,1653.6249479057951,1.3460478796678954,1.0,4.542230853443047,3.374494267294364,0.0,0.0,21.048912485047023,620.3089691849866,61.56127278273568,73.1,24.424033469773356,0.3967434779324911,23.199999999999996,6.5,-1.3965254975465662,0.539143815304032,749.086188015676,750.0,25.667739824045537,0.03426540261280107,0.0,0.0,-28.053090480814653,784.9772132674495,62.6797110623441,73.4,23.404493749475026,0.3733982392834557,21.549999999999997,6.299999999999997,-1.463931464103392,0.8209545817977788,53718.0,11.97467762253189,92,attack,1
928.3037011807447,750.0,2407.6977226544386,2.5936530465105294,0.0,0.0,30.47512719793622,1640.4358934266475,1.3533719346049047,1.0,4.622213054977726,3.4153309498967164,0.0,0.0,20.907773791543086,612.1597449604417,62.61406396117165,74.3,24.775328074066017,0.39568311824368624,22.550000000000004,6.299999999999997,-1.423769987536391,0.5917388831395778,749.0711429655022,750.0,25.877926524837463,0.034546687277778695,0.0,0.0,-27.824119734251347,772.18291762721,63.75805474305555,74.6,23.73048286970524,0.37219584200520067,20.749999999999993,6.1000000000000085,-1.4959657558074109,0.8890867706299881,52848.0,11.974541932407044,93,attack,1
929.17684413449,750.0,2429.2218421488224,2.6143805213006517,0.0,0.0,30.478788127623798,1643.420581788942,1.355653833796375,1.0,4.667017592155491,3.4426322382654044,0.0,0.0,20.915025462627288,612.638878628704,63.3872661728843,75.3,25.173569574623126,0.3971392220318193,22.700000000000003,6.299999999999997,-1.4287493620032814,0.5996568953015196,749.072247374857,750.0,25.862578679103954,0.0345261472037444,0.0,0.0,-27.840762035580212,773.1092840680884,64.53178707832019,75.6,24.1413713105225,0.3741004612381629,20.89999999999999,6.1000000000000085,-1.5018668304118838,0.8972550886344397,52911.0,11.978465553976239,94,attack,1
930.7153684767611,750.0,2451.95837878517,2.6344879023520633,0.0,0.0,30.486156703807055,1646.3019224526095,1.3589695125408736,1.0,4.714440811133024,3.469129195046035,0.0,0.0,20.916668374122587,612.7650775960275,64.25152351794497,76.3,25.45706371776474,0.39620949549398266,22.700000000000003,6.299999999999997,-1.4374781362985734,0.6227442040824807,749.0721757045382,750.0,25.863597218153867,0.03452751024135681,0.0,0.0,-27.83970415848774,773.0503549042896,65.41342848054131,76.6,24.407148460609047,0.3731213762609844,20.89999999999999,6.1000000000000085,-1.5121164477571758,0.9256193567611684,52907.0,11.975495060429138,95,attack,1
932.6961515935841,750.0,2473.355626827049,2.6518342791498903,0.0,0.0,30.566542104119733,1653.696683418931,1.3628119627439497,1.0,4.759962559059498,3.4927507896801595,0.0,0.0,20.94544345046833,613.971819811872,65.12783794738975,77.3,25.68759670345078,0.39441807855192756,22.75,6.299999999999997,-1.4432396619088104,0.6406125078208253,749.0725949034278,750.0,25.857781825887116,0.03451972746275782,0.0,0.0,-27.84604088497144,773.4031956034296,66.31580814617143,77.6,24.59594915816376,0.370891192397898,20.949999999999996,6.1000000000000085,-1.5184976367806997,0.9476799235200599,52931.0,11.967075908890406,96,attack,1
939.4026199860886,750.0,2527.2530108060855,2.690276732295585,0.0,0.0,30.587614695437274,1675.1200671752385,1.3757438751062678,1.0,4.864104848390331,3.53561802920228,0.0,0.0,20.830801862367124,613.5781227540226,65.12093325044383,77.8,26.54584845828147,0.4076392510560427,24.199999999999996,6.75,-1.383063413693526,0.4412124405694495,749.0515388225319,750.0,26.14931409079462,0.03490989970049312,0.0,0.0,-27.534023616933275,756.1236086621018,66.34602409724478,78.15,25.470582604888293,0.38390518424367853,22.5,6.5,-1.458630141099397,0.7357387502105741,51756.0,11.980114589283422,97,attack,1
941.4107516872236,750.0,2552.8735242441176,2.711753099981898,0.0,0.0,30.561539887504296,1675.0737300080586,1.3801683344969358,1.0,4.919132248375552,3.564153824880029,0.0,0.0,20.80113806124791,611.8998321337248,66.22780412137227,78.85,26.580298951556774,0.40134652362691103,23.849999999999994,6.650000000000006,-1.4085723548663258,0.5240748137390243,749.0480057277741,750.0,26.197928665567257,0.034974966177385894,0.0,0.0,-27.482700897402854,753.2999734000791,67.47160453075789,79.2,25.461192123168626,0.37736159233565847,22.150000000000006,6.450000000000003,-1.4844600551005844,0.8248096315406825,51564.0,11.967641573271461,98,attack,1
942.6067284932676,750.0,2577.6262232317076,2.7345722720990717,0.0,0.0,30.52560464945313,1673.5158346182327,1.3831050405494547,1.0,4.9692375777082605,3.592812860933666,0.0,0.0,20.78655127218683,611.1079961424354,67.12401394283062,79.85,26.82055130753563,0.39956715536080184,23.849999999999994,6.650000000000006,-1.4182000456596582,0.551618052986814,749.0475979381725,750.0,26.203551124956093,0.03498249136247677,0.0,0.0,-27.476812952134754,752.97635193296,68.38608805300532,80.2,25.677939486488913,0.37548484227649076,22.1,6.400000000000006,-1.49494357994754,0.8557218251376706,51542.0,11.969530569266775,99,attack,1
943.5651365485184,750.0,2595.6643359428517,2.750911659832593,0.0,0.0,30.5652373568033,1682.7280545431975,1.3854541932984699,1.0,5.010386415605608,3.616421560410417,0.0,0.0,20.807941084138385,612.7331019710537,67.85915247071497,80.85,27.244911396967698,0.4014920670977346,24.0,6.700000000000003,-1.4185731401738302,0.5447427360816923,749.0492198334301,750.0,26.181278457350743,0.03495268103099127,0.0,0.0,-27.500350992582852,754.2703867635803,69.12719064299826,81.15,26.110728558050315,0.37772008836431736,22.25,6.449999999999989,-1.495813148305417,0.847355488924681,51630.0,11.977570093835803,100,attack,1
945.230492336275,750.0,2619.4569386581284,2.771236179848323,0.0,0.0,30.598830764574437,1685.0444943932898,1.3888566341538937,1.0,5.057950487097904,3.6418089259293933,0.0,0.0,20.823190179408247,613.2242044227105,68.65422154739092,81.85,27.60663909201298,0.40211131187259264,24.099999999999994,6.700000000000003,-1.4222545023618682,0.5489222572238419,749.0499912624797,750.0,26.170687733100667,0.03493850615897013,0.0,0.0,-27.511577360905473,754.8879506765559,69.93096478675105,82.15,26.46629580610156,0.3784631870417981,22.35000000000001,6.450000000000003,-1.499235083944286,0.8487747946122388,51672.0,11.976388803655638,101,attack,1
951.0664545635315,750.0,2667.944204242633,2.805213233461189,0.0,0.0,30.511614445799083,1680.6376940421496,1.4014913501690196,1.0,5.16562141703732,3.6858032812077983,0.0,0.0,20.645704040616813,604.0655793306707,68.77758609673008,82.35,28.245065492937574,0.4106725329559137,25.387499999999996,7.1000000000000085,-1.379186040056267,0.40998106339985707,749.023883046955,750.0,26.527401097031603,0.03541596162344084,0.0,0.0,-27.139698759064586,734.5642622261632,70.09489123523564,82.75,27.10227571940947,0.38665122724073175,23.299999999999997,6.75,-1.4559206823876478,0.700035451674963,50290.0,11.981434804171068,102,attack,1
952.8289314416113,750.0,2693.24222323716,2.82657477577044,0.0,0.0,30.483958900067996,1677.1648129115044,1.4048814366504614,1.0,5.213144793889713,3.710736477747879,0.0,0.0,20.648156839912396,603.952957622795,69.52300056227872,83.35,28.612778063986067,0.4115584458751134,25.674999999999997,7.1000000000000085,-1.3761796585276305,0.3956411126059325,749.0259154620248,750.0,26.49982535652665,0.0353790500562062,0.0,0.0,-27.16813042291302,736.1083068386073,70.86821663422958,83.7,27.438672603669172,0.3871788215765007,23.5,6.799999999999997,-1.453359147390853,0.686482859446377,50395.0,11.990324449801193,103,attack,1
952.6979160446647,750.0,2718.9229747380314,2.853919305320032,0.0,0.0,30.505401627123486,1678.38364120929,1.4064409545988337,1.0,5.268145625075836,3.7457282567390084,0.0,0.0,20.637798970539876,602.8310192422716,70.5787235405857,84.4,28.726694074650677,0.4070163447789139,25.25,7.049999999999997,-1.3993654406060385,0.46861216907037084,749.0229283315956,750.0,26.540389386387066,0.03543334707457383,0.0,0.0,-27.126417793356666,733.8435165949837,71.92492100210983,84.75,27.5441053794598,0.38295635220304003,23.25,6.75,-1.477221253372637,0.7641124099891283,50241.0,11.986418503252354,104,attack,1
960.113462681063,750.0,2783.9773358827247,2.899633682990575,0.0,0.0,30.05889903458365,1629.9263779900598,1.4216845253949066,1.0,5.395552360150407,3.7951825906325203,0.0,0.0,20.336897989715702,585.2330667712138,70.71809981234084,84.9,29.336296103876265,0.41483433776817713,26.450000000000003,7.449999999999989,-1.3609795072978204,0.34935234424181694,748.9942608164575,750.0,26.926407723352913,0.03595008551067026,0.0,0.0,-26.735437536308034,712.7845490780668,72.11160716898523,85.3,28.14755114046169,0.3903331550287203,24.150000000000006,7.1000000000000085,-1.4392939973050616,0.6393238384812494,48809.0,11.990420123230596,105,attack,1
962.1806655451151,750.0,2813.7417170723174,2.924338243149187,0.0,0.0,30.05611974840093,1625.8797103150446,1.425998112510771,1.0,5.452396140735962,3.8235647669518062,0.0,0.0,20.328791898045207,584.1161188060901,71.65634659095419,85.95,29.558817107023312,0.41250801238525303,26.299999999999997,7.3999999999999915,-1.3750804729766704,0.39064759371514635,748.9928770120379,750.0,26.944917117366003,0.03597486430693111,0.0,0.0,-26.71700341717489,711.7991818817478,73.06952598766976,86.3,28.337690656326707,0.38781818101719445,23.950000000000003,7.1000000000000085,-1.4535956587571393,0.68362780533612,48742.0,11.987474012724954,106,attack,1
961.7052190523137,750.0,2839.713338438005,2.952789776098255,0.0,0.0,30.070138215016645,1626.1738578730951,1.4268901349436194,1.0,5.50553493630701,3.8584154459267808,0.0,0.0,20.326922372082315,583.5888727889611,72.57812176755321,86.95,29.798536133792684,0.410571883207846,26.200000000000003,7.3999999999999915,-1.3884377750337307,0.4306158171084862,748.9917379929663,750.0,26.96014554930548,0.03599525092432817,0.0,0.0,-26.70186127313195,710.9902879495129,73.99270016197343,87.35,28.58450211231424,0.3863151641951361,23.849999999999994,7.050000000000011,-1.4676599117780433,0.7256665874793806,48687.0,11.992993651064326,107,attack,1
970.3061445399554,750.0,2912.846638938515,3.0019872133444676,0.0,0.0,29.661372844654593,1586.2452941495085,1.4445930170858539,1.0,5.648379786025026,3.910014598727176,0.0,0.0,20.02024505185826,567.3107180819542,73.80315490014024,88.3,30.31745678406153,0.4107880865673389,24.25,6.950000000000003,-1.4333627401720483,0.5157934269783842,748.9580958332842,750.0,27.40561525459129,0.03659165366802002,0.0,0.0,-26.265408045322392,687.8725077710409,75.26585762052424,88.65,29.058693643445434,0.38608068202655305,22.299999999999997,6.6499999999999915,-1.5216662477188097,0.8438159077654008,47115.0,11.988857422678542,108,attack,1
971.2595777123615,750.0,2936.8018522838834,3.023704393423873,0.0,0.0,29.682410472690375,1587.7390297229958,1.446938732289968,1.0,5.695150228311669,3.9359995701396118,0.0,0.0,20.03861178369697,568.083415870455,74.53282497651361,89.25,30.700527747043985,0.41190613339448995,24.60000000000001,7.0,-1.4279707544632878,0.4948599346585567,748.9603893316929,750.0,27.37549560530352,0.03655132633880816,0.0,0.0,-26.294505646038495,689.4018616345326,76.01716070975667,89.65,29.42701705259004,0.3871101837773998,22.549999999999997,6.699999999999989,-1.5169230676914323,0.8229626088447999,47219.0,11.996126668556192,109,attack,1
973.0099463448773,750.0,2963.5278079417267,3.045732285753349,0.0,0.0,29.642195565948438,1585.166529509503,1.4508938985854558,1.0,5.749827538143082,3.9629552124720195,0.0,0.0,20.017786954544626,566.8848858421914,75.44944822818331,90.25,30.97028430403969,0.41047728023637264,24.400000000000006,7.0,-1.4416381669998888,0.5351694784587937,748.958932912781,750.0,27.394653282699355,0.03657697649210035,0.0,0.0,-26.276042165737547,688.4312102473057,76.94959211823213,90.65,29.686801517749316,0.3857954369938167,22.39999999999999,6.650000000000006,-1.5327279504085027,0.8719115825284671,47153.0,11.994612598358643,110,attack,1
974.2575767202491,750.0,2983.699032925943,3.0625361344073903,0.0,0.0,29.733882385333622,1593.9088687462183,1.45375606243514,1.0,5.794347242712351,3.985776838657805,0.0,0.0,20.053887700629353,568.5256443900929,76.17403057109144,91.25,31.424073707449544,0.4125300114994203,24.60000000000001,7.0,-1.441223607420105,0.5269314635040869,748.9603427685897,750.0,27.376140504422693,0.036552189670316426,0.0,0.0,-26.29394465271814,689.3723302881662,77.68047891100663,91.65,30.14954530503968,0.3881225467157587,22.549999999999997,6.699999999999989,-1.5328830971430008,0.8631259094487151,47217.0,11.999957900113607,111,attack,1
976.9096102577123,750.0,3007.964767198274,3.0790614972093087,0.0,0.0,29.728672980740676,1594.592667062731,1.4585502094706106,1.0,5.843153802517417,4.006138262897528,0.0,0.0,20.056997033606205,568.6991894573563,76.98819443622428,92.25,31.728953224740888,0.4121275145765968,24.75,7.0,-1.441593837212473,0.525373469918422,748.961331438123,750.0,27.363155326555123,0.036534803838288395,0.0,0.0,-26.306524814644174,690.0340392768026,78.52358287537557,92.65,30.415192376214566,0.38733831624171283,22.64999999999999,6.699999999999989,-1.5336764506846232,0.8636459255785836,47262.0,11.99392767781399,112,attack,1
979.6296438146304,750.0,3039.168835578075,3.1023651180498155,0.0,0.0,29.643857981110163,1588.6513657675787,1.4644665730456614,1.0,5.90850087179137,4.03457544237655,0.0,0.0,19.999420079950593,565.6470419363866,78.25462395334536,93.3,31.63321935424854,0.4042345072555451,24.0,6.950000000000003,-1.4774932257068147,0.6463866663452249,748.9554957525964,750.0,27.439821249449516,0.03663745229865267,0.0,0.0,-26.23262944795664,686.1516210484696,79.8275365513426,93.7,30.23750695228404,0.3787854199012669,22.099999999999994,6.599999999999994,-1.5720225979389344,1.0033654165736667,46998.0,11.973540583038652,113,attack,1
979.1667412855772,750.0,3061.414877627063,3.1265511261214205,0.0,0.0,29.749831837384065,1598.8120719529911,1.465579362541307,1.0,5.960239716264774,4.0668147141003335,0.0,0.0,20.02197281430518,566.5420130843413,79.24154235997214,94.35,31.81901676989582,0.40154464214428004,23.80000000000001,6.900000000000006,-1.4943895027260325,0.700854296481066,748.9534235866823,750.0,27.467002303725437,0.03667384571418073,0.0,0.0,-26.20654800353133,684.7839166635074,80.82091841626692,94.75,30.423462494581187,0.3764305465805969,21.94999999999999,6.549999999999997,-1.590896109300595,1.0660075677709582,46905.0,11.976697361785801,114,attack,1
980.9318457124641,750.0,3082.5645449744034,3.1424859519526507,0.0,0.0,29.762212623452392,1601.7790132263153,1.4688343427903516,1.0,6.002716144968828,4.086720993713587,0.0,0.0,20.04269648037328,567.7545422671272,79.81957532961222,95.3,32.425625063542896,0.40623650188117866,24.25,6.950000000000003,-1.4837549017958798,0.6563255617419217,748.9567586496838,750.0,27.423282225854972,0.03661530777196966,0.0,0.0,-26.24860003056258,686.9897513208075,81.4127427709914,95.7,31.046710195369805,0.38134951776163745,22.19999999999999,6.6000000000000085,-1.5812108237067009,1.0197927049455666,47055.0,11.992958672440766,115,attack,1
982.3361055713498,750.0,3104.7900016817075,3.1606188391862973,0.0,0.0,29.791598481070224,1605.2481261387902,1.4718462256545168,1.0,6.048537323168754,4.109489984579756,0.0,0.0,20.060718345552147,568.6151179236435,80.54078187111682,96.25,32.856949301957656,0.40795418840775705,24.5,7.0,-1.480340289569089,0.6398897665004748,748.9585060495169,750.0,27.40035406671768,0.03658460895416564,0.0,0.0,-26.270720028995626,688.1514670982349,82.15730847659863,96.65,31.465665548647014,0.38299289657973123,22.39999999999999,6.649999999999999,-1.5791684350595805,1.0065692870187073,47134.0,11.999945225239571,116,attack,1
982.0724834493295,750.0,3120.7228106070684,3.1776909171165912,0.0,0.0,29.946556606322332,1621.9857180014865,1.4729248005432014,1.0,6.091563293214192,4.13569198574678,0.0,0.0,20.108095871879645,570.9815948287279,81.36031766217064,97.25,33.23694963363347,0.40851548505061147,24.5,7.0,-1.4875489748450392,0.6584258465604562,748.9583723251608,750.0,27.402125143247414,0.03658698020582479,0.0,0.0,-26.269039907156564,688.0631813793924,82.99121313134441,97.65,31.840070757815116,0.383655926410234,22.39999999999999,6.6499999999999915,-1.5882535814970795,1.0320032688363199,47128.0,12.004806203824028,117,attack,1
996.8737996322277,750.0,3238.233493068777,3.2483886067257908,0.0,0.0,29.145514517077633,1539.1771064016928,1.5055960407727758,1.0,6.338830571632874,4.210180154551515,0.0,0.0,19.49547514029564,536.7362202941507,81.64393091231976,98.3,34.269759495560066,0.4197465642898006,25.150000000000006,6.950000000000003,-1.4333283596897073,0.45256121860681686,748.8855619570039,750.0,28.342245061104148,0.03784589595643904,0.0,0.0,-25.39257705651492,642.7836348336776,83.37710119691707,98.7,32.840229848516906,0.39387588890810704,22.25,6.599999999999994,-1.5363410611657806,0.8141126488475572,44049.0,11.997768673865767,118,attack,1
997.9024257537973,750.0,3256.647459309105,3.2634928779225016,0.0,0.0,29.369256074368277,1564.2018682369878,1.508229426433915,1.0,6.3825071821806265,4.231787996121745,0.0,0.0,19.572256385024946,541.6605725809701,82.36158503449494,99.25,34.70863541006935,0.42141776892142824,25.450000000000003,7.0,-1.4305057436940205,0.4389491403905206,748.887101954815,750.0,28.322700642651938,0.03781972018041355,0.0,0.0,-25.41023406842745,643.6806505340605,84.11893006524598,99.7,33.27118215965042,0.3955255034014814,22.400000000000006,6.599999999999994,-1.5348487960332686,0.8031674357421279,44110.0,12.002777374328447,119,attack,1
1000.2563768343933,750.0,3276.4992050826627,3.275659401894654,0.0,0.0,29.653300846504163,1602.8108989604777,1.511315369575477,1.0,6.414747754729098,4.244479930440314,0.0,0.0,19.708556027924843,552.4420649297421,82.54108491537208,100.1,35.59807247247573,0.43127701203556756,26.950000000000003,7.150000000000006,-1.3895044508960954,0.30252833504383236,748.8967799327295,750.0,28.199485496877408,0.037654702560492324,0.0,0.0,-25.521973723315803,649.3717927048941,84.32152540807245,100.6,34.18210988926423,0.40537822013822156,23.39999999999999,6.75,-1.4923807708956818,0.6509823475413232,44497.0,12.01653251199396,120,attack,1
999.4161861383473,750.0,3294.9377426487354,3.296862496674257,0.0,0.0,29.732664504763815,1612.511746358255,1.5088065695887276,1.0,6.433516301917063,4.2639768619715905,0.0,0.0,19.82752710147956,560.1056468389808,83.20395880854663,101.1,36.11596135840685,0.4340654203907549,27.30000000000001,7.150000000000006,-1.3853093169868376,0.282447382003276,748.9147606395061,750.0,27.969075969496078,0.03734614062835802,0.0,0.0,-25.733488970024702,660.2131140483358,84.972909442819,101.55,34.75181430789024,0.4089752196995897,23.599999999999994,6.799999999999997,-1.487791243329874,0.623859020311782,44569.0,12.032859158418724,121,attack,1
920.4177875254571,750.0,2284.4334837967167,2.4819527770518377,0.0,0.0,23.98196182124294,662.2694533447763,1.2272452610612536,1.0,3.0459062998780833,2.48190512240736,0.0,0.0,23.98206030923096,662.2731529526956,83.84210196416014,102.05,36.598978979669404,0.4365226792061382,27.75,7.200000000000003,-1.3763304020035585,0.2514006037960592,749.9838417295168,750.0,3.4155541569637062,0.0045541703259728795,0.0,0.0,-211.37644150278516,44678.000022380365,85.27651455452856,102.4,35.464502874548366,0.415876552410819,24.5,6.900000000000006,-1.4610461318281431,0.5244410009161431,44683.0,12.045723516519985,122,attack,1
894.4810950556299,750.0,1891.154264533919,2.1142473272912534,0.0,0.0,25.010812985998594,709.5740655517093,1.1941969438160749,1.0,2.5211410306054445,2.1111601764354706,0.0,0.0,25.020960054551345,709.9623014661227,84.1673808302289,103.3,37.66644582477802,0.4475183313682257,29.10000000000001,7.0,-1.3308761517508283,0.09087456264984839,748.866718988043,750.0,28.582242123053827,0.03816732857574112,0.0,0.0,-25.18113991468725,632.0898074030554,85.59727790815289,103.65,36.57007287406329,0.4272340636030915,25.05000000000001,6.699999999999989,-1.4138283871993955,0.34390693524759675,43322.0,12.062600648973254,123,attack,1
874.1284589529905,750.0,1617.5515245441104,1.850473472150276,0.0,0.0,28.00920995011489,902.8108640915318,1.1685851098116857,1.0,2.1566087193975716,1.8454870777406218,0.0,0.0,28.010215742026524,902.863619102908,84.770194447191,104.25,38.19342917153023,0.45055257240589974,29.650000000000006,7.049999999999997,-1.3210369746437098,0.0574663802345281,748.8697453842258,750.0,28.544112476875124,0.03811625807132838,0.0,0.0,-25.214989303014594,633.7956855511403,86.14980343860213,104.6,37.15059147524406,0.4312324577933694,25.75,6.75,-1.4004790776073115,0.2952611955867539,43438.0,12.067870066531006,124,attack,1
870.614931147239,750.0,1550.2380261454475,1.7806242124777782,0.0,0.0,28.407358479447524,932.5402276739917,1.1654308478791506,1.0,2.067982578645628,1.7744361086794123,0.0,0.0,28.361165943725165,930.4832454469699,85.63045788386461,105.25,38.475904820221224,0.44932499219382616,29.650000000000006,7.049999999999997,-1.3252120403533738,0.06762441722788415,748.8694330585364,750.0,28.54804984806523,0.038121531722117616,0.0,0.0,-25.21148974965277,633.6192153968465,87.0208897003408,105.6,37.422818868148966,0.4300440847825807,25.737499999999997,6.75,-1.4048361139659098,0.30553618717853226,43426.0,12.059660321887707,125,attack,1
864.4905140969466,750.0,1474.6797707403523,1.7058368445844823,0.0,0.0,30.420847880471204,1078.100707512583,1.1587713060035327,1.0,1.969311850037359,1.6994827537016655,0.0,0.0,30.275296591145093,1071.0043091140192,86.15136764869675,106.2,39.04571882727165,0.4532222748510518,30.60000000000001,7.099999999999994,-1.3095837417280307,0.018777955896715604,748.8737124635819,750.0,28.494053373978833,0.03804921030041432,0.0,0.0,-25.259566109483284,636.0456800393567,87.53347705168498,106.55,38.01884173357675,0.43433487408626714,26.64999999999999,6.799999999999997,-1.3873310965043173,0.246412378842781,43591.0,12.06869820087369,126,attack,1
856.8381469633857,750.0,1356.7060079871503,1.5833865623225163,0.0,0.0,32.92038115698264,1298.1157407144028,1.1501162175223805,1.0,1.8154173181293531,1.578464237327413,0.0,0.0,32.57458005772256,1279.1442269785382,87.19972400442059,107.25,39.229005462987004,0.4498753397544961,29.799999999999997,7.049999999999997,-1.3282396576658104,0.06982164233244026,748.8701355487539,750.0,28.539193053090127,0.0381096690845834,0.0,0.0,-25.21936306182899,634.0162732443446,88.55331485204704,107.6,38.23144623837149,0.43173365449105733,25.94999999999999,6.75,-1.4047229239283059,0.2936436032669536,43453.0,12.059760116124096,127,attack,1
859.6305600368748,750.0,1366.8765631625972,1.5900744188340203,0.0,0.0,32.86002354120781,1291.9831379581506,1.1553814242913114,1.0,1.8328795110656002,1.5863847838733023,0.0,0.0,32.32394838046855,1262.3592348637462,88.16295829629921,108.25,39.431955763543115,0.44726216685038733,29.549999999999997,7.049999999999997,-1.3391818740333743,0.10161393591423096,748.8684950449413,750.0,28.55987174496953,0.03813736581782037,0.0,0.0,-25.20098817378813,633.0898049354082,89.53737075245448,108.6,38.40533556034657,0.4289307943442573,25.64999999999999,6.75,-1.4164672903238,0.3292686046847595,43390.0,12.044814023516809,128,attack,1
857.2922169213396,750.0,1283.8336046477436,1.49754492028188,0.0,0.0,33.01869519465237,1302.1713517475719,1.153794740602457,1.0,1.7279857815610864,1.4976544100546119,0.0,0.0,32.15001357725747,1253.3661718532264,88.99636945671115,109.25,39.7525198559139,0.44667574754552186,29.549999999999997,7.049999999999997,-1.3432117678192736,0.11268724117040962,748.8684689667888,750.0,28.56020034067257,0.0381378059355029,0.0,0.0,-25.200696400879256,633.0750990892891,90.38501414001243,109.6,38.70560614824552,0.42823034898559564,25.69999999999999,6.75,-1.420309576616925,0.34009648009956317,43389.0,12.034754962016178,129,attack,1
854.8522971133211,750.0,1232.2290799669354,1.4414526159992156,0.0,0.0,34.54548273668695,1443.991128692349,1.1520871310889078,1.0,1.6662238325869945,1.446265466928829,0.0,0.0,33.222513849860604,1364.5114605033423,89.9220743533176,110.3,40.00126520379548,0.44484366593484465,29.35000000000001,7.0,-1.3530690248094186,0.14154728536406802,748.8671112444332,750.0,28.57730296208455,0.03816071307310597,0.0,0.0,-25.18551955178507,632.3103950933489,91.31978187936407,110.6,38.94452119065041,0.4264631429157068,25.44999999999999,6.700000000000003,-1.4305256275292422,0.37054411653896757,43337.0,12.023887258079482,130,attack,1
853.5216444197256,750.0,1199.9421489286449,1.4058719620923454,0.0,0.0,35.842928091885945,1571.3119313131954,1.15190489432703,1.0,1.6314119627081498,1.4162731409013234,0.0,0.0,33.98238495130856,1453.1910206804619,91.09649923240195,111.35,40.068350981783524,0.4398451237907909,28.549999999999997,6.949999999999989,-1.3791951130153952,0.21913908958814687,748.8622543566926,750.0,28.638398860953494,0.038242545534031766,0.0,0.0,-25.13145068646559,629.589813606252,92.49254241856693,111.7,38.99866194093139,0.42164114988261814,24.60000000000001,6.599999999999994,-1.4568112306275407,0.45132614683742656,43152.0,12.008751765684252,131,attack,1
850.5917589061482,750.0,1134.41172794071,1.3336735467547336,0.0,0.0,37.100601825259574,1722.885546779936,1.149590735745512,1.0,1.55493970156811,1.352602846577159,0.0,0.0,34.45055843491367,1543.030765054609,92.21666371409837,112.4,40.16427517145482,0.4355424882424409,27.799999999999997,6.849999999999994,-1.401641505620395,0.28785837462558694,748.8583387591852,750.0,28.687558722894362,0.03830839190550776,0.0,0.0,-25.08811169575033,627.4133484584447,93.62164789600968,112.7,39.072277415097126,0.4173423379440692,23.950000000000003,6.599999999999994,-1.480069190529976,0.5254451731421153,43004.0,11.993600043054293,132,attack,1
852.7089108910891,750.0,1112.9788389517457,1.305227170417009,0.0,0.0,36.884730769479084,1733.3470629177452,1.1539895165987186,1.0,1.5373746373808153,1.3322258263767337,0.0,0.0,33.612320501642344,1506.3328614882175,93.23731027239661,113.45,40.29942067248796,0.4322241874497619,27.5,6.799999999999997,-1.4151833806147671,0.3311570717150336,748.8562376237624,750.0,28.713903309551412,0.03834367915618238,0.0,0.0,-25.064947370221148,626.2515866719556,94.67258967196273,113.75,39.157648549254084,0.4136112541648432,23.75,6.549999999999997,-1.4945039228028538,0.5738101247967347,42925.0,11.968762418525829,133,attack,1
855.0660714703064,750.0,1137.567723859049,1.3303857582642407,0.0,0.0,36.77810895852734,1728.1351658825226,1.1587398041461192,1.0,1.5801506689075286,1.3636803217198092,0.0,0.0,33.07294994771016,1469.5831382853692,94.35621064158921,114.5,40.38588062660766,0.4280150755525026,26.75,6.75,-1.4373500272544526,0.4017166039721598,748.8525486713254,750.0,28.760097613731812,0.03840555482485877,0.0,0.0,-25.024431662534415,624.2221800328549,95.82831185039849,114.8,39.17935299899155,0.4088494542213792,23.30000000000001,6.5,-1.5186268473384796,0.6553822371906364,42787.0,11.948499396219646,134,attack,1
857.8940492460216,750.0,1153.0293801584937,1.3440230540960834,0.0,0.0,36.491739690995104,1707.287357323322,1.1638831623080308,1.0,1.6110497755566362,1.3842023217879145,0.0,0.0,32.37963227817991,1419.5197633764192,94.33662415524059,115.35,41.51654438700606,0.4400893582823817,28.72500000000001,6.950000000000003,-1.3939865166884742,0.2600661127333552,748.8627550902225,750.0,28.63210608520557,0.038234116853302434,0.0,0.0,-25.13700906383316,629.8692246752306,95.82320362002271,115.65,40.349453478786536,0.42108228439938455,24.69999999999999,6.6499999999999915,-1.4737852175811048,0.5012091073603675,43171.0,11.969670983096618,135,attack,1
857.3449525612318,750.0,1127.928413047685,1.3156062908845643,0.0,0.0,37.399274883568935,1823.4282217270054,1.1646159883653824,1.0,1.5917293813892466,1.3667418250228103,0.0,0.0,32.43257531019319,1459.218057960159,94.8515618318997,116.3,42.1154559234155,0.44401436423423846,29.450000000000003,7.0,-1.3790015121787067,0.21102479770868943,748.8666405041668,750.0,28.58323026259981,0.038168652089184324,0.0,0.0,-25.180263895857852,632.0456898650424,96.3375792810545,116.6,40.97457012364688,0.42532281202653005,25.44999999999999,6.700000000000003,-1.4565734606383345,0.4402086162184662,43319.0,11.971829946724837,136,attack,1
853.682577675489,750.0,936.9747349334438,1.0975680650350774,0.0,0.0,33.08048844523438,1536.8676133672725,1.1611967779056387,1.0,1.3696108135565452,1.1794820995170232,0.0,0.0,26.87553818525391,1082.0020712656901,95.3155452278573,117.25,42.82870350794171,0.4493359756329068,30.10000000000001,7.049999999999997,-1.3642438087362483,0.15791342285288934,748.8700575373994,750.0,28.54017673436712,0.03811098660857033,0.0,0.0,-25.21848837075043,633.9721557056739,96.82667645401612,117.55,41.674811152934055,0.4304062958592388,26.14999999999999,6.799999999999997,-1.441554477630685,0.3841839153550879,43450.0,11.982913234836147,137,attack,1
850.5526953711186,750.0,852.2016170403447,1.0019386472798215,0.0,0.0,34.2283874165278,1823.6208701578712,1.1586286505829388,1.0,1.286313129440457,1.1102031084707569,0.0,0.0,26.25050257097919,1142.571727716412,96.40481485236866,118.25,42.956663935656564,0.4455862915295161,29.52499999999999,7.049999999999997,-1.383012808908678,0.21295247465983147,748.866535842087,750.0,28.58454794142958,0.03817041698797072,0.0,0.0,-25.179095823342195,631.9868664810484,97.92067056744777,118.6,41.79429756168874,0.42681792638359045,25.5,6.700000000000003,-1.4609730696072698,0.44280611541834647,43315.0,11.965713351800417,138,attack,1
855.9756109134045,750.0,880.5840540919131,1.0287490003976272,0.0,0.0,33.058009342532415,1694.6843043790013,1.1681138790035588,1.0,1.3429729688634846,1.1496935298886155,0.0,0.0,25.003390651488825,1026.3438655125597,95.54203377602626,118.65,44.31369766652946,0.4638136317090709,36.5,7.6499999999999915,-1.294237164524474,-0.045386989848472226,748.8352075919336,750.0,28.976255404556206,0.038695102888840635,0.0,0.0,-24.836556868238617,614.8545570692519,97.1252178387426,118.95,43.16147237325887,0.4443899672371396,29.450000000000003,7.349999999999994,-1.3697335106159423,0.16305333147734924,42150.0,11.979159681286854,139,attack,1
855.356313190689,750.0,866.3871346936695,1.012896171259709,0.0,0.0,32.777051469920764,1718.5497679564662,1.168610392664002,1.0,1.3455423603352423,1.1514037259825327,0.0,0.0,24.19494215381729,979.8082154599814,95.5444020947403,119.5,45.2589096853118,0.47369504327876566,39.900000000000006,7.799999999999997,-1.2521917407626695,-0.16676426903993358,748.8456148600987,750.0,28.84672366071189,0.038521589882183,0.0,0.0,-24.948803135670765,620.4427779024564,97.14281602038562,119.85,44.14722338854094,0.4544569037331237,31.80000000000001,7.5,-1.3261559457959253,0.0292683255899715,42530.0,11.998852114291038,140,attack,1
855.3100600600601,750.0,883.0129298207513,1.0323892715102005,0.0,0.0,32.73822655868403,1682.1198695867029,1.170045045045045,1.0,1.3853141135374818,1.1839835734564812,0.0,0.0,23.851701633710828,929.4411326229351,96.14808022442891,120.45,45.757388741224155,0.4759053808918205,40.60000000000001,7.8999999999999915,-1.243477016944521,-0.19352805177865617,748.8481606606607,750.0,28.814948709642938,0.03847902715581401,0.0,0.0,-24.976491493128176,621.8251273063042,97.75462709557996,120.8,44.661465229899164,0.4568731584053944,32.46249999999999,7.549999999999997,-1.3170295799376845,-0.001405191707269271,42624.0,12.004096001397633,141,attack,1
851.6791283813799,750.0,771.8327669386199,0.9062483055155897,0.0,0.0,26.13925630619149,1103.7270157500561,1.1666549765027705,1.0,1.2851231625058765,1.1015451769281719,0.0,0.0,18.96412547679582,542.8007435935845,96.6455777954775,121.4,46.32655304196606,0.4793447780922046,41.7,7.949999999999989,-1.2288069279625162,-0.2364618310921598,748.8521194267144,750.0,28.765467910355706,0.03841274821039057,0.0,0.0,-25.019729944818025,623.9868865116237,98.26144714986789,121.75,45.23713429630852,0.4603752092854185,34.099999999999994,7.599999999999994,-1.3014331327810906,-0.04961387328957034,42771.0,12.014853116901117,142,attack,1
854.4581826665111,750.0,794.9902127739994,0.9304027147274431,0.0,0.0,26.429681440175006,1131.3453075715054,1.171841828998017,1.0,1.3336986919117824,1.1381217660169727,0.0,0.0,19.039921537966656,545.4053531559429,97.28991104587234,122.35,46.73843923920823,0.48040376167237925,42.44999999999999,8.0,-1.2199151457051163,-0.26125231602727483,748.8546366499476,750.0,28.733960422020747,0.03837054485041861,0.0,0.0,-25.047339897786376,625.3692359552414,98.94335402024964,122.7,45.61726638637265,0.46104426960335976,35.39999999999999,7.6499999999999915,-1.292625463385405,-0.0757531045843236,42865.0,12.005332013379522,143,attack,1
854.9213757515722,750.0,798.3721097244274,0.9338544249435434,0.0,0.0,27.030455335859514,1209.2160736810972,1.1735815153539588,1.0,1.3589644524430018,1.1579634091570796,0.0,0.0,19.23485244767476,560.2125068120931,96.95410433055628,123.15,47.88402270645856,0.4938834001622283,57.0,8.25,-1.1645722173077515,-0.40892186109095263,748.8689903015504,750.0,28.553630580762334,0.03812900647583834,0.0,0.0,-25.206531217365256,633.3692160120089,98.61756811746413,123.55,46.80584050351478,0.4746196990759698,40.150000000000006,7.8999999999999915,-1.234652230984386,-0.23869247252302994,43409.0,12.032021830718104,144,attack,1
853.9053344040381,750.0,795.4235145061938,0.9315125254034626,0.0,0.0,27.068218456378133,1249.8449525468563,1.1736147757255937,1.0,1.3803323356015484,1.1761374891928662,0.0,0.0,19.1092387376173,554.2841159753324,97.42254027384665,124.05,48.411087022852726,0.49691875090480286,58.849999999999994,8.350000000000009,-1.1481623273171735,-0.451326912729467,748.8735574165424,750.0,28.496011516746847,0.038051832962365695,0.0,0.0,-25.257819481512215,635.9574449606579,99.10442117586325,124.45,47.33878008102906,0.47766567343171523,41.400000000000006,7.999999999999986,-1.2177514175730648,-0.2854312828172305,43585.0,12.038324140293538,145,attack,1
854.2502291895856,750.0,800.6588921212125,0.937265059771521,0.0,0.0,27.644860528101937,1324.8772857597571,1.1755592225889255,1.0,1.411433227554042,1.2006483386227473,0.0,0.0,19.260997471117378,563.3992974940116,98.1756352199356,125.05,48.731435407210384,0.49636995266739004,59.349999999999994,8.399999999999991,-1.1449216145156402,-0.4598443114099129,748.8747708104144,750.0,28.480683526764697,0.03803130327910978,0.0,0.0,-25.271498169783914,636.6486197453914,99.88807861599285,125.45,47.628614143559005,0.47681980476029795,41.66250000000001,7.999999999999986,-1.2147880012507053,-0.29367353411611186,43632.0,12.033564422868475,146,attack,1
855.7767265414324,750.0,818.354753931389,0.9562713363784946,0.0,0.0,27.926065954573172,1353.6939736644163,1.1790072672425613,1.0,1.454764824195811,1.2338896159632553,0.0,0.0,19.3386099516583,564.4970328940292,98.72644244665028,126.0,49.21908685188726,0.49854006314958865,60.599999999999994,8.449999999999989,-1.134016003641218,-0.4876024975276061,748.8780108780109,750.0,28.439713192757136,0.037976429778480765,0.0,0.0,-25.30813221911552,638.5015564202331,100.47501673332877,126.4,48.09603891250769,0.47868654792225235,42.55,8.049999999999983,-1.204287845126943,-0.3219359268487061,43758.0,12.033732431875588,147,attack,1
858.3157367798307,750.0,841.7955319130889,0.9807527647940825,0.0,0.0,28.78595077844552,1463.081134097915,1.1837398743970147,1.0,1.5033358474125749,1.269988347886278,0.0,0.0,19.68539177006172,594.47551662873,99.12343207699885,126.9,49.82601282309164,0.5026663401282041,62.400000000000006,8.549999999999983,-1.1169665042470631,-0.5308319272445674,748.8828615636661,750.0,28.378265499270825,0.037894131319839604,0.0,0.0,-25.36327398677085,641.2956673280063,100.90323096236462,127.35,48.69366780153112,0.4825778851392095,49.5,8.149999999999999,-1.187150382863735,-0.36774938839618,43948.0,12.035040880914204,148,attack,1
859.7894473504663,750.0,864.0373821963344,1.0049406687404208,0.0,0.0,29.033372675889254,1500.6406421800873,1.187195815328633,1.0,1.552010817172711,1.3072913475045327,0.0,0.0,19.7504653761025,599.6384453132248,99.91212365511387,127.9,50.137421038050135,0.5018151872251183,62.650000000000006,8.549999999999983,-1.116466703212278,-0.5325638260629146,748.8834205139868,750.0,28.371176203198523,0.037884636548271185,0.0,0.0,-25.369651080832835,641.6191959632021,101.71570211758018,128.35,48.986786314939444,0.48160495670877096,50.287499999999994,8.150000000000006,-1.1870567419292548,-0.368786847582256,43970.0,12.033404948927563,149,attack,1
860.4254483152484,750.0,892.7850796307065,1.037608872888197,0.0,0.0,30.13231191481171,1620.8427591865695,1.1897430039977155,1.0,1.6089696793596473,1.3523674221687096,0.0,0.0,20.15556120960105,631.2617692114986,101.1235971277111,129.0,50.21163356445427,0.4965372572836877,60.94999999999999,8.449999999999989,-1.137885324581705,-0.480246881618112,748.8784466019417,750.0,28.434198975412727,0.0379690443815465,0.0,0.0,-25.313070849165214,638.751555814858,102.9464787614849,129.4,49.03675458295373,0.47633250960012175,43.5,8.049999999999983,-1.2100291298649484,-0.30991577119407143,43775.0,12.018890248020917,150,attack,1
863.0588695392119,750.0,920.9400942081315,1.0670652103950018,0.0,0.0,29.91445090223562,1602.7787890462544,1.195081552370655,1.0,1.666393941141474,1.3943767585031228,0.0,0.0,20.009097131748508,619.965919162997,102.49571033102077,130.1,50.24815083334688,0.49024637881005106,58.19999999999999,8.300000000000011,-1.1687939229091002,-0.4071808437023994,748.8705514274541,750.0,28.533948470202144,0.03810264459700327,0.0,0.0,-25.224027568653185,634.2515667841756,104.35400895010238,130.5,49.01709989027057,0.46971937526337343,40.55000000000001,7.949999999999989,-1.2433951647681571,-0.22594676620949894,43469.0,12.010867889575481,151,attack,1
863.1137774291054,750.0,937.8635410069984,1.0866047623530524,0.0,0.0,30.28142972059665,1645.419648519112,1.196820415791781,1.0,1.711574992733617,1.430101768109704,0.0,0.0,20.081435951962046,621.811959450127,103.58550075852547,131.15,50.39184278326931,0.48647583314522785,56.94999999999999,8.25,-1.1844649093895185,-0.36683238682657304,748.8671635247698,750.0,28.576644600732347,0.0381598312659721,0.0,0.0,-25.18610344585712,632.3398067854163,105.46544017926118,131.55,49.1402008056003,0.4659365259565216,39.67500000000001,7.849999999999994,-1.2606382390964568,-0.1794268026880248,43339.0,12.000493816322995,152,attack,1
866.7692696139192,750.0,961.0607140837756,1.1087849417087159,0.0,0.0,30.23858889852897,1645.3145736883978,1.2029793875958317,1.0,1.7595174610427484,1.4626330917931725,0.0,0.0,20.06496831378338,618.9052231064428,103.89247045278957,132.05,51.08097269527036,0.4916715568765148,59.25,8.350000000000009,-1.1637188275529777,-0.420491899842657,748.8730661525043,750.0,28.50221496647765,0.03806014163777298,0.0,0.0,-25.25228769593959,635.6780338785019,105.80003573954461,132.45,49.82223346440607,0.47090941998410063,41.30000000000001,8.0,-1.2394056222053025,-0.23684374924155183,43566.0,11.997450481485224,153,attack,1
868.9122378428209,750.0,990.811619230916,1.1402896357988064,0.0,0.0,30.487981052028314,1654.2923326747734,1.2075593454713067,1.0,1.8177045396263725,1.505271394274149,0.0,0.0,20.12965846430194,618.3925882831618,105.07670814427826,133.1,51.17540525705096,0.48702901109904645,57.64999999999999,8.300000000000011,-1.184653291911922,-0.3661322903841633,748.8684950449413,750.0,28.559871744969527,0.03813736581782037,0.0,0.0,-25.20098817378812,633.0898049354087,107.02166268421296,133.55,49.86858016819895,0.4659671595212022,40.05000000000001,7.899999999999977,-1.2625216286451335,-0.17319419522397306,43390.0,11.975611909908451,154,attack,1
869.6827217474752,750.0,1009.1225235646846,1.1603341061404895,0.0,0.0,30.769118594836193,1686.7796800674307,1.2096833158159301,1.0,1.8593972509119034,1.5370942349963237,0.0,0.0,20.244812038925332,623.802911999402,104.99087300062267,133.95,52.17485251372936,0.49694655375824837,61.20000000000002,8.5,-1.148493872959127,-0.45976425310782876,748.8782159667321,750.0,28.43711786735923,0.03797295376077879,0.0,0.0,-25.310456400351896,638.6192031941151,106.95614899561303,134.4,50.90257970614391,0.47592008672855035,42.6375,8.049999999999983,-1.225362993969689,-0.27501426141850915,43766.0,11.998599762720644,155,attack,1
869.9375056937232,750.0,1002.9147630615176,1.1528584024685233,0.0,0.0,31.140565682276804,1792.5582808689003,1.2113737815432268,1.0,1.8799927600747153,1.551951006963105,0.0,0.0,20.292677921921154,633.1169519151904,105.49310218527614,134.9,52.69300371243146,0.49949240870637623,62.55000000000001,8.549999999999983,-1.1358356693039178,-0.49201979501522297,748.8818438553338,750.0,28.39116875517956,0.03791141284587487,0.0,0.0,-25.35167516058518,640.7074334478316,107.47561746374237,135.35,51.42656814236623,0.47849520994578454,48.5,8.099999999999994,-1.2121486095994387,-0.3112272410247443,43908.0,11.999846922498635,156,attack,1
869.8681492888849,750.0,1022.8253748116406,1.1758395518306974,0.0,0.0,31.595202165318,1831.305929882422,1.212496602953166,1.0,1.924444432816854,1.5871751130103475,0.0,0.0,20.46009161114914,639.7858751514427,105.70983567645415,135.8,53.44581127614758,0.5055897678218804,65.76250000000002,8.699999999999989,-1.1132955243209035,-0.548515674899317,748.8881239242685,750.0,28.311451009624307,0.03780464678925435,0.0,0.0,-25.423502582183207,644.3544835462761,107.70770302278288,136.25,52.20750127327725,0.48471464721733093,55.29999999999998,8.25,-1.1890759308679568,-0.37295544529014135,44156.0,12.017483723771834,157,attack,1
869.9352655915192,750.0,1042.0155089873492,1.1978081015934245,0.0,0.0,31.972105348038827,1864.7191602967305,1.2138716589601894,1.0,1.96886827646199,1.621974005183164,0.0,0.0,20.58776273816337,644.1040666614467,106.08515922991519,136.75,54.0690571735959,0.5096759769800944,69.4,8.75,-1.0974800122262551,-0.5870172648907515,748.8926130596594,750.0,28.25432825409707,0.037728143877213315,0.0,0.0,-25.47521992546205,646.9868302506587,108.09910677927147,137.2,52.86498828760483,0.4890418604063984,57.42499999999998,8.300000000000011,-1.1735242513318824,-0.4141606534044868,44335.0,12.022013923537026,158,attack,1
869.7353517364203,750.0,1059.4315919786425,1.2181080024670665,0.0,0.0,32.24794966594641,1892.6816894495869,1.2143811219946572,1.0,2.006964220606808,1.652664212459355,0.0,0.0,20.731682187037958,650.5321401665888,105.49395175510897,137.5,55.32697693011701,0.5244563883487053,75.96249999999999,9.050000000000011,-1.0438188980696352,-0.713056015676623,748.9070347284061,750.0,28.07002588181774,0.03748132222045082,0.0,0.0,-25.6435128520159,655.5897513915045,107.53899951745325,137.95,54.20062828129288,0.5040090434586597,62.650000000000006,8.600000000000023,-1.1190377166168024,-0.551489850258323,44920.0,12.056890144399562,159,attack,1
870.7839019734067,750.0,1082.506944276928,1.2431407399972665,0.0,0.0,33.01980201313676,2009.785236474271,1.2170969388887656,1.0,2.0553118223007227,1.6887001820719922,0.0,0.0,20.999910727618374,676.9991665648504,105.99269447703381,138.45,55.83640925909263,0.5267948846341585,78.19999999999999,9.149999999999977,-1.0330300500490894,-0.7381222213660248,748.910164487558,750.0,28.02986797219976,0.03742754378474648,0.0,0.0,-25.68047518771901,657.486805867052,108.06734230160491,138.9,54.71577043089519,0.5063117984172227,64.0,8.650000000000006,-1.1086842421286993,-0.5777376256303643,45049.0,12.07035346855865,160,attack,1
871.9863749972352,750.0,1103.8766781621382,1.2659334019589907,0.0,0.0,33.38940482910906,2061.89976189202,1.2199685917144059,1.0,2.101605097561459,1.722671478458393,0.0,0.0,21.127309648293398,686.9186667477785,106.43819190789645,139.35,56.35930989130574,0.5295026989943122,80.25,9.25,-1.0195107659908471,-0.7685915295899246,748.9140695848356,750.0,27.979680392780658,0.03736033482224648,0.0,0.0,-25.726817785788654,659.869153383171,108.53891864298511,139.85,55.24650134744272,0.5090017667226253,66.35,8.75,-1.095368675236751,-0.6103020444345657,45211.0,12.077179014442581,161,attack,1
873.1656610470275,750.0,1124.126499286658,1.2874149195682971,0.0,0.0,33.75285205791521,2121.757637895884,1.2231810115350488,1.0,2.1503470337686577,1.7579957614532034,0.0,0.0,21.206274885142403,694.639734215413,107.59823346880424,140.4,56.38778149023402,0.5240586176220302,78.80000000000001,9.174999999999997,-1.0319568325836965,-0.7404148489973332,748.9109139307897,750.0,28.020243280594183,0.03741465474648386,0.0,0.0,-25.689349683844544,657.9426871788432,109.73900443444987,140.9,55.22352862108772,0.503226076322519,64.35,8.699999999999989,-1.1090580980668066,-0.5774470499725566,45080.0,12.06663912748607,162,attack,1
873.8881866365068,750.0,1146.3664541870203,1.3117999209936118,0.0,0.0,33.67270770537693,2118.6452022056874,1.2256004257867075,1.0,2.1992632518657906,1.7944374084678483,0.0,0.0,21.16213581469555,690.3234011940673,108.36502321381487,141.4,56.73956303184544,0.5235966490764524,79.10000000000001,9.199999999999989,-1.032341311287707,-0.739828437943256,748.9112279067705,750.0,28.016210069185625,0.037409253627418274,0.0,0.0,-25.693070334493843,658.1338632132481,110.5225753181425,141.9,55.575466793983594,0.5028426693280352,64.35,8.699999999999989,-1.110008931340275,-0.5758360088824337,45093.0,12.068773894337504,163,attack,1
873.9444937438992,750.0,1142.6818781042905,1.307499373569075,0.0,0.0,33.759182060716306,2210.4107483709295,1.2271718874789246,1.0,2.224787551499735,1.8129388182696153,0.0,0.0,21.104875682598074,693.0425578817619,109.23617702352387,142.4,56.98368336161537,0.5216557821255866,78.9625,9.199999999999989,-1.0351865098030382,-0.732975862361533,748.9108172863608,750.0,28.02148461919537,0.037416317099984955,0.0,0.0,-25.688204759844425,657.8838637836932,111.42888273921821,142.9,55.78832089537464,0.5006630195327224,64.3,8.699999999999989,-1.1136463148050348,-0.5666622625136211,45076.0,12.062912252713424,164,attack,1
872.7198067632851,750.0,1163.5668648338785,1.3332651050390132,0.0,0.0,34.506673652047375,2317.303599999193,1.2269423392279395,1.0,2.2721326134552418,1.8518658463485695,0.0,0.0,21.333308387303905,712.9462471220156,109.92068719471872,143.4,57.38354678148344,0.5220450148736016,79.7375,9.199999999999989,-1.0322342821256159,-0.7398729266880268,748.912024110269,750.0,28.00597973378415,0.03739555359263477,0.0,0.0,-25.70251264419078,658.6191562247873,112.11982082719499,143.9,56.21035363457416,0.501341807540065,65.0,8.699999999999989,-1.1111530053538823,-0.5734417479226623,45126.0,12.067595784326075,165,attack,1
873.0511464628511,750.0,1191.7539745916351,1.3650448538095414,0.0,0.0,34.459455748148095,2291.168394956399,1.2290259509420547,1.0,2.3283557888311286,1.8944724373366013,0.0,0.0,21.30142191438841,706.042556995291,111.02451321299957,144.45,57.49219760514354,0.5178333679774416,78.60000000000001,9.149999999999977,-1.0442974541931438,-0.7124345334431248,748.9091717028084,750.0,28.042612649294803,0.03744461105414667,0.0,0.0,-25.668733238510082,656.8838660697925,113.23965665226184,144.9,56.30352697122054,0.4972067969449812,63.5,8.650000000000006,-1.1242973574814108,-0.5418918627258282,45008.0,12.061811430656242,166,attack,1
873.7684187181193,750.0,1210.780242563611,1.3856992500826617,0.0,0.0,34.57305104567926,2309.49094812095,1.2313373253493014,1.0,2.3734967478674864,1.9275763830144443,0.0,0.0,21.327912045360307,706.1756698859577,111.68539533162331,145.4,57.86995155535692,0.5181514680905754,79.55000000000001,9.199999999999989,-1.0389382401710108,-0.7241631346739514,748.9111554668441,750.0,28.01714065569832,0.03741049983189722,0.0,0.0,-25.69221177062857,658.0897456668247,113.91105738369929,145.9,56.682521571479306,0.4976033308210744,64.35,8.699999999999989,-1.1187538191610495,-0.5549333947479003,45090.0,12.058359619024973,167,attack,1
874.4521261273239,750.0,1229.0616887594674,1.405521985751923,0.0,0.0,34.66813789980857,2330.612849218524,1.233663497972479,1.0,2.4185599098134647,1.9604697016555634,0.0,0.0,21.3413145927042,706.1211708237867,112.39584307170789,146.35,58.248594191367005,0.5182450934079897,80.10000000000001,9.25,-1.0371949165840393,-0.727519488083141,748.912096434665,750.0,28.00505025891491,0.037394308881159945,0.0,0.0,-25.703370863981476,658.6632737713713,114.64310786361321,146.9,57.063536910079364,0.49774938915617856,65.05,8.699999999999989,-1.1176946141412265,-0.5572087282557394,45129.0,12.058007091381278,168,attack,1
875.0848726467331,750.0,1245.5517635117906,1.4233496686379277,0.0,0.0,34.91217247914842,2367.5392668186614,1.2359468438538206,1.0,2.4622845376725344,1.992225272403185,0.0,0.0,21.39471222551926,708.2966388046742,113.15767212424085,147.35,58.59428232750621,0.517810955523837,80.42500000000001,9.25,-1.0372265172709372,-0.7272761659090383,748.9126024363234,750.0,27.998546525008035,0.03738559937958665,0.0,0.0,-25.709377600358852,658.9720965978333,115.41640887503877,147.85,57.41451362789186,0.49745538080338725,65.35,8.75,-1.1179424353935496,-0.5568497772683272,45150.0,12.056026933313765,169,attack,1
875.9550601714108,750.0,1267.300382380619,1.4467641549243726,0.0,0.0,34.987602648964845,2376.8233711203634,1.2387539411163906,1.0,2.512766280349423,2.028462793898251,0.0,0.0,21.38856313548293,706.004298449379,114.2222893735491,148.4,58.76141217248106,0.5144478585988548,79.65,9.174999999999997,-1.0493913315355339,-0.6989938644556348,748.9098983080954,750.0,28.033285570129625,0.037432120517382934,0.0,0.0,-25.677325435702123,657.3250415309556,116.50756568024782,148.9,57.55534328929365,0.4940052000335574,63.8875,8.650000000000006,-1.131409025226684,-0.5235165812732574,45038.0,12.049648907215577,170,attack,1
877.4855186823446,750.0,1293.3340542485112,1.4739092859225935,0.0,0.0,34.811918901542334,2353.9043536775166,1.2423481295427772,1.0,2.5661692843456168,2.065579867126332,0.0,0.0,21.325573579555794,700.2312867475948,115.16847729959044,149.4,58.971140816152726,0.5120423765154916,79.25,9.150000000000006,-1.0558116348345525,-0.6833419760354658,748.9087110182489,750.0,28.048524616859954,0.03745252819762766,0.0,0.0,-25.663290025736913,656.6044549450869,117.47523587161307,149.95,57.7511890254071,0.49160309061666846,63.30000000000001,8.600000000000023,-1.138606688842182,-0.5052422542483175,44989.0,12.039945076105548,171,attack,1
879.3214246039681,750.0,1311.2215810765347,1.491174381048531,0.0,0.0,34.893512669212946,2376.8074993754853,1.2462396409606968,1.0,2.611209002006385,2.095270376725832,0.0,0.0,21.334562749330168,700.6266827787484,115.95720144313186,150.4,59.27805536868937,0.5112063298436943,79.60000000000001,9.150000000000006,-1.0559827667677586,-0.6821521947971014,748.9091959385901,750.0,28.042301596651953,0.037444194501453816,0.0,0.0,-25.669019691419386,656.8985719184755,118.29286636048347,150.9,58.033920559104786,0.4905952687142883,63.5,8.650000000000006,-1.139239768265149,-0.5027554708349653,45009.0,12.02621881764521,172,attack,1
880.4402333659926,750.0,1326.343859484719,1.506455304085777,0.0,0.0,35.22409966969719,2426.9623788542885,1.2493765030729491,1.0,2.6558160141369105,2.1257131117839196,0.0,0.0,21.3941513543743,703.6195992268123,116.96654189149658,151.45,59.50491920669633,0.5087345342046256,78.85,9.100000000000023,-1.0676965267624448,-0.6536042403562639,748.9067426739111,750.0,28.073770282153657,0.03748633665911262,0.0,0.0,-25.640071786346535,655.4132812090044,119.33565655081502,151.95,58.242454507931356,0.4880557596222785,62.55000000000001,8.600000000000023,-1.1526460628720563,-0.4683594764233576,44908.0,12.012483451942698,173,attack,1
880.3078017021088,750.0,1340.516068471321,1.5227810839338034,0.0,0.0,35.66525085437775,2483.445043054648,1.2505166322245185,1.0,2.6964662583028276,2.156281802910641,0.0,0.0,21.513137399564044,709.6962324646488,117.52343315514265,152.4,60.010928923793834,0.510629474588046,79.85000000000001,9.150000000000006,-1.0615118158006769,-0.6673122891718863,748.9090505077439,750.0,28.044168067786035,0.03744669402616072,0.0,0.0,-25.66730092601084,656.8103368263963,119.90342178552542,152.95,58.77032577339068,0.49014719428537074,63.45,8.649999999999977,-1.146553805885245,-0.48322945947935914,45003.0,12.013323329965157,174,attack,1
882.1852812700947,750.0,1364.077510975017,1.5462483221337986,0.0,0.0,35.55345005746908,2469.205691816334,1.2543293642874564,1.0,2.7452857346081005,2.1886482233217968,0.0,0.0,21.489979684610788,706.8251950073344,118.09950853528365,153.35,60.49260029698105,0.5122172060428868,80.875,9.25,-1.0552498351743131,-0.681672980641542,748.9113727577109,750.0,28.014349174309547,0.0374067615920326,0.0,0.0,-25.694787376161237,658.2220983061343,120.50254722914036,153.9,59.236602176675575,0.49157966813792603,64.5,8.699999999999989,-1.1400550651062464,-0.49883105811853357,45099.0,12.012625243925921,175,attack,1
883.3155282231496,750.0,1382.5557065077785,1.5651889526824974,0.0,0.0,35.69579268955724,2484.3941017105553,1.2565561168460355,1.0,2.7838138098472687,2.2154313464604036,0.0,0.0,21.582720596479806,711.4173886548284,117.8177628914118,154.2,61.54281696488339,0.522356013681953,106.32499999999999,9.400000000000006,-1.0195611232463262,-0.7625706043460152,748.9216780144959,750.0,27.881637240834912,0.0372290428483167,0.0,0.0,-25.817829484371995,664.560319284108,120.22958981535251,154.75,60.33669179727212,0.5018456096368344,75.89999999999999,8.849999999999994,-1.1024789483506194,-0.5901089052617232,45530.0,12.033828034262129,176,attack,1
885.2047445335197,750.0,1409.3028026530453,1.5920642217024175,0.0,0.0,35.39163810218376,2443.4844689454812,1.2600974245833243,1.0,2.8325868655895583,2.2479110030132854,0.0,0.0,21.53313917582806,706.8915601754069,117.9646731531568,155.05,62.32197199625356,0.5283104706723446,109.14999999999999,9.599999999999994,-1.0007758300593603,-0.8032356536986729,748.9275431966622,750.0,27.80582040535485,0.03712751741866872,0.0,0.0,-25.888647624822255,668.2220758422153,120.40001012667382,155.65,61.13692947723441,0.507781763580516,79.775,9.0,-1.0833035170773542,-0.6346821352112366,45779.0,12.037044171697028,177,attack,1
884.3873011739687,750.0,1429.4972473921791,1.6163701644003834,0.0,0.0,35.79876597090578,2492.139290284385,1.2599223140854545,1.0,2.8745842876434464,2.281556771799882,0.0,0.0,21.68708834617737,717.2860117991011,117.97938539712399,155.95,63.15293784737958,0.5352879033468764,112.05000000000001,9.700000000000017,-0.9766385400181973,-0.8554356857246765,748.9346179719203,750.0,27.714090015871673,0.03700468552371117,0.0,0.0,-25.974846568354813,672.6926542495731,120.42167068667405,156.5,62.02753072192745,0.5150861167116448,107.2,9.150000000000006,-1.0584905793806763,-0.6931912786623591,46083.0,12.051188660534807,178,attack,1
884.3392126186751,750.0,1441.4089700154705,1.629927690017521,0.0,0.0,36.100828592934015,2533.460332080137,1.26028160562354,1.0,2.9042936605843277,2.304479925458717,0.0,0.0,21.83674241937777,725.8954724427185,117.32430280985442,156.65,64.3753989257269,0.5486961983491098,118.6,10.049999999999983,-0.9317321961479992,-0.9488191512798991,748.9478150918326,750.0,27.542156971012677,0.036774467347415365,0.0,0.0,-26.137953935174174,681.1926359172866,119.77641820126017,157.25,63.32767778721514,0.5287157416980505,112.369327,9.449999999999989,-1.0115704142561281,-0.7986661495718201,46661.0,12.080302038256981,179,attack,1
883.7946595347257,750.0,1442.055623225924,1.6316636536196032,0.0,0.0,36.82235639316468,2645.613217642209,1.2601884870096791,1.0,2.926189882571513,2.3220255642194565,0.0,0.0,22.066215344252225,741.0026907758488,117.04150280137553,157.4,65.31515748684468,0.5580512546706387,122.9,10.349999999999994,-0.8981869271134421,-1.0162679712527785,748.9578875870267,750.0,27.41020182131971,0.03659778777366134,0.0,0.0,-26.26451931536313,687.8249748670831,119.50329891730345,158.1,64.30720098513285,0.5381207177354458,117.2125,9.650000000000006,-0.9764446826690565,-0.8746260231318947,47112.0,12.100331495521472,180,attack,1
882.9849203659776,750.0,1452.713746354558,1.6452305275524304,0.0,0.0,37.24425713072273,2710.6422355415325,1.2603354794984751,1.0,2.9629545017011716,2.350925249585308,0.0,0.0,22.17366506875026,747.3221829101077,117.6285465217898,158.35,65.71427601213684,0.5586592536868911,123.85000000000001,10.400000000000006,-0.891638837555175,-1.0288225653647505,748.9601829888173,750.0,27.380041319492722,0.03655740577587091,0.0,0.0,-26.293618682930905,689.3543834433738,120.10356486104287,159.05,64.70967665886423,0.5387823145277317,118.34150325,9.699999999999989,-0.9696598931159777,-0.8888902931465257,47216.0,12.098980412671015,181,attack,1
884.7397478656682,750.0,1465.111571239561,1.655980275300135,0.0,0.0,37.73617189469879,2794.3989638480866,1.2632727120172844,1.0,2.9947291609939852,2.370611770922992,0.0,0.0,22.35764497524915,762.3402590470013,117.34256596387671,159.15,66.62627575936038,0.5677928994655779,127.56666666666666,10.650000000000006,-0.8593538470377204,-1.0902728946993065,748.970150819122,750.0,27.2486792204431,0.03638152894430064,0.0,0.0,-26.42110818707554,696.0749578331494,119.82816957300777,159.85,65.6598158595384,0.5479497524956668,123.25,9.950000000000017,-0.935815812280631,-0.9584320903860424,47673.0,12.109518760188031,182,attack,1
884.4979096989966,750.0,1483.3030539120432,1.6770000670966265,0.0,0.0,37.817503225528185,2808.291331029666,1.2640468227424748,1.0,3.036726698484059,2.4023846615868067,0.0,0.0,22.393412334844157,763.7604786527288,117.75350706221677,160.05,67.13740456251423,0.5701520594799883,129.0625,10.75,-0.8483827160342617,-1.1109347985576041,748.973745819398,750.0,27.20114557792457,0.03631788928484504,0.0,0.0,-26.46754305168229,698.5308351926557,120.23491191640886,160.75,66.20888320338096,0.5506627164114487,124.69999999999999,10.050000000000011,-0.9244599280790495,-0.9820228015799493,47840.0,12.11864979646599,183,attack,1
886.3150765855099,750.0,1507.8449703433632,1.7012516318150313,0.0,0.0,37.72173154105743,2802.568377276876,1.2686611249419806,1.0,3.0954370689130357,2.4399242698120815,0.0,0.0,22.29792665551979,756.8877398339563,119.65663374491756,161.25,66.78084968045862,0.5581040314306448,125.7,10.550000000000011,-0.8816968777654641,-1.0472240562436768,748.9641757036162,750.0,27.327499154078016,0.03648705778004019,0.0,0.0,-26.344465234382746,692.0308484856014,122.18280058228196,161.95,65.78092600182319,0.5383812262309713,120.5875,9.800000000000011,-0.9601773406880694,-0.9087152713301214,47398.0,12.087043136746674,184,attack,1
886.7007513747219,750.0,1526.1440763675291,1.7211489603470258,0.0,0.0,37.74882701996596,2809.0814263113166,1.270117113713638,1.0,3.135930383486399,2.469008841489738,0.0,0.0,22.332523631486467,758.2596536629708,119.87125724978759,162.15,67.4044187441421,0.562306763861539,127.75,10.650000000000006,-0.8648841684038755,-1.078938563550641,748.9695672249507,750.0,27.256387726214108,0.03639184944083013,0.0,0.0,-26.413593088033917,695.6778998202329,122.40784736699827,162.85,66.42697309834034,0.5426692367130815,123.1,9.950000000000017,-0.9426013190316106,-0.9447846288519051,47646.0,12.09543859141883,185,attack,1
888.0273961055382,750.0,1546.216501889485,1.7411810814288482,0.0,0.0,37.91862258295163,2829.582837246441,1.2736449464722246,1.0,3.186355971325589,2.5017615624756666,0.0,0.0,22.34054354748109,757.2443706574005,121.15606081390057,163.25,67.43200136474094,0.5565714245886433,126.69999999999999,10.550000000000011,-0.8808595200250668,-1.0477700432759578,748.9653544634579,750.0,27.31196781627378,0.036466263297104666,0.0,0.0,-26.359532706315886,692.8249644953374,123.7174910240875,163.95,66.42374164288637,0.5368985508278197,121.25,9.849999999999994,-0.9597919923822538,-0.9088415154700384,47452.0,12.074775064128595,186,attack,1
892.377660841508,750.0,1585.83170039532,1.7770858348245606,0.0,0.0,37.574615454795655,2774.899243324641,1.2833539054548604,1.0,3.2755576141348546,2.5523416418590283,0.0,0.0,22.07200579041683,737.7601239229799,120.0150791258336,164.05,68.62732694807086,0.5718225363674208,132.275,11.0,-0.8176439212750868,-1.1589449742349862,748.9368327594794,750.0,27.685310601012674,0.03696614906627752,0.0,0.0,-26.002007920136087,674.1044158788194,122.65716705166848,164.85,67.66562377736678,0.5516646552652166,128.025,10.150000000000006,-0.8957037237836639,-1.032019494689652,46179.0,12.07208555808995,187,attack,1
893.2772853004595,750.0,1605.5623820482672,1.7973840916689447,0.0,0.0,37.74283685310439,2800.4566229768716,1.2865419380131988,1.0,3.328035883909076,2.58680714990803,0.0,0.0,22.065874993937033,736.4624815853241,121.48151261242924,165.2,68.56931505941057,0.5644423878567592,130.3,10.800000000000011,-0.8388588509807956,-1.119428310178889,748.9306732298041,750.0,27.765274505034412,0.03707322386102196,0.0,0.0,-25.92667853253469,670.192659729395,124.15593717371985,165.95,67.56856320700679,0.5442233754191262,125.60000000000001,10.050000000000011,-0.9185813236942195,-0.9862265653371236,45913.0,12.05180640833313,188,attack,1
895.2925874369237,750.0,1628.9777987662048,1.819492109757886,0.0,0.0,37.65421060242025,2786.376520152552,1.2905428919436228,1.0,3.3767574742462187,2.6165402911643265,0.0,0.0,22.05031682044238,734.3374910727682,122.10990696907155,166.15,68.99005685918132,0.564983289002549,130.9,10.849999999999994,-0.8362891814690063,-1.1235934939877095,748.9321385070472,750.0,27.746273078448258,0.037047779968100776,0.0,0.0,-25.94453946945561,671.1191282821399,124.79910743155122,166.95,67.9889410067161,0.5447870774557111,126.2,10.050000000000011,-0.9159593015098086,-0.9909240497294363,45976.0,12.047188662326864,189,attack,1
896.3567588743553,750.0,1645.412740500074,1.83566724321506,0.0,0.0,37.9086751657376,2820.2910612009596,1.2934685616035868,1.0,3.421509094692897,2.6452201439291705,0.0,0.0,22.099785151240127,736.2581584354656,123.02287632366611,167.15,69.20089234391256,0.5625042627181711,130.71875,10.849999999999994,-0.8402843872303932,-1.1148748903783574,748.9314645134612,750.0,27.75501491974105,0.03705948572713784,0.0,0.0,-25.936319296117986,670.6926586301821,125.73496814453608,167.95,68.18278009592568,0.5422738089657568,125.95,10.050000000000011,-0.9205049711461195,-0.9805641376270091,45947.0,12.02996891315299,190,attack,1
897.1337443628679,750.0,1665.8011052450875,1.856803532039826,0.0,0.0,38.218216764244865,2871.002377321491,1.2960501949848586,1.0,3.4700647390288513,2.6774153905893985,0.0,0.0,22.16684765308437,742.4117295156135,123.9445469609547,168.2,69.44056109835856,0.5602550721350725,130.78750000000002,10.800000000000011,-0.8458749542010701,-1.1031838120311175,748.9303936733404,750.0,27.76889825243639,0.03707807626318381,0.0,0.0,-25.92327505408039,670.016189529507,126.67786624354589,168.95,68.41274393972373,0.5400528598121164,125.55000000000001,10.050000000000011,-0.9267526602733736,-0.9668402061119812,45901.0,12.018313913674323,191,attack,1
898.6598380389582,750.0,1689.540290350068,1.8800665377869306,0.0,0.0,38.19436451479597,2867.570669632191,1.3,1.0,3.525236224076889,2.711720172366838,0.0,0.0,22.124767247955198,738.674644349518,125.3617175413584,169.3,69.33841738811535,0.5531067916745774,129.1,10.699999999999989,-0.8630782293222518,-1.06996687586906,748.9254541475159,750.0,27.832848519410522,0.03716371017338701,0.0,0.0,-25.86335738481855,666.9132552148477,128.13517061532062,170.05,68.24684865747159,0.5326160517033844,123.64999999999999,9.949999999999989,-0.9451452097287125,-0.9284979675207472,45690.0,11.995280275837628,192,attack,1
899.2514152077459,750.0,1705.6695448097273,1.8967660389121344,0.0,0.0,38.391773504033004,2897.5980519611535,1.3021004087163683,1.0,3.5677921131118726,2.7400284104273185,0.0,0.0,22.173025465158087,741.0498506983947,126.00212239467119,170.25,69.73857828793805,0.553471457167196,129.65,10.75,-0.8605062301278642,-1.07361172771772,748.9269337529779,750.0,27.813708116312437,0.03713807964808268,0.0,0.0,-25.881262019995432,667.8397237476582,128.79362299348674,171.05,68.64697349665933,0.5329997860230308,124.35,9.949999999999989,-0.9426331881033223,-0.932565862615113,45753.0,11.98982630824862,193,attack,1
899.8025605295245,750.0,1707.0960417322817,1.897189579820348,0.0,0.0,39.13083494470371,3012.2890780169123,1.3038886953492423,1.0,3.5952634652041944,2.757339240709664,0.0,0.0,22.354291889081125,752.558953997629,126.35266182881767,171.15,70.29624223014476,0.5563495158129866,131.25,10.849999999999994,-0.8496308567866738,-1.0927727495719675,748.931022469953,750.0,27.76074681513828,0.0370671610365186,0.0,0.0,-25.930932252418952,670.4132474795416,129.16893438281656,171.95,69.20295400413828,0.5357553991971649,125.91250000000001,10.050000000000011,-0.9312911305090236,-0.9543169038876194,45928.0,11.985922152865347,194,attack,1
900.9985614646905,750.0,1724.2374472618947,1.9136961156285557,0.0,0.0,39.29246290533432,3039.737194958598,1.3070401046207498,1.0,3.641233533953013,2.785862133135962,0.0,0.0,22.37568610303554,753.3697301907999,127.30174534895,172.2,70.49649562469385,0.5537747768614966,130.85000000000002,10.800000000000011,-0.8549508099463772,-1.0816835878458748,748.929904097646,750.0,27.775243225925664,0.03708657255366359,0.0,0.0,-25.917317891328796,669.7073666801915,130.1548220340889,173.0,69.36972226713671,0.5329785034700294,125.4625,10.0,-0.9373053875149847,-0.9410158643626905,45880.0,11.972686447079246,195,attack,1
907.6197746109895,750.0,1772.1869119481223,1.9525653379551926,0.0,0.0,38.829811000362504,2963.3722738049664,1.3211906321280968,1.0,3.7515371762462157,2.839512395121557,0.0,0.0,22.025822007480762,728.80561135686,126.75663807416979,172.7,71.18371148543163,0.5615777805954393,134.45,11.400000000000006,-0.8134269156534369,-1.1490079451684074,748.8912125386752,750.0,28.272161881294135,0.037752027808490365,0.0,0.0,-25.459051490278284,646.1633027846409,129.732857935658,173.65,70.05357918614956,0.5399833188049644,129.17499999999998,10.5,-0.8966605649584728,-1.0138914089761832,44279.0,11.951241118781514,196,attack,1
908.1682112020252,750.0,1788.775811057245,1.9696525258131123,0.0,0.0,39.27836653812234,3035.9170301813533,1.3235161159079607,1.0,3.7974772491276716,2.8692338563044393,0.0,0.0,22.118546362549584,736.5479444318485,127.63892235614264,173.75,71.44711798691537,0.5597596459453105,134.15,11.349999999999994,-0.8182676768227015,-1.1384755096408656,748.8902852493106,750.0,28.28396335681833,0.03776783317118663,0.0,0.0,-25.448363138439227,645.6191864258724,130.6539562826952,174.65,70.30196030918454,0.5380775470516377,128.83749999999998,10.5,-0.9025659361052544,-1.0007301885099,44242.0,11.939994653351919,197,attack,1
909.5590983809589,750.0,1799.5648928502535,1.978502437118743,0.0,0.0,39.63064559309672,3091.4802964844216,1.3264428381634354,1.0,3.8332245842742845,2.8898528259096983,0.0,0.0,22.212628434230776,742.1262315735216,127.98760737910892,174.6,71.99645825669049,0.562526792484147,135.75,11.550000000000011,-0.8079541328209605,-1.1558585129392793,748.8944583305185,750.0,28.230814068719653,0.03769665238497493,0.0,0.0,-25.496569631641577,648.0750629811471,131.01931547821388,175.55,70.86512071062614,0.5408753698030861,130.3,10.599999999999994,-0.8919761434060529,-1.020350988496524,44409.0,11.94020611680509,198,attack,1
910.3484992101106,750.0,1813.3019867394978,1.9918767244773403,0.0,0.0,39.90089677970698,3139.9953786367337,1.3292484766418415,1.0,3.8784557729137545,2.9177808672101135,0.0,0.0,22.24412766846607,743.9347353371367,129.0563646037237,175.65,72.17213224574105,0.559229546464837,134.8,11.449999999999989,-0.8180123774852712,-1.136247446557166,748.8919882645001,750.0,28.262285523731318,0.0377388007437855,0.0,0.0,-25.468003142371877,646.6191840598634,132.10581686215298,176.6,71.02361904339853,0.5376267353731197,129.4375,10.550000000000011,-0.9027624013298279,-0.9977064736934937,44310.0,11.920383269575959,199,attack,1
910.7979072169578,750.0,1827.916701008984,2.0069399441138183,0.0,0.0,40.012551164444325,3164.067221077028,1.3307585215790183,1.0,3.9158065926861036,2.942537304243435,0.0,0.0,22.29561659382486,747.0676320866024,129.26174807837327,176.5,72.7793637899269,0.5630386782778128,136.85,11.650000000000006,-0.8034740472221982,-1.1609080007784138,748.8975614137513,750.0,28.19122715376395,0.03764363593405914,0.0,0.0,-25.532592777941513,649.913293964192,132.337035089572,177.5,71.63745220950499,0.5413258061964087,131.45,10.650000000000006,-0.8876868982012097,-1.025744725340903,44534.0,11.924354559142609,200,attack,1
911.2201094849737,750.0,1840.137704956623,2.0194217465159747,0.0,0.0,40.23226178290169,3204.044814909672,1.3322310356384761,1.0,3.951151444485575,2.9658154920493747,0.0,0.0,22.36889894748443,751.6101943248004,129.45005082318852,177.3,73.43436110364722,0.5672795077071754,138.40625,11.849999999999994,-0.7900739247657668,-1.1834249123486198,748.90300525081,750.0,28.121643114075933,0.03755044767734362,0.0,0.0,-25.596157649171296,653.1632864012305,132.5301184143224,178.35,72.31686367403996,0.5456636162352115,133.45,10.800000000000011,-0.8735023674439468,-1.051771127053824,44755.0,11.929428434685347,201,attack,1
910.9991051053738,750.0,1857.501737898186,2.0389720774570157,0.0,0.0,40.385851101286114,3228.755496624114,1.3335719719003087,1.0,3.9982893840422613,2.9981804269212353,0.0,0.0,22.385440686464555,751.9237806703057,130.40147306067374,178.35,73.66895552279121,0.5649395961080456,138.39999999999998,11.800000000000011,-0.7964593697992757,-1.1711929739336786,748.9016063358539,750.0,28.13954080776745,0.03757441641158389,0.0,0.0,-25.579778205656364,652.3250530505723,133.50284119318536,179.4,72.53594824678198,0.5433288729924391,132.9875,10.75,-0.8804823350901022,-1.0373863277297297,44698.0,11.918497497759004,202,attack,1
911.9653822194535,750.0,1871.4087738960686,2.052061197039754,0.0,0.0,40.60443738973177,3259.705557119656,1.3356767820592685,1.0,4.034048237087255,3.020227865957058,0.0,0.0,22.466411024974512,756.2893263589937,130.4853816959689,179.15,74.39801395889164,0.5701635922117245,140.10000000000002,12.0,-0.7813557404639572,-1.1964067773861284,748.9077155824508,750.0,28.06129477094167,0.037469629684770245,0.0,0.0,-25.651540210122185,656.0015151515152,133.58561906262793,180.25,73.3024977479051,0.5487304566335036,135.25,10.900000000000006,-0.8645073953071151,-1.066592639985472,44948.0,11.91609510731419,203,attack,1
912.7613143211407,750.0,1877.3866544293885,2.056821016593676,0.0,0.0,41.124376290520246,3342.040709887127,1.3376361704012045,1.0,4.064129192168662,3.0382919377469326,0.0,0.0,22.599334960799457,764.4425069199439,130.70359091112581,180.0,75.00546961427338,0.5738592879615271,142.0,12.199999999999989,-0.7684064773359139,-1.2175575781911248,748.9129395093437,750.0,27.99421321886873,0.03737979642494809,0.0,0.0,-25.71338131173153,659.177978482505,133.80917744717033,181.1,73.93242735177448,0.5525213498974239,137.3,11.099999999999994,-0.8507344400409557,-1.091351881506706,45164.0,11.911925787628467,204,attack,1
912.054786115007,750.0,1881.7325823225674,2.063179329761543,0.0,0.0,41.60673095486307,3420.7060827917403,1.3369126928471249,1.0,4.085822991126495,3.0561629139934468,0.0,0.0,22.76462855806352,774.9715799616189,130.23103554025457,180.6,75.95191844327765,0.5832090494266309,147.2125,12.599999999999994,-0.7379866347255564,-1.2673161308067846,748.9240883590463,750.0,27.850504823242318,0.03718735350636811,0.0,0.0,-25.84686278711012,666.0603159356979,133.34205384050665,181.825,74.93253041357367,0.5619572239617826,141.55,11.375,-0.8188100802271073,-1.1487456520514472,45632.0,11.934235715064665,205,attack,1
911.9050075408188,750.0,1890.4827394149036,2.073113672786013,0.0,0.0,42.02737394125671,3490.5382775296403,1.3378505387860375,1.0,4.120756107580964,3.0801318892618066,0.0,0.0,22.859492661676516,780.7621956282087,130.7194971131685,181.5,76.40065778921307,0.5844626048635294,148.54999999999998,12.699999999999989,-0.7320936062381636,-1.275611047557911,748.9268868440034,750.0,27.81431514137936,0.037138892500694666,0.0,0.0,-25.88069380924934,667.8103120481169,133.84163048075453,182.75,75.39321387530019,0.5633016693273264,142.65,11.449999999999989,-0.8127136831113475,-1.1584305428885722,45751.0,11.924651151356342,206,attack,1
911.3568147680519,750.0,1898.1801196532151,2.0828067436312727,0.0,0.0,42.52029910632573,3567.271364165927,1.3380717069029322,1.0,4.152914871072247,3.103656440568855,0.0,0.0,22.980156396252173,787.9674045149347,130.99366311494802,182.4,76.99351541067259,0.5877651909246185,150.29999999999998,12.849999999999994,-0.7221510544561881,-1.2905304489972904,748.9312319045649,750.0,27.758031264163673,0.03706352476925523,0.0,0.0,-25.933484149450134,670.5456001297814,134.1207902027124,183.6,76.00810002935367,0.5667137802757779,145.3,11.650000000000006,-0.8022589265128787,-1.1757933248391896,45937.0,11.932110513057884,207,attack,1
911.2389476187387,750.0,1909.018534926486,2.094970303799193,0.0,0.0,43.06872511178771,3658.6592276911024,1.3385001189009231,1.0,4.1837193864425855,3.1256772617083852,0.0,0.0,23.14207496366461,800.44325836526,130.94652953051593,183.15,77.69932213697723,0.5933667918924884,153.12,13.099999999999994,-0.7029706109851412,-1.320293792653113,748.9386255053289,750.0,27.66199322779505,0.03693492668926077,0.0,0.0,-26.02405564496046,675.251472211998,134.07594232786388,184.35,76.74263273691213,0.5723818263327868,149.1,11.900000000000006,-0.7819660507845417,-1.2103726132029382,46257.0,11.937958817370774,208,attack,1
910.3186893412351,750.0,1911.0580914738437,2.099328634960585,0.0,0.0,43.717220824123544,3765.6760111542953,1.3378639525895388,1.0,4.207469316383944,3.144915675648531,0.0,0.0,23.30882830136432,811.049671300375,130.91045102305367,183.9,78.38381822197957,0.5987590571220015,155.6,13.349999999999994,-0.6843830870094624,-1.348009450105309,748.9458043459589,750.0,27.568422764834455,0.036809636431449765,0.0,0.0,-26.112905146325318,679.8838151809833,134.04411640681096,185.1,77.46540794432993,0.5779097958259495,152.0,12.150000000000006,-0.7625484864781882,-1.2425094153569898,46572.0,11.94881262351684,209,attack,1
910.2646097305613,750.0,1921.6365073144652,2.111074611461903,0.0,0.0,44.04584925736368,3818.979084073925,1.3386038759855559,1.0,4.240457267763836,3.1678208496458833,0.0,0.0,23.402903037815083,816.6851146300554,131.13563093856536,184.7,78.91755795076139,0.601801031389652,157.35,13.600000000000023,-0.6716598127538923,-1.3660672321014922,748.9509625862695,750.0,27.500991495180628,0.03671934862092239,0.0,0.0,-26.177308018101712,683.2514550745726,134.27329757951753,185.95,78.02249737129183,0.5810723262016143,153.95,12.350000000000023,-0.7492010122170784,-1.263656332214994,46801.0,11.943689082157544,210,attack,1
910.6408514780253,750.0,1932.9124429462854,2.122584814648993,0.0,0.0,44.51353055535792,3898.8251303343477,1.3393004507078017,1.0,4.26731251973814,3.1862249560828,0.0,0.0,23.57085117498556,829.7419754788674,130.75407334500505,185.25,79.72476803375716,0.6097306645537306,160.01,14.099999999999994,-0.644817896024493,-1.40465150224319,748.9611290971033,750.0,27.36760017134506,0.0365407483888217,0.0,0.0,-26.305640746242453,689.986735070371,133.89976050737425,186.6,78.86308885354423,0.5889710971454726,157.8,12.700000000000017,-0.7209590455864081,-1.3085186786597631,47259.0,11.960990487188154,211,attack,1
908.3377154173513,750.0,1943.075842565843,2.139155745253915,0.0,0.0,45.00851337743046,3964.5478460474756,1.3370833860026123,1.0,4.300471121283949,3.2163073494920735,0.0,0.0,23.695740400129417,836.4204792645659,130.98343942897526,185.9,80.29282649156985,0.6129998329682587,161.3,14.449999999999989,-0.634077314538632,-1.4191804142713482,748.9656596300509,750.0,27.307945493981844,0.036460877935939696,0.0,0.0,-26.363437682221868,693.030846424396,134.11990617176505,187.45,79.48059669549737,0.5926085020795342,158.99233700000002,12.850000000000023,-0.7098345424348987,-1.3255845714478096,47466.0,11.969076722711293,212,attack,1
907.2231297645975,750.0,1934.177143942944,2.131975123302705,0.0,0.0,46.04422250436083,4156.32027114558,1.3362444500293207,1.0,4.316096386238949,3.230020065673046,0.0,0.0,23.913315529060903,851.818169621457,131.07881243023726,186.35,80.86236030698588,0.616898786369631,162.96249999999998,15.0,-0.6187751031436275,-1.4397219731341246,748.9717684510346,750.0,27.22730097227289,0.036352906904064335,0.0,0.0,-26.441972255539692,697.1778967627317,134.21273255126917,188.2,80.08411468841052,0.5966953594199302,160.65,13.125,-0.6937362627038192,-1.349781785841154,47748.0,11.973522061758773,213,attack,1
907.2893823443316,750.0,1942.8260263374893,2.141352102366116,0.0,0.0,46.51166316730066,4234.271194551285,1.337515159118471,1.0,4.351596360137328,3.2534931140559005,0.0,0.0,24.00196610884187,856.9798068127255,131.75213967531678,187.2,81.12361581596272,0.6157290197781956,163.45,15.150000000000006,-0.6152343583998816,-1.4437565158885572,748.9734454062644,750.0,27.2051208845541,0.03632321152560659,0.0,0.0,-26.46365343744102,698.3249532569844,134.9093576053611,189.15,80.33099467103249,0.5954442011800095,161.15,13.199999999999989,-0.6900239831531488,-1.3547368167610612,47826.0,11.962934210147095,214,attack,1
907.6335597882716,750.0,1954.7426322661,2.153669408965104,0.0,0.0,47.02498822338029,4328.922585567916,1.3389321885549952,1.0,4.387233078971374,3.276665626887476,0.0,0.0,24.121497834676987,867.0106838814123,132.16375965119335,187.9,81.54455837165307,0.6169963580550788,164.45,15.449999999999989,-0.607333895501082,-1.4534744493010032,748.9768682532406,750.0,27.1597923885495,0.036262524972088137,0.0,0.0,-26.508072160743463,700.6778896791823,135.33582926699455,190.05,80.76116438122958,0.5967463665656605,162.15,13.299999999999983,-0.6818050671958978,-1.3663330323833898,47986.0,11.958940505241022,215,attack,1
908.3415621543791,750.0,1973.7866627729159,2.1729564571410163,0.0,0.0,47.068108591227045,4333.057697602874,1.3414369483107615,1.0,4.4351375726255196,3.306258693865991,0.0,0.0,24.11361575374475,865.4002308458457,133.16969480675962,189.0,81.69409876719811,0.6134586317535915,164.04999999999998,15.349999999999994,-0.612649885123417,-1.44486903705821,748.9754804782872,750.0,27.178179748215012,0.03628714217835187,0.0,0.0,-26.490036037231633,699.7220092538304,136.36417300244153,191.1,80.9008490728806,0.5932705584730977,161.8,13.25,-0.6876138272372445,-1.356510219641014,47921.0,11.937016160552947,216,attack,1
908.9377648250346,750.0,1988.428564252557,2.18763994764297,0.0,0.0,47.108698156487364,4337.339383795799,1.3423658047580662,1.0,4.463820679901645,3.3253384912513897,0.0,0.0,24.196756075112223,870.4678384802938,132.77273605793232,189.2,82.49220773592407,0.6213038172229162,166.85000000000002,16.149999999999977,-0.5877994455339385,-1.4769288957826308,748.9852214712387,750.0,27.048850665106215,0.0361139978329264,0.0,0.0,-26.617413503312346,706.4867016063145,135.97510422457165,191.75,81.73761000776443,0.6011218779635535,164.54999999999998,13.650000000000006,-0.6617260164705613,-1.3937764090103517,48381.0,11.95061649278047,217,attack,1
909.4839093914936,750.0,1998.6753261355486,2.1975928386383417,0.0,0.0,47.61330884422884,4432.297386239478,1.343622286570965,1.0,4.493339452713679,3.3441983640960973,0.0,0.0,24.339845879465923,882.3046504965894,132.8057559199664,189.55,83.06302980943116,0.6254475134307279,168.6,16.799999999999983,-0.571772465668086,-1.4965844729648459,748.9917236563778,750.0,26.96217533713077,0.03599796164036182,0.0,0.0,-26.7034628441584,711.0749278693484,136.01869307128334,192.45,82.32478855179733,0.6052461370780364,166.4,13.950000000000017,-0.6449429954032865,-1.4168192265529471,48693.0,11.953709450406995,218,attack,1
908.1209766471719,750.0,2001.547588209996,2.2040539087642377,0.0,0.0,48.29413790647458,4548.264093129352,1.3426035744959306,1.0,4.5201054085087895,3.366671662710138,0.0,0.0,24.483729915078513,891.3511191889758,133.07439784140465,190.1,83.5648843359194,0.6279561334969205,169.85000000000002,17.25,-0.5621182725110958,-1.5076339523984057,748.9960328820907,750.0,26.904577847583166,0.035920854939719776,0.0,0.0,-26.760950119455536,714.1484512959873,136.28011045028833,193.2,82.85991945494148,0.6080118307885196,167.7,14.25,-0.6347626637131166,-1.430158084994776,48902.0,11.954457412863796,219,attack,1
908.2944303590415,750.0,2025.2547785738343,2.229733785522903,0.0,0.0,48.13946505208246,4509.856063905293,1.3441768217878465,1.0,4.569294790871412,3.3993256815676522,0.0,0.0,24.458786828844577,888.1124304240116,133.87144168482322,191.1,83.83042342206194,0.6262009459749147,169.9,17.25,-0.5636480407267652,-1.5042656762257263,748.9961560480903,750.0,26.90292977723845,0.035918648660609565,0.0,0.0,-26.762598648469083,714.2366864190392,137.09019287390612,194.2,83.12968348030603,0.6063868008178214,167.75,14.25,-0.6364982018306147,-1.4265318720481819,48908.0,11.940358612638695,220,attack,1
906.8241349728338,750.0,2027.6583201019348,2.2359995085074336,0.0,0.0,49.352386696250534,4703.931113730542,1.3434372319130683,1.0,4.600448824192608,3.424386874883259,0.0,0.0,24.677845475617517,903.4855599595458,134.566461954771,192.0,84.12682431159118,0.6251693259191652,170.29375000000002,17.349999999999994,-0.5626455906222076,-1.5041081579100142,748.9971812574043,750.0,26.889207625431993,0.0359002787971656,0.0,0.0,-26.77633244327487,714.971979112774,137.7950269299808,195.1,83.4335741970807,0.6054904596773051,168.1375,14.349999999999994,-0.6354254958127451,-1.426914614334773,48958.0,11.924615658626529,221,attack,1
904.5715798908172,750.0,2018.0189333634287,2.2309112713965717,0.0,0.0,50.8459558212303,4948.7346852391165,1.3414201906624297,1.0,4.619702755826828,3.4438893852831405,0.0,0.0,24.93526056574934,919.3892256949578,135.10109071432822,192.75,84.43488175553823,0.6249755742836756,171.10000000000002,17.599999999999994,-0.5564402135754065,-1.5108297627458898,748.9999185203292,750.0,26.852535547995334,0.03585118620712708,0.0,0.0,-26.813104325055427,716.9425635463062,138.34977532811865,195.9,83.73192809276694,0.6052191114454885,169.0,14.549999999999983,-0.6288128630951508,-1.4352450531878425,49092.0,11.917851180419804,222,attack,1
903.8798013580622,750.0,2017.0352060042246,2.2315303461518528,0.0,0.0,51.712805074498824,5105.554620869309,1.3411776629167933,1.0,4.642280819665101,3.4613466567651208,0.0,0.0,25.103828665180384,930.6090693906294,135.28071675024887,193.25,84.97166202072785,0.6281136296579499,172.5,18.150000000000006,-0.5452138898082153,-1.5235244831180013,749.0048444309314,750.0,26.786414210582386,0.035762671509733425,0.0,0.0,-26.87965933780759,720.516086116587,138.53264277210906,196.45,84.28577113654832,0.6084181276697457,170.5,15.0,-0.6169674529608529,-1.4503311600973223,49335.0,11.927663734530848,223,attack,1
902.2449012658228,750.0,2016.0179426901655,2.2344464788459897,0.0,0.0,52.637941886750546,5282.1436127253655,1.340232911392405,1.0,4.671233653381777,3.485389452590523,0.0,0.0,25.238719389181654,939.8578185981768,135.98568474483554,194.2,85.27263036634781,0.6270706400188664,172.8,18.200000000000017,-0.544666466429565,-1.522964413625262,749.0056506329114,750.0,26.77557678882278,0.03574816393734461,0.0,0.0,-26.890599106211788,721.104320290998,139.25454854638988,197.4,84.59084015520354,0.6074547728473213,170.75,15.049999999999983,-0.6166723238591869,-1.4496789660763119,49375.0,11.933370009929119,224,attack,1
901.2698643704647,750.0,2010.3534025101833,2.2305787444856056,0.0,0.0,53.944069123836826,5512.649374931448,1.34000363834819,1.0,4.694847641911302,3.5036081302723905,0.0,0.0,25.44063552328008,952.7948687400783,136.5806485165654,195.0,85.59027137001712,0.6266647017687588,173.5,18.400000000000006,-0.541015189095289,-1.5262059954057352,749.0076203181534,750.0,26.74908059841215,0.035712694868244514,0.0,0.0,-26.917382748439124,722.5454940259679,139.86412194225133,198.2,84.9047061626367,0.6070513651649213,171.4,15.25,-0.6127759955423134,-1.4538728082024688,49473.0,11.9296074922192,225,attack,1
903.020566018733,750.0,2034.7100179251738,2.2532266644777215,0.0,0.0,53.54620972739292,5432.464546934693,1.343196696545473,1.0,4.738858026889832,3.528044730215283,0.0,0.0,25.413890570827316,949.9086279094871,136.99006971557046,195.65,85.97262351025263,0.627582887495099,174.45,18.75,-0.5332338112301429,-1.534432438525379,749.0110585154598,750.0,26.702766646514476,0.03565069746692308,0.0,0.0,-26.96432645210207,725.0749010155321,140.2905938065062,198.9,85.28955315459542,0.6079491920337141,172.4,15.549999999999983,-0.6047640050762338,-1.4635818070153364,49645.0,11.931404888115477,226,attack,1
900.7737658956644,750.0,2019.558021827859,2.242025798586348,0.0,0.0,55.22569041583721,5743.996869872097,1.3407229398217684,1.0,4.749111398444422,3.542201940003917,0.0,0.0,25.695362177367926,969.1481562855143,137.02894638285454,196.05,86.56436644862649,0.6317232142088314,176.2,19.399999999999977,-0.5198881081736171,-1.5488575950433878,749.0168018423951,750.0,26.625220960089894,0.03554689413454874,0.0,0.0,-27.04329119987739,729.3395989213661,140.335922806909,199.4,85.91117115404842,0.6121823224995308,174.25,16.0,-0.5908888562886138,-1.4807100420207626,49935.0,11.943997827743765,227,attack,1
897.3816446431794,750.0,2010.5547015088068,2.240467824933339,0.0,0.0,56.870280425801624,6044.92937197123,1.337711295141465,1.0,4.775655671847831,3.5700196964718,0.0,0.0,25.89947593664372,982.3099522517215,138.0584938690824,197.15,86.68465148033158,0.6278835082941914,175.95,19.299999999999983,-0.5247115757592322,-1.5418854036999652,749.0155400934411,750.0,26.64227638975168,0.03556972447651487,0.0,0.0,-27.025884337115137,728.3984242031252,141.37071828946682,200.55,86.03550861278404,0.6085808267354211,173.875,15.899999999999977,-0.5960428075520607,-1.472858949652478,49871.0,11.93128040263477,228,attack,1
897.647853178658,750.0,2023.113612489383,2.2537942973130742,0.0,0.0,57.10822888238413,6092.283196794091,1.339283925387189,1.0,4.814914097694498,3.595140661680456,0.0,0.0,25.931704941201414,983.9826005240669,138.78991472872437,198.05,86.95105246537574,0.6264940261353161,176.2,19.399999999999977,-0.5243035312696898,-1.540875015390092,749.0163290657371,750.0,26.63161290705022,0.035555450360165525,0.0,0.0,-27.036764939642808,728.9866584014984,142.12016038328224,201.45,86.30150884082789,0.6072432553416935,174.125,16.0,-0.5958405477075308,-1.4717491008443675,49911.0,11.924116282312598,229,attack,1
896.7492834394905,750.0,2014.9926848758012,2.246996704750382,0.0,0.0,58.627864054587775,6358.335117646073,1.3384753184713376,1.0,4.829215484697203,3.607997411721131,0.0,0.0,26.19033821115866,1000.436581597367,138.73548484772883,198.5,87.57105675879002,0.6312087845074742,178.0625,20.0,-0.5094417636849607,-1.5561492616131771,749.0227707006369,750.0,26.544388805105193,0.03543869404701213,0.0,0.0,-27.12609232361717,733.8248847494027,142.07636899834793,201.8,86.94714896283669,0.6119747398939208,176.2,16.599999999999994,-0.5803271932250016,-1.4901110363059427,50240.0,11.930954804384243,230,attack,1
894.8006497107995,750.0,2000.7832984656172,2.236010109192782,0.0,0.0,60.647706798297406,6722.436143578364,1.3365026543063148,1.0,4.841918038315801,3.6228271022992486,0.0,0.0,26.487550582477777,1019.5679517604075,138.9133012540665,199.1,88.09091113399799,0.6341430974481231,179.6,20.400000000000006,-0.4990882533382261,-1.56627681875015,749.0274938594406,750.0,26.48025047635408,0.03535284177609007,0.0,0.0,-27.192151689118823,737.4131134840479,142.25032996343396,202.3,87.49793094750116,0.6150982635329765,177.7,17.100000000000023,-0.5694855957061981,-1.5024011554557941,50484.0,11.93000916843193,231,attack,1
894.0806992620654,750.0,1994.99975725558,2.2313419346846035,0.0,0.0,62.22305837675575,7000.3881692218365,1.3362929639714296,1.0,4.862361559664406,3.6386942764508676,0.0,0.0,26.715622508423184,1033.6708321028802,139.22874162515427,199.75,88.53301302157169,0.6358817295061765,181.1,20.80000000000001,-0.49112105186521093,-1.5734153693592345,749.0312931612801,750.0,26.428544125932426,0.035283631494741674,0.0,0.0,-27.245639521096987,740.3248729135621,142.5783409474567,202.95,87.94688877027622,0.616832039045023,179.0,17.5,-0.5609861414695848,-1.511488759347509,50682.0,11.926468675089934,232,attack,1
890.7059728578191,750.0,1986.2424807230364,2.229964254478054,0.0,0.0,64.1923268734916,7354.4540466041135,1.333063752564305,1.0,4.88701687437717,3.6660038688895544,0.0,0.0,26.94588293646786,1047.6159653469526,139.9951451900773,200.75,88.82020563412952,0.6344520412728213,181.2,20.80000000000001,-0.4926007023479523,-1.5700219908542814,749.0315606753985,750.0,26.424899576665986,0.035278753211465175,0.0,0.0,-27.249417514783477,740.5307548949888,143.34012968242072,203.9,88.2570183597633,0.6157174446214218,179.15,17.549999999999983,-0.5625801813302098,-1.508005972686283,50696.0,11.929185264913217,233,attack,1
886.5108503708354,750.0,1979.123127041255,2.2324860730281757,0.0,0.0,65.82814016490147,7661.111918713036,1.3280029823804105,1.0,4.904274924261325,3.6929698120636303,0.0,0.0,27.17831463062842,1062.6704382602475,140.10434964517208,201.15,89.35281760601818,0.6377590548210166,182.70000000000002,21.400000000000006,-0.48105123602078337,-1.5811111577874826,749.0366911274183,750.0,26.354905464068885,0.03518506606719171,0.0,0.0,-27.322176633741037,744.5013360053443,143.43371837318998,204.45,88.84596903314691,0.6194217792080445,181.14999999999998,18.0,-0.5506055234449437,-1.5215707418812983,50966.0,11.950651563424096,234,attack,1
885.7971825474467,750.0,1991.403138507767,2.24814797082638,0.0,0.0,66.12164135697303,7703.463007068667,1.3279397378203874,1.0,4.939584917757927,3.719735750859832,0.0,0.0,27.238127032715038,1065.5508782854838,140.6061335085158,201.9,89.66813902190334,0.6377256580807167,183.45,21.650000000000006,-0.475244067625566,-1.5862179194972734,749.039405204461,750.0,26.31780196023151,0.03513540379500821,0.0,0.0,-27.36090238451615,746.6189792950211,143.94337867041673,205.2,89.17084131257445,0.6194855375511681,182.1375,18.30000000000001,-0.5445285668106503,-1.5280301607897848,51110.0,11.954656428978083,235,attack,1
885.53125,750.0,2003.1334697788877,2.262069768603748,0.0,0.0,66.45363335160543,7765.151805265451,1.3288094493116396,1.0,4.978496072564634,3.7465838876624744,0.0,0.0,27.274024304262756,1067.179682447348,141.38940676273,202.85,89.89378240285976,0.6357886666411532,183.6,21.700000000000017,-0.4754867314551764,-1.5845160324371317,749.0398936170212,750.0,26.31111940309651,0.035126459387955104,0.0,0.0,-27.367888693831006,747.0013315579233,144.74402540513532,206.15,89.39384206915182,0.6175995300596376,182.3,18.349999999999994,-0.5449481578451072,-1.5262641508104446,51136.0,11.950937777920048,236,attack,1
886.1359071548592,750.0,2014.0108971896036,2.272801362554017,0.0,0.0,66.76874109905097,7833.462089311315,1.3307803524676645,1.0,5.016057776643929,3.769260469875933,0.0,0.0,27.309041846032724,1069.2398634059402,142.16890757352772,203.75,90.07929138882926,0.6336075371630857,183.85,21.80000000000001,-0.4743601325964086,-1.584636536916354,749.0407565159627,750.0,26.299308877103666,0.035110651387556646,0.0,0.0,-27.38024472037866,747.6778009478236,145.54143893868937,207.05,89.56743868632734,0.6154085004206837,182.58749999999998,18.44999999999999,-0.5437901591077285,-1.5267213389832899,51182.0,11.943136150712007,237,attack,1
885.001074827539,750.0,2003.442012492803,2.2637735359623328,0.0,0.0,68.74132965031609,8238.510512601531,1.330597408688515,1.0,5.040467229831314,3.788123437576344,0.0,0.0,27.501654401878696,1082.5038287798548,143.05996813538945,204.8,90.25741653316602,0.6309061696962492,183.9,21.75,-0.47641714685622205,-1.581071889951368,749.0405503117,750.0,26.302131686390574,0.035114429619925655,0.0,0.0,-27.37729052569489,747.5160365283031,146.4501316466749,208.05,89.73258483888362,0.6127176795946634,182.55,18.44999999999999,-0.545962016444739,-1.5228518759432834,51171.0,11.93547245927701,238,attack,1
884.060594160498,750.0,1996.7809334115204,2.2586471409323012,0.0,0.0,70.62888260998793,8631.92663032164,1.331363270435312,1.0,5.076117414270322,3.812721536632597,0.0,0.0,27.62765868901402,1090.7609135696334,144.47592969965208,206.2,90.29919822149837,0.6250120584738195,182.9,21.350000000000023,-0.4902838107076118,-1.564700131548257,749.0359912819808,750.0,26.364464371601553,0.03519786055470922,0.0,0.0,-27.312217400463716,743.957219330193,147.89059936437002,209.5,89.74720612429175,0.6068486199259651,181.05,17.94999999999999,-0.560501072265959,-1.5039291353806437,50929.0,11.930059619292592,239,attack,1
882.7222670789106,750.0,1995.0281261009238,2.2600858735588902,0.0,0.0,72.20712906220082,8950.26513131009,1.3313377577344965,1.0,5.112226879605999,3.8399172936440604,0.0,0.0,27.740905882631274,1097.5838556312535,145.75791764100228,207.55,90.29534391373518,0.6194884324303406,182.0,21.0,-0.4990060226653585,-1.5537336073135763,749.0331436223636,750.0,26.403323529406713,0.035249873459162105,0.0,0.0,-27.271804871184237,741.7513409319479,149.19448241844069,210.75,89.71822404443216,0.6013508180068114,179.97500000000002,17.69999999999999,-0.5696760996240569,-1.4913934019454376,50779.0,11.921448641358069,240,attack,1
883.6875678021263,750.0,2012.9593457545986,2.277908413672893,0.0,0.0,72.05156287215388,8919.400903796064,1.3319000374760843,1.0,5.132513179110798,3.853527317888492,0.0,0.0,27.8988578542663,1111.7749157960952,146.85606151703973,208.7,90.36667494223309,0.6153418116265349,181.4,20.850000000000023,-0.5044951775980635,-1.5458858789094874,749.0458588926804,750.0,26.229363206759807,0.03501703252926978,0.0,0.0,-27.453648497260488,751.7028158111325,150.31358788621074,211.9,89.77131971758105,0.5972269106206091,179.4,17.549999999999983,-0.5754807699488904,-1.482588875952123,50699.0,11.911911806185499,241,attack,1
883.5619371148681,750.0,2019.9369803049904,2.2861294669401167,0.0,0.0,72.85620932511762,9077.847524782132,1.3332477484594722,1.0,5.171513423461203,3.878884047947376,0.0,0.0,27.956189805401863,1114.7167408927169,147.91051075810685,209.8,90.45622103224136,0.6115604669919208,181.0625,20.75,-0.5093031443344472,-1.538575116509179,749.0303365460578,750.0,26.44157269400473,0.035301070469231706,0.0,0.0,-27.232142407905243,739.5895801244311,151.400369360365,213.05,89.83708259960382,0.5933742630823607,179.0,17.399999999999977,-0.5806560067689527,-1.4744227162771537,50632.0,11.899807205331795,242,attack,1
870.9803595140417,750.0,1509.091470535644,1.7326354768523513,0.0,0.0,28.92636821993004,1007.5468054729615,1.1613453039221515,1.0,2.0121196093102305,1.7325765235497168,0.0,0.0,28.9264172966053,1007.5493339276732,149.2683461809599,211.1,90.42057665375104,0.6057585480590308,180.05,20.400000000000006,-0.5197896380369377,-1.5245712527262532,749.985690786214,750.0,3.2141947047261987,0.0042856747058157086,0.0,0.0,-224.61967861213608,50452.000019819265,152.6085826774283,214.35,89.95157471693426,0.5894267094208366,178.55,17.05000000000001,-0.5894342639218192,-1.463133253450482,50457.0,11.891598737604024,243,attack,1
866.6641198709448,750.0,1484.8944681656155,1.7133448058132736,0.0,0.0,29.816648005129345,1068.419389963854,1.156905049385404,1.0,1.9794635230854105,1.7109991214378255,0.0,0.0,29.83274408662856,1069.1948302830303,149.94401179121274,212.0,90.71674368876155,0.6050041119019725,180.55,20.5,-0.5188810054357305,-1.5235292468327373,749.028206092516,750.0,26.47056512061722,0.03533987759781067,0.0,0.0,-27.202154880486447,737.9572301419726,153.28606272902357,215.25,90.2538180359677,0.5887933738341027,179.0,17.19999999999999,-0.5882526778984507,-1.4627046042427043,50521.0,11.88855391547784,244,attack,1
862.1774592679112,750.0,1419.0406372467578,1.6458800006807046,0.0,0.0,30.71586729265415,1139.6267668014775,1.152238037732861,1.0,1.891977617762942,1.6420023951696558,0.0,0.0,30.715865379872135,1139.6385814377288,150.8370853534888,213.0,90.89621494139645,0.6026118492569643,180.5,20.5,-0.5212675349116781,-1.5188181605699371,749.0280521845862,750.0,26.47265835107828,0.03534267945488711,0.0,0.0,-27.199992340015335,737.8395832968931,154.18160826612953,216.25,90.43498815138803,0.5865484811605426,179.0,17.19999999999999,-0.5905436057624129,-1.4580380005713105,50513.0,11.886453297159287,245,attack,1
856.9957044163351,750.0,1346.081018292226,1.5706975091654478,0.0,0.0,32.64325375419482,1303.9649182749683,1.14664370409961,1.0,1.7958413878069366,1.5661721085514548,0.0,0.0,32.5807523324958,1300.57620627236,151.66844260966363,214.0,91.13352192942594,0.6008733284350302,180.55,20.5,-0.5235077478092625,-1.5139543834162783,749.0281291446444,750.0,26.471611673777442,0.03534127844304967,0.0,0.0,-27.20107363174152,737.8984067194239,155.0092804772651,217.25,90.68279077122703,0.585015235810525,179.05,17.19999999999999,-0.5926247028884702,-1.4533098402542681,50517.0,11.884751097871165,246,attack,1
853.3359135878044,750.0,1315.004499192961,1.5410162378659258,0.0,0.0,34.507985622654765,1459.095081646433,1.143065895223238,1.0,1.7563999574670865,1.5365692956170878,0.0,0.0,34.32635085847864,1448.5321967268462,152.11453111275998,214.8,91.58792557634797,0.6020984642713415,181.5,20.75,-0.5205071352098073,-1.5144367548727111,749.030508876207,750.0,26.439226129737875,0.035297929545494,0.0,0.0,-27.234572381924433,739.7219328262811,155.4514603341561,218.0,91.16561926613566,0.5864571427644837,180.0,17.44999999999999,-0.5893544598960831,-1.4547363494930468,50641.0,11.894536669774253,247,attack,1
849.6324585170975,750.0,1266.943911115221,1.4911670315967875,0.0,0.0,36.34101532097269,1626.5033683299027,1.1394497953048672,1.0,1.6953207028556656,1.4878415089820358,0.0,0.0,35.96024439084418,1602.8130908325606,153.2138334870657,215.9,91.65973693967105,0.5982471350892017,180.89999999999998,20.650000000000006,-0.5261328375674683,-1.5058828517615055,749.029013310128,750.0,26.459583801256297,0.03532517877288282,0.0,0.0,-27.21350539860222,738.574876079752,156.55649590781795,219.15,91.23571510811881,0.582765439268897,179.5,17.299999999999983,-0.5951429522277195,-1.4455536999627208,50563.0,11.89054670972557,248,attack,1
845.7304619522228,750.0,1206.9396215892853,1.4270972560256059,0.0,0.0,38.55106728389076,1869.7281104589547,1.1355600379686759,1.0,1.6195060092642344,1.4261738306336103,0.0,0.0,37.852083316400424,1822.1640659446111,154.05117870470605,216.9,91.8846649489268,0.5964554489067331,181.0,20.650000000000006,-0.5283505191690009,-1.5007349994258117,749.0291093181459,750.0,26.45827741147514,0.035323430134191404,0.0,0.0,-27.214856335431634,738.6484053581828,157.39522046373202,220.15,91.47148826005088,0.5811579791975214,179.60000000000002,17.299999999999983,-0.5974471747664316,-1.4401241101202795,50568.0,11.8836237171232,249,attack,1
840.6674301962797,750.0,1087.7847933220366,1.2939537732157171,0.0,0.0,38.04384191732785,1785.8764395043072,1.1301093953635322,1.0,1.466997429431559,1.2981021443146725,0.0,0.0,36.84730165535453,1705.7311453158145,154.6930066298847,217.75,92.19138101561344,0.5959634699982828,181.55,20.80000000000001,-0.5269077755946305,-1.5001058393465223,749.0305280202203,750.0,26.438965438937185,0.03529758060571792,0.0,0.0,-27.234842365654462,739.7366386820473,158.04445873531853,221.0,91.78860419533711,0.5807771112624585,180.2,17.44999999999999,-0.5959224988934969,-1.4400010847033906,50642.0,11.887423556734902,250,attack,1
838.3709514870072,750.0,1052.3509306626984,1.2552330550052548,0.0,0.0,40.60569697026252,2054.0325295420917,1.1283667621776505,1.0,1.4267070909839783,1.2644001390386195,0.0,0.0,38.77774723830525,1921.2405700129602,155.66149655295692,218.8,92.33363850534393,0.5931694127965133,181.3,20.75,-0.5307650892210756,-1.493126462817227,749.0298191878273,750.0,26.44861613734051,0.035310498273645144,0.0,0.0,-27.224851184522453,739.1925220193939,159.02575780523665,222.1,91.93182996223827,0.578093959312112,179.95,17.349999999999994,-0.6000472911044008,-1.4324280757438799,50605.0,11.87808381898514,251,attack,1
839.4663597944485,750.0,1056.819770746638,1.2589185479754192,0.0,0.0,41.440963286659276,2150.618077200545,1.131187873256483,1.0,1.4399660509101653,1.272968076261962,0.0,0.0,39.060661657597535,1972.0801001784314,157.04541030223882,220.15,92.36116616459094,0.5881175768641629,179.85,20.349999999999994,-0.5442340048916989,-1.4735718772298285,749.0258923434059,750.0,26.502015816430184,0.03538197555963767,0.0,0.0,-27.16969870044409,736.1925274729133,160.44824615215967,223.5,91.9114206677225,0.5728415415682333,178.64999999999998,16.900000000000006,-0.6140370523227259,-1.4105000836703627,50401.0,11.860974886623826,252,attack,1
836.0151653137992,750.0,984.5195630325134,1.1776336170444621,0.0,0.0,44.00260631480249,2501.1941984011946,1.127875668184518,1.0,1.354557417773007,1.2009811506558759,0.0,0.0,40.45123556861541,2207.3428850663913,157.55911911640078,220.95,92.75922312128297,0.5887264643359345,180.7,20.55000000000001,-0.5416708182099054,-1.473779016508584,749.0279944565433,750.0,26.473443440535956,0.03534373032311528,0.0,0.0,-27.199181343011155,737.7954657300062,160.9668950222728,224.25,92.32760608272288,0.5735813321735976,179.3,17.150000000000006,-0.6113572140156736,-1.4113246363591812,50510.0,11.86466018236067,253,attack,1
837.0892857142857,750.0,998.0558598081274,1.1922931960077465,0.0,0.0,44.45620109980899,2541.5564209240224,1.130590233881163,1.0,1.3815831086609445,1.2220016299965346,0.0,0.0,40.25356116993612,2190.0398771486193,158.11204690876127,221.75,93.07979253637767,0.5886951333321835,181.55,20.80000000000001,-0.5378029610529786,-1.4765186410040068,749.0301833122629,750.0,26.443659053510938,0.03530386310545626,0.0,0.0,-27.229982248955174,739.471933278414,161.54686349433075,225.05,92.6327746545727,0.573411161633748,180.16250000000002,17.399999999999977,-0.6072325768800142,-1.4151093939464696,50624.0,11.860158483166053,254,attack,1
839.876144101186,750.0,1026.3501035616396,1.2220255459928717,0.0,0.0,43.9485226761388,2486.218924490989,1.1359788252884246,1.0,1.429552220933983,1.2584321019989262,0.0,0.0,39.20378900251143,2091.420538644652,155.4025054875617,219.05,94.19020547257148,0.6061048062066823,185.85000000000002,24.599999999999994,-0.47536122564933264,-1.5370845508790065,749.0080213363506,750.0,26.743682870646943,0.03570546924575243,0.0,0.0,-26.922845524128196,722.8396111160698,158.90841363546363,222.85,93.85291557067183,0.5906101094556937,185.3,20.700000000000017,-0.5440045492680721,-1.4856433245535239,49493.0,11.882386262878454,255,attack,1
838.3091123881225,750.0,1021.7965752307913,1.2188780488380488,0.0,0.0,44.380117963809326,2521.843241662875,1.13507398434215,1.0,1.4346156548708668,1.2638961641802766,0.0,0.0,38.846772544970726,2056.8767701473325,154.90317058123668,219.05,95.03483031205361,0.6135112015813389,187.45,25.69999999999999,-0.45684852426933226,-1.5546032845469786,749.0169593336403,750.0,26.62309133365152,0.03554404343172234,0.0,0.0,-27.045466269995465,729.4572457614621,158.3969515976213,223.0,94.7501182587754,0.5981814504831563,187.05,21.55000000000001,-0.5246334519883035,-1.5064546730734545,49943.0,11.907286521299705,256,attack,1
836.5988657994924,750.0,984.3003988436094,1.1765500039292627,0.0,0.0,45.628881556696804,2706.5310127660928,1.1339427347715736,1.0,1.3991322038146183,1.233864957119255,0.0,0.0,38.80554753378045,2104.9278175410077,154.2937235604701,219.0,95.92705764523484,0.6217171731398363,189.3625,26.849999999999994,-0.4372335693059263,-1.5725155443908545,749.0264911167512,750.0,26.4938803152694,0.0353710858420624,0.0,0.0,-27.17808692668205,736.6484089942866,157.770839607987,223.15,95.69378426047156,0.6065365722730625,188.95,22.44999999999999,-0.5038718624240983,-1.528138178837701,50432.0,11.930815629235779,257,attack,1
835.6031705345348,750.0,941.0359498025111,1.1261756572806336,0.0,0.0,47.909319731791896,3066.7974813036776,1.1338210067630183,1.0,1.3586263012059048,1.1982722961578303,0.0,0.0,39.30288859801051,2246.3220922959445,154.30214607202046,219.1,96.51919140984607,0.6255207323221271,190.5,27.80000000000001,-0.4269069110391461,-1.5806012816937491,749.0319616696571,750.0,26.419435578727803,0.035271439578942125,0.0,0.0,-27.25508352340009,740.8395778675149,157.78627783881146,223.7,96.29829046386168,0.6103083980613092,190.05,22.900000000000006,-0.4928100589404553,-1.538447795008391,50717.0,11.939184245895586,258,attack,1
832.7043606654198,750.0,878.2814712931691,1.0547338440636103,0.0,0.0,50.4383124137277,3527.281983123775,1.1312333891131017,1.0,1.297314104137929,1.1468138375539254,0.0,0.0,39.32260303970404,2367.6873105118457,154.9340220420796,219.9,96.81090647792823,0.6248524707609714,190.725,28.0,-0.42540884263201206,-1.5801917078368233,749.0334481740329,750.0,26.399170364160728,0.035244314427500784,0.0,0.0,-27.276118393690965,741.9866346266464,158.42685735176693,224.55,96.59681552684211,0.609724999545759,190.35,23.099999999999994,-0.4912279688448283,-1.5384676584757893,50795.0,11.932102220439143,259,attack,1
830.3757356269805,750.0,812.4781478105908,0.9784463983610071,0.0,0.0,47.40208263854085,3243.1334965227024,1.1294309839195387,1.0,1.2363121641526387,1.0946327679644339,0.0,0.0,35.026663593089104,1954.2940210720199,155.7680524893135,220.85,97.01159888382415,0.6227952223417549,190.775,28.05000000000001,-0.4268191449729614,-1.5770753229118322,749.0336764619049,750.0,26.39605677604928,0.03524014687928622,0.0,0.0,-27.279353087964655,742.1631048978458,159.2592736337906,225.55,96.81125077617689,0.6078845430300651,190.39999999999998,23.099999999999994,-0.4928214092313264,-1.535003002075954,50807.0,11.923798981785145,260,attack,1
830.0326185681001,750.0,834.6427490032673,1.0055541557428431,0.0,0.0,47.904249272355855,3266.574573995319,1.1303558030249181,1.0,1.280871136743217,1.1331574830823254,0.0,0.0,34.814691410709365,1908.7271607875687,157.1037418812473,222.35,96.99869638348297,0.6174181163476236,190.2,27.55000000000001,-0.43624195169893526,-1.5654338607982685,749.0306045887138,750.0,26.437922752841246,0.03529618495009036,0.0,0.0,-27.235922273811923,739.795462105124,160.60494494175254,226.8,96.79368401631824,0.6026818417790494,189.8,22.799999999999983,-0.5028972377594383,-1.521471412222105,50646.0,11.905578828861186,261,attack,1
829.3982283347535,750.0,846.4182466903851,1.0205209244174587,0.0,0.0,48.49763791240623,3319.3857677448627,1.1309129823031647,1.0,1.3139353590946021,1.161835949940819,0.0,0.0,34.48454769852663,1860.9315310915383,158.24673095005153,223.95,97.3131349776926,0.6149456256913655,189.7,26.900000000000006,-0.44909220592074134,-1.5499568912042505,749.0270505935276,750.0,26.48627646396269,0.035360907784271624,0.0,0.0,-27.185931633944957,737.0748788055294,161.7627748025604,228.1,97.1098642303632,0.6003226907358055,189.25,22.5,-0.5164657274371689,-1.5034650655385975,50461.0,11.91355337452231,262,attack,1
825.7776458481754,750.0,727.3553822488536,0.8808126326812468,0.0,0.0,44.22222142808806,2986.111498279917,1.127364838122378,1.0,1.2019789605607647,1.0661845393037592,0.0,0.0,29.01369697275611,1364.5616327724172,158.88812856913594,224.75,97.62191622315238,0.6144066086137757,190.0,27.099999999999994,-0.4482845508231671,-1.5486580248904698,749.0284176363492,750.0,26.467687739326394,0.0353360261321572,0.0,0.0,-27.20512809295459,738.1189945540673,162.40778158000873,229.0,97.42553054278069,0.5998821583237062,189.55,22.599999999999994,-0.5155325422905368,-1.5024718016056302,50532.0,11.905790456153007,263,attack,1
826.4799652599581,750.0,742.6254815995086,0.8985402100653774,0.0,0.0,44.17715999339939,2952.6444173944506,1.1295448264971775,1.0,1.240086800137137,1.0978641759466603,0.0,0.0,28.620802654658128,1307.4526334092575,159.3909994120189,225.3,97.95348152604066,0.6145483865926149,190.64999999999998,27.599999999999994,-0.44410545436089865,-1.551586355523113,749.0309107417788,750.0,26.433753241741368,0.0352906039826361,0.0,0.0,-27.240241478327498,740.0307557975951,162.92496687051442,229.8,97.74954623237535,0.5999666478991055,190.1,22.799999999999983,-0.5110115919223398,-1.5063616518240364,50662.0,11.900175823781437,264,attack,1
828.494756930099,750.0,765.6093279444324,0.9240967689177877,0.0,0.0,44.71730779911944,3032.3079960857644,1.1334474414212359,1.0,1.286298507905502,1.1348550103854884,0.0,0.0,28.690125401357705,1315.1348353971814,159.72539635492046,225.75,98.41884704355128,0.6161753189508953,191.25,28.19999999999999,-0.4394410535728431,-1.5539442790626976,749.0340947097129,750.0,26.390351391321776,0.035232510212434745,0.0,0.0,-27.285282364834803,742.4866337287655,163.27080215591496,230.5,98.21855880034248,0.6015684219310012,190.85,23.150000000000006,-0.505990737902598,-1.509707696846093,50829.0,11.89483751553486,265,attack,1
829.0124429290851,750.0,778.2114171608616,0.9387210334398213,0.0,0.0,45.44269908209573,3080.6246932908875,1.1353242019869496,1.0,1.3214803257813106,1.163967370261786,0.0,0.0,28.696517964437312,1292.143436672389,159.9653469015984,226.0,98.908291736139,0.6183107382437133,192.1875,28.94999999999999,-0.4328278681281539,-1.5586344202959486,749.0379558325005,750.0,26.33762251902003,0.03516193313561487,0.0,0.0,-27.340201688477762,745.4866283666416,163.5136877327808,231.0,98.72206065750854,0.6037541078447404,191.7,23.69999999999999,-0.4989368020429847,-1.5157706965751392,51033.0,11.891039296561589,266,attack,1
829.2196909979505,750.0,782.1039307831938,0.9431806061454551,0.0,0.0,46.36372329927524,3179.416551025976,1.1370802459404068,1.0,1.3504344263471662,1.187633354082506,0.0,0.0,28.564868015961626,1264.2654441090815,161.4898235315712,228.0,99.00669128863302,0.6130831598145703,191.0,27.900000000000006,-0.450370313336723,-1.5375008600323044,749.0324767460193,750.0,26.41241541637417,0.0352620430173017,0.0,0.0,-27.262366661310327,741.236635975725,165.0655366715277,232.65,98.79452819976207,0.5985169902325421,190.45,23.0,-0.517238347746593,-1.4915777969278385,50744.0,11.883411576192373,267,attack,1
827.3673147454352,750.0,711.8069182885147,0.8603275783350516,0.0,0.0,41.31524266121886,2604.0922302668814,1.1359387940213748,1.0,1.3050576286762368,1.1488802350487202,0.0,0.0,24.995848267032923,911.8959360686317,162.4370657706925,229.05,99.15297933648054,0.6104085841863938,190.89999999999998,27.849999999999966,-0.4536628816737888,-1.5318553090906089,749.0319044050952,750.0,26.4202159423492,0.035272484105110274,0.0,0.0,-27.25427416571541,740.7954602999831,166.03839704014672,233.7,98.93521941466659,0.5958574713940707,190.3875,22.900000000000034,-0.5208869529636442,-1.4853514140000312,50714.0,11.867472821102217,268,attack,1
827.8927848822362,750.0,724.0093141138474,0.8745206231225149,0.0,0.0,42.19305233812466,2707.449264862593,1.1378199461763607,1.0,1.3414098350921182,1.1789297942964705,0.0,0.0,25.169420489742432,919.1536162986464,162.6387877796698,229.4,99.7252224468287,0.6131699812097011,191.65,28.549999999999983,-0.4481999744834866,-1.5353937556678605,749.0355746753885,750.0,26.370152979510458,0.0352054747078449,0.0,0.0,-27.30629397221436,743.6336904969904,166.24405172196361,234.35,99.52436230254827,0.5986642004430853,191.17499999999998,23.299999999999983,-0.5150823173991405,-1.4899146457197665,50907.0,11.868872047251351,269,attack,1
827.6455161075664,750.0,701.5307262813053,0.8476222158257057,0.0,0.0,41.84976753085449,2811.371365656652,1.1386659881786512,1.0,1.3453363022645415,1.1815021404270352,0.0,0.0,24.564360290020698,879.8227543967981,162.9406935596182,229.75,100.1695547559984,0.6147608222825409,192.4875,29.19999999999999,-0.44198377484793455,-1.5401931382556633,749.0391043958194,750.0,26.32191683476356,0.03514091144279445,0.0,0.0,-27.356602230451006,746.3836855951171,166.5539686934474,234.9,99.97447467484785,0.6002527316467426,191.95,23.799999999999983,-0.5083845845999144,-1.496161417901223,51094.0,11.862987563702523,270,attack,1
828.9209349752922,750.0,713.8515740367063,0.8611817411246637,0.0,0.0,41.82798780944254,2816.071310775922,1.1417366067926895,1.0,1.3842616247043462,1.2124176596149843,0.0,0.0,24.411405042171392,861.1749368773559,164.1111592587464,231.05,100.21143850397274,0.6106314705021006,192.15,28.899999999999977,-0.4483522204503465,-1.531330338575175,749.0372578241431,750.0,26.34716262658144,0.035174702394800174,0.0,0.0,-27.330249023544148,744.9425116889361,167.7528064396423,236.1,99.99480369818154,0.5960842373993892,191.54999999999998,23.599999999999994,-0.5151897421874866,-1.4861022416009255,50996.0,11.829598718487711,271,attack,1
830.7345093070851,750.0,726.1458102475088,0.8741009337064695,0.0,0.0,41.597527436467296,2808.296783141561,1.145229509794367,1.0,1.4203121893387163,1.2401987350061754,0.0,0.0,24.27451958201106,846.8086066177214,163.97686265679158,231.0,100.91541289914488,0.6154247084868542,193.4,30.0,-0.43780892310696534,-1.5400752353262888,749.0430562323361,750.0,26.26780651061134,0.035068486773961446,0.0,0.0,-27.413256305728503,749.4866212835631,167.62104789753437,236.45,100.72259121992721,0.6008946518548092,192.9,24.30000000000001,-0.5039784792842671,-1.496935277452666,51305.0,11.834188126097056,272,attack,1
832.4233624622999,750.0,746.357646850357,0.8966082410789609,0.0,0.0,42.18463881128422,2878.7233562612128,1.1484610625628335,1.0,1.4626333818840724,1.2735594001072632,0.0,0.0,24.48438650638797,860.8169561899493,163.54779349498676,230.55,101.70372973550992,0.6218593816652589,194.99999999999997,31.44999999999999,-0.4218762571085865,-1.5547684299372664,749.0508081354884,750.0,26.161337140554345,0.034925984801584084,0.0,0.0,-27.525413261644868,755.6483752243346,167.1898749680806,236.55,101.54467495947641,0.6073613906276503,194.60000000000002,25.30000000000001,-0.48714800192555596,-1.5146969450732684,51724.0,11.844707406773137,273,attack,1
832.7055558745287,750.0,750.0073516188291,0.9006873393935173,0.0,0.0,42.80451231746542,2984.978676137158,1.1497196225909552,1.0,1.4890703953580062,1.295159590302813,0.0,0.0,24.597292188167792,864.7432457395965,162.78626358344476,229.8,102.64009598128648,0.6305206208549214,197.05,33.19999999999999,-0.4017713635348296,-1.5730857527618354,749.0603816194905,750.0,26.029244860864516,0.03474919445691217,0.0,0.0,-27.66583383760383,763.3983619299046,166.4291981807812,236.45,102.51567291037314,0.615971680636333,196.675,26.44999999999999,-0.4659803852167125,-1.5365871873183345,52251.0,11.874263615581537,274,attack,1
833.8658871029177,750.0,776.160724443022,0.9307980293325351,0.0,0.0,43.12522415276194,2991.4367046500256,1.1523386912470481,1.0,1.5376762135094142,1.3343960635786325,0.0,0.0,24.74479228843858,870.6659673915507,162.87323504551156,229.65,103.16572095508238,0.6334111367423558,198.1,34.29999999999998,-0.392876869804013,-1.5800593461459775,749.0649805743886,750.0,25.965549560236806,0.034663948033355166,0.0,0.0,-27.73405428905582,767.177767308296,166.52848460268913,236.95,103.05244811977074,0.6188277540964703,197.75,27.0,-0.4567132676263702,-1.545092704652168,52508.0,11.874626774007128,275,attack,1
834.5458039230608,750.0,790.8316991577327,0.9476192863712988,0.0,0.0,43.24900765023227,3009.7549843893717,1.1544681417781244,1.0,1.5775874133327121,1.3665058014532083,0.0,0.0,24.71646606366851,863.7597718646014,163.58253806580157,230.4,103.42009485914862,0.6322196493708122,198.3,34.54999999999998,-0.3925859211227265,-1.5788727527985227,749.0659234032838,750.0,25.95247201598647,0.0346464459337234,0.0,0.0,-27.748102237157735,767.9571777637581,167.24713914221576,237.85,103.30518844592704,0.6176798537527344,197.89999999999998,27.150000000000006,-0.4563484579869732,-1.54409174827613,52561.0,11.866419068074924,276,attack,1
835.438179644355,750.0,806.0190355961025,0.9647859712842233,0.0,0.0,43.081017249146306,2995.6710402781673,1.156813998064259,1.0,1.6173018244803483,1.398065572500541,0.0,0.0,24.62440904614389,852.7940519052067,164.06959466853843,230.75,103.75303199013365,0.6323720869777285,198.89999999999998,35.19999999999999,-0.3887997313871951,-1.581044300039623,749.0682633366861,750.0,25.919987224203673,0.03460297077431157,0.0,0.0,-27.783058704632385,769.8983509850494,167.74875294733647,238.4,103.63462025632121,0.6177966657603503,198.45,27.599999999999994,-0.4523321668293541,-1.5470338381716493,52693.0,11.859818236794098,277,attack,1
836.4915575073825,750.0,827.5547729054571,0.9893163481188553,0.0,0.0,43.6775398308743,3054.517319979425,1.1593662451730142,1.0,1.6625663579194843,1.4340303289331808,0.0,0.0,24.802112425241386,863.0159151850639,164.55592543688334,231.075,104.08116239644076,0.6324972019094012,199.5,35.92500000000001,-0.38485365401808586,-1.5834649655638973,749.0706443552662,750.0,25.886889994424656,0.03455867639387444,0.0,0.0,-27.818764203256215,771.88364179637,168.2482365115091,238.95,103.95724393843943,0.6178801400472818,199.0625,28.05000000000001,-0.4481090731141229,-1.550235785531626,52828.0,11.850759368585132,278,attack,1
837.8562403056785,750.0,854.394638015461,1.0197389443608473,0.0,0.0,43.575235817062996,3040.8106107916356,1.1624106230847804,1.0,1.71332677531623,1.4739428058300432,0.0,0.0,24.79390084408813,863.2688345626525,165.31894440757446,231.575,104.30232393204153,0.6309157387001963,199.64999999999998,36.42500000000001,-0.38503362581798384,-1.5819963465419213,749.0713123746832,750.0,25.877596580311337,0.03454623899328752,0.0,0.0,-27.82880637753192,772.4424643981613,169.02235786314455,239.85,104.17305030694813,0.6163270446818393,199.25,28.150000000000006,-0.44820687649446905,-1.5489417988665928,52866.0,11.843248313358263,279,attack,1
838.3074279023211,750.0,875.7062231022109,1.0446122674750382,0.0,0.0,44.14012306632613,3097.7371361069518,1.1641957355190844,1.0,1.7587851825161163,1.5107297929861596,0.0,0.0,24.953027201579694,872.3504250943055,165.96871798479322,231.9,104.54364455391875,0.629899693287367,200.0,37.099999999999994,-0.3830287610200031,-1.582518691528222,749.0727681353756,750.0,25.857332564053817,0.03451911972239895,0.0,0.0,-27.85072800865308,773.6630506119734,169.69345278853237,240.55,104.4040012516155,0.61525061536535,199.59999999999997,28.5,-0.44608555897385,-1.5499698588238693,52949.0,11.833987335216989,280,attack,1
839.1992556111132,750.0,896.4837610143138,1.0682609106480743,0.0,0.0,44.8383191983059,3166.76174879268,1.166416030677845,1.0,1.8021406146997418,1.5450238742453284,0.0,0.0,25.175702619019553,885.5467272870053,166.09578490055014,231.0,105.04434375435734,0.6324323270289649,200.89999999999998,39.0,-0.3748647590749964,-1.5886489482675925,749.077108161961,750.0,25.79682495423528,0.03443814351440259,0.0,0.0,-27.91638961777302,777.3248092913057,169.82080098830784,240.7,104.91889620008835,0.6178212303174334,200.64999999999998,29.350000000000023,-0.4374459745133508,-1.5575061338044431,53198.0,11.835025505742264,281,attack,1
841.0158819028424,750.0,917.278049212715,1.0906786292041544,0.0,0.0,44.51321025579156,3117.653806971372,1.1697366702125673,1.0,1.8440558711596453,1.576470942664847,0.0,0.0,25.123837261920713,877.9182466092335,165.80211353388205,229.15,105.72584429830421,0.6376628261538951,202.25,41.849999999999994,-0.3614479687238773,-1.5991330939779975,749.0837392456563,750.0,25.704099495337726,0.0343140534878281,0.0,0.0,-28.017611689603783,782.9865647894218,169.52414987699458,240.35,105.63417071808635,0.6231216661150266,201.97500000000002,30.75000000000003,-0.423443688613052,-1.570174690274054,53583.0,11.837108976674692,282,attack,1
841.6117745380258,750.0,931.0826326977704,1.1063089429907949,0.0,0.0,44.41136151756194,3114.1614535626986,1.1715293899154982,1.0,1.880898674231841,1.6055070324505554,0.0,0.0,25.075706289603694,871.2560576987302,165.90788582201682,228.85,106.21099753758719,0.6401805255449313,203.1,43.150000000000006,-0.35273246723766366,-1.6054944847788943,749.0881976042343,750.0,25.641566764413138,0.034230370798019626,0.0,0.0,-28.086286685413125,786.8394997752151,169.63259859078838,240.45,106.13401776159199,0.6256699398776729,202.85,31.649999999999977,-0.4142892572827633,-1.57800848431338,53845.0,11.842034531410722,283,attack,1
842.5725886825883,750.0,953.107945215297,1.1311879332622692,0.0,0.0,44.95177741890067,3159.338495313877,1.1737292827876415,1.0,1.9241153918083205,1.6393178734013434,0.0,0.0,25.276192958555455,882.5601656674642,165.7835916208514,228.2,106.8045071452308,0.6442405192275824,204.29999999999998,44.900000000000034,-0.34148887636942,-1.6137158343203293,749.0938688125208,750.0,25.561800477100324,0.034123627947484636,0.0,0.0,-28.17437442523761,791.7953742534825,169.50624473633312,240.35,106.74623098888607,0.6297480730278096,203.95,32.70000000000002,-0.4024371412537164,-1.5880597689614977,54182.0,11.844139779299102,284,attack,1
843.0840880642073,750.0,969.3225194676079,1.1497340931831068,0.0,0.0,44.91347648623148,3157.4934585417736,1.1755025403136734,1.0,1.9640890900236645,1.670850570428851,0.0,0.0,25.244503802234973,877.3738492307866,166.23002463717899,228.55,107.16472637437644,0.6446773175199783,205.0,45.599999999999966,-0.33796291190690936,-1.6152034151454122,749.096237390472,750.0,25.528411960497024,0.03407894831968052,0.0,0.0,-28.21140915053307,793.8836062587816,169.96404097074958,240.95,107.10345318700642,0.6301536052878307,204.5125,33.10000000000002,-0.39863415004981684,-1.5902302204101653,54324.0,11.839264712802361,285,attack,1
842.9102749903689,750.0,990.1825083625192,1.1747187544650979,0.0,0.0,45.65122722981529,3223.2778298929707,1.1763130377355029,1.0,2.0076373384525596,1.7067202981252532,0.0,0.0,25.46937455039384,889.6669874340437,166.5637960457148,227.0,107.55082160701117,0.6457034731454665,206.54999999999998,48.19999999999999,-0.332433407222363,-1.618576032093262,749.0993377483444,750.0,25.4846415160937,0.03402037651334184,0.0,0.0,-28.260106191483192,796.6336019539061,170.30220570088605,241.2,107.49497459521845,0.6312013056602424,205.34999999999997,33.85000000000002,-0.3927428155249629,-1.5946098656869192,54511.0,11.836473416409131,286,attack,1
844.4925348526206,750.0,1018.5360686734747,1.2060924479944963,0.0,0.0,45.75755463410679,3209.959480873853,1.1795665634674923,1.0,2.05880131187831,1.7453879888102208,0.0,0.0,25.540244524024573,892.2275124233587,167.20120581823608,225.8,107.82707348651387,0.6448941140037731,207.24999999999997,50.39999999999998,-0.3314748645779862,-1.6176589125705743,749.1005917159763,750.0,25.466916692126638,0.03399665809072341,0.0,0.0,-28.279873537050943,797.7512472715929,170.95504036796308,241.9,107.77047127245935,0.6304024206627341,205.89999999999998,34.150000000000006,-0.39176499909678314,-1.5939092369987569,54587.0,11.824297937074192,287,attack,1
844.173158115987,750.0,1020.5082107984158,1.2088849319444968,0.0,0.0,46.83648045347899,3366.0984482126432,1.1802313892493557,1.0,2.086358367437646,1.7677536680028483,0.0,0.0,25.738766268839587,904.1676777244322,167.7230106491085,224.0,108.12738007268399,0.644678268379621,208.25000000000003,53.19999999999999,-0.32827768636203825,-1.6189729916058866,749.1026629868587,750.0,25.437612108310518,0.03395744450685094,0.0,0.0,-28.31261530788203,799.6041855721156,171.47899785467803,242.25,108.07706016941032,0.6302641228461199,207.05,34.80000000000001,-0.38832220130545925,-1.5959161729101934,54713.0,11.814336030823933,288,attack,1
844.7393337122531,750.0,1028.8402566057798,1.217938144403061,0.0,0.0,47.305376858378466,3444.4275625509836,1.1823765607524614,1.0,2.122859990690473,1.7954178568454453,0.0,0.0,25.750517826773677,902.9169293234429,169.08767974535465,229.0,108.11519577210493,0.6394031542388302,206.89999999999998,49.19999999999999,-0.33686792786403663,-1.6101278432748358,749.0998331530408,750.0,25.477640454958834,0.03401100804911508,0.0,0.0,-28.267910742335086,797.0747777366227,172.87611347179185,244.05,108.0294238136433,0.6248950282612088,205.54999999999998,34.0,-0.39719347791443893,-1.5859720357371048,54541.0,11.788850290066735,289,attack,1
845.4625397637939,750.0,1059.96868567258,1.2537145477417782,0.0,0.0,47.345303391162496,3429.19208990739,1.1843943105780832,1.0,2.175371801916061,1.836695585657025,0.0,0.0,25.836047451029128,909.3542841438783,169.48761387405082,226.325,108.49668814765947,0.6401452334344929,208.20000000000002,52.875,-0.3329918766131578,-1.6117070862037557,749.1024169073823,750.0,25.44109544539675,0.03396210567632202,0.0,0.0,-28.308719463771233,799.3835976785003,173.28145081928037,244.35,108.4160741817591,0.6256646263588189,206.95000000000002,34.70000000000002,-0.3930607061045847,-1.5882180435555222,54698.0,11.790809514756406,290,attack,1
845.9353473438412,750.0,1077.0289511886901,1.273181165168782,0.0,0.0,47.24060461953964,3418.2854329171814,1.1861135434909515,1.0,2.2161183379917992,1.8683863363277626,0.0,0.0,25.794007784243846,904.0507312196262,170.0176510487975,225.0,108.80681361240052,0.6399736318035085,209.05,55.25,-0.330277717408931,-1.6125336278844626,749.1043490951547,750.0,25.41373177545865,0.03392548956117525,0.0,0.0,-28.339352305819013,801.1188891133286,173.82227942952784,244.8,108.72452846636948,0.6254924790032412,208.00000000000003,35.25,-0.3902009306298257,-1.589478728812499,54816.0,11.784953189147343,291,attack,1
846.0164878066496,750.0,1088.2788535176676,1.2863565535691843,0.0,0.0,47.56493359478778,3470.0096141483436,1.1871583955257758,1.0,2.250197800264571,1.8954486686403713,0.0,0.0,25.861941893226287,907.0729336639471,170.14979132118228,221.7,109.27036349639344,0.6422009844850757,210.45000000000002,59.35000000000002,-0.32233830059438107,-1.6176903759374592,749.1084963047703,750.0,25.354898720312473,0.03384676431436039,0.0,0.0,-28.405437566688306,804.8688833550261,173.96071607330532,243.95,109.19656776824378,0.6277081989144574,209.8,37.150000000000034,-0.38184994037197606,-1.5959080325737793,55071.0,11.790904557426241,292,attack,1
847.495324403365,750.0,1104.9517095560116,1.3037850212730027,0.0,0.0,47.508755248780254,3470.4054130037193,1.189984474852872,1.0,2.2879846752515203,1.9227012819090799,0.0,0.0,25.870942568912824,906.7675356718305,170.05066293674054,220.2,109.85191764175735,0.6459952330948728,212.3375,61.80000000000001,-0.312408238794184,-1.6238674978654593,749.1136946239665,750.0,25.28096011382094,0.033747827993601494,0.0,0.0,-28.488925499874085,809.6188761373753,173.87258135417193,242.7,109.78966763777434,0.6314374974058555,211.6375,39.400000000000034,-0.3714512238185206,-1.6036234818254085,55394.0,11.80094005796838,293,attack,1
847.3881993713516,750.0,1106.0586770220025,1.3052561716608158,0.0,0.0,48.46322422387869,3620.9823220788176,1.1907319263583296,1.0,2.3129304737222496,1.9424443256476642,0.0,0.0,26.058622358648194,918.9470339038143,170.10659178105016,219.4,110.33685742198342,0.6486336376899589,214.1,63.54999999999998,-0.30361386848598076,-1.6293402356923081,749.1181679389313,750.0,25.217159243413484,0.03366245850476985,0.0,0.0,-28.56135891143182,813.7512228676252,173.9360852273013,241.7,110.28794619432873,0.6340716824240548,213.325,41.400000000000034,-0.3622831721800465,-1.6105004614247038,55675.0,11.808397026915909,294,attack,1
847.781012771278,750.0,1118.4118377573168,1.3192225597284661,0.0,0.0,48.905345839069646,3701.77160303355,1.1921050281325356,1.0,2.347032848963415,1.9688138155411565,0.0,0.0,26.175674958899354,928.6476041505314,170.06848548790518,218.5,110.87647219292654,0.6519518996999111,217.74999999999997,65.35000000000002,-0.2942431878383534,-1.6350227675496136,749.1230508171832,750.0,25.14733127241349,0.033569026136602585,0.0,0.0,-28.64105514148425,818.3100396175416,173.89063068700546,241.0,110.85559601440406,0.6375018342071498,215.95,43.10000000000002,-0.3525599478354266,-1.6174324849737856,55985.0,11.81842765466038,295,attack,1
848.4770842270842,750.0,1136.9820378596676,1.3400268068469938,0.0,0.0,48.71897297438229,3678.809398479859,1.1942656942656942,1.0,2.3907365692171045,2.0018464741106645,0.0,0.0,26.103593326313767,921.6733153620132,171.06780827917058,219.75,110.98379992181383,0.6487708063734359,217.29999999999998,65.14999999999998,-0.29727293930494286,-1.6312984973291702,749.1224081224082,750.0,25.15653330881901,0.0335813386918582,0.0,0.0,-28.630527402292092,817.7070993333982,174.91052266630913,242.2,110.9528880122419,0.6343408407961575,215.46249999999998,42.900000000000034,-0.35579060593702005,-1.6133475017807277,55944.0,11.806457056190933,296,attack,1
849.5357956973928,750.0,1155.9294576657128,1.3606600963962892,0.0,0.0,48.59945948845605,3663.0937358300594,1.196627012394928,1.0,2.4315388983009267,2.031993990704294,0.0,0.0,26.09487464991686,919.7613050208671,171.34073566570734,219.45,111.38938433846535,0.6501045061215945,219.75000000000003,66.39999999999998,-0.2915650974793541,-1.6341968597409553,749.1256589257729,750.0,25.10995386849375,0.03351901455958775,0.0,0.0,-28.683896498721477,820.7659183493662,175.18635493512252,242.225,111.36666883993587,0.6357040129134415,217.90000000000003,43.92499999999998,-0.34976848096298835,-1.617121445539837,56152.0,11.80309781173591,297,attack,1
850.4254495748345,750.0,1173.9876683735504,1.3804709971467564,0.0,0.0,48.7895858697836,3685.319413037061,1.198789298965046,1.0,2.471890065696258,2.0619887646897763,0.0,0.0,26.156134261086258,922.9663013633321,171.72515982849805,219.15,111.71737549576882,0.6505591586424551,221.90000000000003,67.6,-0.28639966511616205,-1.636931630748907,749.1284372725497,750.0,25.07007514211315,0.033465656748246086,0.0,0.0,-28.729745342294528,823.3982674330946,175.5868323471978,242.4,111.68872428424686,0.6360882692125707,220.0,44.79999999999998,-0.34430782676302474,-1.6207472362893576,56331.0,11.799105225427878,298,attack,1
851.0403790396718,750.0,1189.7362168172594,1.39797857554042,0.0,0.0,49.042890877263964,3716.1090346303886,1.2005162294038612,1.0,2.509510039001222,2.090359111802567,0.0,0.0,26.23212572373238,926.6355057487859,171.89647456099107,217.65,112.18719395439058,0.6526439488704298,224.20000000000002,69.975,-0.2803543361507013,-1.639542246913524,749.1320274379464,750.0,25.018449461032226,0.03339658237092874,0.0,0.0,-28.789316300266638,826.8247330367997,175.75651784032246,242.3,112.17845127971411,0.6382605473649062,222.8,45.94999999999999,-0.3380221690229553,-1.6241688235415062,56564.0,11.798118160869171,299,attack,1
1217.0536912751677,750.0,1129.9235246749627,0.9284089377281997,750.0,722.0,1.196100677064965,1.0623553411903917,1.8456375838926173,1.0,1.317027526758062,0.71358945995255,1.0,0.0,1.6517538959968476,2.1977082814279623,0.5744093381991051,0.559962,0.3076097231945603,0.5355235417289383,0.577114125,0.2859610833333333,0.08189547857190341,-1.4302925704089138,585.248322147651,750.0,302.99768324895126,0.517724992592988,0.0,0.0,-1.2953783675395827,-0.32199488491048545,0.7537837617449664,0.7724975000000001,0.1886255928963608,0.2502383342136521,0.31258675,0.17041800000000007,-0.36297464459647505,-0.6725473715399519,298.0,3.5507115414596,2,baseline,0
1521.6791208791208,750.0,1369.640855429176,0.9000851997219312,1500.0,694.0,1.4860263090904486,2.2735264296661306,2.320879120879121,2.0,1.6395869543859618,0.7064508184144058,2.0,1.0,1.7699229580779114,3.3676508407229413,0.7829637881493109,0.6686,0.5290766289158806,0.6757357580565219,0.6559545,0.330975,0.5941187988683737,-0.8396886312103691,642.0967032967033,750.0,257.41611989217097,0.40089930157019177,0.0,0.0,-1.9664402012020288,1.8668870649034792,1.3291646175824177,1.570754,0.6165305439870128,0.4638481462953805,1.166165,0.32501099999999994,-0.5803714201966642,-1.3113282592098492,455.0,4.166178036674282,3,baseline,0
1559.9149606299213,750.0,1363.5559991606674,0.8741220089395382,1500.0,666.0,1.7953714939798493,4.032305227209442,2.393700787401575,2.0,1.7048216953200783,0.7122116950843748,2.0,1.0,1.8190569807944799,4.415174309267018,1.0125629399387008,0.8479736666666667,0.7681169349808612,0.7585868538970644,0.9486779999999999,0.4703844666666668,1.0566399299779852,0.1256617205535,672.6834645669292,750.0,223.25924825481218,0.33189346849568474,0.0,0.0,-2.54129194453932,4.458164747380437,1.8109958850393701,1.843502,0.9805365610390826,0.5414350022213144,1.9171845,0.9527,-0.2653201787817346,-1.4911669722205132,635.0,4.503079857896653,4,baseline,0
1597.8699186991869,750.0,1445.082154392391,0.9043803487888556,1500.0,638.0,2.189471686037614,6.936188398893879,2.4905149051490514,2.0,1.8936613724236107,0.7603493432255847,3.0,1.0,1.9620184645329801,6.040764991279632,1.3803146554598444,0.99985625,1.014018982166829,0.7346288602789732,1.130155125,0.4437829285714286,1.1058350060495539,0.2601244460853085,683.4742547425474,750.0,208.82028946877094,0.3055276596298859,0.0,0.0,-2.8203605644995124,5.95443371378402,2.4877309295392953,2.485913,1.2160916581531076,0.4888356870565244,2.288915,1.1167715,-0.295887942844925,-1.2518067512958144,738.0,4.654874687914619,5,baseline,0
1708.2741738066095,750.0,1659.9157440478427,0.9716916461653179,1500.0,610.0,2.6232556174922403,9.928462326906024,2.6842105263157894,2.0,2.247404681828327,0.8372684108772199,3.0,1.0,2.2190129070290165,7.641850745936354,1.7606947301003357,1.2913810000000001,1.2718509999945267,0.7223574752916131,1.537864,0.6364670000000001,1.0465845614904472,0.13264165702217845,689.9069767441861,750.0,199.4391921029412,0.2890812802678646,0.0,0.0,-3.0175310436363154,7.105493599308879,3.2054201750305995,3.364038,1.4436969063495744,0.4503924064606577,2.3060080000000003,1.2076859999999998,-0.37668046926941845,-1.0668689022633369,817.0,4.815068744343725,6,baseline,0
1815.3226544622426,750.0,1854.7676530832227,1.0217289188365608,1500.0,582.0,2.9774033553023767,13.382656278361704,2.876430205949657,2.0,2.5731082589750627,0.8945491719746239,3.0,1.0,2.419715931280387,9.539782600335094,2.164039281012542,1.6756975,1.5582601334621544,0.7200701702295594,1.9313179166666665,0.8763652857142858,0.9472609536184319,-0.15885642004135114,693.8260869565217,750.0,193.3961134841521,0.27873860196362316,0.0,0.0,-3.1523496668561655,7.937308422128163,3.975555897025172,4.309029499999999,1.6450316092927768,0.41378656266000957,2.85316325,1.3561765000000006,-0.45861897538771085,-0.9229308284271482,874.0,4.80643739956541,7,baseline,0
1871.6185671039354,1500.0,2004.4377053050066,1.070964853916036,1500.0,750.0,3.3890643316112814,17.833881738134842,2.9646821392532794,2.0,2.8436847152438096,0.9591870499682149,3.0,1.0,2.6825729875076676,11.989824388453371,2.3703103940972223,1.70273225,1.8618851967541235,0.7855026925548533,2.367208202380952,1.01812125,0.9498865077754959,-0.12676168658406484,700.4581231079718,750.0,182.52352601804384,0.2605773564423477,0.0,0.0,-3.412799762340574,9.647202217831875,4.445217428859738,4.5784,2.1193596839754028,0.476773007820913,3.7079545000000005,1.9229260000000004,-0.5525685746192428,-0.8613356266638723,991.0,4.97008316025498,8,baseline,0
1925.3384030418251,1500.0,2132.3261712722347,1.1075072142660176,1500.0,750.0,3.6429579873330273,20.554877984050105,3.0722433460076046,2.0,3.0899858961039164,1.0057751122219432,3.0,1.0,2.7925881932968584,12.824400081982018,2.758865539007017,1.948289,2.124064461724722,0.7699050322290172,2.8482848125,1.1171342499999999,0.9590616329293635,-0.15795185305449655,703.3307984790874,750.0,177.53069911285576,0.25241422598975577,0.0,0.0,-3.5411430254016865,10.539693926351022,5.161009239543726,5.4617945,2.3549882934925375,0.4563038320971378,3.950561,2.0761890000000003,-0.5411377059272054,-0.927810158339319,1052.0,5.051854801828804,9,baseline,0
2035.5433364398882,1500.0,2323.1560008974693,1.1412952794022102,1500.0,750.0,3.6850478599580687,20.835584673674404,3.271202236719478,2.0,3.407693744076089,1.0417251815936306,3.0,1.0,2.770268768967365,12.384969155164967,3.2082579579636676,2.4143086666666664,2.3865203420572407,0.7438679723783816,3.3357350000000006,1.4090953333333336,0.9321369057612521,-0.24122755218756975,704.2441752096925,750.0,175.90369523225127,0.24977657100234446,0.0,0.0,-3.5842814421091647,10.847073456248163,6.055131917986952,6.439731,2.449303638328242,0.404500458702231,4.243867999999999,2.106171999999999,-0.5528087931864003,-0.9042508865508507,1073.0,5.032218502684937,10,baseline,0
2053.3873720136517,1500.0,2481.653406118574,1.2085656315714768,1500.0,750.0,4.027957618635253,24.160102781577656,3.304607508532423,2.0,3.684236219124039,1.1148786080075843,3.0,1.0,2.993674169636883,13.95079274148899,3.4520680983820466,2.772705833333333,2.71725254786749,0.7871375854784098,3.6314330178571432,1.7728133333333331,0.8805077348429244,-0.29511329406002007,708.1092150170648,750.0,168.790725133796,0.23836820868053285,0.0,0.0,-3.78112262701775,12.29688832054561,6.499884293515358,7.368748,2.972559457133893,0.457324980399956,5.509567999999998,2.1995575,-0.6313310874793616,-0.7705831452692307,1172.0,5.152975315802241,11,baseline,0
2086.0251968503935,1500.0,2630.709601464809,1.2611111339579277,1500.0,750.0,4.344680815246772,27.307106514637194,3.3566929133858268,2.0,3.9404442483306052,1.1739066843490191,3.0,1.0,3.204962188273359,15.46558851106536,3.7363577948000506,2.7917166666666664,3.0161117530221198,0.8072331180969047,4.054689857142858,1.7919143939393938,0.8882549684689224,-0.3266537622810284,711.3417322834646,750.0,162.53248176440073,0.2284872015629651,0.0,0.0,-3.9664900059880415,13.733042967603012,6.9725154574803145,8.0831575,3.3884068840124066,0.4859662061239644,5.52474575,2.4833784999999997,-0.5563386479978023,-0.9945754546892767,1270.0,5.330373886836598,12,baseline,0
2141.4992805755396,1500.0,2791.037682727046,1.303310119243626,1500.0,750.0,4.413201295839986,27.44731920093372,3.4287769784172664,2.0,4.194073321033363,1.2231980520848456,3.0,1.0,3.271174552897538,15.51956815361078,3.9292915014668965,2.6670142500000003,3.33950986061179,0.849901275933606,4.448597875,1.839532916666667,0.9149705219949413,-0.30827615514017825,714.6791366906475,750.0,155.73727853161733,0.2179121658045952,0.0,0.0,-4.182417206225022,15.492613686927118,7.3243175561151075,8.315321999999998,3.86504592620202,0.5277004849380232,6.20150875,3.040154499999998,-0.4682264325906994,-1.1692078109507302,1390.0,5.389021137109208,13,baseline,0
2181.3247106875424,1500.0,2960.0047810239803,1.3569757709713022,1500.0,750.0,4.490335123520374,27.67900889919789,3.4962559564329476,2.0,4.468574897192372,1.278102905758488,3.0,1.0,3.3232730773769856,15.48267251913872,4.286451293839009,3.14199375,3.6060803478473513,0.8412740751377331,4.9639714999999995,2.1421514423076924,0.9249019582743578,-0.3133836237913008,716.5786249149081,750.0,151.70116841625824,0.21170205632950936,0.0,0.0,-4.318735687203853,16.65147793592812,7.911243915588835,9.243491,4.139831338510693,0.5232845027509894,8.00263,3.303977999999999,-0.4039631315236346,-1.2666148421923797,1469.0,5.5538274918185335,14,baseline,0
2199.4146658014274,1500.0,2987.8079007748925,1.3584559324951981,1500.0,750.0,4.606888820219692,29.68828929717879,3.536015574302401,2.0,4.580893872035973,1.295495954635242,3.0,1.0,3.358287063511652,15.88221339579021,4.609483076177102,3.438849333333333,3.8712488134895553,0.8398444575048087,5.312539,2.296195666666667,0.9394803055518708,-0.2723677210832194,718.1401687216094,750.0,148.28266700430814,0.20648151080070087,0.0,0.0,-4.439361327538663,17.70792899644584,8.5202134256976,9.656809,4.411178417023853,0.5177309765174907,8.110958,3.8024510000000005,-0.3711545318708646,-1.2901155684229761,1541.0,5.564221510735389,15,baseline,0
2233.6296296296296,1500.0,3056.5079584164064,1.368404106872106,1500.0,750.0,4.730678319800317,31.11217337028745,3.59320987654321,2.0,4.734358607571635,1.3175847696729168,3.0,1.0,3.422956487301456,16.22081280421087,4.873962966830038,3.4964115,4.10180664266164,0.8415752582809224,5.7041445625,2.2649185,0.9724257018659929,-0.1516814555488497,719.6938271604938,750.0,144.78464241053138,0.2011753289336522,0.0,0.0,-4.568078791434575,18.867343844754387,9.076637390740741,10.2457005,4.727455355548101,0.5208377455257465,8.6904955,4.296826,-0.3521910522315856,-1.2825472633898065,1620.0,5.6230414639644675,16,baseline,0
2305.0602836879434,1500.0,3197.6095494730507,1.3872129818475236,1500.0,750.0,4.7858668324315445,31.455049540788607,3.701536643026005,2.0,4.964785926258507,1.3412769898178818,3.0,1.0,3.4699405517188016,16.383351511882843,5.160562436729036,3.7485435000000003,4.372035501476007,0.8472013574255236,5.62076445,2.53437575,0.9699246606393122,-0.15322180714959055,720.983451536643,750.0,141.8026371610112,0.19667946172521034,0.0,0.0,-4.682331135487827,19.92422486235872,9.667512238770685,10.649771000000001,5.016451053639036,0.5188978229084636,8.90078075,4.279586500000001,-0.3367768736601428,-1.2779748044152497,1692.0,5.716568971417158,17,baseline,0
2239.789090909091,1500.0,3216.391717951898,1.4360243698867294,1500.0,750.0,5.063814675975531,34.8877321032014,3.572987012987013,2.0,5.0187697216859695,1.4046425871249624,3.0,1.0,3.691086224600921,18.263182496423006,5.063692121330701,3.570592,4.6604395944727415,0.9203639326413101,6.20689375,2.710957125,1.0411531375633614,0.023262833834581276,724.4955844155844,750.0,133.28057937166042,0.18396327353626513,0.0,0.0,-5.0344256604713005,23.34544173081187,9.440276341818182,10.309317,5.749844577298988,0.6090758754411184,10.247891,5.027882999999999,-0.21099658300065294,-1.4055625552450906,1925.0,5.9339439087960555,18,baseline,0
2255.2361516034985,1500.0,3280.764662286112,1.4547322061831314,1500.0,750.0,5.280310984152831,38.37582653507778,3.5879494655004858,2.0,5.1444905355281,1.4338246915109467,3.0,1.0,3.8430696865212726,19.985381000645862,5.247876008361498,3.5577986,4.8879173417526385,0.9314086944822375,6.363280906249999,2.557899988888889,1.0894634304164086,0.12089509404761545,726.1438289601555,750.0,129.054401684272,0.17772567435996675,0.0,0.0,-5.224832699390888,25.298876736624266,9.790313663265305,10.401005000000001,6.086005595323313,0.6216354046100586,11.674687500000001,5.634532000000002,-0.13658838511943103,-1.4563708090624838,2058.0,5.991725386548279,19,baseline,0
2209.256298870547,1500.0,3204.145017900366,1.4503274335071228,1500.0,750.0,5.580163647551483,43.52026210345461,3.4939183318853173,2.0,5.08329468164469,1.4548979680649103,2.0,1.0,4.049571004246852,22.26949991111156,5.246093937229416,3.2675804,5.111614094230219,0.9743657195985669,6.45887325,2.4562566777777777,1.1647373472892981,0.31043358041721847,728.6724587315377,750.0,122.24410324948913,0.16776276059930942,0.0,0.0,-5.557281696251588,28.883379851492958,9.697572106429192,9.3282805,6.571852437448433,0.6776801827636318,13.610398,6.6871805,-0.003215515995505476,-1.5104165868717576,2302.0,6.138213876383373,20,baseline,0
2229.4518828451883,1500.0,3285.6072582121133,1.473728714888916,1500.0,750.0,5.677003393113081,44.92685548260135,3.528451882845188,2.0,5.238718313658453,1.4847073128950201,2.0,1.0,4.112757925951418,22.795546493413823,5.633632416079814,3.6082567,5.324865482995331,0.9451922116531452,6.828632000000001,2.60828295,1.179074724045463,0.339677908343881,729.4577405857741,750.0,120.03968875013703,0.16456016856266675,0.0,0.0,-5.672419582733809,30.17634392258195,10.322465386192468,9.749967,6.7290388515030815,0.6518829174766695,13.780790000000001,6.5174365000000005,0.036725984609653387,-1.5116484053458517,2390.0,6.177540094149085,21,baseline,0
2237.7238895558226,1500.0,3382.8821208506433,1.5117513544184977,1500.0,750.0,5.781100983508833,46.48178196004548,3.5418167266906764,2.0,5.405019681363491,1.5260585452183215,2.0,1.0,4.194005102864232,23.59596899774776,5.941743980081222,3.901577,5.5479919466354435,0.9337312353467649,7.054548428571428,2.73801,1.1953225516365713,0.39620014265384373,730.3537414965987,750.0,117.46754090502324,0.16083650186321433,0.0,0.0,-5.811881969549284,31.777972027972055,10.847403541016407,10.556537,6.946590788006702,0.6403920313040925,13.996800499999999,6.794601,0.06912846280787052,-1.491750880190448,2499.0,6.218392874097683,22,baseline,0
2229.2232716282583,1500.0,3400.220038827887,1.525293622268852,1500.0,750.0,6.015721428823548,50.9937497549373,3.5243672081601813,2.0,5.47095149690422,1.552321643510073,2.0,1.0,4.345204936632472,25.543629524240174,6.161367775017458,4.2076435,5.767575424838908,0.9360868617881792,7.34858525,2.8434350624999993,1.2261447016847975,0.4971284897639192,731.4522100491122,750.0,114.2255830909991,0.15616274244810827,0.0,0.0,-5.996068495028714,33.95283739707591,11.216517402720061,10.492162,7.230414520096824,0.6446220569624769,14.351193999999998,6.849724,0.10769681879324948,-1.4630272773784894,2647.0,6.264577722051273,23,baseline,0
2200.731847591661,1500.0,3411.8037570078623,1.5503041684708296,1500.0,750.0,6.213677216566655,54.77240742228072,3.483465132997843,2.0,5.536388331489377,1.5893336434014496,2.0,1.0,4.465448081306754,26.973549412402928,6.463910555648374,4.455427125,5.987434769786994,0.9262867606599197,7.4551609999999995,2.9098848333333334,1.2296327125452782,0.5332358022309851,732.352264557872,750.0,111.49090735562723,0.15223672097598462,0.0,0.0,-6.159287294391941,35.936819974858025,11.650172604601007,10.858554,7.485439134712558,0.642517444913763,14.561606,6.5958995,0.13577152467888703,-1.433263981450657,2782.0,6.390180923710497,24,baseline,0
2198.876997915219,1500.0,3430.8041082531704,1.5602528524814967,1500.0,750.0,6.376997232681937,58.66308091463058,3.485753995830438,2.0,5.6178669826692165,1.611664790283294,2.0,1.0,4.55436210035272,28.295608897445998,6.839619426378988,4.7493681,6.210407328333452,0.908004808627393,7.538307324999998,3.0287661,1.222589341493397,0.5373634586505207,732.9409312022237,750.0,109.66146015691739,0.14961841464774328,0.0,0.0,-6.272776793416208,37.34772870002094,12.242159604933983,11.5740065,7.680367167869053,0.627370285613138,14.699641249999999,7.005482,0.14619977592151592,-1.4045477231947,2878.0,6.42908169057564,25,baseline,0
2173.467369808833,1500.0,3408.4356809911196,1.5682019101537779,1500.0,750.0,6.6034437755631314,63.53365297049291,3.445286750164799,2.0,5.637986148001064,1.6364345138271525,2.0,1.0,4.689819675427312,30.03100037956694,7.0451682035133185,4.737686500000001,6.431899949941872,0.9129519358720749,7.108901625,3.1189111666666673,1.2391149617721482,0.6198381344838477,733.8180619644035,750.0,106.87143745226243,0.14563751288183285,0.0,0.0,-6.452950763732874,39.64057355916068,12.586221666446933,11.426252,7.993360866308129,0.6350882002672245,14.45306575,7.0883,0.16065247992438975,-1.3639206152198484,3034.0,6.516389877385809,26,baseline,0
2177.7665369649803,1500.0,3468.5329750014926,1.5927019338975492,1500.0,750.0,6.794112437171279,67.24393863959905,3.4636835278858626,2.0,5.776111763640926,1.6676211083194734,2.0,1.0,4.784335231089539,31.201399731924596,7.5332223556719216,5.233813833333333,6.640259179887929,0.881463318932613,7.352722083333333,3.2792908333333344,1.227053933870312,0.595672513095904,734.0804150453956,750.0,106.02125801978356,0.14442730775377952,0.0,0.0,-6.5096457350280374,40.37548759556873,13.373524150453958,11.807824499999999,8.099614025419966,0.605645447998464,15.091446000000001,7.090492499999998,0.16176598512088752,-1.3486588377648627,3084.0,6.549531487256236,27,baseline,0
2171.8477157360408,1500.0,3481.1101622300143,1.6028334477632855,1500.0,750.0,7.022734815836513,72.69959411222442,3.4647842639593907,2.0,5.858529159511696,1.6908784828111774,2.0,1.0,4.891775697421264,32.79479369688236,7.974731389514017,5.567107166666666,6.873402252240431,0.8618976510328956,8.003999875,3.3365846874999994,1.2041640625965122,0.5524533332510808,734.4238578680203,750.0,104.89689421319254,0.14282882165307195,0.0,0.0,-6.585969212129017,41.3749904631113,14.07330592036802,12.3877565,8.262966796015212,0.5871375810893432,15.113598499999998,6.956571500000001,0.15503286625590573,-1.320029464980668,3152.0,6.5851577023660335,28,baseline,0
2152.3703927492447,1500.0,3455.4664288713543,1.6054236949699219,1500.0,750.0,7.29611537294399,79.58111078094046,3.4317220543806646,2.0,5.871948501967238,1.711079279999257,2.0,1.0,5.047489252638772,35.12738433401155,8.153133655211342,5.7206019999999995,7.136331694712117,0.8752869751068901,8.515977750000001,3.5794277499999994,1.2001022035525408,0.5767649116107307,735.1673716012085,750.0,102.41655549134063,0.13931052906806163,0.0,0.0,-6.759988557328063,43.69744529520633,14.37541819123867,12.4361455,8.644910940528918,0.601367614181666,15.499228000000002,6.8802175000000005,0.1406829925778028,-1.2678147820200858,3310.0,6.653088414582642,29,baseline,0
2137.016919988529,1500.0,3494.343836176738,1.6351502898701873,1500.0,750.0,7.408087904950726,81.8921380090865,3.4017780326928593,2.0,5.945940118549347,1.7478918557900498,2.0,1.0,5.148575710796184,36.3501464434961,8.34339993483743,5.910621,7.391639600732078,0.8859265597312042,9.520808625,3.832649000000001,1.1938491122775006,0.5838184344458686,735.920275308288,750.0,99.83647920485633,0.13566208535704952,0.0,0.0,-6.949769825044328,46.29930062109666,14.621549526813881,12.74521,9.031605236267362,0.6176913889806726,16.129706000000002,7.283633,0.14233099999625298,-1.2427273736601105,3487.0,6.765959295604667,30,baseline,0
1455.2406864796985,750.0,2615.293398275722,1.797155221520263,750.0,0.0,10.099668097567339,153.7719274610703,2.218361936654109,1.0,4.4625984500767135,2.0116638211019437,1.0,0.0,7.26654288656434,72.25430633300282,4.833705614083453,0.999,6.615712527615918,1.3686626898296044,5.176846500000001,0.09999999999999998,2.0703930581313994,3.735711494652681,743.1529636280983,750.0,69.96004419403964,0.09413949431418843,0.0,0.0,-10.119847302776286,100.4128306031976,8.104533960792521,0.999,9.655708365869312,1.1913958794646233,12.5784255,0.2993229999999999,1.0741863308885133,-0.2902447384287643,7167.0,9.802481276430408,31,baseline,0
1418.0847651775487,750.0,2603.3101720298564,1.8357930611460407,750.0,0.0,10.487240608143694,164.84057690293218,2.1528573246786307,1.0,4.43488976334995,2.060001706807009,1.0,0.0,7.582771018078832,78.32644247261183,4.8211781516616465,1.999,6.089923525771979,1.2631608569936483,3.560075666666667,1.0,2.2491709265496875,4.667453751388713,743.7541762122947,750.0,66.84658499168688,0.0898772566657917,0.0,0.0,-10.60931937128171,110.55922303801492,7.851318243858979,1.999,9.213899569390701,1.173548095136442,10.757608,1.0,1.2561267235955487,0.19939460841841594,7857.0,9.993825375313635,32,baseline,0
1421.048678720445,750.0,2638.2978938593697,1.8565851637362434,146.0,0.0,10.572579211327401,169.1310304649306,2.1634846377544568,1.0,4.524523508677682,2.0913129817153755,1.0,0.0,7.616768277430856,79.19220423414689,5.243543530057185,2.999,5.986295946991249,1.1416508536024235,3.4022799999999997,1.0827825,2.272786100638541,4.866333920439057,743.7951547335794,750.0,66.62928351362802,0.08958015266648789,0.0,0.0,-10.645283044352352,111.32353551866969,8.307821376533065,2.999,9.08450291549552,1.0934879920692966,11.537913999999999,1.5958520000000003,1.288262237435975,0.3425017158700201,7909.0,9.994062864927786,33,baseline,0
1440.8358132375577,750.0,2725.8977360022595,1.8918864390781405,750.0,0.0,10.560163321922671,168.65491772296414,2.202283222165213,1.0,4.6864213225606095,2.1279830293367414,1.0,0.0,7.583966840478442,78.39694890089555,5.692018803230089,3.999,5.833849300327839,1.0249174329883213,3.3239885048076925,1.64192725,2.209255946983686,4.719661838775223,743.7051353635349,750.0,67.10706486245412,0.09023342944869021,0.0,0.0,-10.566933814851426,109.66147143405509,8.906392602103644,3.999,9.036483959100496,1.0146065149840942,11.301027249999999,2.0,1.2841664525881977,0.4077821161686823,7796.0,9.980621341268543,34,baseline,0
1473.9287322824216,750.0,2838.3667949156134,1.9257150856407552,750.0,0.0,10.293191572059511,160.046367397483,2.2644058815737185,1.0,4.891107877000472,2.159996101759481,1.0,0.0,7.407646242810878,74.37050899571705,6.072222652454886,4.899,5.7272179237834235,0.9431831228171478,3.5395134285714285,1.9,2.0787325301409423,4.249286293509227,743.4990897564484,750.0,68.18708659354066,0.09171105591518214,0.0,0.0,-10.39363579001595,106.02892985303848,9.508556296198172,4.999,9.079139388403274,0.9548388951573444,12.271792999999999,2.9999999999999996,1.2469153776850073,0.39429695571751466,7549.0,9.930484819220123,35,baseline,0
1491.405384006334,750.0,2895.359364600448,1.9413630899083245,750.0,0.0,10.348028957455162,163.55248523724148,2.295328582739509,1.0,5.005922259796967,2.1809174936611138,1.0,0.0,7.431917754970032,75.31230586831823,6.367216813886706,4.999,5.7125561189040015,0.8971825973390902,3.6521561041666666,1.9999999999999996,1.9514090141441998,3.8461960172364114,743.5238922612241,750.0,68.05844609535609,0.09153498200088095,0.0,0.0,-10.414120430287849,106.45510634640765,9.94864466165215,5.999,9.179588350594598,0.922697378666871,12.010578249999998,3.9999999999999996,1.2240777475187283,0.4183706937634155,7578.0,9.904314478290535,36,baseline,0
1540.3342072581759,750.0,3009.40339604565,1.9537340545091477,750.0,0.0,10.147470670391964,158.0805513455416,2.383744997930178,1.0,5.227352211591062,2.1929158597626874,1.0,0.0,7.26587320792249,71.96057834909215,6.829306169425568,5.899,5.914477717762821,0.8660437196741327,4.367324999999999,2.9,1.7627561163677963,3.1372479531742483,743.2280272545208,750.0,69.58170139386615,0.09362093306801209,0.0,0.0,-10.177736906732639,101.58741926699585,10.72338205616117,6.999,9.430345257414855,0.879418937796458,13.222994000000002,4.47853,1.1228085825284448,0.24381624832337945,7247.0,9.724212913794915,37,baseline,0
1492.711093990755,750.0,2950.5904790193254,1.9766654719038348,750.0,0.0,10.567300044792095,172.09151524317014,2.305855161787365,1.0,5.156929369240995,2.2364498233460783,1.0,0.0,7.552871234124484,77.62218047021638,6.5383621140964365,5.243394892857143,5.763995256246268,0.8815656208179927,6.0,2.7556051071428564,1.6246189149772627,2.7062122085848888,743.6983821263482,750.0,67.14419291701633,0.09028417236170494,0.0,0.0,-10.561326211291789,109.54272270391009,10.197366471237803,6.999,9.405630360470589,0.9223587665501336,12.704861499999998,5.0,1.195915524841182,0.5753290967588445,7788.0,9.914530453990025,38,baseline,0
1561.7181594083813,750.0,3115.184668528024,1.9947162999680654,750.0,0.0,10.211339328767375,160.60793192303288,2.427964941112024,1.0,5.451984196999884,2.2454954372211153,1.0,0.0,7.2931004035536455,72.18354774669635,7.084413338141583,5.85077875,5.967459262383114,0.8423364049433805,6.480940416666668,3.1482212500000006,1.4837105615060762,2.088994942787603,743.2788979485775,750.0,69.32300420151422,0.09326647694807853,0.0,0.0,-10.217376029890978,102.3957646709175,11.117303335250616,7.999,9.656987262849539,0.8686447577830566,14.248780749999996,5.6697595,1.0921444016898534,0.3489606843582602,7302.0,9.698610396403513,39,baseline,0
1503.6250314149283,750.0,3039.62023942735,2.02152809106073,750.0,0.0,10.671835080171638,176.24039700580173,2.3303593867805983,1.0,5.34554286262152,2.293870590495662,1.0,0.0,7.623341303949792,78.82519516043733,6.829624334900423,4.999,6.202835339924055,0.9082249675471342,7.899999999999999,3.7279610689655174,1.502639509216127,2.0707861354325505,743.8328788640362,750.0,66.43065111344896,0.08930857051506014,0.0,0.0,-10.67900558653667,112.04218748504395,10.665939106056797,7.899,9.943010119647864,0.9322207843847141,13.821866999999997,5.9,1.1241516462301746,0.41279383568416783,7958.0,9.944581371461563,40,baseline,0
1537.7938144329896,750.0,3121.1846447067965,2.0296509294112552,750.0,0.0,10.577531503423156,174.3457208774027,2.392783505154639,1.0,5.515988894950067,2.3052603309356163,1.0,0.0,7.534737420665581,77.08034007488382,7.144851670267006,5.0771421,6.261532641974219,0.876369857758044,8.0,3.0781420999999995,1.4404979402355484,1.8044483198806578,743.6754651747548,750.0,67.26600873674003,0.09045075693190084,0.0,0.0,-10.541792713582721,109.13034852671342,11.189733100773195,7.999,10.08541866481717,0.9013100289336019,14.632878,6.0,1.0961503022943826,0.38461301541100434,7760.0,9.841086562332272,41,baseline,0
1555.2329087600729,750.0,3193.6334509059507,2.053475998943535,750.0,0.0,10.608152519926314,176.01242252198128,2.4276059266961267,1.0,5.660359018562682,2.3316630414830963,1.0,0.0,7.529874040566476,77.10070467972393,7.4268500376174424,5.3460055,6.35713871166035,0.8559670222854993,7.7791109999999986,3.3470055000000003,1.3775408478614688,1.5334394862522398,743.6211581071211,750.0,67.5519021770071,0.090841823743907,0.0,0.0,-10.495652556765,108.15962599901022,11.636435937093838,8.340993000000001,10.287754443814215,0.8840984043077669,15.528361499999997,5.341993,1.081730773986403,0.3764074857510269,7694.0,9.79950412734771,42,baseline,0
1583.6481262327416,750.0,3304.362486988318,2.086550940358762,750.0,0.0,10.529664600377624,172.75252105386954,2.478369493754109,1.0,5.8466901663768,2.359087368171454,1.0,0.0,7.479351003807269,75.94714814851535,7.625749133628509,5.999,6.443352519054876,0.8449468250457617,7.783164,3.8999454,1.3338986369160957,1.3852513778894657,743.5464550555785,750.0,67.94302179996578,0.091376969573323,0.0,0.0,-10.433113085873174,106.85070167327336,11.991126850361601,8.735371,10.443849042324395,0.8709647702550535,14.572223,5.736371,1.0673873188782925,0.392901577445151,7605.0,9.745855033271608,43,baseline,0
1597.7065217391305,750.0,3362.142903340569,2.1043557484392186,750.0,0.0,10.62491108381215,176.38165185411708,2.4998706004140785,1.0,5.946361344029922,2.378667657055916,1.0,0.0,7.546762849245899,77.53944768262355,7.670219573404216,5.899,6.5687312398843725,0.8563941588661746,8.305093000000001,3.9,1.291339789881117,1.2063636932748665,743.6491212591757,750.0,67.40550858834669,0.0906415494369348,0.0,0.0,-10.519432101748086,108.6592802180509,12.120122945134577,7.999,10.722934280592035,0.8847215765989057,15.728086750000001,6.0,1.0659992940941343,0.3957588445733946,7728.0,9.739520027504412,44,baseline,0
1571.5979650080656,750.0,3357.388780721867,2.1362898498692298,750.0,0.0,10.80375956130729,183.0709539397279,2.4581213550068246,1.0,5.952375578609498,2.4215141235746565,1.0,0.0,7.689298082016831,80.46005394876546,7.564960643546397,5.999,6.656320801500081,0.8798883583325092,8.38789175,3.9999999999999996,1.318469800408946,1.2513029370005562,743.9099198963202,750.0,66.0192645477508,0.08874631562508535,0.0,0.0,-10.748289368607878,113.52655055450006,11.907430133391241,7.999,10.865159826422602,0.9124689126627022,15.693812500000002,6.0,1.108441304508262,0.5059886414312644,8059.0,9.850370070020805,45,baseline,0
1565.7471542746428,750.0,3378.3698915675586,2.1576727010771046,750.0,0.0,10.907999812722945,187.43765417040376,2.449624606442238,1.0,6.003727991717507,2.450876749004062,1.0,0.0,7.77196586785003,82.22425129018633,7.72218484249139,5.801281666666666,6.757450216687028,0.875069731496726,7.9827685,3.802281666666666,1.3482083348947205,1.3238784856802202,744.056635462845,750.0,65.2260927023893,0.08766280628868393,0.0,0.0,-10.88356285049082,116.45275095077555,12.060341063453622,7.999,10.941378364928234,0.9072196472190845,14.802818499999999,6.0,1.1234780079111164,0.5539104745330778,8258.0,9.916645635726763,46,baseline,0
1569.0773888821607,750.0,3428.0781642417674,2.184773159394001,750.0,0.0,10.991211512533505,190.17377048047268,2.46215332445198,1.0,6.114490627160565,2.483391495743472,1.0,0.0,7.802340727310437,82.67805391311471,8.00911952086918,5.999,6.837399545085623,0.8537017742424203,7.899999999999999,3.4460666666666664,1.3860227301210535,1.447765602450752,744.0558752212822,750.0,65.23044387781536,0.08766874377332996,0.0,0.0,-10.882882533599423,116.43790935323076,12.419911272496062,7.999,11.042267091608315,0.8890777759468744,14.766287,5.672896,1.146702641187177,0.631022051238086,8257.0,9.896361273793286,47,baseline,0
1609.3062420382166,750.0,3586.7399213510403,2.228749151440789,750.0,0.0,10.786238130594224,182.30026813711422,2.5434394904458597,1.0,6.400693504760246,2.5165503361899195,1.0,0.0,7.628936979681973,78.8411147070528,8.13776576166411,6.0977785,6.555829304763373,0.805605555230771,8.0,3.1987785000000004,1.304119526908457,1.2669016057780373,743.7476486199574,750.0,66.88610595917656,0.0899311830878194,0.0,0.0,-10.604341768705227,110.45277391798022,12.771642575796177,8.999,11.099946413671404,0.8691087577652039,14.6784305,6.0,1.2134954997763896,0.9040131999248908,7850.0,9.838459214308354,48,baseline,0
1610.5029652996845,750.0,3634.211979309824,2.2565695671560375,750.0,0.0,10.87409519727437,185.02616183264226,2.549652996845426,1.0,6.497286126447437,2.5483021158119343,1.0,0.0,7.679466981662036,79.73539263097538,8.191819713920058,6.470988,6.685156686849753,0.8160771257563093,7.535495399999999,3.5280120000000004,1.2769377561547264,1.2321338336284846,743.8067804030129,750.0,66.57201803119082,0.08950176280339964,0.0,0.0,-10.656212062975738,111.55554339854606,12.76510123154574,8.724393,11.210192957047278,0.8781906820561753,14.860707,5.725392999999999,1.228101620266819,1.0053561415089964,7925.0,9.805850816466275,49,baseline,0
1665.0922155688622,750.0,3812.466046620308,2.289642586142184,750.0,0.0,10.598829920068502,175.17819215421324,2.653226879574185,1.0,6.811327784950203,2.567186333512251,1.0,0.0,7.475525539261662,75.41154424340678,8.176540610997721,6.3816145,6.580231083907868,0.8047695715052448,8.0,3.776364944444445,1.1963407677258409,0.9788096510486963,743.4688542914171,750.0,68.34816579555124,0.09193144460730947,0.0,0.0,-10.369461641158352,105.52636227024479,12.916528017831006,8.999,11.38822901825034,0.8816788073799028,14.990605500000001,6.0,1.2915412502693975,1.2623079589088748,7515.0,9.687643956400198,50,baseline,0
1665.417050994861,750.0,3850.762112921816,2.312190877727298,750.0,0.0,10.745855483073887,180.27196926221703,2.6581894847806034,1.0,6.898959643244379,2.59536036943348,1.0,0.0,7.549481257758439,76.93558419454848,8.294665993393982,6.899,6.70313662811709,0.8081261660753531,8.899999999999999,4.0,1.191738354233373,0.9915976095673451,743.5325018925741,750.0,68.01753199941201,0.09147889544341561,0.0,0.0,-10.421795666153246,106.61443437939656,13.122054595203585,8.999,11.612937571585437,0.8849938466061736,15.542533,6.1000000000000005,1.298701341439035,1.2954159979250228,7589.0,9.720838236897535,51,baseline,0
1700.6174386920982,750.0,3959.913446639081,2.3285151360582015,750.0,0.0,10.631756411011608,177.21163927104914,2.729019073569482,1.0,7.121024814282757,2.6093715808913904,1.0,0.0,7.441476209614265,74.79772514980712,8.462014708354374,6.999,6.7373870884592355,0.7961918432743388,8.527840249999999,4.000000000000001,1.1754850089201736,0.8980235049697125,743.3130632990986,750.0,69.15138233156227,0.09303130234876114,0.0,0.0,-10.244620142023384,102.95280964137125,13.551272581607629,9.725184500000001,11.861879148611449,0.8753332262470244,16.483172500000002,6.449483000000001,1.297764118207356,1.2916224749681477,7340.0,9.651418895517198,52,baseline,0
1686.91732547233,750.0,4001.5752043126436,2.372122891791522,750.0,0.0,10.683311872784422,179.10066153714146,2.7120460940640494,1.0,7.20229119097461,2.6556669544586717,1.0,0.0,7.4896506805381575,75.69420035807303,8.314661484733055,6.899,6.732207521299513,0.8096790871956531,8.563609,4.0,1.1336555676474722,0.7815265250934003,743.4232376579806,750.0,68.58480565150016,0.0922553966265086,0.0,0.0,-10.332515366913242,104.76142975217553,13.283393190539996,9.494751,11.966506331800527,0.9008621637672133,16.358021,6.495751,1.3662869520848013,1.5863436372501178,7463.0,9.749608211025574,53,baseline,0
1699.5677863213275,750.0,4050.617001982199,2.383321827221531,750.0,0.0,10.779175645686994,182.96381557254375,2.7409955483609876,1.0,7.326064037350088,2.6727748761689156,1.0,0.0,7.5112946123943996,76.18879335157514,8.350448314223039,6.856523,6.779349582663769,0.8118545648760833,8.858341333333332,4.282212666666666,1.0926391666151525,0.6169296802873832,743.3788439728005,750.0,68.81392906232138,0.092569124908859,0.0,0.0,-10.29687186557737,104.02610260178632,13.442227604748412,9.999,12.227666761919249,0.9096458653623656,16.271246,7.0,1.3801303264757985,1.638457981510883,7413.0,9.739869432466213,54,baseline,0
1696.2099140779908,750.0,4053.0558568245983,2.389477754601923,750.0,0.0,10.912001763784255,188.96634195884218,2.7357567746199605,1.0,7.360554537003061,2.6905003417292304,1.0,0.0,7.5955218318898305,78.07293320026425,8.433432624702577,6.729319333333333,6.948075286575813,0.823872745034333,9.09061125,4.269680666666668,1.1189959639761875,0.6550304349668452,743.5118476236255,750.0,68.12576467905461,0.09162700620951057,0.0,0.0,-10.404837857350344,106.2611747120865,13.558479977924653,9.999,12.435872635237244,0.9172025666213918,15.577969,7.0,1.3849917581552686,1.6590662371186866,7565.0,9.784774187822354,55,baseline,0
1657.7307547406756,750.0,4004.5573952093105,2.415686252883543,750.0,0.0,11.209789729283074,200.2845899600695,2.669094562350873,1.0,7.295067946707526,2.733162042892257,1.0,0.0,7.8025335624493595,82.43671849105257,8.06084531513311,5.999,6.905959902783152,0.8567289946400756,9.34285375,3.9999999999999996,1.1347651904334861,0.6428093313136407,743.8361035862291,750.0,66.41680118454703,0.08928956374170895,0.0,0.0,-10.68237611073473,112.11369114325771,12.958572088408891,8.999,12.533110564858069,0.967167561313998,15.6484915,6.599080000000001,1.471472034289872,1.9773851455985394,7963.0,9.935840189071893,56,baseline,0
1657.3190964078508,750.0,4038.8483024787183,2.436976868988418,750.0,0.0,11.302442161928886,203.7696916444738,2.668929761757808,1.0,7.3633883281262325,2.7589292283497806,1.0,0.0,7.869811493412664,83.84509128785673,8.152711875911336,5.999,6.978015032129959,0.8559133621228254,9.361176,3.9999999999999996,1.1583286426393253,0.6842423988817781,743.9410772332633,750.0,65.85379703461076,0.08852017861350363,0.0,0.0,-10.776938085901465,114.14291684528516,13.148228140723367,8.999,12.739455775077785,0.9689104599288545,16.445316000000002,6.899999999999999,1.4765081232394777,1.9813577730223155,8101.0,9.955194585970196,57,baseline,0
1687.7658988482724,750.0,4166.3080797394005,2.4685343403267477,750.0,0.0,11.199018396693624,198.75451232408614,2.7243365047571357,1.0,7.573153412009898,2.779815708810544,1.0,0.0,7.8060394573578105,82.3033490454724,8.48964959331256,5.999,7.089230465857787,0.8350439423839228,9.450646916666665,3.9999999999999996,1.1681032258966781,0.6928783715886899,743.8553390430474,750.0,66.31427151884819,0.0891494192999407,0.0,0.0,-10.699564277497133,112.48117358540927,13.705132073860792,9.488714,12.977906111894361,0.9469376903449593,16.224818499999998,6.589714,1.4626693906720716,1.912901003734084,7988.0,9.913475740980841,58,baseline,0
1684.186614076174,750.0,4205.440898224736,2.4970159856849024,750.0,0.0,11.291595599394178,202.06966380698617,2.720448662640207,1.0,7.648234978255868,2.811387358007787,1.0,0.0,7.870514423928787,83.64742939900452,8.178726856241685,5.999,7.0411622808386785,0.8609117781534834,9.0,3.9999999999999996,1.1948040852955415,0.7934738365898046,743.949986107252,750.0,65.80605434133403,0.0884549439750202,0.0,0.0,-10.785117066060893,114.31923893003511,13.366378373351413,8.999,13.136750350580572,0.9828204756474161,15.995908000000002,6.578899999999999,1.5097484116940485,2.1021912417026964,8113.0,9.956252875545676,59,baseline,0
1675.5382003395587,750.0,4259.451346779788,2.542139203938521,750.0,0.0,11.446972493443244,206.60317081510902,2.709313606597138,1.0,7.736208611848004,2.855412748457931,1.0,0.0,7.963248449793138,85.55834786309843,8.09295022657944,5.999,6.920608840025004,0.8551404180512381,8.724280631578946,3.9999999999999996,1.2310809065736301,0.8979303075633509,744.0475422427036,750.0,65.27791891404375,0.0877335320768394,0.0,0.0,-10.875406655214018,116.27495044164328,13.268755609143826,7.999,13.273731507404653,1.000375008659998,15.215858999999998,6.0,1.5826601358241368,2.330887239582415,8246.0,10.045109921725267,60,baseline,0
1665.3925200143387,750.0,4291.00423607266,2.5765723002260845,750.0,0.0,11.557733984164374,210.9542233909918,2.6967379615246743,1.0,7.804137810606847,2.8939177339256816,1.0,0.0,8.032962554060338,87.09901199571817,8.225292262977325,5.999,6.922587222732877,0.841622036203136,8.607455,3.8999999999999995,1.2429372138126242,0.9563913238857387,744.1350025170957,750.0,64.80066064667406,0.08708186072081099,0.0,0.0,-10.958245492586025,118.0836162456335,13.37269160700203,8.314315,13.335589846971825,0.9972255577919124,16.288969,6.315315,1.6292777025218226,2.5379600103440305,8369.0,10.123833340030671,61,baseline,0
1682.2194794085299,750.0,4423.912204727631,2.6298067873302022,750.0,0.0,11.42459211942954,205.25751847717476,2.7381156055236464,1.0,8.036241550937687,2.9349533433599526,1.0,0.0,7.939760786713693,84.91635387855317,8.237150598011718,6.570716666666667,6.703361333470674,0.8137961366262662,8.319792999999999,3.6671376666666666,1.2031434178425024,0.8676444335121909,744.0016675010742,750.0,65.52713309168948,0.08807390622090894,0.0,0.0,-10.83272643360132,115.34840909563954,13.433985609434194,8.657239,13.480888831451843,1.0034913854593317,14.754249,5.7582390000000006,1.7244893797677876,2.873472354995111,8183.0,10.134707653018104,62,baseline,0
1651.734193548387,750.0,4401.399585158403,2.6647142151262035,0.0,0.0,11.650658141317187,213.48282167184885,2.6853958944281526,1.0,8.003901041454146,2.9805292612762235,0.0,0.0,8.104284929918068,88.38778307117957,7.817534171403412,5.926965666666667,6.687359692807084,0.8554308233495784,8.413313342105262,3.9279656666666667,1.187998822713254,0.7661397129707206,744.242282735186,750.0,64.21032132972569,0.08627609962409621,0.0,0.0,-11.062415975258682,120.37749825819407,12.813521748269794,7.999,13.625582366309557,1.0633752869814588,15.560138,6.0,1.7996783753550059,3.2033581964641584,8525.0,10.252060063582748,63,baseline,0
1671.9004237288136,750.0,4464.023128784376,2.670029306427433,750.0,0.0,11.615281270423266,213.04093856294352,2.7217514124293785,1.0,8.13170062930534,2.987672052697551,1.0,0.0,8.082047932616476,87.97207755233471,8.066165514442874,5.999,6.794584141956265,0.8423561517291235,8.084461166666667,3.9999999999999996,1.209620809849334,0.8241850646589888,744.2226084333804,750.0,64.31916311317174,0.08642462938416538,0.0,0.0,-11.043122649809826,119.95099366945107,13.195212592396423,8.3649695,13.845659399398365,1.0492941513785654,16.30588625,6.3659695,1.7939110596220402,3.1601268500803696,8496.0,10.202093609292723,64,baseline,0
1649.1723903434206,750.0,4433.42757253262,2.6882741904316085,0.0,0.0,11.857198475671698,222.45345969160377,2.680720843250595,1.0,8.094488959461271,3.0195195370085743,0.0,0.0,8.246820194809672,91.57990566628398,7.997745092661444,5.999,7.024449835972657,0.8783037912046158,8.321337,3.9999999999999996,1.2430324314907049,0.8954081231375941,744.436711741166,750.0,63.12566016013899,0.08479654370147077,0.0,0.0,-11.258733904995692,124.75952785217687,13.05623131372549,7.6588,14.06247668117193,1.0770701240861607,15.798297499999999,5.659800000000001,1.7900372154525774,3.1544542348782203,8823.0,10.261422466623902,65,baseline,0
1697.341726618705,750.0,4617.915430320506,2.720675134476256,750.0,0.0,11.54427998011104,212.03097766012218,2.7808153477218225,1.0,8.439979446197393,3.035073671148942,1.0,0.0,8.015619882703634,86.76031466862192,8.361993013037047,6.212944416666667,7.026616900916089,0.8403040865928739,8.37289075,3.950181638888889,1.231080665413905,0.8296323234081693,744.1145011263717,750.0,64.91346861217683,0.08723586022570025,0.0,0.0,-10.938760975694285,117.65689444903359,13.61177309148681,7.999,14.188175013848756,1.0423458368346181,16.184894999999997,6.0,1.8053307008787678,3.234602784874019,8340.0,10.16769720763207,66,baseline,0
1672.442200557103,750.0,4589.845919365005,2.7443973357262172,0.0,0.0,11.743856669999458,220.41841210803088,2.738741875580316,1.0,8.413322519510865,3.0719662172354796,0.0,0.0,8.1526948440549,89.81178427037958,8.25826073080947,5.999,6.979471366685892,0.8451502797250345,8.621553874999998,3.6060990499999996,1.242138160006434,0.9052541940651921,744.3030148699401,750.0,63.873923390871,0.08581709614871352,0.0,0.0,-11.122726867850222,121.71545670820156,13.365944754294333,7.999,14.228507352258653,1.0645343530757292,15.176638999999998,5.3593795,1.8813879402264608,3.5799443513363096,8616.0,10.25122437909636,67,baseline,0
1664.899977163736,750.0,4615.2773185282895,2.7721048602515515,0.0,0.0,11.813896045767908,223.50132102533337,2.7280200959123087,1.0,8.468148507742034,3.1041371434289613,0.0,0.0,8.210766092866441,91.09060769020975,8.111919961007521,5.999,6.919196628766485,0.8529665802948951,8.345718,3.9999999999999996,1.237347948112621,0.9002334742571603,744.3953662533751,750.0,63.358276574676694,0.08511374391483113,0.0,0.0,-11.216199998526072,123.80354087797717,13.151143344370862,7.999,14.377775174241009,1.0932718774140036,14.866015499999996,6.0,1.9521307034631727,3.8609950029094176,8758.0,10.308120696550674,68,baseline,0
1711.7734986159585,750.0,4768.103426714592,2.7854756663599516,0.0,0.0,11.575524547042985,215.5957797449227,2.8259718377662777,1.0,8.781403802770452,3.1073925385298615,0.0,0.0,8.013437037165453,86.8312406407816,8.504748640502532,6.644575,6.9385944089587435,0.8158494392079708,8.631178,4.0310950000000005,1.1825089383760263,0.7630224293784953,744.0924857104485,750.0,65.0340720966153,0.08740052257686991,0.0,0.0,-10.917899681440959,117.20090108100746,13.810433918642437,7.999,14.651290492027288,1.0608856013024903,15.652223000000001,5.729046,1.9483032513801855,3.814054494015034,8309.0,10.18822735465486,69,baseline,0
1679.2188614146062,750.0,4720.371864262236,2.8110521938073663,0.0,0.0,11.862771689743521,226.72269234517216,2.7660724554341574,1.0,8.706987876464035,3.147780116662708,0.0,0.0,8.210520245831749,91.16309405510061,8.339643839057025,6.368041,7.220966990416259,0.8658603568414192,8.831743499999998,4.28809,1.2007412455927107,0.7951973755449231,744.3547227470632,750.0,63.585979564008575,0.08542429787956826,0.0,0.0,-11.174822304601225,122.87702720822553,13.4854456426682,7.999,14.820415874443446,1.0989934086828674,16.5951305,6.0,1.9512730231457054,3.8859848654299025,8695.0,10.266942077539404,70,baseline,0
1692.2432432432433,750.0,4814.568606511093,2.8450807091324553,0.0,0.0,11.830748378495638,226.6011675303734,2.8027027027027027,1.0,8.904215045379578,3.1770101897689913,0.0,0.0,8.153261558080263,90.13340198125425,8.353871937791721,6.721247999999999,7.197119984957005,0.8615310407618608,8.8648140625,4.461892000000001,1.2249777696039796,0.8475579676662406,744.2319822578244,750.0,64.26809612561605,0.08635492381104316,0.0,0.0,-11.052428849418092,120.15653922130572,13.520985420916569,7.999,14.94304957340043,1.1051745940265545,15.023552500000001,6.0,2.0135970126334626,4.171967915210576,8510.0,10.25148362676955,71,baseline,0
1698.8378789652347,750.0,4859.472382368966,2.860468584164652,0.0,0.0,11.856167378669777,228.24336751079244,2.8171602481563855,1.0,9.001582731196955,3.195268262459616,0.0,0.0,8.169198075476002,90.53001427022652,8.204829900132335,5.999,7.060345499009602,0.8605108923581374,8.505067,3.9721907499999998,1.244335045744145,0.895815208109322,744.2542464916046,750.0,64.14502814967798,0.08618698308011812,0.0,0.0,-11.074358711869191,120.64176826745295,13.429573583167503,7.999,15.13965632323964,1.127337084046774,15.405527000000001,5.6604,2.0705039640852188,4.372899996715441,8543.0,10.283176172559468,72,baseline,0
1661.4920923882125,750.0,4839.679973376717,2.9128516443434935,0.0,0.0,12.076780777203922,236.93527643223408,2.7594720673569233,1.0,8.987111819394164,3.2568228994621413,0.0,0.0,8.306804018136818,93.52535729432476,7.87418350829543,5.899,6.924558463898211,0.879400188807285,8.038394,3.9,1.3166432430396866,1.144357690792896,744.4150518160153,750.0,63.24823786956595,0.08496367411603327,0.0,0.0,-11.236496009696879,124.25919021522161,12.807463269427693,7.445636,14.975340499858472,1.1692667146354934,14.516321,5.446636,2.216291786967378,5.1587889866252805,8789.0,10.397985259407292,73,baseline,0
1644.279848248159,750.0,4838.014687988659,2.9423304634811123,0.0,0.0,12.240568417703443,243.93972026960571,2.73343003793796,1.0,9.006730630375282,3.295028775336706,0.0,0.0,8.405551047897834,95.76761445365703,7.599706631393399,4.999,6.783559221090577,0.8926080374035199,8.04758725,3.117688333333333,1.3349196633003924,1.1827749618365555,744.5228472167771,750.0,62.63968152359824,0.0841339950248161,0.0,0.0,-11.349132153632251,126.80314562694196,12.361785574648517,6.899,15.017662329342965,1.2148457226228795,13.0,4.9,2.3331481304359913,5.704555409310252,8962.0,10.42589813304457,74,baseline,0
1666.207650273224,750.0,4928.572371007862,2.957958073352788,0.0,0.0,12.166565347443232,241.57448825687686,2.781193078324226,1.0,9.197857101599572,3.3071623733299487,0.0,0.0,8.334729337527762,94.16967020459327,7.85325798834043,5.999,6.761979729741125,0.8610413333906127,8.100000000000001,3.9999999999999996,1.2930906849295682,1.0701595407266131,744.4118427443838,750.0,63.266431259485735,0.0849884803366974,0.0,0.0,-11.233221367579837,124.18559168773895,12.717142185678508,6.999,15.1338536805848,1.190035737559645,13.643007499999998,5.0,2.3552795950606007,5.834616358535239,8784.0,10.359007027727689,75,baseline,0
1648.6176668914363,750.0,4933.8257288301165,2.992704632441025,0.0,0.0,12.303669155986444,247.9189501450705,2.7580355135985615,1.0,9.23787226236666,3.3494391993210764,0.0,0.0,8.409116209747241,95.89876001445437,7.81216689822015,5.999,6.874182858327705,0.8799329235904898,8.127781971153848,3.9999999999999996,1.3257830028669393,1.179741396571548,744.4834232411778,750.0,62.86314576984613,0.08443861046115114,0.0,0.0,-11.307591206654369,125.86194388904269,12.449890889413352,6.999,14.954951851361981,1.2012114792169613,13.0,5.0,2.4444877713782485,6.515393370471928,8898.0,10.383301348751914,76,baseline,0
1650.7472527472528,750.0,4948.253672916568,2.9975840727170358,0.0,0.0,12.377629906450275,252.44205454727987,2.7613497613497615,1.0,9.28558562195441,3.3626981094258666,0.0,0.0,8.460602202323766,97.25734682007787,7.861760644120032,5.999,6.860430913784446,0.8726328903075292,8.255498000000001,3.9999999999999996,1.3506135418529035,1.2812827165783611,744.5513793565742,750.0,62.477795533961164,0.08391334334502633,0.0,0.0,-11.379537029318309,127.49418360229325,12.430532964146966,6.999,14.928090907626634,1.200921227648348,11.367631,5.0,2.522723366809748,7.007593645975605,9009.0,10.399398708272534,77,baseline,0
1654.1407894736842,750.0,4953.8402532519885,2.994811738381837,0.0,0.0,12.49486514599935,258.69031306217363,2.7663377192982455,1.0,9.324645857062341,3.370754695644241,0.0,0.0,8.526947472797804,98.94689453911923,7.894352402874175,5.999,6.957069894570282,0.8812717674013832,7.92646825,3.7147764999999997,1.3814163421132661,1.370507040495501,744.6176816239316,750.0,62.099445344830116,0.08339775817490375,0.0,0.0,-11.451030949398763,129.12642612997254,12.54009671754386,6.999,15.115396551905398,1.2053652290224077,12.0,5.0,2.51755181326998,6.974289169797901,9120.0,10.396375214616311,78,baseline,0
1642.4521853434112,750.0,4994.035043105164,3.0405969121475453,0.0,0.0,12.68982385050789,269.9827673515975,2.757476174827473,1.0,9.42331621061289,3.417369947431179,0.0,0.0,8.596395892059661,101.50816986846257,7.6615130840310375,5.899,6.732238168447828,0.8787086956073852,7.386724000000001,3.9,1.3872094995565376,1.4505745378029538,744.6229750509921,750.0,62.06920295497997,0.08335655094543577,0.0,0.0,-11.456807250662033,129.25874114400796,12.172677229817067,6.999,15.07227277629064,1.238205243738082,11.899999999999999,4.8999999999999995,2.6648337909060884,7.803818493254287,9129.0,10.474281998589085,79,baseline,0
1644.0547031354236,750.0,5037.921205081601,3.0643269931795083,0.0,0.0,12.757640273575781,274.32291225934074,2.775517011340894,1.0,9.562347455742369,3.4452490893300833,0.0,0.0,8.582787507360438,101.28214435995149,7.65550599503133,5.77615325,6.607198931887065,0.8630649543185454,7.1000000000000005,3.77715325,1.390016061616316,1.498998232863344,744.5422531687792,750.0,62.52991907260599,0.08398437940422862,0.0,0.0,-11.369837968329545,127.27351222563041,12.08361186791194,6.999,15.04347993836465,1.244948952582021,11.761752249999999,4.2915735,2.7873742437865254,8.544187137096749,8994.0,10.451715641175415,80,baseline,0
1633.5782922035378,750.0,5062.282264904427,3.098891732991813,0.0,0.0,12.913677076497242,281.289008483741,2.7583533522603187,1.0,9.605190755441114,3.482219110024533,0.0,0.0,8.677312151370284,103.71272740604928,7.610006002621167,5.8163168333333335,6.608928736099035,0.8684524997513374,7.886095,3.7257924166666667,1.3898362257346513,1.5283906060734074,744.6399774601712,750.0,61.97186762894875,0.0832239330479184,0.0,0.0,-11.475401376623113,129.6851315579064,11.910656400960907,7.3273065,14.924049381601836,1.2529997406690214,11.0,4.4283065,2.876333362132774,9.263250720801922,9158.0,10.470507881806926,81,baseline,0
1639.386433260394,750.0,5116.297225331432,3.1208610255217226,0.0,0.0,12.931900009613,282.72163508996033,2.774507658643326,1.0,9.7225642733092,3.5042484900053665,0.0,0.0,8.677957129808687,103.78795031576954,7.9210043897854865,5.999,6.597557155931142,0.8329192651930615,8.0,3.6110644999999995,1.3912018271260782,1.5497253883114315,744.6294097240753,750.0,62.03253899191489,0.08330659275853909,0.0,0.0,-11.4638615934493,129.42040981742292,12.307856333260393,7.318578499999999,15.01649516739919,1.2200739723309129,10.4100425,4.5804215,2.899709588150603,9.400443798495617,9140.0,10.471474548456614,82,baseline,0
1614.4447561501943,750.0,5103.863042890791,3.1613736075190735,0.0,0.0,13.240963508293673,294.92258244541233,2.740289167026327,1.0,9.741190568993574,3.554803882089713,0.0,0.0,8.8116676742807,106.6925734065154,7.85422450699979,5.999,6.543779861899207,0.8331541651333372,7.899999999999999,3.48613,1.365481688685379,1.5416862833636245,744.7035712985737,750.0,61.60600516544599,0.08272554012064261,0.0,0.0,-11.5456642295352,131.30264675399258,12.12996228895123,7.320064,14.889333078332,1.227483872055743,10.3035215,4.3357015,2.9731404864430546,10.033882023414344,9268.0,10.515972829403522,83,baseline,0
1633.7646292476386,750.0,5176.256491546879,3.168300010222761,0.0,0.0,13.167617671665745,292.7069801909511,2.7768971881446096,1.0,9.884945130695025,3.5597087183842318,0.0,0.0,8.772108345927473,105.84716838214877,7.880671394317734,5.999,6.627517618955895,0.8409838816188414,7.999999999999999,3.9999999999999996,1.3263119572680844,1.4127505642883333,744.6707844140805,750.0,61.79504349967556,0.08298303732742374,0.0,0.0,-11.50930701793439,130.46442395330672,12.212003835305612,7.601393,15.125818054046112,1.2386024650857457,10.830803499999998,4.885611000000001,2.976067430407586,10.02741686806367,9211.0,10.44824381607695,84,baseline,0
1587.9040712731794,750.0,5098.746773617024,3.210991687633155,0.0,0.0,13.539732093239895,309.99327219683073,2.6952242826064436,1.0,9.761070581428086,3.621617185783346,0.0,0.0,9.004443840562473,111.53029250583066,7.700590212363358,5.899,6.593349105818943,0.8562134750701665,7.855871,3.9,1.343100469320969,1.489451159354573,744.9147927191182,750.0,60.37410435891103,0.08104833592917524,0.0,0.0,-11.788291843527757,136.96410686931455,11.716317369418832,7.379597,14.862480981768325,1.2685283705749901,11.313559999999999,4.653902,3.147035250284264,11.359475680591538,9653.0,10.552270346619217,85,baseline,0
1595.363075958625,750.0,5168.633068805418,3.2397848155659985,0.0,0.0,13.544120738817547,311.8378270783463,2.7170619579981192,1.0,9.908302827600776,3.6466974183029044,0.0,0.0,8.984692642471193,111.41169190437616,7.7442698310886,5.999,6.483121868636215,0.8371508237755828,7.441921499999999,3.6438849722222217,1.3659093389910917,1.5446194023849342,744.8712146430715,750.0,60.63045966546513,0.08139723817159202,0.0,0.0,-11.73703441605663,135.7582504015328,11.764366124020476,7.32329,14.956421917556664,1.271332578388448,11.0,4.575709999999999,3.2370189431149328,11.882573121491559,9571.0,10.558175421664933,86,baseline,0
1610.3937125748503,750.0,5241.8970704072435,3.2550406956234332,0.0,0.0,13.52572851329126,312.3356001112603,2.7580196749358428,1.0,10.096642710588302,3.6608305598194004,0.0,0.0,8.919955552479193,109.89670486112878,7.869033570535081,6.27230635,6.452034058204528,0.8199271232446654,7.611581249999999,3.6233861249999997,1.3229946382139859,1.4631936703082644,744.7511012457843,750.0,61.33123700634838,0.08235132100342839,0.0,0.0,-11.599031010092146,132.53778167895317,11.88863354384089,7.613731,14.891815359709392,1.252609503421388,10.32176325,4.614730999999999,3.3232629985500535,12.687850418750811,9352.0,10.509882208071867,87,baseline,0
1626.007121277514,750.0,5310.5770521717595,3.2660232434894683,0.0,0.0,13.469556257207685,310.8699491059175,2.7915407854984893,1.0,10.245314606450668,3.670128933696073,0.0,0.0,8.878764564946644,108.96778347878852,8.057613632350137,6.2408210833333335,6.42285382957231,0.7971161342094506,8.0,3.6581789166666656,1.295048228353127,1.4024708563679598,744.7035179699456,750.0,61.60661825361553,0.08272636930943278,0.0,0.0,-11.545660162432144,131.30252179082464,12.194381231873113,7.999,15.037166572781894,1.2331225575823757,10.452401749999998,5.0,3.3324031725672865,12.742441760439766,9268.0,10.473359361764304,88,baseline,0
1642.020284422886,750.0,5421.941978054613,3.301994518271277,0.0,0.0,13.368223162973285,305.73442979894907,2.8337559254767943,1.0,10.467705000140782,3.6939331669432804,0.0,0.0,8.79443010647064,106.80664352212875,8.043415415503578,6.428972,6.3349582075553075,0.7875955524247521,8.0,3.5700280000000006,1.197711775605423,1.099737882320082,744.5884811332323,750.0,62.267115259320434,0.08362621345491741,0.0,0.0,-11.419515698660067,128.40558121425047,12.151766747326645,8.621784,14.995139909502244,1.2339884579171283,10.4889885,4.861902,3.4535302133531793,13.79937448147842,9071.0,10.443174083412591,89,baseline,0
1665.2193642592385,750.0,5516.309988589721,3.3126626479290393,0.0,0.0,13.264487706459875,301.9741692154984,2.8843086600022465,1.0,10.668063307886596,3.6986552291800447,0.0,0.0,8.71541961267688,104.96836479871425,8.113901030002328,6.2447915,6.46780183154148,0.7971260442573607,8.0,3.7542085000000007,1.183111122928974,0.9502823444727726,744.4863554107854,750.0,62.84749615633355,0.08441725721307031,0.0,0.0,-11.310829545289872,125.93509779967607,12.39259175783444,7.999,15.33689388113513,1.2375856625341781,11.305013,5.000000000000001,3.3928036083314628,13.314195619724554,8903.0,10.412983114107655,90,baseline,0
1667.6104240282687,750.0,5524.0647731236095,3.3125631103814497,0.0,0.0,13.355833287707604,307.0720256005118,2.883613074204947,1.0,10.691750560840608,3.7077618549043634,0.0,0.0,8.784392540543177,106.71287375357674,8.238822648659198,6.899,6.6114946527284255,0.8024805162912922,8.41765875,4.1000000000000005,1.1670303386512615,0.9204945017372594,744.5794980196482,750.0,62.3184963450132,0.08369622922839157,0.0,0.0,-11.409852344216967,128.18496213331747,12.51505984860866,7.999,15.408056044102155,1.2311611954308888,11.471512749999999,5.000000000000001,3.392193000092889,13.456841218747222,9056.0,10.388155226210486,91,baseline,0
1636.107970784376,750.0,5452.129407477719,3.3323775110415736,0.0,0.0,13.688343527723449,322.9217408167443,2.82131893722875,1.0,10.574181526413035,3.7479568108664667,0.0,0.0,8.99144602137936,111.7833104117142,8.097055479451884,6.037963636363636,6.803175413910617,0.8402036309588368,9.0,4.038963636363636,1.1842575261276704,0.9146340660109793,744.803836966877,750.0,61.02488294193685,0.0819341683180007,0.0,0.0,-11.659092138187814,133.93466578610054,12.290290801524293,7.999,15.457759116149754,1.2577211854281445,12.561316,5.1,3.3735747853364653,13.530883140562228,9447.0,10.460747379414798,92,baseline,0
1633.4826892535734,750.0,5487.382510636868,3.359314761483239,0.0,0.0,13.81444632456514,328.19531987680944,2.8249867654843834,1.0,10.670053794379106,3.777027887261474,0.0,0.0,9.029579109145054,112.5833570906087,8.329880893724983,6.727392,6.779316468137967,0.8138551504673881,9.0,4.171607999999999,1.185570479550975,0.9006574293672296,744.8027277332833,750.0,61.03140061890817,0.081943041219317,0.0,0.0,-11.657830158911663,133.90523526302707,12.509727252091052,8.324206,15.481797986723189,1.2375807781209094,12.578543,5.362781999999999,3.431812320728903,13.95045742543017,9445.0,10.466525809854248,93,baseline,0
1635.8721004469037,750.0,5545.418207896956,3.389884946617773,0.0,0.0,13.837100112937797,329.0268072901835,2.8384762715471377,1.0,10.79998072371937,3.804851508528814,0.0,0.0,9.02338889984451,112.32504792407863,8.268777762034949,6.488412,6.737523615696749,0.8148149351203076,8.899999999999999,3.61464225,1.1561687932967897,0.7994375680430661,744.7767270537416,750.0,61.1828136333854,0.08214920178214775,0.0,0.0,-11.628148866860737,133.2140713646507,12.38209150776761,7.999,15.512339818529792,1.2528044885469063,12.079968000000001,5.0,3.5270343711558625,14.696523288156161,9398.0,10.493766682243129,94,baseline,0
1653.013304488913,750.0,5633.164872928813,3.407815809849457,0.0,0.0,13.807664780924275,327.23435089921213,2.879394267171444,1.0,10.989274108949731,3.816522882691219,0.0,0.0,8.972743231870101,110.9805245059904,8.353685749496648,6.505869,6.693569233676994,0.8012713710328779,8.466877499999999,4.009594,1.1415201274155484,0.7226626677188843,744.6902758247701,750.0,61.68338836154893,0.08283093033977441,0.0,0.0,-11.530999207195688,130.96415980140293,12.554268515521905,8.457931,15.707080458537963,1.2511346590299521,11.596948999999999,5.458931,3.551927589252121,14.781648691389464,9245.0,10.473000398698233,95,baseline,0
1675.971135837832,750.0,5714.772611037275,3.409827585234881,0.0,0.0,13.752280410056942,325.5640217556799,2.929822628621791,1.0,11.179646638198752,3.815810052452812,0.0,0.0,8.908356835085245,109.44354693579487,8.702501539550324,6.899,6.876428322665355,0.7901668608059417,8.964680640000001,3.9,1.111459180220368,0.616712361066269,744.5919930410195,750.0,62.24742963940556,0.08359938089742036,0.0,0.0,-11.42337374169158,128.49367646680082,13.053992369395173,8.789281,15.92994591224372,1.2203121820103988,12.494179,5.790281,3.4899826741563866,14.347448542766553,9077.0,10.412639019362496,96,baseline,0
1646.8066945606695,750.0,5618.06942952241,3.4114929506168803,0.0,0.0,14.136346286322008,344.50066176412463,2.8627615062761507,1.0,11.004838908560716,3.8441340238906916,0.0,0.0,9.155363565852884,115.63334182570036,8.368757924687198,5.999,6.998344576888956,0.8362465063357098,8.899999999999999,3.9999999999999996,1.1407618459291529,0.6931512555118884,744.8652137342018,750.0,60.666245217673286,0.08144593692802181,0.0,0.0,-11.73013403831018,135.59625986209835,12.581006860251046,7.999,15.951925888471585,1.2679371425247974,12.731737250000002,5.5742295,3.50682142695255,14.666209925780528,9560.0,10.488375728647577,97,baseline,0
1677.9749514143814,750.0,5748.909465879464,3.4260996929862704,0.0,0.0,13.959837260541773,336.2218069806633,2.932951846253509,1.0,11.2785321052713,3.845454237401906,0.0,0.0,9.020324466698208,112.21985360769376,8.642852222328376,6.999,7.041985888046568,0.8147756905820916,9.0,4.300267249999999,1.1239529546670533,0.6138783828397161,744.6999964745129,750.0,61.62746191471056,0.08275474984082364,0.0,0.0,-11.541832222113271,131.21409553791187,12.98912960526884,7.999,16.192928961181043,1.2466523511023118,12.999999999999998,5.636705000000001,3.507385830975707,14.545076978250844,9262.0,10.407462927933802,98,baseline,0
1680.5215993139673,750.0,5785.410788253587,3.442628045135119,0.0,0.0,13.964188183012698,337.4296612116421,2.938471433165398,1.0,11.35347298240533,3.863734339651236,0.0,0.0,9.039142455321883,112.76082532590523,8.659549326598695,6.999,7.004484111231132,0.8088739779697471,8.899999999999999,3.9999999999999996,1.1117451704494097,0.596243636920561,744.7380526239997,750.0,61.407484839331374,0.08245514597108218,0.0,0.0,-11.584434544751186,132.1993255741132,13.04183288530389,7.999,16.285535581820394,1.2487152476989374,12.54728,5.000000000000001,3.5427701726713723,14.811661177556186,9329.0,10.422153016818552,99,baseline,0
1666.5550199119682,750.0,5785.55248114788,3.4715640420041387,0.0,0.0,14.072330849468958,342.9757027383822,2.911234542024733,1.0,11.349656143573347,3.898571544043229,0.0,0.0,9.12923790111265,115.01533484779655,8.464569553610627,6.899,6.988396114454562,0.8256056105621589,8.7126295,4.1000000000000005,1.1335136840312483,0.6412222133420027,744.8555040871935,750.0,60.72330169826987,0.08152359936265108,0.0,0.0,-11.718844359380178,135.33151544517236,12.72686671284846,8.899,16.267891342344043,1.2782322396698573,12.43265475,5.571967999999998,3.6270729008807643,15.54356794455224,9542.0,10.467644389644216,100,baseline,0
1669.3387398627574,750.0,5818.308827505254,3.4853973543941112,0.0,0.0,14.12458349857499,345.7806599288015,2.9164067373674363,1.0,11.417896044128772,3.91505611951624,0.0,0.0,9.165124315639494,115.92870587921477,8.511941239423141,6.9089715,6.895192663654096,0.8100611211598762,9.0,4.04566425,1.1141260164773172,0.6346709530350068,744.896147693372,750.0,60.48471499793872,0.08119885595493315,0.0,0.0,-11.76643088981822,136.44909581935636,12.783646929611146,8.7632705,16.28651610624665,1.2740117273202927,12.30813125,5.7642705,3.6968818072087184,16.11097177658192,9618.0,10.451456448195247,101,baseline,0
1656.9529232333502,750.0,5805.208615332843,3.503544689733644,0.0,0.0,14.342757660768955,357.69466014068456,2.8914082358922215,1.0,11.401397643504543,3.9431988544455177,0.0,0.0,9.288900436672078,119.38496827737926,8.552045951747019,6.70333,6.993082689959454,0.8177087365311574,8.899999999999999,4.29567,1.1487217154446427,0.7092307094876684,745.0087522553505,750.0,59.818506963271005,0.08029235466319504,0.0,0.0,-11.901256898213312,139.64011618819438,12.78036203548551,7.999,16.34746200576709,1.2791078969732854,11.7289035,5.000000000000001,3.7153777577256237,16.320242869056493,9835.0,10.481772392865127,102,baseline,0
1651.7662233776623,750.0,5814.940810711646,3.5204381397391664,0.0,0.0,14.43639942931664,362.85911019216735,2.87981201879812,1.0,11.42137069855436,3.9660125813771105,0.0,0.0,9.360652679093832,121.26973958249815,8.646984444538415,6.999,7.14800823247173,0.826647518371163,9.0,4.348573999999999,1.1748409341914194,0.7475402563994229,745.0915918116926,750.0,59.32349537712185,0.07961906432587244,0.0,0.0,-12.0033734528137,142.08117411383847,12.885390788121185,7.999,16.434540462150913,1.2754398164859406,12.437308,5.000000000000001,3.707779809488493,16.378188931587854,10001.0,10.527230477180003,103,baseline,0
1678.4349974266597,750.0,5944.897828614124,3.5419291409728184,0.0,0.0,14.241430040787016,353.8845669821116,2.9421513124035,1.0,11.68879131529491,3.972872253720395,0.0,0.0,9.225290949520588,117.83856102101365,8.710804572393561,6.899,7.023482363693102,0.8062954811260544,9.623043749999999,4.0,1.165962442668525,0.7340638571826594,744.9470861871016,750.0,60.18439047618142,0.08079015488767943,0.0,0.0,-11.826887444219832,137.8754571642045,13.064520497066392,7.999,16.684504449702683,1.277085098794797,12.0,5.000000000000001,3.7523954230028966,16.50073415272847,9715.0,10.520247262873347,104,baseline,0
1678.0612182430364,750.0,5976.984859077286,3.5618395765890525,0.0,0.0,14.263856865467709,355.72324505983596,2.942250790735639,1.0,11.752581960195156,3.994418829693544,0.0,0.0,9.254510719799093,118.63564749655846,8.44988149078669,6.612694,6.9601114595118885,0.8236933816291779,9.0,3.7136940000000003,1.177171715865359,0.7703243798487605,744.991416813639,750.0,59.92169421919232,0.08043273099102273,0.0,0.0,-11.88023166388565,139.14009298621605,12.790421595959595,7.999,16.82593605087782,1.3155106674664279,11.338199999999999,5.0,3.79693014625118,16.81912884689526,9801.0,10.5472331312453,105,baseline,0
1694.232198142415,750.0,6057.915330921218,3.575611027557627,0.0,0.0,14.20636862671316,353.26581603777765,2.9787409700722396,1.0,11.92315271886865,4.002749093882941,0.0,0.0,9.207058963976541,117.44253145295293,8.592625153655002,6.384461,6.969605552870946,0.8111148139525579,9.0,3.7044883181818182,1.1701260334201171,0.7322402282271185,744.9340362560118,750.0,60.2615890278542,0.08089520158150496,0.0,0.0,-11.811334183217836,137.50779820980756,13.013147686584107,7.999,16.967103321982982,1.3038431385417382,11.704779749999998,5.000000000000001,3.8178852463070263,16.97530536886016,9690.0,10.539399757626745,106,baseline,0
1688.3392357875116,750.0,6108.62284368223,3.6181252642825155,0.0,0.0,14.218245186618036,354.4889386583753,2.980221600911256,1.0,12.043220732557673,4.041048735730001,0.0,0.0,9.200826995508827,117.29747969233303,8.506953899289204,6.561005,6.968988388637591,0.8192107858042915,8.883021999999999,3.8808,1.1701970273979314,0.7192385470622487,744.9167182006371,750.0,60.36381312470089,0.08103431115160233,0.0,0.0,-11.79077323132873,137.02251243722193,12.816045037485761,7.999,17.015653534973588,1.3276836563233319,12.0,5.000000000000001,3.9190658621716556,17.785180612590864,9657.0,10.57656070592388,107,baseline,0
1708.400928465921,750.0,6205.899321749716,3.6325778207826063,0.0,0.0,14.103821193855797,349.9965681723944,3.02774847014138,1.0,12.253829225044361,4.047175432796824,0.0,0.0,9.117115649200676,115.2711304443305,8.39709291656809,6.4498695,6.977222507098808,0.8309092892532162,8.899999999999999,3.8061430000000005,1.1903507095159152,0.7588550611887128,744.8207095574155,750.0,60.927154143032055,0.08180110107200961,0.0,0.0,-11.678617030296188,134.39026830212862,12.71661359210804,7.999,17.236075194253345,1.355398201683984,12.0,5.000000000000001,3.971216688765756,18.08066773315629,9478.0,10.541602310276106,108,baseline,0
1690.9786443825442,750.0,6187.702430404354,3.659243391961213,0.0,0.0,14.276658936655064,358.7563653853776,2.994738471061591,1.0,12.227901939901805,4.083128479518678,0.0,0.0,9.226550045795836,118.026654648082,8.493684349167413,6.830595,7.141205997956891,0.8407665866058351,8.421237,3.9315949999999997,1.2320865520508948,0.8644835543565428,744.9355848399063,750.0,60.25255664226167,0.08088290835939932,0.0,0.0,-11.813200291346032,137.55187434931918,12.779714250593212,7.999,17.28942095227633,1.3528800889639443,11.755578,5.000000000000001,3.971153329068169,18.212712172205464,9693.0,10.577215819557626,109,baseline,0
1709.545388223033,750.0,6272.678280688871,3.669208389494083,0.0,0.0,14.210151746374367,355.5297997691884,3.0339760291818654,1.0,12.39979711971773,4.086979264322477,0.0,0.0,9.180019484259564,116.83159815548755,8.323277033869156,6.258487000000001,6.972921028731095,0.8377614971070674,8.439735999999998,3.757723333333334,1.2252544394187719,0.893349347786168,744.8838523852385,750.0,60.55736292168186,0.0812977254477559,0.0,0.0,-11.752045899305916,136.1107512417507,12.65350652965086,7.999,17.47292935168991,1.3808764638280886,11.100000000000001,5.267901,4.031653605137105,18.561635784464556,9595.0,10.572585671191788,110,baseline,0
1706.7511591962905,750.0,6294.255937905184,3.687858012570005,0.0,0.0,14.34352090795775,362.81029608687294,3.028541988665636,1.0,12.444187997907633,4.10896994147025,0.0,0.0,9.249881557655455,118.85391125538762,8.230271603750284,6.309109,6.936548703303082,0.8428092093755822,8.299270499999999,4.088340333333333,1.236949581345837,0.9346294010844454,744.9418345702735,750.0,60.21570278529067,0.08083275766090738,0.0,0.0,-11.820666016226209,137.7283123641552,12.528972581658936,7.999,17.534711443463824,1.399533068587982,11.75219,5.000000000000001,4.085636385897153,19.028416079703813,9705.0,10.600100806181885,111,baseline,0
1721.7131895479054,750.0,6355.496100070018,3.691379109280606,0.0,0.0,14.326343242893145,362.5781131473603,3.0601410203235173,1.0,12.582449436615708,4.111722091580438,0.0,0.0,9.227470878822158,118.30824830786594,8.489894101847534,6.388778875,6.9851754828111865,0.8227635585337987,8.899999999999999,3.6102211250000007,1.2430819090295193,0.9871103745364951,744.9098347603247,750.0,60.404562880239205,0.08108976423928464,0.0,0.0,-11.78266180554464,136.83128255382186,12.89765401099129,7.999,17.66380819705993,1.3695365205181464,11.7059075,5.0,4.075622993849748,18.972461222073694,9644.0,10.561632848905859,112,baseline,0
1784.047197640118,750.0,6590.600223233178,3.6941849027038183,0.0,0.0,13.909740708952201,341.8043500478207,3.191521905386212,1.0,13.03395988781784,4.083932454237871,0.0,0.0,8.968974288923919,111.75721499790447,8.78447540442649,6.999,6.979538524913171,0.7945310566179271,8.787672333333335,4.000000000000001,1.2101277182181938,0.9300912187820578,744.636773667708,750.0,61.991819405097445,0.08325108508911906,0.0,0.0,-11.47217859571336,129.61103415424256,13.524591845405876,8.899,18.136976828684837,1.3410369078787192,12.404216,5.2853629999999985,4.007419756051758,18.15630710880004,9153.0,10.455854007605538,113,baseline,0
1791.5316664830927,750.0,6667.255883597373,3.7215395118779466,0.0,0.0,13.891942856995765,340.78009462877935,3.2154422293204097,1.0,13.19600931558371,4.103948500537269,0.0,0.0,8.942765099792288,111.07073178050483,8.818533417241843,6.999,6.926684238024011,0.7854689561510396,8.2727125,3.9999999999999996,1.163099727544482,0.852472546826712,744.5930535668393,750.0,62.24211612647746,0.08359212569646975,0.0,0.0,-11.424653007712838,128.52284493620778,13.554839056063443,8.899,18.304244280197388,1.3503844792616264,12.269188999999999,5.125640999999999,4.050951280347382,18.407509719773373,9079.0,10.486325680551127,114,baseline,0
1763.9360477510127,750.0,6608.088694967501,3.746217842417075,0.0,0.0,14.139650713338689,353.43007437156325,3.159027925815391,1.0,13.092665855519787,4.144523620233708,0.0,0.0,9.099873820294007,115.02188794514097,8.468914374685719,6.899,6.87956968645794,0.8123319450508958,9.0,4.1000000000000005,1.1419084037432414,0.8091525953533871,744.7676698210264,750.0,61.236314082147274,0.08222203589592288,0.0,0.0,-11.618017907673888,132.97849094146892,13.089850303560011,8.497283,18.271783015955645,1.395874100331485,12.0,5.5982829999999995,4.1184550911725,19.133256387974228,9382.0,10.586665431998949,115,baseline,0
1753.2574174676138,750.0,6586.814609992188,3.756901037102762,0.0,0.0,14.298204610847057,362.19745670173995,3.1357083159214376,1.0,13.066957315093251,4.167146940532154,0.0,0.0,9.19820913310443,117.58032530835591,8.382810932558053,6.8987805,6.95548636975161,0.8297319867655791,9.0,4.219849860465116,1.18178841546703,0.8748310814902882,744.8715236249406,750.0,60.62996984765055,0.08139654682003805,0.0,0.0,-11.737645123755378,135.77246428052325,12.98499961397827,7.999,18.353106324403072,1.4134083072783514,13.0,6.0,4.1267771515290805,19.29826197087542,9572.0,10.623004058573713,116,baseline,0
1752.7004281090112,750.0,6627.861757143883,3.781514314054618,0.0,0.0,14.382482511609917,367.65638674211334,3.141484807350945,1.0,13.165452971146665,4.1908377020764345,0.0,0.0,9.224119578133601,118.52446694785341,8.183192916125869,6.4632194,6.885949470313571,0.8414746592059514,8.029609974358975,4.0258986,1.221103771663414,0.9403778876502686,744.8741955664792,750.0,60.61431914523272,0.08137524363981402,0.0,0.0,-11.740776433230325,135.84598000802265,12.788639347916883,7.999,18.510973919973683,1.4474545271298858,13.321360999999998,5.1,4.166786275408665,19.568886596676748,9577.0,10.650378308776736,117,baseline,0
1767.576788922947,750.0,6724.207193450591,3.80419523247299,0.0,0.0,14.433616806630088,372.09074941440076,3.178205263714195,1.0,13.358336276412224,4.203106837977187,0.0,0.0,9.208256547428318,118.81747828896974,8.260676575074015,6.720549,6.803790425929026,0.8236359775250085,8.207039499999999,3.8519240000000003,1.217641906231651,0.9477028281000215,744.8113432664695,750.0,60.982169739536154,0.08187599489568823,0.0,0.0,-11.667905743098222,134.14016894639343,12.88964382454286,7.999,18.56513790505252,1.4403142676218166,12.43101,5.0,4.231827708121441,20.130324114782468,9461.0,10.613712593777702,118,baseline,0
1769.4515218073423,750.0,6744.954868042155,3.8118901732627095,0.0,0.0,14.497070589861925,375.6022514484922,3.1790607677021234,1.0,13.402163028724853,4.21576182653852,0.0,0.0,9.254202994223794,120.0006047502733,8.202272094398067,5.999,6.71158862105159,0.8182596899748578,8.3949585,3.9999999999999996,1.1859324176461083,0.8792289506917381,744.8656068640195,750.0,60.664780013789915,0.08144392687050821,0.0,0.0,-11.730751624818689,135.61067728103072,12.844468314716035,7.999,18.641192662852603,1.4513012299228614,11.100000000000001,5.0,4.268910377296579,20.46346858633889,9561.0,10.643084040946446,119,baseline,0
1732.4958250497018,750.0,6633.535205300616,3.828889576175639,0.0,0.0,14.916627691693149,398.16533980730895,3.0957256461232605,1.0,13.183642555609353,4.258659862872237,0.0,0.0,9.513066411127834,127.02930604361336,8.121754447526396,5.999,6.876723528706756,0.8467041909646957,8.420479624999999,3.9999999999999996,1.2256230403626984,0.9763417205375489,745.1202799867461,750.0,59.15165228579904,0.07938537424702923,0.0,0.0,-12.03945290202787,142.9485746793524,12.624686030815107,7.6515865000000005,18.52847298853149,1.4676383193456104,12.44636375,5.2839945,4.292721889267,20.97162762924251,10060.0,10.706104516332635,120,baseline,0
1711.5458515283842,750.0,6611.660492360316,3.862975967869166,0.0,0.0,15.075976979963574,406.7182950327219,3.044347404172732,1.0,13.090313441278123,4.299875048207671,0.0,0.0,9.67025432519195,131.46010234067856,7.9389104794135905,5.999,6.66353456264931,0.8393512661376569,8.100000000000001,3.9999999999999996,1.2605914117071935,1.0830294443592434,745.3063529298543,750.0,58.02041239567587,0.07784773625985254,0.0,0.0,-12.280593445437123,148.81312939114915,12.269142669286753,6.999,18.366157498333994,1.4969389462158469,11.490117999999999,5.0,4.450433650707602,22.37414856556021,10305.0,10.779753618879008,121,baseline,0
1392.6653291296454,750.0,4795.055326369179,3.443077978659724,0.0,0.0,13.321542382915565,214.46991712453203,1.8569790770994554,1.0,6.393387850324983,3.4428970843932496,0.0,0.0,13.321621539110819,214.47176933556085,7.811509056357005,5.999,6.643315155652565,0.8504522119508056,8.100000000000001,3.8999999999999995,1.2858959299988122,1.1518277386544344,749.931021305054,750.0,7.056759857800928,0.009409878585260453,0.0,0.0,-102.29369528738074,10462.000095547493,10.586088700582785,6.999,13.638877532626406,1.2883774091063076,10.899999999999999,4.746504000000001,4.855652228067733,32.71457514784233,10467.0,10.828006692562845,122,baseline,0
1252.430711610487,750.0,3762.4368661534877,3.0041077971614185,0.0,0.0,13.73130113002325,219.22374722345901,1.6762172284644195,1.0,5.015167623309359,2.991955659532117,0.0,0.0,13.739356122091273,219.40540479443473,7.874051963143028,5.999,6.6507137954085405,0.8446367672628139,7.7918185,3.5484819431818178,1.3298803328537558,1.3085384567233556,745.4029962546816,750.0,57.42738249899066,0.07704206018427308,0.0,0.0,-12.412301614511014,152.06523136959268,10.341521530805244,6.999,12.526311689876206,1.2112638988917566,10.24686825,4.3203605,4.747965927093912,33.92725867582039,10680.0,10.842884412167894,123,baseline,0
1167.1703771849127,750.0,3130.977929215522,2.682537177448847,0.0,0.0,15.213406279555043,271.0640844372356,1.5685372585096595,1.0,4.173209775353809,2.6605742086859765,0.0,0.0,15.220482256107871,271.2595287640554,7.888025195940869,5.999,6.591118473965058,0.835585372794804,7.42284675,3.8999999999999995,1.3489257199556648,1.410792183932247,745.4833486660533,750.0,56.92646242159293,0.07636181616055614,0.0,0.0,-12.524345743670688,154.85923630700213,10.108192942502301,6.899,11.595251951430148,1.147114228763398,10.0,4.1000000000000005,4.603275052882953,34.311846925436754,10870.0,10.859224266080123,124,baseline,0
1155.7145243619489,750.0,3003.246069019165,2.5986054563753176,0.0,0.0,15.400253616520141,278.11283497385784,1.5595359628770302,1.0,4.004609382248303,2.56782111959804,0.0,0.0,15.383818468740078,277.74834036690413,8.205402842726778,5.999,6.611456807278458,0.8057443289501398,8.0,3.1673264999999997,1.3627488982047338,1.4943384095730963,745.4435266821346,750.0,57.17527688085489,0.07669967587663426,0.0,0.0,-12.468449516210022,153.46223333827797,10.405156946542922,6.999,11.426499983526053,1.0981573889015166,9.6662125,3.9999999999999996,4.588342701250679,34.52547067563142,10775.0,10.833382918392225,125,baseline,0
1133.6746584637656,750.0,2878.154837908075,2.538783782825526,0.0,0.0,16.46223885961345,318.581434409228,1.5356916674206098,1.0,3.8414375574338457,2.5014380418473134,0.0,0.0,16.39573721243006,316.86786363805976,8.188026214040555,6.899,6.647230207029064,0.8118232689131618,7.9021144,3.9,1.3525713399619368,1.5593319878675285,745.5581290147471,750.0,56.456183306197225,0.07572338240185766,0.0,0.0,-12.63132249237995,157.55030790650355,10.280036524925357,6.999,11.08460609329608,1.0782652441379885,9.0,4.000000000000001,4.464434903308282,34.07568059566157,11053.0,10.856968398018205,126,baseline,0
1111.4450564839883,750.0,2678.2586028293676,2.4097085026424345,0.0,0.0,17.562226431326852,367.71322570187436,1.5130239940248342,1.0,3.581270758777358,2.3669623039160976,0.0,0.0,17.39325945595822,362.88778580349066,8.406426802835659,6.999,6.46259297859402,0.7687681258836461,7.1422558333333335,3.8999999999999995,1.3096512613843827,1.5508679523824753,745.416300998973,750.0,57.34475025849764,0.07692983126562541,0.0,0.0,-12.43065143338583,152.5210950583372,10.36165198431519,7.999,10.451900329518603,1.008709841378578,8.6527595,4.1,4.561403707653716,36.780461094089944,10711.0,10.83283052878122,127,baseline,0
1132.2318173095375,750.0,2737.860153041021,2.418109181516249,0.0,0.0,17.410919581944686,361.2415552132688,1.5479754365764729,1.0,3.668099268489834,2.3696107714746826,0.0,0.0,17.14434210372089,353.597247504533,8.526370073205165,6.999,6.4613431992649,0.7578070320417143,7.1000000000000005,3.7325598999999996,1.2251255604715412,1.4163535732272496,745.289195931683,750.0,58.12924274713045,0.07799555268537513,0.0,0.0,-12.258518401197351,148.271273392494,10.534452017559008,7.999,10.454718057769725,0.9924311241195668,8.9561155,4.000000000000001,4.553806260677171,36.842247438956896,10422.0,10.769029888813007,128,baseline,0
1128.5472782159898,750.0,2582.805704211246,2.2886109904887206,0.0,0.0,17.600511382242825,372.98805396210656,1.5501022494887526,1.0,3.472825833651496,2.240385003503406,0.0,0.0,17.153733419670342,359.71003209852074,8.547027871809972,7.091944,6.5007336765032,0.7605841204688344,8.002549333333333,3.97296,1.1320054893323146,1.1831948463601716,745.2190086668614,750.0,58.55781642444076,0.07857799619094005,0.0,0.0,-12.16640340838199,146.0213718954889,10.54728966978284,8.482329,10.233793372477528,0.9702770752373044,9.415198,4.5166710000000005,4.401168131696791,36.08131763163685,10269.0,10.723697993506837,129,baseline,0
1128.5712572456525,750.0,2486.7192307033674,2.203422437651264,0.0,0.0,18.25634241543681,407.0972662410611,1.5579652208674795,1.0,3.359407186871125,2.156278678031463,0.0,0.0,17.561433964112265,385.1483446636125,8.561055961212714,7.899,6.489939858560264,0.7580770278764692,9.0,4.1266614,1.0671370349139566,0.9653995539925915,745.0933439936039,750.0,59.317201244267466,0.07961042964943821,0.0,0.0,-12.006410839487053,142.15390124655224,10.575016318009194,8.5746795,10.045081076624854,0.9498879977630046,9.7279325,4.6756795,4.245825451274598,34.67585220095726,10006.0,10.666047897235535,130,baseline,0
1144.725361640129,750.0,2510.3669855100356,2.1929862564705087,0.0,0.0,18.27330298507577,408.5736981476987,1.5886148402539286,1.0,3.407196940921766,2.144759607292319,0.0,0.0,17.355479571285056,379.2689642817248,8.594399656543223,7.899,6.286111467670846,0.7314194962861664,8.682818000000001,4.117595,0.9655225467653785,0.6294640231251676,744.8906233739203,750.0,60.521601057163274,0.08124897690755684,0.0,0.0,-11.760780189465844,136.3159506649321,10.65528425257571,8.999,9.767621492337655,0.9166927189179886,9.714278,5.0,4.326406672275042,36.56826045244469,9609.0,10.60699943194987,131,baseline,0
1146.5771176407277,750.0,2388.9983487819213,2.0835915107896805,0.0,0.0,17.38465613700038,364.98131250921176,1.6003659455386934,1.0,3.2692004843189917,2.042783085601436,0.0,0.0,16.16094146323125,327.6672076831519,8.718239076142202,7.899,6.366634676862681,0.7302661261360935,8.100000000000001,4.1000000000000005,0.9381574823669568,0.4731093399069475,744.7157464212679,750.0,61.541106164581066,0.0826370416636373,0.0,0.0,-11.560264954288197,131.6397258133439,10.840384222903886,8.999,9.724323085610813,0.8970459797047575,9.565213,4.899999999999999,4.173330511193388,34.795140727102755,9291.0,10.546304131964376,132,baseline,0
1167.3000112828613,750.0,2411.17736609935,2.0656021098204813,0.0,0.0,17.13151975925485,358.7683687966273,1.6389484373237053,1.0,3.323008031303407,2.027524451427929,0.0,0.0,15.639804528005374,313.0401615025611,9.1129847252178,7.899,6.6283565007430685,0.7273529694832942,9.100000000000001,4.427449999999999,0.9282930592533934,0.42183560056262737,744.460566399639,750.0,62.998299459968536,0.08462274874361846,0.0,0.0,-11.284767031704149,125.34596695983674,11.347098071646167,9.899,9.790187352690499,0.8627921686121638,9.899999999999999,4.8999999999999995,3.9645987279399293,32.57833397844365,8863.0,10.410231252601509,133,baseline,0
1197.257008244994,750.0,2495.5410774820434,2.0843821003312786,0.0,0.0,16.56657133305979,335.7881899070527,1.690341578327444,1.0,3.459489739695785,2.0466216911725468,0.0,0.0,14.90670847481432,286.16273018046815,9.113030823420676,7.427045416666667,6.856040152985003,0.7523336951044695,9.100000000000001,4.528045416666667,0.9613666081904757,0.4234809606025376,744.2171967020024,750.0,64.35637627439077,0.08647526093133291,0.0,0.0,-11.039067681110362,119.86101526813536,11.548217961484099,9.796402,10.15114467860535,0.879022608722982,10.0,4.947037999999999,3.822813401667564,30.32058754720154,8490.0,10.287241798142826,134,baseline,0
1183.6206934998327,750.0,2459.968809840807,2.0783421778196165,0.0,0.0,16.826175395977636,346.076538850296,1.674545657263909,1.0,3.4327230848384627,2.0499429621090735,0.0,0.0,14.910737419096826,287.4910218852433,8.354061930162013,6.999,6.964419999132704,0.8336567357716058,10.3038188,5.0,1.0288690530470739,0.46674128356378697,744.5260341175159,750.0,62.62778189167271,0.08411765206559257,0.0,0.0,-11.353620498087235,126.90469841458668,10.700584944252425,7.999,10.262862886938239,0.9590936327691788,11.177634000000001,5.675547999999999,3.6575162671891936,28.63699614716833,8969.0,10.383296073714579,135,baseline,0
1181.0286526684165,750.0,2411.1946362710282,2.04160553668463,0.0,0.0,17.326013187153876,371.68710624275457,1.676509186351706,1.0,3.3952438649652286,2.025186555854015,0.0,0.0,15.031851887977714,298.1239716483003,8.318553642784462,6.899,7.071476850222212,0.8500849010399821,10.0,4.9,1.1125397506932053,0.6460905768971399,744.6307961504812,750.0,62.03012840043856,0.08330320035259862,0.0,0.0,-11.466389166718752,129.47808052264534,10.616116996062994,8.297991,10.087427890176484,0.9501993896560695,12.0,5.9070205,3.517944214523461,27.93288594150412,9144.0,10.387944960783132,136,baseline,0
1144.7445606694562,750.0,2001.5796262009449,1.7484945506361738,0.0,0.0,16.62131294184394,359.0158980844518,1.6306485355648535,1.0,2.909456878586723,1.7842329693558967,0.0,0.0,13.517386492486732,255.53924379221309,8.098001499328625,5.999,7.019263387703291,0.866789588552834,8.69013725,3.9999999999999996,1.2023475913982817,0.8770238967705937,744.8644351464435,750.0,60.67539697358969,0.08145830853323081,0.0,0.0,-11.730106530702766,135.59539922163566,10.333463205020921,8.479449500000001,9.793824900299885,0.947777594595892,12.0,5.519550499999999,3.1591454492712443,23.768742785867264,9560.0,10.459193825620083,137,baseline,0
1165.6686494822648,750.0,2053.4682065183033,1.761622573816631,0.0,0.0,16.296217475629287,349.4304443757704,1.6714033928178014,1.0,3.0201788187163814,1.8069718128456673,0.0,0.0,12.948339312247944,238.03946365818572,8.20716734580098,5.899,6.756811982622115,0.8232818581528122,8.24468725,3.9,1.199342074685988,0.88531021136501,744.5917602996254,750.0,62.253514013376815,0.08360757845121179,0.0,0.0,-11.423989984668724,128.50754716981135,10.551131639237717,8.698892,9.645489774910562,0.9141663761487687,11.19371525,5.564036999999999,3.3410128834129464,25.876329049843868,9078.0,10.37840567630524,138,baseline,0
1157.9076564651064,750.0,2010.0344814171492,1.735919501174593,0.0,0.0,16.412682654680122,361.2546205068156,1.6635603092237636,1.0,2.995392188381316,1.8005912811054026,0.0,0.0,12.748382198688054,234.8951780329233,8.061130746485066,5.470354333333333,6.733122638539481,0.8352578379249532,8.24293475,3.571354333333333,1.254508712843743,1.070021063568328,744.8008048289738,750.0,61.047418316047285,0.0819647587922054,0.0,0.0,-11.656538954258965,133.87490039215666,10.416990350206502,7.999,9.649759091004023,0.9263480877480826,11.0,5.0,3.2305294796929247,24.417238047717856,9443.0,10.460535644746088,139,baseline,0
1129.0011092064133,750.0,1879.6621848917614,1.6648895820952698,0.0,0.0,17.300767598994778,417.3034816577934,1.6259957648482404,1.0,2.8676534572529224,1.763629106082309,0.0,0.0,12.887700567512596,249.56176312165445,7.882938980613601,5.899,6.660951477339098,0.8449832598882574,8.639527999999999,3.9,1.300718203960435,1.2511025330636611,745.0493092669154,750.0,59.5809480501312,0.07996913400101711,0.0,0.0,-11.951783948363383,140.8451395483567,10.084672442270847,6.899,9.31595875095286,0.9237740545646428,10.5186,4.9,2.9527387376120307,20.990372841293826,9917.0,10.566939050874634,140,baseline,0
1126.3424248457097,750.0,1892.4008718374364,1.6801292662812235,0.0,0.0,17.47081524305686,425.0937323044434,1.627513438184352,1.0,2.9197262614730994,1.7939798179057345,0.0,0.0,12.780484519978055,244.6228378636824,7.81948258355959,5.999,6.4824669310614915,0.829014818025279,8.0,3.6800254,1.3165949485379975,1.3366496963355354,745.1128807485567,750.0,59.199798690234395,0.07945077882798239,0.0,0.0,-12.030881476875734,142.74210911063167,10.006311014732232,6.999,9.143342574029056,0.9137575836456979,10.49278825,4.762934500000001,2.979656163873154,21.36534540677324,10046.0,10.581016680511155,141,baseline,0
1126.031705646345,750.0,1912.9698224518459,1.6988596438799175,0.0,0.0,17.37999971191581,420.9676120305765,1.6314707897054506,1.0,2.97949608275238,1.826263823755193,0.0,0.0,12.5566634363134,234.9919323468272,7.783054668914613,6.103908333333333,6.3338543091068145,0.8138005678418423,7.795066,3.226931333333333,1.2982686938694263,1.3456989642059787,745.1956160093943,750.0,58.69994153053434,0.07877118473251236,0.0,0.0,-12.136148920152152,145.28611061211024,9.977945841080341,7.659559,9.091412696102417,0.9111507359232232,10.3766915,4.760559,3.0769521452026996,22.641675222693983,10219.0,10.6270289385352,142,baseline,0
1138.3961238010481,750.0,1963.6499996647651,1.7249268146734682,0.0,0.0,17.161641592208845,411.3937076219252,1.6558884603975081,1.0,3.0843075101847286,1.8626299922667002,0.0,0.0,12.260741974504533,223.4851840378331,8.015885250189921,6.899,6.270164752004006,0.7822173791541547,7.321192,3.6194700000000006,1.2783191128485432,1.315997600744562,745.1452585780678,750.0,59.004701442861325,0.07918550210660635,0.0,0.0,-12.071758685973514,143.72735777237716,10.269438321665183,7.999,8.947049680265991,0.8712306749426226,10.899999999999999,5.0,3.039311112267565,23.372780690932768,10113.0,10.58435183594666,143,baseline,0
1119.8834260695064,750.0,1933.9650201991908,1.726934228312401,0.0,0.0,17.520393981261137,431.39663237776057,1.626562072425431,1.0,3.0606259025413274,1.8816533069515797,0.0,0.0,12.433998432392393,229.4443949403576,7.7680225269066,5.999,6.335663828381256,0.8156083232812481,7.0,3.7703870000000004,1.2601280996339035,1.3138750046199412,745.5216637781629,750.0,56.68600582904531,0.07603535696303089,0.0,0.0,-12.578824652185498,156.22682963042953,9.904808636778254,7.999,8.993241254775931,0.9079671889250321,10.654203500000001,5.0,2.9588194546503943,22.51968717376332,10963.0,10.692144127680047,144,baseline,0
1100.1218836565097,750.0,1732.3505780874543,1.5746896810466002,0.0,0.0,17.146451348248117,460.1856435582284,1.603431328746314,1.0,2.8760164580945053,1.7936636303240978,0.0,0.0,11.589729715821061,211.4936153400966,7.952171526272535,6.362748,6.424217543442121,0.8078570139260288,7.999999999999999,4.069134999999999,1.256357708959261,1.3186637901352487,745.6129032258065,750.0,56.10915480437753,0.07525239244335483,0.0,0.0,-12.711398147739848,159.57964287036404,10.054533329103744,7.999,8.802887805589233,0.87551430956109,10.861502,5.0,2.467185344085366,16.211172596747545,11191.0,10.715026960114429,145,baseline,0
1106.9786926688334,750.0,1772.3970547022207,1.6011121681385925,0.0,0.0,16.857185947485977,444.4720623446624,1.6199891657638137,1.0,2.971599260790367,1.8343327990031826,0.0,0.0,11.319148353034041,199.2195953521379,8.225265307733732,6.899,6.443083454367218,0.7833283442309352,8.0,3.97102425,1.232660715696223,1.2370425593587013,745.5673528349585,750.0,56.397897941946695,0.0756442697329736,0.0,0.0,-12.644703644876682,157.88853026675775,10.387511282412424,7.999,8.819262698579864,0.8490255710732335,11.373144,5.0,2.463316202835263,16.531673009947806,11076.0,10.70472360590132,146,baseline,0
1113.4583668723728,750.0,1812.2649472318303,1.6276000981719294,0.0,0.0,16.75784779448127,441.3526109631472,1.633217064663268,1.0,3.056672222348284,1.87156520004798,0.0,0.0,11.223998687194243,195.05539478717645,8.327175855088205,6.999,6.585209968171568,0.7908095232728592,8.638382,3.9999999999999996,1.2245071021867036,1.2041247878555579,745.6089795188266,750.0,56.13408702865954,0.07528622719228151,0.0,0.0,-12.705612521559607,159.43258954801217,10.560850531526697,7.999,9.033650636385149,0.8553904450609838,10.50994,5.0,2.3787337134056856,15.4253988158756,11181.0,10.6977796543386,147,baseline,0
1116.397377978563,750.0,1834.3038266873168,1.6430563729992376,0.0,0.0,16.828276754745563,444.8807878653644,1.6415980157675614,1.0,3.1229550747008856,1.9023872133767699,0.0,0.0,11.1857977254554,191.91317187947817,8.22755119825187,6.899,6.46305926024924,0.7855386255903778,8.899999999999999,3.999999999999999,1.1771007825403368,1.0434883107675086,745.650987687129,750.0,55.866564077230606,0.0749232080420336,0.0,0.0,-12.767958566203946,161.02076594830066,10.469847727876694,7.999,8.938877933109309,0.8537734421207415,10.268236,5.0,2.202990157430538,12.938055758769407,11289.0,10.702833923471985,148,baseline,0
1124.5023280802293,750.0,1883.5154628356513,1.674976934953281,0.0,0.0,16.603495703947384,433.3283792358122,1.6600107449856734,1.0,3.229908982350509,1.9457157082307828,0.0,0.0,10.997681751352394,183.88722308560895,8.475189011792141,6.6283425000000005,6.522436200303802,0.7695918275366681,8.221331999999999,3.7293425000000004,1.1492983924371243,0.9456616831400435,745.6038681948424,750.0,56.16654866088411,0.07533028067151414,0.0,0.0,-12.698087267134898,159.24142024377335,10.766621197797278,8.8897455,9.023214573387472,0.8380730042990194,11.0,5.1092545000000005,2.213420014084513,13.062182705997653,11168.0,10.692284366701506,149,baseline,0
1140.4786356474187,750.0,1959.3644962231347,1.7180194656700927,0.0,0.0,16.094618502255667,406.9436262461334,1.6931133561961256,1.0,3.3805627486251884,1.9966547049278567,0.0,0.0,10.652398582756346,170.7060057722422,8.633469038754262,6.999,6.555912128293608,0.7593601249816461,7.9199364999999995,3.9999999999999996,1.1465149772282277,0.8574836826031347,745.4494392436741,750.0,57.1384044480617,0.07664960417172462,0.0,0.0,-12.476702585130234,153.66810739779544,11.01738513912318,8.420109,9.147771362003265,0.8303033112202967,11.444861,5.4211089999999995,2.2490456395707534,13.28964911871379,10789.0,10.640339273592335,150,baseline,0
1151.93143072431,750.0,2009.1313110972565,1.7441414111202411,0.0,0.0,15.985157177081254,401.5257585264078,1.7174343034755581,1.0,3.493913529546418,2.034379727059028,0.0,0.0,10.516535129215224,165.16386668282794,8.965215310493845,7.269944,6.676803824641045,0.7447455073193614,8.0,3.729056000000001,1.117407527433952,0.7932008940442765,745.375718187812,750.0,57.59641903904447,0.07727165996106668,0.0,0.0,-12.374926224014928,151.13879904981232,11.393617046434962,8.290556,9.17750009196589,0.8054948709055927,11.586973999999998,4.716557,2.20596153911471,13.350088112740583,10617.0,10.586381778350857,151,baseline,0
1164.069742384171,750.0,2081.8596117591824,1.7884320294205525,0.0,0.0,15.731261739937871,388.2571668076249,1.747379762954256,1.0,3.6492765524578754,2.0884278448367315,0.0,0.0,10.279145462666946,156.49527353748647,8.995266904611213,7.899,6.690126704318822,0.7437385433098472,8.216023499999999,4.1000000000000005,1.028432602785293,0.5464726992372895,745.1909099813889,750.0,58.72849092757329,0.07880999370891417,0.0,0.0,-12.130088968935365,145.1390583942877,11.475454671956117,8.999,9.271763029970533,0.8079647643617122,11.793105,5.0,2.244782584221702,13.962382730915735,10209.0,10.560322655393577,152,baseline,0
1171.4008308376003,750.0,2119.085808251602,1.8090185293247294,0.0,0.0,15.6729810233194,386.5435810013203,1.7608926673751328,1.0,3.729673398661777,2.1180583392521015,0.0,0.0,10.252660458406732,154.93006228566762,8.955100711074639,7.899,6.952036775261865,0.7763214507084644,9.3435405,4.653802499999999,1.0374784555618466,0.5322264452027063,745.2568833929089,750.0,58.32694947596105,0.07826422107021364,0.0,0.0,-12.215858590024055,147.22720109146454,11.472640707854312,8.999,9.580331681432224,0.8350589829657448,12.5854615,5.5661130000000005,2.1291429283203676,12.560979589854659,10351.0,10.544454984168402,153,baseline,0
1198.7793360912117,750.0,2207.201361385762,1.8412073806532667,0.0,0.0,15.260911082883641,367.7206491866015,1.8129351225910604,1.0,3.906525379740562,2.154807048008054,0.0,0.0,9.961931216142947,145.61024561967596,8.9530330052412,7.622344,7.1356431994332326,0.7970084769324486,9.76857025,4.6233439999999995,1.004930840379839,0.379432746709651,745.0463121783877,750.0,59.59885556090925,0.07999349112493748,0.0,0.0,-11.948092252023638,140.75690846286713,11.636723871960447,9.355596,9.922721400831476,0.8527074724820971,13.672166999999998,6.356596,2.0641253539659554,11.768549829580502,9911.0,10.444074070520536,154,baseline,0
1177.4603053435114,750.0,2190.426118994996,1.8602972083682794,0.0,0.0,15.701576452688416,388.0355094887248,1.7791984732824428,1.0,3.8990734031762533,2.191477489289238,0.0,0.0,10.221668967715878,152.04445142407675,8.490407853356128,6.899,7.267129413471474,0.855922299492231,9.860395583333334,4.9,1.0866603784992939,0.5004400932663602,745.3152671755726,750.0,57.96921922538177,0.07777811857398335,0.0,0.0,-12.293257419605217,149.1241779846785,11.063017226145037,8.433965,10.097121230292101,0.9126914497095556,13.4488165,6.434965,2.020495484309751,10.867197683246022,10480.0,10.561361647515435,155,baseline,0
1179.5541170871013,750.0,2230.5597172485095,1.891019398717252,0.0,0.0,15.773624645865103,389.05313957972055,1.7878153260352214,1.0,3.991376238846903,2.232543921467798,0.0,0.0,10.227601239609855,150.77582990752472,8.525609149765312,6.578133,7.217353416563683,0.8465498816307288,9.383046,4.579133000000001,1.1232316635711084,0.5803058865214488,745.3264159923846,750.0,57.90064996200041,0.0776849561744126,0.0,0.0,-12.308200900205351,149.49180939981605,11.062641850642553,8.610942,10.031867601049678,0.9068238614691295,13.0,5.864073000000001,2.018817606078379,10.44345620250797,10505.0,10.58392897244833,156,baseline,0
1166.0055207949945,750.0,2243.725651048345,1.9242839000612533,0.0,0.0,16.013734050790227,398.78810726226976,1.7686786897313214,1.0,4.029501739436923,2.2782553794714637,0.0,0.0,10.374841590625872,153.82735710120267,8.299842127632493,5.999,7.240449824639272,0.8723599453215853,9.100000000000001,4.000000000000001,1.1946012205486716,0.7577557573053211,745.4825174825174,750.0,56.931667192579354,0.0763688830488429,0.0,0.0,-12.52317155149051,154.82982570806115,10.748625371089437,7.56853,10.045298525062968,0.9345658796595324,12.899999999999999,5.56953,2.0521299747767685,10.576549807011844,10868.0,10.680235400697395,157,baseline,0
1160.4369732502748,750.0,2236.8001144247514,1.927549850604712,0.0,0.0,16.30364630234561,419.37780971276726,1.766397947966288,1.0,4.073440806533756,2.3060719761499056,0.0,0.0,10.42980436017752,155.7742062048996,7.995499347319142,5.666252999999999,7.02119749488184,0.8781437143429971,8.976734624999999,3.667252999999999,1.2512508140245822,0.9354521853311137,745.5023818248443,750.0,56.8071452654765,0.07619981726473321,0.0,0.0,-12.551321850756755,155.5356802012841,10.37706774725174,6.999,9.903652356092573,0.9543786932214502,12.0,5.0,2.115643762442116,10.594092621212017,10916.0,10.705464596783248,158,baseline,0
1125.7216005425569,750.0,2142.3969158579525,1.9031321019561098,0.0,0.0,17.131578616569332,475.6181261116466,1.709393014581214,1.0,3.9655369310354347,2.319850904507736,0.0,0.0,10.843428504254428,169.57895437166192,7.38265585416721,4.999,6.887679971103166,0.9329542250320866,8.636928750000001,3.4696664999999998,1.3713288897656322,1.2936029195718382,745.8379111563241,750.0,54.659904515021736,0.0732865729904755,0.0,0.0,-13.056660611555118,168.47638632533497,9.551401993472362,5.999,9.718285682511985,1.0174721668246896,12.37067175,4.588661,2.0944376038423593,9.156808453315378,11796.0,10.836338294941898,159,baseline,0
1118.6267914837213,750.0,2169.0248915909083,1.9390067430031448,0.0,0.0,17.325073373211342,486.227612660292,1.7006875983762737,1.0,4.0229396096287635,2.3654783003472555,0.0,0.0,10.960392654830962,172.8254820561875,7.277744082728685,4.999,6.684648583419989,0.9185055846197984,7.899999999999999,2.9999999999999996,1.4189206746611054,1.4471127728703008,745.9327313395742,750.0,54.03725842852648,0.07244253557755044,0.0,0.0,-13.210615849865096,172.52037113270688,9.377529544942423,5.999,9.583430842735686,1.0219568807335095,11.322307,3.9999999999999996,2.252752129501256,10.353368563416216,12071.0,10.902543151303847,160,baseline,0
1114.2184105202973,750.0,2200.8887253949742,1.9752758567032145,0.0,0.0,18.050587653625556,532.9359158929886,1.6972964142775464,1.0,4.0929750431708785,2.411467442422573,0.0,0.0,11.249672003669124,184.93013130993015,7.304117405418431,4.999,6.57168164298458,0.8997228930232548,7.0,2.9999999999999996,1.488450100008296,1.6898586410383922,745.9898717634567,750.0,53.658470517810734,0.07192922122517115,0.0,0.0,-13.306002512500301,175.0497028626644,9.344226017397697,5.899,9.403115938703273,1.006302279203856,10.0,3.9,2.2377019153464315,9.608890781242637,12243.0,10.925221580414838,161,baseline,0
1128.55700270636,750.0,2269.2527537013157,2.010755990401447,0.0,0.0,17.912001825371057,524.996003055408,1.729533152909337,1.0,4.246018661945364,2.455008540774669,0.0,0.0,11.084386231735303,179.0005664405574,7.802307030189587,5.424662,6.578871390622842,0.8431956554858856,7.0,2.8488583529411766,1.4909013760022165,1.7097721321787036,745.8477672530447,750.0,54.5955218540575,0.0731992830857866,0.0,0.0,-13.072418950658829,168.88813722154396,9.954736697733424,5.999,9.42773044062664,0.9470597492320638,9.825321249999998,3.0999999999999996,2.1690064427449096,8.737670378874206,11824.0,10.896330898566717,162,baseline,0
1125.9011800662195,750.0,2219.110890076175,1.9709641746229087,0.0,0.0,17.266554977858128,518.4424675353266,1.7324900246200865,1.0,4.258181062027114,2.457838718558209,0.0,0.0,10.748402900563265,169.22543292560368,7.872211962291271,5.899,6.523085362091904,0.8286216622898588,6.2154065,2.9,1.4889268956360882,1.7919582721060427,745.8319042363528,750.0,54.69910528572038,0.0733397230328006,0.0,0.0,-13.047083763891342,168.2263947419971,10.029811019016893,6.899,9.36657004631047,0.9338730339535916,9.518106,3.9,2.099888619406511,7.54222358434199,11779.0,10.908389218488658,163,baseline,0
1131.8200739657693,750.0,2282.6687992258558,2.0168124348843213,0.0,0.0,17.235288921854245,518.1977534055649,1.7491184312376364,1.0,4.386947285049447,2.5080904795825307,0.0,0.0,10.699044081657693,168.0251116623312,8.03790087682132,5.999,6.50256274270652,0.8089876750605106,6.6046249999999995,3.000000000000001,1.4700421616460364,1.8017293680130217,745.7774146383418,750.0,55.053395935044165,0.07382014372444065,0.0,0.0,-12.961141036941397,165.99117697948634,10.220643927324332,6.899,9.369489165256528,0.9167220022417288,9.6833995,3.9,2.1255662886452797,7.866071296368498,11627.0,10.89066519779317,164,baseline,0
1129.9711909457258,750.0,2317.6709175146457,2.0510885021545358,0.0,0.0,17.288044087452818,523.2109860804977,1.7516076481179799,1.0,4.472034411058841,2.55310281150224,0.0,0.0,10.711796118738427,168.17762765406232,8.031473603626628,6.899,6.325218291838706,0.7875538916024751,6.726750666666668,3.12787,1.4139381859398403,1.7460889971253737,745.7904484266484,750.0,54.96886310913812,0.07370550698940004,0.0,0.0,-12.981547306818324,166.5205704791619,10.17561008076824,6.999,9.279099000591502,0.9118960855358312,8.7275665,3.9999999999999996,2.250596786232213,8.946237692968515,11663.0,10.916377057941187,165,baseline,0
1138.8406486867618,750.0,2382.9922636244523,2.0924720823517906,0.0,0.0,17.153626186084857,516.7721133274467,1.7761325577295963,1.0,4.620856624441864,2.601639502824404,0.0,0.0,10.580340647024393,163.86958478001637,8.294296652428951,6.999,6.247916433383531,0.7532786317154275,6.0,3.000000000000001,1.3361068948706154,1.5525424255069638,745.6728362418473,750.0,55.726904518341456,0.07473371941400224,0.0,0.0,-12.80074101817212,161.85897061431422,10.466087437863566,7.999,9.272607866813443,0.8859669787649178,9.550808,3.9999999999999996,2.3365486734814707,9.756823693827771,11346.0,10.901055609908745,166,baseline,0
1142.9303522313903,750.0,2357.4612263236904,2.0626464436097276,0.0,0.0,17.10663148402441,540.8036352438371,1.7891935054564811,1.0,4.663450516363033,2.606453970540898,0.0,0.0,10.495052232398733,163.29487490816646,8.490042664905998,7.899,6.256788099404156,0.7369560255882921,7.1000000000000005,3.6843200000000005,1.22285086389542,1.300758607874637,745.6440422322776,750.0,55.910885704140334,0.0749833466606354,0.0,0.0,-12.75758871428028,160.7560698027315,10.698030556472363,8.320547,9.299630412965437,0.8692843382597288,9.0,4.321546999999999,2.2376026430361984,8.528983228794567,11271.0,10.886019485701485,167,baseline,0
1146.719206588152,750.0,2395.756045091544,2.089226404622337,0.0,0.0,17.14759580427527,545.3574675861995,1.7996103781103339,1.0,4.753533300101922,2.6414235869729374,0.0,0.0,10.50589362021508,163.53801362454897,8.631839881509931,7.999,6.470436594350431,0.7496010912123854,7.201935000000001,3.9999999999999996,1.134625206104411,1.0428510726808824,745.6525281147614,750.0,55.85672913221252,0.07490986354386203,0.0,0.0,-12.770261834364383,161.07958731822362,10.862170532188081,8.999,9.521298809804314,0.876555821103127,10.0,5.0,2.174949001332917,8.196020082158615,11293.0,10.881580738039442,168,baseline,0
1150.560353982301,750.0,2432.0517232913608,2.113797607290728,0.0,0.0,17.257950332189765,552.8388242004661,1.8104424778761061,1.0,4.843515579312736,2.675321441305793,0.0,0.0,10.53248757975008,164.1036407325965,8.898702215137785,7.999,6.593947589997195,0.7410010393178548,7.480455,3.9999999999999996,1.0989760301438707,0.9270484666232535,745.655221238938,750.0,55.83953046905168,0.07488652781948192,0.0,0.0,-12.77429155449684,161.18252471928935,11.1475445119469,8.999,9.613735784211109,0.8624083782673396,10.0,5.0,2.1474940339162947,8.11865745347245,11300.0,10.87079816237459,169,baseline,0
1160.5127646043427,750.0,2499.020153759438,2.1533758438335115,0.0,0.0,17.150597628498673,547.0264887658591,1.8371036613064413,1.0,4.997163971425294,2.7201317359912074,0.0,0.0,10.418001631326819,160.3949336281905,8.985985140876297,7.999,6.734282306250098,0.7494205922527691,8.100000000000001,4.000000000000001,1.0785574511107476,0.8030262208573489,745.5395657308985,750.0,56.57329819289569,0.07588235526766898,0.0,0.0,-12.60451757701027,156.8738633491608,11.303324201962386,9.475253,9.83503568546691,0.8701011764096296,10.470350999999999,5.423746999999999,2.135287653123214,7.9774074440698595,11007.0,10.856894719623659,170,baseline,0
1180.6905695611579,750.0,2584.4497129237957,2.1889305966798656,0.0,0.0,16.864542871194715,529.3049056399982,1.8782446311858076,1.0,5.1700064293807335,2.7525735165374656,0.0,0.0,10.256494541585475,155.27690977037295,9.164422505224772,7.899,6.746398956818943,0.7361510180235276,9.0,4.122810833333333,1.0276514938803354,0.6547881686212365,745.415873015873,750.0,57.34741024957519,0.0769334439009914,0.0,0.0,-12.430059926499055,152.5063897763578,11.551664407563026,8.999,9.914556006622647,0.8582794354838994,10.5716235,5.0,2.1486836185618494,8.128396661392777,10710.0,10.826656824315702,171,baseline,0
1200.9138064018512,750.0,2670.8852682894294,2.2240441021257564,0.0,0.0,16.641844978258863,515.3248262308772,1.9215194755109912,1.0,5.3528425113681815,2.785734196081825,0.0,0.0,10.098933540654464,150.33917912986104,9.525369381859054,7.999,6.900755019495278,0.7244606211951925,9.31840175,4.8999999999999995,0.9832294158335937,0.5223773624497037,745.266486694948,750.0,58.26826287129629,0.07818446678006416,0.0,0.0,-12.228491777140288,147.53601114358779,12.022502852005399,9.899,10.119911292760857,0.8417474645117524,10.0,4.9710990000000015,2.122206186644443,7.953239834470951,10372.0,10.770815404508438,172,baseline,0
1221.9259185303515,750.0,2771.8104054615706,2.2683948048137923,0.0,0.0,16.49170629803608,505.736288503272,1.9675519169329074,1.0,5.55552547074447,2.8235724927678802,0.0,0.0,9.960057701866456,146.5949144095632,9.390462712353706,7.999,7.07612017879169,0.753543291267494,10.0,5.0,0.9351368017237934,0.3457367194955445,745.0982428115016,750.0,59.287785137925766,0.07957042673220298,0.0,0.0,-12.012533171312862,142.3009531918919,11.98863516783147,9.519559000000001,10.457186865718215,0.8722583279352335,10.821175749999998,5.520559,2.096905520821417,7.727226325621986,10016.0,10.727584647830959,173,baseline,0
1219.8105263157895,750.0,2795.0972279782077,2.2914191734516987,0.0,0.0,16.791857250443993,522.5307145626781,1.9695134061569017,1.0,5.630633695321759,2.8588958459078357,0.0,0.0,10.051176044534747,148.9111721688219,9.139463392372884,7.273876333333334,7.102232881875296,0.7770951725461576,10.899999999999999,4.906443,0.9245088297964542,0.2380698024021748,745.1245283018868,750.0,59.129690864730826,0.0793554481416487,0.0,0.0,-12.045540001776166,143.09503393438968,11.700584917974181,8.999,10.561603177208543,0.9026559997854501,12.0,6.0,2.133369416874571,7.925537562328527,10070.0,10.742360149543748,174,baseline,0
1233.8940105989402,750.0,2862.7931149706246,2.320128868751868,0.0,0.0,16.60160276522123,512.3407665502333,1.9973002699730027,1.0,5.763000216343877,2.8853950019351746,0.0,0.0,9.978719155811529,146.76101009670887,9.015904801246698,7.5895019999999995,7.085610451953137,0.7859012054977949,10.0,4.6905019999999995,0.958248488775935,0.2664371414831761,745.0908909109089,750.0,59.33192572532237,0.07963045374610107,0.0,0.0,-12.0033485027752,142.08037527907572,11.646044510348965,8.899,10.71335355083606,0.9199134986403243,12.734145999999999,5.999999999999999,2.178573664339744,8.052454666029702,10001.0,10.7525850570594,175,baseline,0
1214.6502435369052,750.0,2835.6763164698577,2.334562012034619,0.0,0.0,17.079887803673074,544.6505803362298,1.9556013488197828,1.0,5.698206180498573,2.913787201025135,0.0,0.0,10.300914342810707,156.9448175078007,8.53995956278407,6.999,7.147371645850387,0.8369327270585235,9.100000000000001,4.8999999999999995,1.046890265399414,0.43627477776859847,745.4012738853503,750.0,57.43807076233941,0.07705657714125924,0.0,0.0,-12.409931919894252,152.00641025641022,11.042698988572498,7.999,10.776351362029958,0.9758802058429584,13.2447265,5.8999999999999995,2.2094405200330622,8.120236028232634,10676.0,10.834325729176808,176,baseline,0
1210.602314474651,750.0,2848.3662031073522,2.3528504522506384,0.0,0.0,17.32764573310046,560.4095389682343,1.9497612049963262,1.0,5.738976266171721,2.9434252007196617,0.0,0.0,10.422219825662584,160.40681529848888,8.09859718531085,5.899,7.219846047856075,0.8914934133224154,10.0,4.1000000000000005,1.1487382770351826,0.6235102397427936,745.4908155767818,750.0,56.879683626062494,0.07629830232322182,0.0,0.0,-12.534908524471339,155.1239317168642,10.578288786645848,6.999,10.965979764211061,1.0366496874290896,12.4445715,5.1,2.2558090529531274,8.159776625395466,10888.0,10.851353915404175,177,baseline,0
1194.1697088415992,750.0,2842.435034811609,2.3802605389889724,0.0,0.0,17.722608630846455,585.0957124480341,1.9235152702341733,1.0,5.7451074338372194,2.9867750585301027,0.0,0.0,10.61762765775248,166.08617214786872,7.742178155522413,4.999,6.973653535071393,0.9007353479843603,9.0,3.3523729999999996,1.2437243788564334,0.8822562432169652,745.6285281809278,750.0,56.009757074149086,0.07511750819244169,0.0,0.0,-12.734514370730139,160.16785625833236,10.094032767963673,6.487218,10.784567799517355,1.0684102228937966,11.462088000000001,4.488218,2.459063690419487,9.502769328892251,11231.0,10.912560650373752,178,baseline,0
1168.8246688741722,750.0,2781.6923750226224,2.3799056001290477,0.0,0.0,18.408787772128814,632.2890234135193,1.8719370860927151,1.0,5.635557690779864,3.010548662478254,0.0,0.0,11.023192417359759,178.84000832455388,7.139286080191206,3.999,6.79201336813448,0.9513575015546337,8.0,3.0,1.4334790275928297,1.4601008527215988,745.935761589404,750.0,54.01723890196691,0.07241540315330851,0.0,0.0,-13.215624080201065,172.6527198291904,9.341837925827814,4.999,10.632043672347573,1.1381104828368587,10.609909250000001,3.9999999999999996,2.601965780481495,10.168000762216186,12080.0,11.008251517629471,179,baseline,0
1150.190588051053,750.0,2744.0199037498137,2.3857088836028764,0.0,0.0,19.044125858049316,674.4844715556376,1.8353300446323702,1.0,5.572668258155504,3.0363303180555463,0.0,0.0,11.367876621981804,189.70178101121277,6.997619398072368,4.73405,6.561278965643995,0.9376444462600277,7.7205449999999995,2.7350499999999998,1.5674585657318205,1.9893545013182976,746.155665178921,750.0,52.54360884639048,0.07041909791543434,0.0,0.0,-13.594637788319943,182.81417659561657,9.126789853887715,4.999,10.481647211434034,1.1484484007231954,9.436634000000002,3.0,2.774842040715101,11.325419394761798,12771.0,11.074741389826203,180,baseline,0
1149.7534419007159,750.0,2786.099971127007,2.423215160392269,0.0,0.0,19.036143019418127,675.6704209302371,1.8413972150106208,1.0,5.673201400298632,3.0809221139535126,0.0,0.0,11.344742240251623,188.8074837477992,7.04419714796976,4.999,6.256213969725303,0.8881372622469028,6.0,2.9999999999999996,1.6076229066503667,2.219709156756738,746.1375186846038,750.0,52.66680878697902,0.07058592748402127,0.0,0.0,-13.562147656567333,181.931849058535,9.130790478483203,4.999,10.19583723830315,1.1166434343586944,8.899999999999999,2.9999999999999996,2.9191123027096313,12.535005378094558,12711.0,11.087390139010266,181,baseline,0
1145.0922670690306,750.0,2759.7874333343675,2.4101004894551408,0.0,0.0,19.486721969775022,712.4454395904235,1.827536778574123,1.0,5.63888630702374,3.0855118064563936,0.0,0.0,11.595131792984006,197.4521283759159,6.988095901939488,4.999,6.257100360657793,0.8953941743875018,6.1000000000000005,2.9999999999999996,1.6714873715828928,2.605330255778605,746.2960392304791,750.0,51.580426037518976,0.06911523487476176,0.0,0.0,-13.853939049304714,189.9316271818502,9.019509110298001,5.899,10.158519613045252,1.1262829815701154,8.0,3.1000000000000005,2.9368915085954512,12.379451175821556,13255.0,11.094211547671021,182,baseline,0
1139.7454303263523,750.0,2778.814511010772,2.4381010329781203,0.0,0.0,19.84334845123612,744.6280437493493,1.8195811440834753,1.0,5.679689437857195,3.1214268494291635,0.0,0.0,11.755344339884815,204.57061738177094,7.1503846020320845,5.797525,5.995527308738624,0.8384901851342011,5.899999999999999,2.798525,1.6588408761519877,2.7141137830970967,746.3667579368016,750.0,51.0881622466443,0.06844913938539875,0.0,0.0,-13.990198207228525,193.72564587754022,9.117012750314512,5.999,9.952123049022264,1.0915991149270843,7.899999999999999,3.0999999999999996,3.1557654912258175,14.251504809000515,13513.0,11.127506598550875,183,baseline,0
1172.6182924875861,750.0,2939.138848835833,2.506475353203607,0.0,0.0,19.061829359549336,684.7102179783129,1.8934006086817234,1.0,6.004570821637024,3.17131556528742,0.0,0.0,11.2885761048515,188.2432648890712,7.732296613372336,5.999,5.916442447111224,0.7651597892506153,5.1000000000000005,2.9999999999999996,1.6307059618930737,2.662680159307129,746.0679160659939,750.0,53.13664758232615,0.07122226601368274,0.0,0.0,-13.43961022429118,178.6231229808721,9.853897927999359,6.999,10.084105071779673,1.0233620386026316,7.442483749999999,3.0999999999999996,3.2376257156651307,14.773923841111152,12486.0,11.04881456957697,184,baseline,0
1167.4746889914718,750.0,2950.909557796989,2.5276004573136786,0.0,0.0,19.294007237282916,699.704756365938,1.8841248728581488,1.0,6.03169126382712,3.201322455171065,0.0,0.0,11.424897467176919,192.41388479318246,7.817126788239194,6.999,5.905166988111616,0.7554139964821721,5.687051,2.9999999999999996,1.5423296741825918,2.5858647140466493,746.1586730302794,750.0,52.52315945609162,0.0703914078258797,0.0,0.0,-13.60004526494098,182.9612312084436,9.908758577263125,6.999,10.051849393567023,1.0144408419266806,7.439674999999999,3.000000000000001,3.2713807674880493,15.29799935635673,12781.0,11.07949213975943,185,baseline,0
1193.0045278669631,750.0,3073.3929023785413,2.576178740807988,0.0,0.0,18.916224918239756,673.4879596778587,1.9407261052111633,1.0,6.282903495300147,3.2373983523123306,0.0,0.0,11.161407616161595,184.15299929103386,8.117767720015031,6.999,5.895897278041895,0.7262953907273141,6.0,3.000000000000001,1.4994463294440576,2.5307820002381805,745.9581789742323,750.0,53.86890070717915,0.07221437102714567,0.0,0.0,-13.25284809187354,173.63798254627625,10.300156507203425,7.999,10.204113896990588,0.9906756164194525,6.050000000000001,3.000000000000001,3.344198978514689,15.777525352858579,12147.0,11.021889389127633,186,baseline,0
1182.9756097560976,750.0,3070.1789187464306,2.5953019600965663,0.0,0.0,19.295743218703088,698.5963053884877,1.923780487804878,1.0,6.291942650640718,3.270613612377425,0.0,0.0,11.340178481167852,189.6635992298158,8.285643657042016,7.608202,6.117358808628166,0.7383082186293382,6.999999999999999,3.390798,1.4072788980524593,2.3365050936448046,746.060975609756,750.0,53.18326519318987,0.07128541356786978,0.0,0.0,-13.427568777987616,178.29960328758804,10.435811626203465,7.999,10.277213569967156,0.9848025182978501,7.000000000000001,3.3375025000000003,3.262119707966977,15.450854111649782,12464.0,11.049952649678719,187,baseline,0
1208.068585944115,750.0,3185.57621031732,2.6369166845173506,0.0,0.0,18.873869955115534,669.8637000267382,1.9820491109229466,1.0,6.547450683261945,3.3033745971173776,0.0,0.0,11.050504557210134,180.06880907086745,8.463778843550278,7.899,6.015263398952925,0.7107065898274013,7.066458000000001,3.9,1.2620477101652936,1.9283496423455606,745.8428450465707,750.0,54.627684730996336,0.0732428890265554,0.0,0.0,-13.064542156738861,168.68226176520687,10.732615497967824,8.899,10.437331203556985,0.9724872008629444,7.416647500000001,3.999999999999999,3.338932996494381,16.035470913300742,11810.0,11.009420806711889,188,baseline,0
1219.0294367874767,750.0,3234.3707042684764,2.653234291693606,0.0,0.0,18.837442520284867,668.1752008149225,2.0040837161817255,1.0,6.656767816741473,3.3216016691280044,0.0,0.0,11.022793953501857,179.07109880577295,8.462529146932042,7.999,5.9706409624439685,0.705538599486955,7.785173375,4.000000000000001,1.0962861586396508,1.4181892927353612,745.8230389654585,750.0,54.756906993135,0.07341809535555387,0.0,0.0,-13.032987382219893,167.85876010510313,10.769802708865068,8.899,10.54023259620202,0.9786839073222688,8.525495000000001,4.100000000000001,3.380071798476783,16.512803674452616,11754.0,10.989328240742752,189,baseline,0
1242.9162465729194,750.0,3325.3636312004137,2.6754527027620774,0.0,0.0,18.63585172660036,654.3978857254649,2.0567789864685593,1.0,6.868906952190152,3.3396427119201086,0.0,0.0,10.84151268063263,173.1371452544261,8.620219250143789,7.999,6.101466499371605,0.7078087369146475,8.0,4.000000000000001,1.0431616754814637,1.1584623193876507,745.6579110285663,750.0,55.822347682081876,0.07486321388997282,0.0,0.0,-12.77832000401689,161.28546212505822,11.058000302025293,8.999,10.837281664530417,0.980039913956735,9.625331000000001,5.0,3.3326863580157515,15.98177650476292,11307.0,10.928182572773455,190,baseline,0
1258.5807856300462,750.0,3404.763183249556,2.705240078446875,0.0,0.0,18.4782891149311,643.2534311665065,2.0939853034564093,1.0,7.048107980966871,3.365882257785193,0.0,0.0,10.71735996197205,169.01516855635748,8.566267859575733,7.386071,6.1853961583686035,0.7220642944820256,8.100000000000001,4.387071000000001,0.98521285201921,0.8390706758325095,745.546040097977,750.0,56.532479960212314,0.07582694685466107,0.0,0.0,-12.613847485513288,157.1091483877897,11.068248658804317,9.218848,11.076019269638675,1.0007020632688963,10.0,4.780152000000001,3.336412476141642,15.933964541306384,11023.0,10.886072458505511,191,baseline,0
1288.4008023688987,750.0,3526.4640084546577,2.7370861629166776,0.0,0.0,18.101209465384215,618.4459830831129,2.162097621549336,1.0,7.320063775941469,3.385630557558261,0.0,0.0,10.45693269726121,160.89537958981919,9.129817815876248,7.999,6.308416483648915,0.6909684958531076,9.0,4.000000000000001,0.9701069918577091,0.7283800700757106,745.3103448275862,750.0,57.99946697036629,0.07781921634776638,0.0,0.0,-12.286676531342474,148.9624201858419,11.83450359891107,9.899,11.35288733672336,0.9593040588342019,10.0,4.999999999999999,3.2876322099618185,15.315728568478551,10469.0,10.815830925776773,192,baseline,0
1297.423076923077,750.0,3580.1630317742292,2.759441461658612,0.0,0.0,18.081302968065955,617.0607887009539,2.1834615384615383,1.0,7.442587661201885,3.408618622357742,0.0,0.0,10.428806980576576,159.88371508089787,9.149138954996738,7.899,6.489630555787639,0.7093159900302282,9.0,4.1000000000000005,0.9520182912713386,0.6240597354801114,745.2792307692308,750.0,58.190288901888145,0.07807850601421933,0.0,0.0,-12.24531575603401,147.94775796497476,11.883881298173078,8.999,11.524026686053459,0.9697191007642477,10.0,5.0,3.248226326810316,15.17475465232441,10400.0,10.79724166002056,193,baseline,0
1310.863038679336,750.0,3615.277628466627,2.7579369635053066,0.0,0.0,18.18846578028892,623.775282089885,2.206929647758902,1.0,7.530683051575563,3.412289584864129,0.0,0.0,10.457973695188464,160.61153665619912,9.05675095676722,7.999,6.610264990339519,0.7298715645261635,9.0,4.6432329999999995,0.9192817102117706,0.48241398438027616,745.2878395239467,750.0,58.13755591146268,0.07800684893583947,0.0,0.0,-12.256718877777919,148.22715764887747,11.867788785584029,8.999,11.77072823526611,0.9918215135041989,10.577925,5.0,3.196010446315818,14.764752712705974,10419.0,10.779638295122512,194,baseline,0
1327.7621354424123,750.0,3682.947891472242,2.773800964165226,0.0,0.0,18.156232997047887,623.4810867816657,2.249826989619377,1.0,7.71715569760138,3.430110729939709,0.0,0.0,10.348605622788654,157.29441943507604,9.16319951521169,7.92355,6.604372617738126,0.7207496253654966,9.499876,4.92455,0.8920107775708686,0.3576187581386563,745.146218487395,750.0,58.998907253683385,0.07917762418958235,0.0,0.0,-12.07297677416425,143.75676818950936,12.097856098467622,8.999,11.941737429082778,0.9870953441573322,11.0,5.1000000000000005,3.186380568297924,14.398568861154299,10115.0,10.737527514821275,195,baseline,0
1360.9644994840041,750.0,3809.0966596853905,2.7988214689873034,0.0,0.0,17.796956629395524,598.5465464822261,2.321981424148607,1.0,7.986129732666637,3.439359871535098,0.0,0.0,10.12881002112841,150.5739813471237,9.283930798527678,7.999,6.7517524689142085,0.7272514859745569,9.851712500000001,4.796260500000001,0.8869051487104892,0.2860386968407975,744.9333333333333,750.0,60.26991141707629,0.08090644990658175,0.0,0.0,-11.811310983028473,137.5070671378091,12.413225764189887,9.899,12.309542922728312,0.991647389370724,11.100000000000001,5.899999999999999,3.130336380893176,13.778720995860798,9690.0,10.66248310112998,196,baseline,0
1383.0148933890496,750.0,3920.957148168886,2.835079482449145,0.0,0.0,17.568574781360812,581.7210343576693,2.37790635379835,1.0,8.235628604789975,3.4633948438023174,0.0,0.0,9.957886030794453,145.29534761893174,9.239900506296888,7.922597666666667,6.856982494909113,0.7421056633928209,9.302509703703704,4.874307066666667,0.9141506602323209,0.30091966007975834,744.7395264116576,750.0,61.403496223013185,0.08244962707816876,0.0,0.0,-11.58694694255313,132.25733944954123,12.491508349726777,9.338227,12.645201004807639,1.0123037707519302,11.314519,5.660773000000001,3.1273443091825692,13.534250434626195,9333.0,10.618951301615724,197,baseline,0
1389.3933921172845,750.0,3938.7139894124025,2.834844336930544,0.0,0.0,17.68261871862639,592.0987763254592,2.388930202910868,1.0,8.296194830741445,3.4727656842517556,0.0,0.0,10.005487961886091,146.7926694283936,9.011063519730403,7.908294333333333,6.811886155841427,0.755946969070442,9.420881999999999,4.695899768115941,0.929588732404317,0.3087073516797889,744.7842345692128,750.0,61.143915739829495,0.08209614664466611,0.0,0.0,-11.637600577728557,133.43374720674794,12.275220878359715,8.999,12.78800684821452,1.0417740727385858,12.390154999999998,5.370281,3.1799987957729914,13.853118726302853,9413.0,10.608835178504469,198,baseline,0
1425.4201661801033,750.0,4065.179443090959,2.8519166064452324,0.0,0.0,17.416861051395728,575.2248336181697,2.474960700651246,1.0,8.607211581053159,3.4777164658769366,0.0,0.0,9.76864572663712,139.88313327551634,8.974419516814015,7.899,6.82854340501957,0.7608897034761924,9.67547321590909,4.9,0.9510519579686243,0.3044352908268517,744.4873119245452,750.0,62.84720407990374,0.08441675643529757,0.0,0.0,-11.31274866174093,125.97828228372123,12.385820343476308,8.999,13.05764690799431,1.05424158803271,12.14480425,5.4055875,3.2138229601067656,13.924386181640486,8906.0,10.523675501476541,199,baseline,0
1419.9377132166833,750.0,4069.539365989977,2.8659985069140586,0.0,0.0,17.613738390963647,588.565732999258,2.463519313304721,1.0,8.62815122601584,3.502368006379252,0.0,0.0,9.872458877977934,142.7607804161395,8.739066542595447,6.999,6.970481220539031,0.797623085550833,9.28121925,4.4854519999999996,1.0204169005554293,0.457533998740844,744.5971167602069,750.0,62.22291018449546,0.0835658758057399,0.0,0.0,-11.42978095064456,128.6398925797173,12.18286015637724,8.999,13.289987946822238,1.0908758515023635,12.0,5.899999999999999,3.1738421318913193,13.612803628697701,9087.0,10.533360263641951,200,baseline,0
1410.0765726681127,750.0,4075.879237964042,2.890537519002789,0.0,0.0,17.867890201716627,604.2771362274818,2.449349240780911,1.0,8.664832468220368,3.537605958331125,0.0,0.0,9.971787109492892,145.38986503234972,8.574828591430837,6.899,7.016427221290675,0.8182585979972202,9.071861375000001,4.4203244999999995,1.0915784240977262,0.583726452237955,744.675054229935,750.0,61.77585125704744,0.08295678887878091,0.0,0.0,-11.515019121306217,130.59566536404782,11.944287947396965,8.390603,13.376291979032585,1.1198902804371607,11.8736085,5.4916030000000005,3.2389338494444972,14.051879158484827,9220.0,10.565927594175959,201,baseline,0
1428.0713807718046,750.0,4166.4726220692255,2.917552076295686,0.0,0.0,17.675950898478334,593.499815417555,2.496877091233549,1.0,8.881449691549701,3.557023180168607,0.0,0.0,9.83768473654127,141.56069543254313,8.726149039669616,6.899,6.965326892366124,0.7982131477128473,9.159657999999999,4.0,1.1165584432352695,0.6302874541914867,744.52420254294,750.0,62.63817850326251,0.08413182310168069,0.0,0.0,-11.35167755634601,126.8605833432496,12.216916633281283,8.7377905,13.569930005773973,1.1107491696232759,12.100000000000001,5.738790499999999,3.2887763839333046,14.229139949885276,8966.0,10.534835453784726,202,baseline,0
1428.3407030731814,750.0,4171.585659777844,2.920581658705354,0.0,0.0,17.989429627279183,612.9800167474391,2.4993367234136636,1.0,8.930811608043841,3.5732726704571003,0.0,0.0,9.93054286633625,144.0213141428062,8.51623811267637,6.5635425000000005,7.029848154935099,0.8254640208416919,9.186797875,4.01491545,1.1599721671195893,0.7363133159237929,744.5726287862038,750.0,62.362694442017805,0.08375636174496631,0.0,0.0,-11.403376071789207,128.03698583465476,11.997976328543004,8.761479999999999,13.67378968566962,1.139674667730414,11.76890675,5.538213999999999,3.2673258665257765,13.955848579437326,9046.0,10.502301837538056,203,baseline,0
1439.3090665475659,750.0,4224.496154598444,2.9350861832140307,0.0,0.0,17.970114868977806,613.5692157251309,2.5273559624832513,1.0,9.070380717656873,3.5888813654665324,0.0,0.0,9.890321743463053,142.88580774996979,8.381601580045439,5.999,6.941575992175339,0.828192073541356,8.664182375,3.9999999999999996,1.2207024664492008,0.8994182770346186,744.5180884323358,750.0,62.67287130344209,0.08417911166591892,0.0,0.0,-11.34519868129324,126.71353311801772,11.886918835864227,7.899,13.805249095535514,1.1613816234601904,11.318074999999999,4.999999999999999,3.3582932560014256,14.49030014347214,8956.0,10.488074928126656,204,baseline,0
1403.2876451953537,750.0,4141.788866214356,2.951489582620655,0.0,0.0,18.66683744408585,664.0007405092874,2.453326293558606,1.0,8.92040877635378,3.636046619552804,0.0,0.0,10.215768759254342,152.82032503570161,8.090924949313724,5.999,7.026556409073865,0.8684490899485924,8.83227475,3.9999999999999996,1.2790305223009364,1.0817926127885897,744.8156282998945,750.0,60.96096011015071,0.08184704750261394,0.0,0.0,-11.673557229314282,134.2719383860755,11.436434455966209,6.999,13.770643054364223,1.2041028265746143,11.899999999999999,5.0,3.4003573268408225,14.995598052161373,9470.0,10.589847973112194,205,baseline,0
1419.0721112076455,750.0,4223.964800925405,2.9765681162818187,0.0,0.0,18.568714337167364,657.3423312244564,2.4981537793223283,1.0,9.132757040057525,3.655802583352158,0.0,0.0,10.099195224285738,149.24951595526775,7.988017407967515,6.122232666666666,6.951839472391187,0.8702834655138821,9.05183525,4.1232326666666665,1.2679760664719457,1.0477007440354598,744.6681146828845,750.0,61.815792463759266,0.08301119820348882,0.0,0.0,-11.507354367135294,130.41920453082756,11.413767576998262,6.999,13.94499878548182,1.2217699976285352,12.0,5.0,3.4555937865748354,15.344764267943386,9208.0,10.545086123871416,206,baseline,0
1413.331330472103,750.0,4227.068984137577,2.9908549347204985,0.0,0.0,18.806569642810903,674.9763626221886,2.490343347639485,1.0,9.170424628387991,3.6823936896413647,0.0,0.0,10.183622445716486,151.67828804924213,7.575150459004097,4.999,6.875744490593513,0.9076710129791224,8.663689499999998,3.146098743589744,1.3151321112496148,1.1151775047118662,744.7321888412017,750.0,61.44599109988869,0.0825075000390385,0.0,0.0,-11.578694800867043,132.06617329162546,10.978030188197424,6.999,14.074039439388521,1.2820186498047386,11.420046,5.0,3.528963793105203,15.85033330919422,9320.0,10.580165677248605,207,baseline,0
1403.4794607791105,750.0,4199.11319077331,2.991930632488391,0.0,0.0,19.30015654932927,712.1725328610049,2.4777624456002547,1.0,9.18633598552841,3.707512801253616,0.0,0.0,10.310605746228044,155.4780780412956,7.670931928749605,5.359128,6.772569868311914,0.8828874941425627,8.379204916666666,3.399875999999999,1.340676849319338,1.212205564190823,744.7886636238192,750.0,61.118138361511654,0.08206104811549797,0.0,0.0,-11.642653822972873,133.55138804158474,11.068975190107208,6.999,14.005804909720302,1.2653208331551649,11.529509,5.0,3.5805375474097554,16.23469915977798,9421.0,10.597882207169611,208,baseline,0
1388.4671866874676,750.0,4179.023473048322,3.009810756146436,0.0,0.0,19.700863018556774,741.2054147363785,2.452418096723869,1.0,9.181092405120001,3.743689714810382,0.0,0.0,10.454526177892596,159.6469647054696,7.60906804509135,4.999,6.754568819226523,0.8876998837701197,7.086283520833334,3.0,1.4136127695722587,1.4271048057495008,744.8938117524701,750.0,60.50284915850968,0.08122345521460032,0.0,0.0,-11.764530652765595,136.4041814798613,10.93845113447738,6.352483,13.986288079308661,1.2786351474592845,10.899999999999999,4.353483000000001,3.64028621423624,16.67887781852556,9615.0,10.650072006684661,209,baseline,0
1400.6999163529904,750.0,4244.629672164894,3.03036333665005,0.0,0.0,19.733605255927543,741.7937572392473,2.4788791300711,1.0,9.316671587385553,3.7584210840963146,0.0,0.0,10.447316301006804,159.61912885294515,7.7464948245997,5.13984125,6.873570460184671,0.8873136322710785,7.899999999999999,3.14084125,1.4273539547471148,1.4683567271835072,744.866583019657,750.0,60.66279823675742,0.08144115955750499,0.0,0.0,-11.732613508225102,135.65421973338613,11.128609849226265,6.390954499999999,14.161754080071741,1.2725537395900675,11.0,4.391954499999999,3.6271795593053704,16.554914263075062,9564.0,10.610461101108328,210,baseline,0
1377.8478542268247,750.0,4191.2227729532915,3.0418618137669373,0.0,0.0,20.306838167862626,785.2184466781223,2.425868764313452,1.0,9.200941767722863,3.7928439918417567,0.0,0.0,10.730887901050732,168.63492716086913,7.732458967182122,5.899,6.8429439705860755,0.8849635025066023,7.727569000000001,3.559561714285714,1.4594831392572531,1.6699206133823878,745.1114208901722,750.0,59.20857971259389,0.07946271933646969,0.0,0.0,-12.029047905515828,142.69799351319477,11.022976778253511,6.899,14.061274061357354,1.275633102039904,10.899999999999999,4.5718890000000005,3.6943849362966836,17.280304742092316,10043.0,10.689061823403911,211,baseline,0
1366.6329388560157,750.0,4210.133250241938,3.080661332344416,0.0,0.0,20.420148290688676,794.8437567887524,2.411834319526627,1.0,9.255789700849771,3.8376556904897234,0.0,0.0,10.783530117670685,170.1810926865155,7.50185686409276,5.899,6.399841019213225,0.8531009235654341,6.95730375,3.2782045,1.467000220297591,1.8073556051362623,745.1581854043393,750.0,58.92662360502515,0.07907934819645075,0.0,0.0,-12.08819252199499,144.12439844881567,10.669856419230769,6.899,13.907636678407938,1.3034511554758665,10.0,4.1947944999999995,3.9682807163921496,19.420431695215882,10140.0,10.751973304330013,212,baseline,0
1358.5044533620437,750.0,4204.121504424521,3.0946689162631076,0.0,0.0,20.833027837972075,824.5290461721426,2.4030537339727904,1.0,9.29579929737236,3.8683276890376916,0.0,0.0,10.88449643449948,173.04915941702998,7.628746319312195,5.999,6.261463456148278,0.8207722729352481,6.899999999999999,3.000000000000001,1.43475995577794,1.7522829173391843,745.1946755407654,750.0,58.7056480792851,0.07877894194115675,0.0,0.0,-12.134937171963612,145.25670016750414,10.74573276000783,6.999,13.769095727646972,1.2813547512451762,10.0,3.9999999999999996,4.066728930487089,20.311176273686147,10217.0,10.780523639988324,213,baseline,0
1378.6454271356783,750.0,4299.0576700199645,3.1183200447353863,0.0,0.0,20.598834281237362,805.1454401986224,2.452462311557789,1.0,9.515874146456154,3.880130635080679,0.0,0.0,10.743818090302513,168.4022959186901,8.109971303370934,6.451136916666666,6.315286910973825,0.7787064435541045,6.299831625,3.452136916666666,1.4076797091998279,1.6815486983780694,745.0657286432161,750.0,59.482744437152625,0.07983556638079735,0.0,0.0,-11.972067933732367,141.3304106099027,11.35798768723618,7.899,13.883929026907357,1.2223933859789058,9.899999999999999,3.999999999999999,4.017125479435621,19.770882831700344,9950.0,10.723164826997479,214,baseline,0
1382.7874522421073,750.0,4335.892638583588,3.1356175756101905,0.0,0.0,20.760010438881764,818.5780322983157,2.4649105167906695,1.0,9.613516095179866,3.900148110730093,0.0,0.0,10.773177876706292,169.6665010042187,8.276328770934642,6.899,6.251652694503241,0.7553654364793008,6.899999999999999,3.1000000000000005,1.3171587225720243,1.5150995254693287,745.0637442187814,750.0,59.4946220502509,0.07985172075797696,0.0,0.0,-11.969611099236486,141.27158986696526,11.550024942388898,7.999,13.917579745052734,1.204982657134778,9.050318999999998,3.9999999999999996,4.073887932302954,20.331337621540097,9946.0,10.71309812514748,215,baseline,0
1414.6408055113936,750.0,4486.783182141693,3.1716766296160372,0.0,0.0,20.30276059530099,781.6675029470551,2.5480657127715953,1.0,9.963616654150739,3.9102667581178907,0.0,0.0,10.499782929291701,160.976289347082,8.635260464979595,6.999,6.385842426810588,0.739507795127715,7.3459255,3.525353,1.2273483734524906,1.2119059595095525,744.7963963963964,750.0,61.07310628532306,0.08199973386125066,0.0,0.0,-11.651491729737035,133.75725952813056,12.05056493810281,7.999,14.135829234375784,1.1730428662045176,9.0,4.000000000000001,4.000647316312391,19.527055238621582,9435.0,10.612367400012758,216,baseline,0
1383.1299697275479,750.0,4420.608318890203,3.19609032820031,0.0,0.0,21.149808379643236,842.6535748140204,2.481029263370333,1.0,9.827256385315069,3.9609594817778637,0.0,0.0,10.838359785915706,171.78346009057168,8.51955173605936,6.999,6.575221871761063,0.7717802620918612,8.239846916666666,3.9999999999999996,1.1734098564121254,1.0992998884132996,745.0458123107971,750.0,59.60184171604591,0.07999755280979004,0.0,0.0,-11.947476858418732,140.742203282451,11.809949070938446,7.999,14.055024164553425,1.1901003196651871,9.3635315,4.8999999999999995,3.9706206558970463,19.71001322520892,9910.0,10.672814294917623,217,baseline,0
1377.147254493099,750.0,4403.732176504071,3.197720622930043,0.0,0.0,21.582000831312364,874.30378081449,2.469466785820673,1.0,9.831094452547294,3.9810595991798876,0.0,0.0,10.971694088357966,175.7073479748745,8.628219567276235,7.554021,6.789683064421207,0.7869158882061901,8.899999999999999,4.444979000000001,1.1706371802641518,1.0698249517259688,745.1250124118757,750.0,59.126775107741075,0.07935148347302845,0.0,0.0,-12.046150386620727,143.10973913708256,11.890668916989377,8.433179,14.104119952578753,1.1861502537024473,10.4817615,5.097793000000001,3.920277962774456,19.484831372045146,10071.0,10.673641881113022,218,baseline,0
1375.7297513232797,750.0,4443.98518441001,3.230274826967617,0.0,0.0,21.682424917132646,880.0813459947385,2.4778787576151005,1.0,9.948756903321307,4.015029739750766,0.0,0.0,10.965436948604161,175.21107769368427,8.512832356988808,7.703449,6.700769934521589,0.787137541716117,8.8353,4.704449,1.1222031712087193,0.9272588314257098,745.0967741935484,750.0,59.296605374582896,0.07958242127509177,0.0,0.0,-12.010696799388342,142.25683760683745,11.740447170478376,8.899,14.135583955667778,1.2040072878324455,11.504389999999999,5.899999999999999,4.01626107854697,20.317953255295183,10013.0,10.69560758891368,219,baseline,0
1399.6870425729305,750.0,4549.383604590796,3.2502862898752243,0.0,0.0,21.39383681955482,857.3971678112077,2.5373672817235335,1.0,10.200564229642854,4.02013705430694,0.0,0.0,10.795456804525733,169.7632734166554,8.565118703369645,7.354054,6.689416749987719,0.7810068933844434,8.899999999999999,4.355053999999999,1.1200228604701963,0.8454871972806979,744.9390784455211,750.0,60.23597293439519,0.08086026720479045,0.0,0.0,-11.818156530257594,137.66882377367023,11.900745165343778,8.999,14.39082072109224,1.20923694450662,11.100000000000001,5.602188999999999,4.042116776417506,20.307795340656995,9701.0,10.644213471938285,220,baseline,0
1434.575819893928,750.0,4697.1027641922665,3.2742101874682152,0.0,0.0,20.95210208135929,821.3654818640356,2.6246347007251867,1.0,10.546472406395766,4.018262961882572,0.0,0.0,10.540271799218665,161.68345967748166,8.62827565008329,6.999,6.5922726115124455,0.7640312941843495,8.347737166666665,4.000000000000001,1.080686329680047,0.6400047617688327,744.6860049788938,750.0,61.71276903651561,0.08287085915931064,0.0,0.0,-11.527144561231195,130.87506173552194,12.121719420824764,8.899,14.668651051974194,1.2101130658719814,11.638330999999999,4.999999999999999,4.084163270364083,20.375531444619504,9239.0,10.57523268229453,221,baseline,0
1442.2714584020223,750.0,4754.724634726117,3.2966919001462855,0.0,0.0,21.01558694605966,823.3021788450111,2.6531486976590832,1.0,10.714179425490387,4.038288330745911,0.0,0.0,10.49406401272743,159.9729932116906,9.01504107761245,7.216201666666667,6.831764029661532,0.7578184026944956,8.0,4.217201666666666,1.0982951713030396,0.6712591123724185,744.6042422244203,750.0,62.18217519511392,0.08351036922560602,0.0,0.0,-11.437497678671185,128.81635314960877,12.64121632509067,8.999,14.885814705572477,1.1775618993266224,11.3562545,5.0,3.9937642817917327,19.66496930356061,9099.0,10.538774866137407,222,baseline,0
1415.2441885263383,750.0,4709.132828998617,3.3274348463512364,0.0,0.0,21.61155245845625,862.841077263277,2.602473875026658,1.0,10.646904791465277,4.091070766793467,0.0,0.0,10.704752958254366,165.81684518740963,8.743701202572685,6.899,6.91899420053087,0.7913118301086356,9.14216275,4.1000000000000005,1.103649201678805,0.6829959884012404,744.764768607379,750.0,61.25707647070744,0.08225023397018477,0.0,0.0,-11.615466787008755,132.91906868010352,12.241427785348689,8.5929675,14.828709820676103,1.2113545969224306,10.921653749999999,5.045285499999999,4.0052574145585735,20.01007949799976,9378.0,10.5884029172713,223,baseline,0
1402.429416737109,750.0,4727.32878245854,3.3708140502765116,0.0,0.0,21.786506169104744,874.1650944566554,2.5859044801352495,1.0,10.700635935834923,4.138063110233388,0.0,0.0,10.766892541044024,167.45384386380795,8.515583706837601,6.999,6.864914651034985,0.8061590241339288,9.0,4.1,1.1481592245330385,0.7763646585038417,744.8123415046492,750.0,60.98014130008963,0.08187316173749114,0.0,0.0,-11.66977753474395,134.18370771041486,11.888795786031276,7.999,14.82800553217325,1.2472251857160668,10.899999999999999,5.1,4.125472601997798,21.03537583493817,9464.0,10.635587735935038,224,baseline,0
1408.977588953797,750.0,4756.070561348059,3.3755473462708276,0.0,0.0,21.989241593984143,887.8037050273042,2.6054168879447688,1.0,10.810613791599046,4.149283687236243,0.0,0.0,10.778018089514465,167.55547309109144,8.550388953992785,6.999,6.826512802936828,0.7983862301081688,8.899999999999999,3.9999999999999996,1.152345733567607,0.8074107100225616,744.7853425385024,750.0,61.137468337841085,0.08208736779037851,0.0,0.0,-11.638864094681162,133.4631574144583,11.980378132023366,7.999,14.91834421986316,1.2452314989947317,11.100000000000001,5.0,4.146589619654729,21.193307431171135,9415.0,10.621026260596484,225,baseline,0
1410.4585729499468,750.0,4790.053195430815,3.3960963386627596,0.0,0.0,22.153644675039857,897.0106658210481,2.6164004259850904,1.0,10.916598700701682,4.172373078784956,0.0,0.0,10.793954605125238,167.7100523587238,8.669601677097775,7.4411570000000005,6.780075136022055,0.7820515161535938,8.73236,4.339101250000001,1.17515121983577,0.9047780135188148,744.771458998935,750.0,61.218207763451275,0.08219730633305433,0.0,0.0,-11.623060262516827,133.09552986609793,12.127934895633652,8.7842705,14.949776415809845,1.2326728783143555,11.0,5.214729500000001,4.195652922099213,21.645258100229686,9390.0,10.626256453624661,226,baseline,0
1383.6987618950168,750.0,4721.709091875733,3.4123822481485866,0.0,0.0,22.82503788156862,946.6857453281295,2.558682083290699,1.0,10.793389045684414,4.2183392443203145,0.0,0.0,11.052075280434565,175.36180768373956,8.477544106260689,6.999,6.727517727342605,0.793569180297666,7.681992000000001,3.9999999999999996,1.1730132634429928,0.9659649352130395,744.9763634503223,750.0,60.015236937664675,0.08055992093454749,0.0,0.0,-11.862866219125658,138.72759493287262,11.830652251816227,8.899,14.798720907578769,1.2508795451499208,10.717189,4.999999999999999,4.271806751538569,22.68632084388952,9773.0,10.676170896591596,227,baseline,0
1397.4842968167784,750.0,4840.427083433946,3.4636718956052537,0.0,0.0,22.62019046269807,924.2665204533668,2.613009688065581,1.0,11.096492714395971,4.24663282538793,0.0,0.0,10.868538185912483,169.19583618301726,8.727859659679277,6.999,6.587777683808881,0.7547987640363779,7.999999999999999,4.000000000000001,1.1425962454289558,0.8943173396887931,744.7731289257958,750.0,61.20850214103493,0.08218409038107674,0.0,0.0,-11.624957856541993,133.13964516637748,12.135248877887788,8.999,14.915146174323603,1.2290762492313774,10.159497,5.0,4.374887793229648,23.356750368331245,9393.0,10.650230301618667,228,baseline,0
1410.5071095191577,750.0,4901.1127696525655,3.474716813957327,0.0,0.0,22.77108372499239,935.8319055282005,2.652230543796809,1.0,11.284436887359139,4.254696830089615,0.0,0.0,10.818931039572805,167.9440458614007,8.914758232786795,6.999,6.677833206839786,0.7490761984189294,8.100000000000001,4.000000000000001,1.0866574204478552,0.7284196325350538,744.6710083577553,750.0,61.79914088219615,0.08298851464418307,0.0,0.0,-11.51054863483455,130.49272987489147,12.379905555627914,8.999,15.103904727085485,1.2200339218435508,10.0,4.899999999999999,4.358388873608913,23.130907751845317,9213.0,10.613336225411315,229,baseline,0
1385.1518771331057,750.0,4826.205360676023,3.484242732042481,0.0,0.0,23.88442210069648,1012.2286356454265,2.612094709897611,1.0,11.234869368391358,4.301095716713788,0.0,0.0,11.052126938113817,174.28881825388316,8.606805053695545,6.999,6.919488068668763,0.8039554777295332,9.333399625,4.30477975,1.0742183226208741,0.6417246916215853,744.7636518771332,750.0,61.26356178876678,0.08225906518713093,0.0,0.0,-11.61420072518101,132.88965848479498,11.966436232935154,7.999,15.042158685371163,1.25702910980052,10.793023,5.000000000000001,4.31324131388095,23.29049023213966,9376.0,10.636909998309967,230,baseline,0
1373.578748027354,750.0,4792.7998459694945,3.4892792661888565,0.0,0.0,24.501495876236596,1060.2778973872767,2.5932667017359283,1.0,11.23003960306781,4.330460725674857,0.0,0.0,11.189859828433006,178.36370497479757,8.449664854291974,6.999,7.001051685559554,0.8285596892051165,10.429616500000002,5.0,1.0791319243579502,0.6124130625920401,744.8347185691741,750.0,60.84942942046911,0.0816952109017699,0.0,0.0,-11.695581107601145,134.78661744447703,11.728529817885324,7.999,15.030907991098871,1.2815679564694984,11.899999999999999,6.0,4.35846287783691,23.950751253247066,9505.0,10.616427548496189,231,baseline,0
1388.1167347794194,750.0,4832.42900960457,3.4812843102655004,0.0,0.0,24.459678467216392,1057.6749904434441,2.6165775961437703,1.0,11.314421925153628,4.324130093381701,0.0,0.0,11.198813905076275,178.61215147473686,8.36242819165905,6.721643,7.251088843416677,0.867103271589123,9.812230870370371,4.722643,1.1355816332556163,0.6711544355101173,744.855286597506,750.0,60.729029307299555,0.08153131272613953,0.0,0.0,-11.719445894542982,135.34541207512035,11.738309285863982,7.999,15.31529193587898,1.3047272450320104,12.3134445,6.0,4.250468921757912,23.007568585611754,9543.0,10.574489537925036,232,baseline,0
1388.790178100959,750.0,4871.422470447155,3.507673475274984,0.0,0.0,24.57156810384883,1064.7077602416402,2.6288333860259248,1.0,11.436393677477694,4.350368394691755,0.0,0.0,11.189592524402794,178.1058659749442,7.994895216253056,5.899,7.021886362588638,0.8782962343663542,8.702219,3.9,1.2129406387428698,0.8399238680575682,744.8260090631258,750.0,60.900338867763026,0.08176451698345778,0.0,0.0,-11.685518198371751,134.55133556447745,11.326878430603859,6.999,15.338030176362427,1.354126847068555,12.0,5.0,4.417078807255431,24.368901723203514,9489.0,10.610363750704277,233,baseline,0
1349.2897795591182,750.0,4777.458690693024,3.540721024548236,0.0,0.0,25.545825006633347,1144.1725919875857,2.5445891783567136,1.0,11.246193556959808,4.4196499979704225,0.0,0.0,11.534837663649837,189.1873520804481,7.693663598851775,4.999,6.831807908657415,0.8879785060627051,8.440925,3.3918325833333336,1.2639192892627555,0.959464424824044,745.0805611222445,750.0,59.393888497618214,0.07971472025542957,0.0,0.0,-11.990478149499307,141.77156625362022,10.796416541082165,5.999,14.960288950257283,1.3856717081386116,11.313379999999999,4.000000000000001,4.619793784511011,26.660600169735698,9980.0,10.721518434731582,234,baseline,0
1347.0054256683436,750.0,4789.822214989676,3.5559041735953736,0.0,0.0,25.6395023356377,1153.1815292005158,2.5365492749334124,1.0,11.265451539614448,4.441250816982524,0.0,0.0,11.611360247937982,191.60347948582066,7.88004682835278,5.608315666666667,6.780450592565753,0.8604581597369919,8.0,3.609315666666667,1.314122440405588,1.103070758619805,745.156752490875,750.0,58.9352836181654,0.07909112199702854,0.0,0.0,-12.086367643477265,144.08028281329416,10.954472145901153,5.999,14.871056966758285,1.3575329571970844,11.611267999999999,3.9999999999999996,4.7161138229177295,27.723536760619048,10137.0,10.73639002576562,235,baseline,0
1355.9562667726866,750.0,4854.273703452327,3.579963323600392,0.0,0.0,25.515559476323716,1140.1926411806087,2.5606798528973265,1.0,11.410965719395548,4.456225055422063,0.0,0.0,11.563831589485504,189.85693002658854,8.02835887881731,5.999,6.710658439606225,0.8358692655496736,8.0,3.0999999999999996,1.3455093910875688,1.2055750770740268,745.1201669814134,750.0,59.15595210230543,0.0793911569216473,0.0,0.0,-12.040045145940086,142.96268711627536,11.155155262299969,6.899,14.954376415390302,1.3405798542249074,10.0,3.9,4.781327859658326,28.241354151939635,10061.0,10.715834654200581,236,baseline,0
1371.464817252202,750.0,4945.261728762569,3.605824711326279,0.0,0.0,25.243449144518955,1114.975698130258,2.6021059026020046,1.0,11.619260578075158,4.4653296264599955,0.0,0.0,11.450186288210427,186.0017031306167,8.37145300297671,5.999,6.599002225069224,0.7882744157702086,7.0,2.9999999999999996,1.3278791511846206,1.20483883845933,745.0292598967297,750.0,59.70063732814618,0.08013193647779877,0.0,0.0,-11.92715106003995,140.25693240901228,11.587890215348787,6.999,15.04234678049908,1.298109189934737,10.265404,3.9999999999999996,4.848714756833284,28.72613865638824,9877.0,10.679491388047682,237,baseline,0
1382.5641287685232,750.0,4995.472075717704,3.613193754829491,0.0,0.0,25.255182485816427,1115.0749638588477,2.630965763924374,1.0,11.762851797466032,4.470925452074469,0.0,0.0,11.410609014089045,184.6100523513458,8.583240086279618,6.999,6.5476945924361285,0.7628464923057056,7.274573,3.0999999999999996,1.3055717720311737,1.2587470990148564,744.9825242718447,750.0,59.97868298858792,0.08051018786945618,0.0,0.0,-11.870301464924701,138.90405686819352,11.872259808277974,7.999,15.13217317342191,1.274582380927256,9.0,3.9999999999999996,4.884560838387903,29.017139729390188,9785.0,10.639135426674223,238,baseline,0
1395.9493644509273,750.0,5075.060186703747,3.6355618018422424,0.0,0.0,25.16484945698631,1102.9494294811032,2.671077307772453,1.0,11.969314586526998,4.481081304422753,0.0,0.0,11.319861184624608,181.42811181159803,9.032228153820677,7.899,6.570889944233327,0.7274937958087129,6.3399275,3.1000000000000005,1.2554013445638728,1.2178212067967422,744.8847676599291,750.0,60.55602486655021,0.08129582922844322,0.0,0.0,-11.753901232592685,136.15419418554393,12.43248296030423,8.324715,15.262134626269106,1.2276014915926041,9.0,3.7590324999999996,4.880948881417935,28.88217074715157,9598.0,10.615224939575391,239,baseline,0
1399.1039295683918,750.0,5143.658889660136,3.6763951418869207,0.0,0.0,25.384013190805966,1110.6757957189548,2.7071075799871163,1.0,12.214983342896241,4.512189849120948,0.0,0.0,11.226376074914642,177.8487883848231,9.412853954331146,7.999,6.4166974132087375,0.6816952057623519,6.000000000000001,3.000000000000001,1.1862319875681253,1.1307990690401368,744.728795361821,750.0,61.46563389755074,0.08253425177105998,0.0,0.0,-11.574884136222854,131.97794276698357,12.862989374060554,8.999,15.1876832146439,1.1807273389552286,8.779810000000001,3.5600710000000007,4.992595199674366,30.004859686672376,9314.0,10.589707687106948,240,baseline,0
1424.6845310596834,750.0,5291.820556788731,3.7143805813997735,0.0,0.0,24.869531036243472,1066.5445403380988,2.7621525855387,1.0,12.464859713946945,4.512733937729198,0.0,0.0,11.114372037002237,174.8768367561494,9.660004216834116,8.999,6.5236416760474,0.6753249304673078,7.000000000000001,3.2137124999999997,1.0874510733051101,0.9574661697140971,744.6435610674343,750.0,61.95690011027072,0.08320343228571872,0.0,0.0,-11.48035361467281,129.7985191179311,13.189117131657623,9.999,15.377739814970763,1.1659415608691368,8.412359,4.000000000000001,4.990703851642916,29.92852343230738,9031.0,10.556756886158034,241,baseline,0
1454.2173713235295,750.0,5436.452736504048,3.738404480449961,0.0,0.0,24.372016535826877,1024.4227400942661,2.8415670955882355,1.0,12.801360477737362,4.505035442454453,0.0,0.0,10.899730927448593,168.11211360853096,9.989742661165305,8.999,6.703882556107295,0.6710766016194141,7.713287625,3.8999999999999986,0.9890999846631611,0.7725878388893448,744.359375,750.0,63.56661544875089,0.08539774950607815,0.0,0.0,-11.180692018643033,123.00787401574809,13.703288940602024,10.899,15.737574512356817,1.148452359179797,8.56647375,4.0,4.890782362260327,28.752730666653164,8704.0,10.481429791862233,242,baseline,0
1393.7700738622825,750.0,4371.392423889784,3.1363798849376923,0.0,0.0,12.538612116366007,191.68710673444303,1.8585894686680962,1.0,5.828490917340257,3.1359754349178974,0.0,0.0,12.538706024855985,191.6894495226375,10.132223649034131,9.999,6.791624449805828,0.6702995003918265,8.0,4.0,0.919418048710994,0.6137720713590915,749.9139861806052,750.0,7.880011372195023,0.01050788692757791,0.0,0.0,-91.6024023655872,8389.000119146918,12.93292497807958,10.999,12.566449380395749,0.9716633632140462,8.363482750000001,4.1000000000000005,4.9557150915905535,35.63607863328263,8394.0,10.45520522691086,243,baseline,0
1319.6059372755567,750.0,3974.054242782867,3.0115461976381024,0.0,0.0,13.784768548053638,237.72188318744824,1.76765621259277,1.0,5.29690669900874,2.996570634761225,0.0,0.0,13.794702072099518,237.96980474741838,10.044094009131582,9.589938499999999,6.988323257611608,0.6957644214857187,9.178485583333334,4.409061500000002,0.8639053692569993,0.43987709457308455,744.1230548240364,750.0,64.87384628989132,0.08718161044644976,0.0,0.0,-10.94811160840241,117.86114779003566,12.689097037945894,10.999,12.033242771016686,0.9483135588790976,9.0,4.899999999999999,4.685963306393449,34.649693578319216,8354.0,10.434449829272312,244,baseline,0
1311.5179873602333,750.0,3909.399565048947,2.980820394936113,0.0,0.0,14.055982802125135,248.85396019529568,1.76507049100632,1.0,5.210457507309532,2.9519826736998436,0.0,0.0,14.063646924839913,249.0784554064166,10.053545378720088,9.299777,7.047479422005677,0.7009944409186014,10.0,4.760982560606061,0.8379303082246337,0.34093220615941,744.0330578512396,750.0,65.36457628408759,0.08785170980555604,0.0,0.0,-10.863164057185791,116.00833333333334,12.699794065994164,11.999,11.964224558713772,0.9420802019735105,10.562411,5.000000000000001,4.6330002604083385,34.50278380678231,8228.0,10.42387407918368,245,baseline,0
1270.1847478474785,750.0,3485.6586986757916,2.7442139457136223,0.0,0.0,13.841479222308843,240.92710076595841,1.7183271832718328,1.0,4.647116436525335,2.704442135214815,0.0,0.0,13.82998285881121,240.72237331409218,9.924208584701201,8.899,6.991621882386154,0.704501706379306,10.508485499999999,5.100000000000001,0.7813066095347543,0.17275987112055713,743.9611316113161,750.0,65.7540496487777,0.08838371637287501,0.0,0.0,-10.79663179704748,114.56725816101678,12.523233987699875,11.570914,11.608608343687399,0.9269656987236039,11.0,5.5719140000000005,4.524548793143144,34.44288989807679,8130.0,10.41481691517856,246,baseline,0
1228.930254930255,750.0,3254.4486064506173,2.6481963426275286,0.0,0.0,14.878142065980496,285.4413952110213,1.6707551707551707,1.0,4.342986911372519,2.5994155142488746,0.0,0.0,14.819794280468694,284.0155149704496,9.224146570101771,7.90657675,7.043696838323494,0.7636150168248876,10.863716750000002,5.24391995,0.8183029607178913,0.09563053541915068,744.0962000962,750.0,65.02067884326817,0.08738208693292884,0.0,0.0,-10.92256206528254,117.30236206994927,11.699002806758054,10.395018499999999,11.415247959900292,0.9757453817607559,12.0,6.236496499999999,4.326674926163255,33.181673917529835,8316.0,10.485315530732354,247,baseline,0
1217.4085095917364,750.0,3157.4869655932366,2.593613352228098,0.0,0.0,15.21167585590626,302.7140656544493,1.6642892277422527,1.0,4.220169020396605,2.535718521786995,0.0,0.0,15.07828962493401,299.19088530142847,9.321029745839411,7.542550666666667,7.03178423740299,0.7543999353227832,11.39376925,5.396216416666667,0.8166475343703925,0.013688199828058245,743.9626168224299,750.0,65.74603150436383,0.08837276231052371,0.0,0.0,-10.797993694839805,114.59666783380023,11.766091164412199,9.999,11.193069282841458,0.9512988745740891,12.744318999999999,6.0,4.264667954752414,33.041455503137335,8132.0,10.474303011274827,248,baseline,0
1206.6572393943186,750.0,3086.0519368034898,2.557521586123772,0.0,0.0,16.083357966773296,340.4521168640404,1.6589913652859467,1.0,4.1340289553448475,2.4918929910357304,0.0,0.0,15.835525151632098,333.3328195306315,9.23971738010546,7.2654285,7.104990711740132,0.7689619086226895,11.393690999999999,4.6335714999999995,0.8420928380672571,-0.008576481265623048,743.8560880991115,750.0,66.31860024906752,0.08915514883872432,0.0,0.0,-10.701555423860171,112.52328848995111,11.667046403829309,9.899,10.987074167818482,0.9417185624814479,12.999999999999998,6.5269439999999985,4.030388187254391,31.025743337639078,7991.0,10.425913509322081,249,baseline,0
1201.4927427427428,750.0,3113.1921125393087,2.5911035512645526,0.0,0.0,16.16701719507492,339.6436499140791,1.6604104104104105,1.0,4.180702393645829,2.5178729110789346,0.0,0.0,15.804081097668607,329.13394881866725,9.0404184058588,6.999,7.1040885874841235,0.785814136974036,10.899999999999999,5.0,0.8566117738307998,-0.08137589330214601,743.8568568568569,750.0,66.31448666522424,0.08914952662456317,0.0,0.0,-10.702242442086074,112.5379932891885,11.421227300300302,8.999,10.932425900335227,0.9572023752690552,12.999999999999998,6.1000000000000005,4.011205204625294,31.020026452728715,7992.0,10.455686712771897,250,baseline,0
1203.3084303441217,750.0,3113.13668839011,2.587147741913365,0.0,0.0,16.78612172040596,367.9731399455949,1.6726365613406677,1.0,4.194169167219937,2.5075197231478583,0.0,0.0,16.2589308663781,351.88818008066363,8.964288673840018,6.999,7.070963499909986,0.7887924806063846,10.370675,4.510413999999999,0.8972875960313658,-0.04851068085521293,743.7193296661123,750.0,67.04623152142057,0.0901499111923318,0.0,0.0,-10.581335344784689,109.96465767878968,11.370756058334399,8.801755,10.850555289879251,0.954250995642998,13.251775,5.802754999999999,3.954243134359965,30.452890824555126,7817.0,10.388746885010118,251,baseline,0
1221.2866613630338,750.0,3115.5344494367105,2.5510263462302745,0.0,0.0,16.978532532060164,376.8945735670074,1.7079024131530098,1.0,4.2139718642239385,2.4673376135375316,0.0,0.0,16.264159059755027,354.627126369093,8.862170547758065,6.650456,7.362328750705877,0.8307590912441178,10.510276499999998,4.651456,0.9537636199592083,0.009345233912959827,743.4903208697958,750.0,68.2467025549895,0.09179232148597297,0.0,0.0,-10.388496662799696,105.92086291300036,11.420406228851762,8.997174999999999,11.085695990655811,0.9706919148505978,14.226338750000004,6.351269500000002,3.592816197519199,26.344996021054122,7542.0,10.259702202961982,252,baseline,0
1198.8742736397253,750.0,3000.3712769971385,2.5026571534379114,0.0,0.0,18.127312006558583,429.7066132917706,1.6864764923402007,1.0,4.081313231770969,2.420023789425981,0.0,0.0,17.09750946238268,395.1770154563147,8.380963522326171,5.999,7.296545467046579,0.8706093813210385,9.654830375,3.9999999999999996,1.0612634266256311,0.1824733914201513,743.5161119915479,750.0,68.11260043777754,0.091608775303247,0.0,0.0,-10.40970715294908,106.36200301015928,10.887160559957739,7.4139985,10.863929715766796,0.9978662164424777,14.234203500000001,5.414998499999999,3.3701304395664113,23.914834264203755,7572.0,10.272324717165299,253,baseline,0
1205.051169004676,750.0,3037.77306106431,2.5208664488275536,0.0,0.0,17.994135412356272,421.7249714361629,1.7046092184368737,1.0,4.151375672095969,2.4353826244720063,0.0,0.0,16.76255111538738,380.6039453438678,8.536853243442222,5.999,7.372997735194453,0.8636669185871491,9.297692,3.9999999999999996,1.1017558576594628,0.2720450261364151,743.4407481629927,750.0,68.50369363514656,0.09214412016615445,0.0,0.0,-10.348076997154601,105.08269753904005,11.108528780093522,7.999,10.953194071984273,0.9860166263972229,14.579399999999998,5.803368,3.3703573278768086,23.97353476598325,7485.0,10.241620332310402,254,baseline,0
1171.2432432432433,750.0,2950.5174734607617,2.519132973002773,0.0,0.0,19.079741542348867,473.2433156036743,1.6620993086109366,1.0,4.054960614681479,2.4396620548926915,0.0,0.0,17.51532020936928,417.67409149357786,8.19270819278066,5.999,7.382994614114876,0.9011665545003426,9.340447999999999,3.9999999999999996,1.195115495286134,0.5009511331112848,743.8282840980515,750.0,66.46720096432844,0.08935825967538326,0.0,0.0,-10.676793334158315,111.9939159003275,10.584540261345067,6.999,10.792948327422598,1.0196898552919338,13.999999999999998,5.0,3.2875575517239746,23.08998376440566,7955.0,10.369238530067483,255,baseline,0
1141.8599112771421,750.0,2879.9370187270424,2.5221456592743534,0.0,0.0,20.254748534505644,534.3354514967717,1.6235115573196357,1.0,3.9790019828346153,2.4508615075114197,0.0,0.0,18.34469855932998,461.9023862730226,7.987728034021345,5.6359055,7.325243669620571,0.9170622282607621,8.578951,3.6369054999999997,1.293957164647172,0.7967116962424554,744.2685033854775,750.0,64.07254093793208,0.08608793821918205,0.0,0.0,-11.089571232382712,120.97859011809021,10.215806818701845,6.999,10.598726865540714,1.037483093957676,12.398288249999998,5.0,3.294825229567009,23.245065894591068,8566.0,10.50416042734223,256,baseline,0
1118.8289114532154,750.0,2799.9351481833587,2.502558809055624,0.0,0.0,21.48378960794451,599.6341689407352,1.5935145758270552,1.0,3.891918648149967,2.442348948160709,0.0,0.0,19.1628488717815,506.2229377517381,7.6454512874825085,4.999,7.134963518090079,0.9332298709131501,8.0,3.0,1.3951035707867474,1.160765052131005,744.6395894748335,750.0,61.97969343399415,0.08323448593124912,0.0,0.0,-11.476003502778708,129.69865639578921,9.740655887760672,5.999,10.312865296991223,1.0587444434773168,11.0,3.9999999999999996,3.2967741955366328,23.267355278147864,9159.0,10.616529971514552,257,baseline,0
1116.026943884587,750.0,2780.627710905391,2.491541737537967,0.0,0.0,21.81783052552289,615.71394875314,1.5939323220536756,1.0,3.8882170702856205,2.4393865514163813,0.0,0.0,19.175681330790976,507.72414432172195,7.557351394724501,4.999,7.221261429492047,0.9555280748931345,7.899999999999999,3.0,1.4806294034723906,1.4180156783168414,744.7919804815954,750.0,61.09882670709828,0.08203475374102541,0.0,0.0,-11.646442318351761,133.63961867469484,9.648800561578446,5.999,10.367887200534698,1.07452601329741,10.95,3.9999999999999996,3.2040518856198856,21.910587403635425,9427.0,10.648351641149361,258,baseline,0
1124.4136210823121,750.0,2858.6935588678525,2.5423860982012982,0.0,0.0,21.637192622142738,605.109342387739,1.6146838737664029,1.0,4.018015657191909,2.4884224847180194,0.0,0.0,18.776006135782495,488.89006851048424,7.813286689956346,4.999,7.127115025856598,0.9121788702593246,7.0,2.9999999999999996,1.5391363402638016,1.625225846035561,744.6756317102266,750.0,61.77252631656901,0.08295225959617054,0.0,0.0,-11.51565762058933,130.61037043463725,9.95215588135777,5.999,10.346147548730745,1.0395885747841827,10.647001,3.9999999999999996,3.3477085190200917,23.35778978415353,9221.0,10.615390579711134,259,baseline,0
1132.0013357079251,750.0,2918.953915195734,2.578578154565775,0.0,0.0,21.320791541965114,587.2858807584009,1.635240427426536,1.0,4.127957841296739,2.524373646872909,0.0,0.0,18.228307582145238,463.11913587699644,8.136116827327498,5.999,6.965217617516035,0.8560862344209881,7.0,2.9999999999999996,1.5544170397240744,1.7882284217406346,744.5351736420303,750.0,62.57587636886423,0.08404690414122795,0.0,0.0,-11.36333022477439,127.12527379727115,10.268678694011577,6.318159,10.200364450185765,0.9933473189821733,9.40500775,3.3191589999999995,3.5914353409579833,26.268467856829265,8984.0,10.568416503792593,260,baseline,0
1138.8127897301795,750.0,2852.1987177462497,2.5045369559135575,0.0,0.0,21.334794567144353,600.5253027401908,1.6607631047188873,1.0,4.092590242006352,2.4642829735184257,0.0,0.0,17.607955135696805,447.217545654194,8.354053786121451,6.685159,6.796314129975199,0.8135348782726157,6.0,3.0000879999999994,1.5022704471083521,1.7808579722445073,744.1642695827885,750.0,64.64782758704509,0.08687306046457931,0.0,0.0,-10.987662937461504,118.72873682726534,10.517850424581004,6.999,9.899646672670112,0.9412233748384458,9.727841,3.30455,3.534935063448503,25.789602142599502,8413.0,10.4872884490242,261,baseline,0
1130.1048803378696,750.0,2855.7691612548306,2.526994804589319,0.0,0.0,21.60611571167406,615.6311875777998,1.655091506335054,1.0,4.128166759763112,2.494222672258348,0.0,0.0,17.529524434191874,445.5100183250803,8.195144921128366,6.999,6.4634709662024985,0.7886951394280606,6.1000000000000005,3.072828833333333,1.4448610367125707,1.8632254004716584,744.2402627874237,750.0,64.22893191329061,0.08630133993655786,0.0,0.0,-11.061689871069314,120.36098280371748,10.242164980525576,7.999,9.53014344883357,0.9304813451993947,8.0,3.8636299999999997,3.7708647039756764,29.35702986108261,8524.0,10.568020589052912,262,baseline,0
1133.607548071181,750.0,2911.091442919054,2.5679887610771814,0.0,0.0,21.451961038844395,600.2096529675512,1.6703690433536367,1.0,4.2376018717842845,2.5369255307056924,0.0,0.0,17.13019167713529,422.74289107535094,8.293414212535003,6.999,6.573595681085869,0.7926284052170298,7.05627,3.5284696666666666,1.3874382240761987,1.705511200988572,744.1363907798877,750.0,64.80080203079952,0.08708188825826059,0.0,0.0,-10.96086405261135,118.14054077982786,10.340269958198972,7.999,9.522441290289994,0.9209083833192857,8.512443000000001,4.000000000000001,3.6409474112026543,28.13526377890676,8373.0,10.51974365922104,263,baseline,0
1124.3788503516857,750.0,2714.6716337571693,2.414374508118921,0.0,0.0,22.51475657239581,693.4476664220244,1.6685665777346592,1.0,4.045628555855209,2.424613203836184,0.0,0.0,17.034803480840793,446.01219554758853,8.652385921187973,7.7917889166666665,6.576237750876727,0.7600490559225783,6.813352,3.7927889166666664,1.3572846090691058,1.6863832870211644,744.0460829493088,750.0,65.29378976864926,0.08775503462074898,0.0,0.0,-10.87534003485838,116.27302087379343,10.722817683967984,8.999,9.322255283707193,0.8693848537260114,8.74021225,4.359235,3.415415798441789,25.476579910855012,8246.0,10.479630685600824,264,baseline,0
1138.700544015826,750.0,2781.8381174879146,2.4429935790469353,0.0,0.0,22.29142654932249,683.4603577584011,1.6991839762611276,1.0,4.17488479283116,2.4569939754361076,0.0,0.0,16.615123528456287,427.9461398469785,8.506334773974775,7.7445889999999995,6.608898555073917,0.7769384500706362,7.232948222222222,3.7455889999999994,1.2907901642386348,1.4965477593854688,743.9297725024728,750.0,65.92311120800431,0.08861469676935828,0.0,0.0,-10.767992165375155,113.94965527358077,10.612913705365974,8.8125,9.439179248233504,0.8894050691716243,9.798658249999999,4.8134999999999994,3.444261912008105,25.98914124072222,8088.0,10.46456885247658,265,baseline,0
1142.4372348390316,750.0,2828.412159258533,2.4757702856709267,0.0,0.0,22.361513276118124,687.5555554421742,1.7141252807586724,1.0,4.2774103390558755,2.4953895652030127,0.0,0.0,16.394520041940247,418.121907022249,8.6409033826909,7.80212925,6.65132285455211,0.7697485505827742,8.263398375000001,4.19687075,1.1886414675279304,1.2517597188151095,743.8737209882705,750.0,66.22418102127894,0.08902610638442378,0.0,0.0,-10.717345704109007,112.86149894138379,10.77872495183429,8.999,9.416393682527183,0.8736092371412381,10.29171575,5.0,3.323752786135589,25.009154507890802,8014.0,10.447992077610515,266,baseline,0
1147.5454663044884,750.0,2534.241741394195,2.2084020335641865,0.0,0.0,17.10048732362907,342.6873878119728,1.7365153279006598,1.0,4.00481991526911,2.3062393121002223,0.0,0.0,11.855874612746923,180.710426401291,8.730336623859602,7.37203075,6.650231078384696,0.7617382198310573,8.69463,4.37303075,1.1208802654316263,1.0333644462527571,743.6494632001035,750.0,67.41482219718782,0.09065403195086773,0.0,0.0,-10.52140913945472,108.70005027980136,10.961302386107878,9.5784,9.443793525642581,0.8615576135926553,10.03185,5.144375,3.257685652285545,24.284777712363883,7731.0,10.374018896349844,267,baseline,0
1170.621595465229,750.0,2640.3872459730583,2.2555429151498907,0.0,0.0,16.59697635669624,321.3567190267567,1.7906815982303332,1.0,4.214802969648776,2.3537422698787522,0.0,0.0,11.317878935609592,163.72047092817724,8.875370690662225,7.607332,6.566041743933919,0.7398047893190591,9.375207583333335,4.608332000000001,1.020461629419097,0.6734462776356165,743.2122217613714,750.0,69.67569127660653,0.0937493884471908,0.0,0.0,-10.167454825964462,101.37713763802803,11.243300184294208,9.493098,9.509675915833702,0.8458082377910526,10.352217,5.019171,3.4079658898406904,26.09358867098581,7233.0,10.27525122761833,268,baseline,0
1177.3926330150068,750.0,2668.1187332834306,2.2661248749714433,0.0,0.0,16.573872733075138,320.78489418049867,1.8057298772169168,1.0,4.291038273012484,2.376345613567657,0.0,0.0,11.194172406102751,159.74122583245997,8.667907679824168,7.6444399999999995,6.761102222196599,0.7800154860825365,9.653721749999999,4.645439999999999,0.9626975982727629,0.44366314683824415,743.3020463847204,750.0,69.21748281756196,0.0931216093837258,0.0,0.0,-10.237357152052525,102.80348145868106,11.057244475443383,8.999,9.749558223605195,0.8817348884034916,11.0,5.353470499999999,3.256707824474722,24.516829410896698,7330.0,10.256817420773617,269,baseline,0
1189.84059365123,750.0,2714.6235502414906,2.2815018790972688,0.0,0.0,16.419176875966805,315.23901918686414,1.833173010856122,1.0,4.401729144711474,2.401153147381214,0.0,0.0,10.971458170966782,153.06521196317922,8.740780678694144,6.999,6.9704376320120796,0.7974616785663875,10.0,4.759465,1.0117444691840847,0.4730922997697409,743.2532637075718,750.0,69.46671974790223,0.09346305376633161,0.0,0.0,-10.199222447617299,102.02413853598043,11.2025827039989,8.999,9.962136480827857,0.8892714067865574,12.0,5.899999999999999,3.161647456091722,23.308937748846024,7277.0,10.197704124457818,270,baseline,0
1243.2651766837814,750.0,2886.4905673292683,2.321701453127271,0.0,0.0,15.605547946415628,284.7957753536494,1.938840229537904,1.0,4.713030804234957,2.4308505324124843,0.0,0.0,10.323206207039824,135.08182925300883,8.978825053232395,6.999,7.130682229753741,0.7941665181667261,10.214270749999999,4.20611625,1.0111236038317148,0.3739113457496259,742.5859257022048,750.0,72.7873144532406,0.0980187099350306,0.0,0.0,-9.71559201924815,92.39272828447828,11.717801867411657,9.899,10.28824813647494,0.8780015443926864,12.692082249999999,6.313929999999999,3.166446976027969,22.901927085342127,6622.0,9.895683451230727,271,baseline,0
1243.8054943440575,750.0,2890.5210964413163,2.3239333718859982,0.0,0.0,15.700841389990977,289.0509959631476,1.9416776847363009,1.0,4.755114402192696,2.448972061415274,0.0,0.0,10.302778252988682,134.26060498948678,8.424246815521537,6.911494,7.119234866564721,0.8450885904064026,9.488895499999998,4.7734689999999995,1.0278327471672903,0.29022136787823394,742.7874247098575,750.0,71.80151890570916,0.09666496297208554,0.0,0.0,-9.854594445960306,95.11303169435165,11.154983379462319,7.999,10.455029684032313,0.9372519284323896,13.005567499999998,6.0,3.1306299752034783,22.375363400080353,6807.0,9.918736814513089,272,baseline,0
1232.990198823859,750.0,2859.8503151184213,2.319442861627297,0.0,0.0,15.980850229331908,300.3636308082503,1.9232707924950994,1.0,4.742958234428999,2.4660896702309194,0.0,0.0,10.399607561763933,136.51383747194637,8.248275007109767,6.134855166666667,7.133257950777977,0.8648181522353852,9.683389625,4.135855166666667,1.1064567111381642,0.4708024444792036,743.1257350882106,750.0,70.11393405190225,0.09435002818679072,0.0,0.0,-10.101436750819516,100.03902443080715,10.895617523522823,7.999,10.442652080112083,0.9584268223042135,13.56187,6.0,3.1565374858173816,22.63666894718195,7142.0,9.987089005066291,273,baseline,0
1195.704955527319,750.0,2759.408891429921,2.3077673791299054,0.0,0.0,16.637024409521523,326.79829814496077,1.8561626429479035,1.0,4.615938027852846,2.4868176532860007,0.0,0.0,10.747335356217418,145.46762545064644,7.63437331524658,5.64086875,7.032337223691123,0.9211413868964027,8.480552999999999,3.74186875,1.2560552833972245,0.8520692279707829,743.7616264294791,750.0,66.82206531611219,0.0898433892548341,0.0,0.0,-10.618098221035938,110.74400983156656,10.108818080559084,6.899,10.388822409917278,1.027699017543573,12.927541,5.0,3.2019687146828386,22.835499907609474,7870.0,10.20825832817371,274,baseline,0
1197.9792483866886,750.0,2758.1081887853425,2.3023004718150752,0.0,0.0,16.82224120026993,336.04802396381297,1.8665063899784893,1.0,4.668488220520994,2.5011905909278975,0.0,0.0,10.700382868457028,144.40968459454712,7.641236163764352,5.217265666666667,7.0823039162628305,0.926853164131735,8.0,3.218265666666667,1.336620823992709,1.0179082921787428,743.7876755662406,750.0,66.68362067482505,0.08965410810828406,0.0,0.0,-10.640924172258782,111.2292672397613,10.140797832595215,6.999,10.42413090130629,1.0279399188691414,12.900110000000002,5.0,3.146411000334502,21.89851502671744,7903.0,10.198622553961867,275,baseline,0
1214.7830920372285,750.0,2819.605102001748,2.321077005832526,0.0,0.0,16.53760183332646,326.3411466316119,1.9033092037228543,1.0,4.809661447272737,2.526999521604312,0.0,0.0,10.443506194137905,137.3661225098296,7.768341621311822,4.999,6.865933263487418,0.8838351347282772,8.0,3.0,1.3475232980962122,1.0511074377963823,743.6535677352637,750.0,67.39322586617085,0.09062449074427414,0.0,0.0,-10.524902560371071,108.77357390530551,10.355851832083763,6.999,10.308863558649241,0.9954626356000048,12.688752249999999,4.271806,3.2279158049559706,22.71667246846874,7736.0,10.1500921299034,276,baseline,0
1224.7623058699658,750.0,2780.677506413295,2.27038135733459,0.0,0.0,16.457489763674385,329.5143295915514,1.9305080284285339,1.0,4.8468151707238665,2.5106423280038137,0.0,0.0,10.153887042503769,130.5716928236842,8.049977931176311,5.75090725,6.964439211510394,0.8651500999199271,7.834958875,3.2480927500000005,1.3800210371921162,1.1477200977354087,743.5382995525138,750.0,67.9970157463692,0.09145058941454944,0.0,0.0,-10.428054692133895,106.74432466213571,10.769777707423005,6.743361,10.406892396003668,0.9663052180576374,12.369608000000001,3.9345594999999998,3.116118709692184,21.26014912127402,7598.0,10.094466458421676,277,baseline,0
1240.6205327265427,750.0,2839.8596401867744,2.289063871888001,0.0,0.0,16.263038949440457,323.06896987419293,1.9656003212421362,1.0,4.985458163934856,2.53635396273458,0.0,0.0,9.973521099442715,125.73193955893859,8.324475423388588,5.899,7.076108184867953,0.8500365278257412,7.50582725,3.334651,1.3524613342860896,1.0769139501932754,743.428456699237,750.0,68.56725954708301,0.09223114736758418,0.0,0.0,-10.338125193872218,104.87683252417538,11.151229042430733,6.999,10.558404481364104,0.9468377379021706,12.653922,4.240236,3.090676405232048,20.945614018438672,7471.0,10.006893436083969,278,baseline,0
1253.1226519337017,750.0,2799.0734699055115,2.2336787748479714,0.0,0.0,16.13745309227094,325.50657965357306,2.001381215469613,1.0,5.0424987528361696,2.5195093837497495,0.0,0.0,9.648605661591054,118.20220281774617,8.730271824943394,6.3605835,6.895141679171509,0.7897969063771065,7.0,3.3615834999999996,1.323766420767117,1.0688409990940402,743.2187845303868,750.0,69.64231964700379,0.09370365913316933,0.0,0.0,-10.172515399424269,101.48006955152394,11.656174695441988,7.999,10.320191545786294,0.8853840831522442,11.410658250000001,4.301118,3.085882002636011,20.98843205662584,7240.0,9.946194286634267,279,baseline,0
1271.6553094832482,750.0,2877.408871173791,2.2627270532476755,0.0,0.0,15.817803974457698,314.32644294761053,2.044718909710392,1.0,5.216724316891226,2.551316120820787,0.0,0.0,9.424734665013881,112.54134583766835,9.07393865226567,6.999,7.067243096750887,0.7788506587474302,7.788376124999999,3.1871242499999997,1.2781116239766774,0.9743968177518978,743.0300965360591,750.0,70.59526008641589,0.09500996045183739,0.0,0.0,-10.029854585214068,98.59798300053964,12.171613832481544,8.641516500000002,10.545821333407552,0.8664275320060392,11.650691249999998,4.642516500000001,3.011742405118929,20.146976437265874,7044.0,9.881835343205674,280,baseline,0
1279.093139352446,750.0,2915.173514349987,2.279094011735395,0.0,0.0,15.708793039081794,312.5338801132303,2.0657538154328914,1.0,5.326759527589693,2.5786032623027917,0.0,0.0,9.317858432907673,109.97514225031456,9.090582438429728,7.612379,6.948973065595462,0.7644145039837295,7.341574625,3.6120565000000004,1.2182129290421422,0.9465555925027687,742.9972899728997,750.0,70.75958374554463,0.0952353187561768,0.0,0.0,-10.005635172922817,98.11273521363032,12.203796007987448,8.776854,10.472672354723365,0.8581487553437428,11.099999999999998,4.777854,3.021131221168608,20.314550726090246,7011.0,9.896511205717132,281,baseline,0
1268.6379504504505,750.0,2798.2544039115196,2.2057155100223462,0.0,0.0,16.230302640814184,345.58297407454916,2.0564470720720722,1.0,5.268339438548564,2.561864834790129,0.0,0.0,9.342328626602892,112.06314435021976,9.04009093694329,7.999,6.944864537121801,0.7682294996326725,7.380756000000001,3.7296055000000004,1.1433593715448525,0.8417272565104446,743.0889639639639,750.0,70.29939970530779,0.09460428443224324,0.0,0.0,-10.073740755917985,99.48025281744304,12.059300779842342,8.999,10.320241773995358,0.8557910580724631,11.099999999999998,4.759456999999999,2.892700846239057,19.14389655531159,7104.0,9.911356415723874,282,baseline,0
1269.492054641762,750.0,2845.345150899206,2.241325686518089,0.0,0.0,16.28510669630037,348.6369298687307,2.0632840814050737,1.0,5.36996558566998,2.6026302602078393,0.0,0.0,9.366010401681761,112.55574904397763,9.114884356285716,7.999,6.94004490810108,0.7613969236280168,8.338531,4.079768249999999,1.1066757333251138,0.785352340814577,743.1563981042653,750.0,69.95888565302535,0.09413750030476098,0.0,0.0,-10.124700952521533,100.50956937799045,12.169078381377197,9.899,10.37706889685533,0.8527407394084793,11.457808,5.670186,2.900082776662432,19.31187106317128,7174.0,9.96598209086322,283,baseline,0
1273.4259693666345,750.0,2847.939683528176,2.2364391429402524,0.0,0.0,16.475649296790618,360.34273778874353,2.07396163929902,1.0,5.428618497755026,2.617511527161056,0.0,0.0,9.393935419312404,113.4411548957248,9.037347730303983,7.999,6.9610150446355465,0.7702497737576159,9.0,4.649386000000001,1.0423892114075337,0.693518505712921,743.2253346212226,750.0,69.60899591635334,0.09365799667180193,0.0,0.0,-10.177573457513526,101.58300148308383,12.112965672692146,9.999,10.423747793579969,0.8605446490350085,11.7385225,5.766537,2.784897634405346,18.16651697926404,7247.0,9.973905369904122,284,baseline,0
1282.6668524453114,750.0,2916.5326550925656,2.2738037156978117,0.0,0.0,16.479260497543592,360.2891063353385,2.099205796293716,1.0,5.5758961622440095,2.6561932003468245,0.0,0.0,9.35831033444572,112.44232042717542,9.204208903562968,8.441544,7.020162701380098,0.7627122303430748,9.3424415,4.8050049999999995,0.9867599912004267,0.5277014984512949,743.1592587432075,750.0,69.94440253845781,0.09411764936730273,0.0,0.0,-10.126879232358265,100.5536829867691,12.360726717988017,10.999,10.478953656383615,0.8477619395252917,12.68116,6.59033,2.6859205891091174,17.096699240108034,7177.0,9.954753183412105,285,baseline,0
1286.523542600897,750.0,2964.4453158788206,2.3042293574245503,0.0,0.0,16.364062711146293,357.70199550462155,2.1158912556053813,1.0,5.699490058757774,2.693659252883997,0.0,0.0,9.276524454311275,110.42525094114076,9.496571183543725,8.668852000000001,7.034652583713929,0.740757105670311,9.286474250000001,4.669852000000001,0.9725578432345621,0.4585321720753277,743.1199551569507,750.0,70.1431205439225,0.0943900376475665,0.0,0.0,-10.097068747752855,99.9507972968475,12.663637367853138,10.999,10.346577936197075,0.8170304972931428,12.248093250000002,6.3507560000000005,2.5657984154114093,15.630173995194799,7136.0,9.972449387080012,286,baseline,0
1311.920926864591,750.0,3045.2095893603027,2.321183790122293,0.0,0.0,16.202156387452842,352.1751279646475,2.1727733526430124,1.0,5.8931947079116584,2.7122915055742185,0.0,0.0,9.120620493669463,106.73725440680805,9.46554663843159,7.999,7.158333188986127,0.7562514308388891,9.792456333333334,5.0,0.9132195059295185,0.24191008017341087,742.8897900072411,750.0,71.29527704294847,0.09597019369757867,0.0,0.0,-9.92743992828745,96.55406352975592,12.727869923099204,11.766214,10.514673498147339,0.8261141543460276,13.092407999999999,6.767214,2.447444814904128,14.303078645614654,6905.0,9.869154882556119,287,baseline,0
1324.564049586777,750.0,3107.2046607914403,2.34583194505452,510.0,0.0,16.05369867853904,348.1759798350726,2.207497048406139,1.0,6.051923342519625,2.7415317936163244,1.0,0.0,9.001041769133067,103.962381116282,9.629887394321644,7.841335333333333,7.311898850538294,0.759292248302906,10.2182695,5.157664666666667,0.8542177697241435,0.0711329168984487,742.7544273907911,750.0,71.96391527295857,0.09688789809810941,0.0,0.0,-9.831439160835073,94.65719597320144,12.927005118506491,11.999,10.62692155873547,0.8220714280929472,12.741862999999999,6.809123999999999,2.417367238294394,14.23185704093654,6776.0,9.774916746334728,288,baseline,0
1384.9352448453608,750.0,3299.3048956978564,2.3822809824341284,750.0,0.0,15.423135438862667,321.1930978311877,2.339078608247423,1.0,6.441064591242896,2.7536759852927415,1.0,0.0,8.609154137152789,94.95155863493412,10.100826505940075,8.3125605,7.46089065596763,0.7386416004254743,11.556713333333335,5.59780905,0.7214760400462658,-0.23612500368387979,742.0914948453608,750.0,75.14916012749927,0.10126670450947436,0.0,0.0,-9.397084258727583,86.30519256562567,13.76819038659794,12.999,10.829546510721114,0.7865628093916159,13.0755425,7.000000000000001,2.2821148262352566,12.999201928689875,6208.0,9.518112197119715,289,baseline,0
1390.5746569814366,750.0,3349.461582217956,2.4086887858928305,750.0,0.0,15.362765138038917,320.6672578903465,2.358353510895884,1.0,6.567590531723393,2.78482021519688,1.0,0.0,8.565757780754588,94.00910235680499,9.662487955757722,8.1667155,7.514169178151477,0.7776640149573385,12.0,5.5895165,0.7206661611568862,-0.38309029669048567,742.0748991121873,750.0,75.22709363599525,0.10137399031552793,0.0,0.0,-9.386907882434667,86.11403959331409,13.376800286037124,12.546638,11.116712519618638,0.8310442169957792,14.999999999999998,7.0993590000000015,2.248325779876327,12.492347334975477,6195.0,9.550046968856574,290,baseline,0
1416.5356729018374,750.0,3452.333900296961,2.4371669322133616,750.0,0.0,15.170508335352311,315.4243287574499,2.416818407548419,1.0,6.781481196047645,2.80595396611807,1.0,0.0,8.446491524515688,91.84091487596281,9.625916460185808,7.880897999999999,7.528056826588573,0.7820613089388124,11.685664,5.401183999999999,0.7583088976581868,-0.4293291467621323,741.8728687303427,750.0,76.1691441071669,0.10267142433382748,0.0,0.0,-9.2655069941147,83.84961985798847,13.467919659327926,11.87984,11.295821938099577,0.8387206208403577,15.612993999999999,7.836919,2.285933639364185,12.54545136335549,6041.0,9.477781982637977,291,baseline,0
1402.1626359357247,750.0,3454.6423334186898,2.4637957430047015,750.0,0.0,15.359482753881409,324.9683412670672,2.398149651030677,1.0,6.828199200261978,2.847278191053404,1.0,0.0,8.518410302560302,93.36892806694453,9.58566956483724,7.431615,7.689154855078636,0.8021510446473641,11.799446,4.6634018,0.8144169371310344,-0.39798946024296944,742.031163772115,750.0,75.43207146636088,0.10165620414498765,0.0,0.0,-9.360240462958789,85.6141015244109,13.36568864892063,10.801648,11.413092096523714,0.8539097682367005,15.916910999999999,7.802648,2.183362902594486,11.269267919459606,6161.0,9.532228610463696,292,baseline,0
1377.1886209029067,750.0,3359.629903442936,2.4394842162145585,750.0,0.0,15.935747792707417,356.2374954331883,2.350030921459493,1.0,6.734329596437441,2.865634462484037,1.0,0.0,8.736449397358834,98.78035015550708,9.107513194379404,6.315502,7.798317209015811,0.8562509921839533,10.759003499999999,4.416502,0.9141363968018876,-0.24655214841904938,742.4094001236858,750.0,73.63963541610268,0.09919006333141023,0.0,0.0,-9.59834736081288,90.12827205882357,12.759412155534942,9.899,11.575773466762804,0.9072340736121857,16.3888065,7.865426500000002,2.0811844549379614,9.893611339092264,6468.0,9.65566847914285,293,baseline,0
1367.312547070342,750.0,3367.2883516218267,2.46270566216679,678.0,0.0,16.06941835956312,363.8948624296762,2.3336345835216146,1.0,6.7708162219719545,2.901403788657575,1.0,0.0,8.820423165212686,100.61319821667233,8.904300424813904,6.2755745,7.771362091674321,0.8727650372192759,10.055049499999999,4.276574500000001,1.000672229811152,-0.0956269468719455,742.604910378069,750.0,72.69502979239917,0.09789193254241918,0.0,0.0,-9.728448049003788,92.64270144216559,12.47765878144299,9.613995,11.588131544157324,0.928710405303871,17.5493925,7.614994999999999,2.0732746744477746,9.29403437344684,6639.0,9.733625950283917,294,baseline,0
1352.1383376473973,750.0,3346.405881234574,2.4748990455052313,0.0,0.0,16.42197315855458,383.83751498594677,2.299827437446074,1.0,6.743075142718331,2.9319917803078392,0.0,0.0,9.018946224891376,105.71850817562178,8.84901822166569,5.999,7.77145813838001,0.8782282897047933,9.736308625,3.9999999999999996,1.09053047253452,0.12317566906364208,742.9398907103825,750.0,71.0461382759294,0.0956283801210306,0.0,0.0,-9.96366303079694,97.27458099126969,12.271664432413,8.2779205,11.578476325915648,0.9435131142710811,16.778897750000002,5.941582500000001,2.155874807951654,9.648285037940935,6954.0,9.812065562550789,295,baseline,0
1385.5426508199187,750.0,3460.4767761433604,2.497560630194649,734.0,0.0,16.034946466695484,368.48599861386225,2.3773130735670227,1.0,7.003209077773973,2.94585057207718,1.0,0.0,8.78812905448764,100.41927892319109,9.19324194802101,6.764126,7.738635701433472,0.8417743974528306,9.740246249999998,3.886963,1.0783254942701035,0.09489715381912278,742.613810741688,750.0,72.6517229853613,0.09783244256230592,0.0,0.0,-9.734492072897927,92.76033591731262,12.836767359861593,8.999,11.674861863531122,0.9094861296650468,16.542356,6.0,2.189785736730398,9.87008117566889,6647.0,9.709095074413886,296,baseline,0
1399.3897583953806,750.0,3554.5485701632,2.5400704477350518,750.0,0.0,16.01473005446773,371.3895135171322,2.411183710682267,1.0,7.181830313740042,2.97854961524598,1.0,0.0,8.765958748650522,100.89220392946226,9.40023577697171,6.504014,7.701280431902498,0.8192646029973802,9.3270605,3.564726333333333,1.0846520303507194,0.1266129948004,742.539735602492,750.0,73.01133713417414,0.09832650514646628,0.0,0.0,-9.684516117073331,91.78985242185308,13.108071837410728,9.391354,11.728201666835604,0.8947312627142503,15.427851,6.06793,2.2593556653885543,10.280694583946648,6581.0,9.682408120856238,297,baseline,0
1412.1412628038527,750.0,3617.089848263831,2.5614221066538208,750.0,0.0,16.00612956959178,371.786504267528,2.4416755847729705,1.0,7.325725825127693,3.0002863078179347,1.0,0.0,8.740628813646513,100.33048971564192,9.897264445497257,6.999,7.79864448942052,0.7879595955394018,9.260185,3.6335195,1.0763333303143836,0.1465589392385791,742.4941140498395,750.0,73.23190105493019,0.09862960482675899,0.0,0.0,-9.654101804203838,91.20168164593188,13.739332485094025,9.720079,11.82749633590449,0.8608494152635355,15.487352999999999,5.721079,2.255576004481998,10.206857257811025,6541.0,9.653530320052935,298,baseline,0
1418.2197097020626,750.0,3657.278164705927,2.578781087081523,750.0,0.0,16.08005056505821,376.4470621798096,2.4595874713521773,1.0,7.43718858229254,3.0237544583864255,1.0,0.0,8.747702304184509,100.50918273197635,9.75177723304555,6.999,7.741097616174535,0.7938140331941252,8.796410999999999,3.9999999999999996,1.063983082966976,0.22649004107825865,742.4987012987013,750.0,73.20975467881009,0.09859916865949962,0.0,0.0,-9.657147544055858,91.26049868766408,13.575448969289532,9.763059,11.866349031713318,0.8741036159140997,14.31654,5.764059,2.2546081473888084,9.920681115253037,6545.0,9.638036453509386,299,baseline,0
