CB_mean,CB_median,CB_std,CB_CV,CB_IQR,CB_MAD,CB_skew,CB_kurt,CP_mean,CP_median,CP_std,CP_CV,CP_IQR,CP_MAD,CP_skew,CP_kurt,APIT_mean,APIT_median,APIT_std,APIT_CV,APIT_IQR,APIT_MAD,APIT_skew,APIT_kurt,APS_mean,APS_median,APS_std,APS_CV,APS_IQR,APS_MAD,APS_skew,APS_kurt,Time_mean,Time_median,Time_std,Time_CV,Time_IQR,Time_MAD,Time_skew,Time_kurt,TNFE,PSE,t,source,label
1217.0536912751677,750.0,1129.9235246749627,0.9284089377281997,750.0,722.0,1.196100677064965,1.0623553411903917,1.8456375838926173,1.0,1.317027526758062,0.71358945995255,1.0,0.0,1.6517538959968476,2.1977082814279623,0.5744093381991051,0.559962,0.3076097231945603,0.5355235417289383,0.577114125,0.2859610833333333,0.08189547857190341,-1.4302925704089138,585.248322147651,750.0,302.99768324895126,0.517724992592988,0.0,0.0,-1.2953783675395827,-0.32199488491048545,0.7537837617449664,0.7724975000000001,0.1886255928963608,0.2502383342136521,0.31258675,0.17041800000000007,-0.36297464459647505,-0.6725473715399519,298.0,3.5507115414596,2,attack,0
1521.6791208791208,750.0,1369.640855429176,0.9000851997219312,1500.0,694.0,1.4860263090904486,2.2735264296661306,2.320879120879121,2.0,1.6395869543859618,0.7064508184144058,2.0,1.0,1.7699229580779114,3.3676508407229413,0.7829637881493109,0.6686,0.5290766289158806,0.6757357580565219,0.6559545,0.330975,0.5941187988683737,-0.8396886312103691,642.0967032967033,750.0,257.41611989217097,0.40089930157019177,0.0,0.0,-1.9664402012020288,1.8668870649034792,1.3291646175824177,1.570754,0.6165305439870128,0.4638481462953805,1.166165,0.32501099999999994,-0.5803714201966642,-1.3113282592098492,455.0,4.166178036674282,3,attack,0
1559.9149606299213,750.0,1363.5559991606674,0.8741220089395382,1500.0,666.0,1.7953714939798493,4.032305227209442,2.393700787401575,2.0,1.7048216953200783,0.7122116950843748,2.0,1.0,1.8190569807944799,4.415174309267018,1.0125629399387008,0.8479736666666667,0.7681169349808612,0.7585868538970644,0.9486779999999999,0.4703844666666668,1.0566399299779852,0.1256617205535,672.6834645669292,750.0,223.25924825481218,0.33189346849568474,0.0,0.0,-2.54129194453932,4.458164747380437,1.8109958850393701,1.843502,0.9805365610390826,0.5414350022213144,1.9171845,0.9527,-0.2653201787817346,-1.4911669722205132,635.0,4.503079857896653,4,attack,0
1597.8699186991869,750.0,1445.082154392391,0.9043803487888556,1500.0,638.0,2.189471686037614,6.936188398893879,2.4905149051490514,2.0,1.8936613724236107,0.7603493432255847,3.0,1.0,1.9620184645329801,6.040764991279632,1.3803146554598444,0.99985625,1.014018982166829,0.7346288602789732,1.130155125,0.4437829285714286,1.1058350060495539,0.2601244460853085,683.4742547425474,750.0,208.82028946877094,0.3055276596298859,0.0,0.0,-2.8203605644995124,5.95443371378402,2.4877309295392953,2.485913,1.2160916581531076,0.4888356870565244,2.288915,1.1167715,-0.295887942844925,-1.2518067512958144,738.0,4.654874687914619,5,attack,0
1708.2741738066095,750.0,1659.9157440478427,0.9716916461653179,1500.0,610.0,2.6232556174922403,9.928462326906024,2.6842105263157894,2.0,2.247404681828327,0.8372684108772199,3.0,1.0,2.2190129070290165,7.641850745936354,1.7606947301003357,1.2913810000000001,1.2718509999945267,0.7223574752916131,1.537864,0.6364670000000001,1.0465845614904472,0.13264165702217845,689.9069767441861,750.0,199.4391921029412,0.2890812802678646,0.0,0.0,-3.0175310436363154,7.105493599308879,3.2054201750305995,3.364038,1.4436969063495744,0.4503924064606577,2.3060080000000003,1.2076859999999998,-0.37668046926941845,-1.0668689022633369,817.0,4.815068744343725,6,attack,0
1815.3226544622426,750.0,1854.7676530832227,1.0217289188365608,1500.0,582.0,2.9774033553023767,13.382656278361704,2.876430205949657,2.0,2.5731082589750627,0.8945491719746239,3.0,1.0,2.419715931280387,9.539782600335094,2.164039281012542,1.6756975,1.5582601334621544,0.7200701702295594,1.9313179166666665,0.8763652857142858,0.9472609536184319,-0.15885642004135114,693.8260869565217,750.0,193.3961134841521,0.27873860196362316,0.0,0.0,-3.1523496668561655,7.937308422128163,3.975555897025172,4.309029499999999,1.6450316092927768,0.41378656266000957,2.85316325,1.3561765000000006,-0.45861897538771085,-0.9229308284271482,874.0,4.80643739956541,7,attack,0
1871.6185671039354,1500.0,2004.4377053050066,1.070964853916036,1500.0,750.0,3.3890643316112814,17.833881738134842,2.9646821392532794,2.0,2.8436847152438096,0.9591870499682149,3.0,1.0,2.6825729875076676,11.989824388453371,2.3703103940972223,1.70273225,1.8618851967541235,0.7855026925548533,2.367208202380952,1.01812125,0.9498865077754959,-0.12676168658406484,700.4581231079718,750.0,182.52352601804384,0.2605773564423477,0.0,0.0,-3.412799762340574,9.647202217831875,4.445217428859738,4.5784,2.1193596839754028,0.476773007820913,3.7079545000000005,1.9229260000000004,-0.5525685746192428,-0.8613356266638723,991.0,4.97008316025498,8,attack,0
1925.3384030418251,1500.0,2132.3261712722347,1.1075072142660176,1500.0,750.0,3.6429579873330273,20.554877984050105,3.0722433460076046,2.0,3.0899858961039164,1.0057751122219432,3.0,1.0,2.7925881932968584,12.824400081982018,2.758865539007017,1.948289,2.124064461724722,0.7699050322290172,2.8482848125,1.1171342499999999,0.9590616329293635,-0.15795185305449655,703.3307984790874,750.0,177.53069911285576,0.25241422598975577,0.0,0.0,-3.5411430254016865,10.539693926351022,5.161009239543726,5.4617945,2.3549882934925375,0.4563038320971378,3.950561,2.0761890000000003,-0.5411377059272054,-0.927810158339319,1052.0,5.051854801828804,9,attack,0
1989.3423180592993,1500.0,2293.5449600774155,1.1529161870516487,1500.0,750.0,3.7461058770043745,21.49178580933275,3.1895777178796045,2.0,3.3725011182988043,1.0573503506103012,3.0,1.0,2.816837999121497,12.73748891729907,3.09295668364332,2.312075,2.4181422426169585,0.781822214130891,3.250243,1.3263691111111113,0.9230634388670899,-0.2030257539175273,705.8885893980233,750.0,172.923745938292,0.24497314241296933,0.0,0.0,-3.6650673703437495,11.432718829158455,5.83751711410602,6.401848,2.6559024448436284,0.4549712476946397,4.7716829999999995,2.1489009999999995,-0.597527795561258,-0.8037929655917901,1113.0,5.30192106178867,10,attack,1
1524.629817444219,750.0,2017.368502362397,1.3231857853496334,750.0,0.0,5.15119416369952,39.018066360494245,2.3696754563894524,1.0,3.0573877699446874,1.2902137133171245,1.0,0.0,3.8854938571896422,22.5559635868783,2.2646165371722913,0.9998125000000001,2.547071821017374,1.1247254355025464,2.7775507499999996,0.7498125000000001,1.5016908140342529,1.2801179715209123,725.1034482758621,750.0,131.74016873025064,0.1816846534704807,0.0,0.0,-5.102520385624565,24.035714285714274,4.0759961419878294,3.2687855,3.7272537635966057,0.9144399635714215,7.2427475,2.9608265,0.3528583785365937,-1.5461331209318023,1972.0,8.191403287056083,11,attack,1
1341.202787456446,750.0,1871.5719260976025,1.395442914077883,0.0,0.0,6.393362850793425,58.698619182011115,2.0428571428571427,1.0,2.870717751393067,1.405246451730872,1.0,0.0,4.828250545832335,33.79858665579043,2.22479944229828,1.3548960714285716,2.454537016999633,1.103262150436368,1.4672554999999998,0.6548960714285716,1.956703194032552,3.1565289504954244,732.8933797909408,750.0,109.8104882785054,0.14983146431180625,0.0,0.0,-6.263397698747057,37.23015073266995,3.6568273975609755,1.6,3.740669560527022,1.0229275691332786,6.49192575,1.1028885,0.8685363940266705,-0.8898919809937524,2870.0,9.451923298024747,12,attack,1
1260.3387862796833,750.0,1818.424867192734,1.4428064001429572,0.0,0.0,7.136239977161544,71.55875420226295,1.8907651715039577,1.0,2.796661068994452,1.479116027280069,0.0,0.0,5.447776281433064,41.793125887620526,2.4067850097728196,1.8,2.4305333998746157,1.0098672669163906,1.8000000000000003,0.9,2.1439640775488926,4.478550008138593,737.0459102902374,750.0,95.83863693855403,0.1300307560228022,0.0,0.0,-7.263164865614345,50.753563865094634,3.6519264915567278,2.1,3.710054062984596,1.0159169609690282,4.27662,1.2000000000000002,1.164892598119443,-0.1459882154025447,3790.0,10.088940028741183,13,attack,1
1200.3354037267081,750.0,1788.4158663284893,1.4899301151794362,0.0,0.0,7.864696903057611,85.07402536526195,1.7853930177768258,1.0,2.7615666834194,1.5467556195879533,0.0,0.0,6.020162793867522,49.79326928384837,2.736516802452239,2.21923575,2.4714085266113863,0.9031219996152464,2.3,1.13076425,2.0963335948391197,4.866535246123751,739.4846862283144,750.0,86.49557629983163,0.11696736647921102,0.0,0.0,-8.104106619588975,63.67654410166588,3.8769795056757332,2.65,3.7117686583190515,0.9573867111975134,2.55,1.2999999999999998,1.3193942185318932,0.4435193978134402,4669.0,10.443348905541315,14,attack,1
1153.09474824039,750.0,1704.2420123145716,1.4779722264065693,0.0,0.0,8.53296750992734,101.80930854792362,1.7052878541779461,1.0,2.6696789203884683,1.5655297807040431,0.0,0.0,6.4794392453693295,57.84137299900898,3.104712763109351,2.65,2.5581279144158358,0.8239499462919353,2.8,1.4,1.921413623194238,4.668967077770701,741.1395055044215,750.0,79.4906828697643,0.10725468319984201,0.0,0.0,-8.859893833881358,76.49771874764892,4.192320680202129,3.15,3.759168882172492,0.8966797077153094,3.0500000000000003,1.5000000000000004,1.3756773775606947,0.8494548294746846,5541.0,10.623269885069702,15,attack,1
1124.3738317757009,750.0,1665.1318969023382,1.4809415248242028,0.0,0.0,9.148296585230366,116.7118035702165,1.6543613707165108,1.0,2.631466308891635,1.5906236421320308,0.0,0.0,6.924874514181377,65.37859136446957,3.491560748639355,3.103481125,2.6708283846138774,0.7649382545197551,3.25,1.624691925,1.679233292408251,4.109655677300091,742.3526479750778,750.0,73.9114752186742,0.09956383320014175,0.0,0.0,-9.561509817782692,89.42246999555482,4.552048687383177,3.6,3.8459755028139457,0.8448889207784089,3.6,1.8,1.3639965140832067,1.0794143976009192,6420.0,10.779984338840428,16,attack,1
1110.8285792649478,750.0,1674.336845567562,1.5072864317872485,0.0,0.0,9.622405732909774,128.06305062200343,1.6268513439385628,1.0,2.649523666472135,1.6286206335593703,0.0,0.0,7.312695811950411,72.13127330604927,3.904507904956875,3.55,2.836839692957632,0.7265549877248781,3.75,1.8826246999999998,1.4178164668707383,3.240655898445957,743.2671420735052,750.0,69.39590799946978,0.09336603768851509,0.0,0.0,-10.210029734785275,102.24470718519957,4.950278484366429,4.2,3.962093022777527,0.8003778040549214,4.1,2.05,1.310241598485149,1.162707091991992,7292.0,10.902791111505346,17,attack,1
1094.4857657657658,750.0,1669.3317236400737,1.5252201315492782,0.0,0.0,10.210117697002756,143.201599167468,1.5949549549549549,1.0,2.6459598781254456,1.658955865747427,0.0,0.0,7.777868409276144,80.91995055205221,4.2651780580854775,3.9059449999999996,3.051884307391792,0.7155350294476802,4.35,2.1559449999999996,1.1804024073867114,2.391393068372154,744.1025825825826,750.0,64.9858126299896,0.08733448069006976,0.0,0.0,-10.9286186695682,117.43470602483463,5.277181015975976,4.6,4.11795558124747,0.7803324480969854,4.65,2.316775,1.2311933753455737,1.1478874547165212,8325.0,10.963526972843775,18,attack,1
1084.605314322748,750.0,1668.6355994824894,1.538472638338881,0.0,0.0,10.800358019786188,162.07273559372592,1.5752862389284943,1.0,2.653497378112906,1.6844541090626224,0.0,0.0,8.21591999096944,91.0373303943728,4.685691167121189,4.35,3.2635387453490403,0.6964903637373319,4.893415500000001,2.4499999999999997,0.9996031287665262,1.7099975826820515,744.696910779866,750.0,61.64987965649245,0.08278519591538401,0.0,0.0,-11.539257262521103,131.15445817064585,5.695448857096565,5.074999999999999,4.2750252598065765,0.7506037481979788,5.270575,2.624999999999999,1.1504800631504333,1.065503868878281,9258.0,11.020211180005935,19,attack,1
1076.073383808969,750.0,1632.0472945441836,1.5166691408788848,0.0,0.0,11.298228286653522,180.18446424688292,1.5572704329256455,1.0,2.6178625394283133,1.6810583981294325,0.0,0.0,8.577857314989865,99.71327825783726,5.074403828722783,4.708488125000001,3.5097061131981775,0.6916489565398982,5.35,2.6584881250000008,0.8514314848068237,1.1326998066328704,745.2343234323432,750.0,58.46457738409364,0.07845126766950555,0.0,0.0,-12.186330231791374,146.5066445182724,6.069094446612309,5.45,4.4620913827086754,0.7352153475217967,5.800000000000001,2.8999999999999995,1.0622286533717358,0.9334955937514109,10302.0,11.056484052214568,20,attack,1
1065.9865951742627,750.0,1635.0290095889534,1.5338176080175439,0.0,0.0,11.751614834723991,194.6014864920369,1.540035746201966,1.0,2.633522192960098,1.7100396529462947,0.0,0.0,8.914135333614404,107.11584051719751,5.5482020978043565,5.2,3.7399875301957826,0.6740899960504041,5.9,2.92173625,0.7459370999797397,0.734534357106051,745.6125111706881,750.0,56.11164653203329,0.07525577386561319,0.0,0.0,-12.710819703610142,159.56493753768382,6.549659720554067,5.95,4.63318821440561,0.7073937291529501,6.1499999999999995,3.1,0.9863430062349321,0.8015482782893426,11190.0,11.106426457108235,21,attack,1
1057.2834118522192,750.0,1651.187369290626,1.561726355280621,0.0,0.0,12.198035016838823,209.13972568610865,1.52500206628647,1.0,2.6632528391379453,1.7463929380917023,0.0,0.0,9.257335716130918,115.12068033902969,6.007803802481442,5.6,3.984965345399672,0.6632981828990048,6.3577607857142855,3.1500000000000004,0.6540987393424393,0.4075188455399452,745.9421439788413,750.0,53.97504841858115,0.07235822356232517,0.0,0.0,-13.226190783960925,172.93212265373282,7.021048140259526,6.4,4.82694722058339,0.6874966706046495,6.6,3.299999999999999,0.9027950586533489,0.6502578195346049,12099.0,11.14515690752902,22,attack,1
1050.1076109450448,750.0,1643.0093701396509,1.5646104770738913,0.0,0.0,12.758502057426576,231.72773291320578,1.512148386602284,1.0,2.665159541160012,1.7624986838417902,0.0,0.0,9.643637402126487,125.8484423328785,6.451225607455447,6.0,4.242186836451669,0.657578434638703,6.85,3.4000000000000004,0.5807785282592842,0.14364885406117622,746.2369893462098,750.0,51.98782013948983,0.06966663524014963,0.0,0.0,-13.743103226397963,186.8728862914302,7.476823910860735,6.9,5.039036064695968,0.6739540913055785,7.041305000000001,3.549999999999999,0.8215817409437669,0.4924015964783619,13047.0,11.171062291483883,23,attack,1
1038.6522672006865,750.0,1628.3517676725007,1.5677545017651933,0.0,0.0,13.310157937356607,253.7245419652021,1.494135316835932,1.0,2.661155637579203,1.7810673555422152,0.0,0.0,10.009911310462105,135.5989295904277,6.913359974668414,6.5,4.501827614344601,0.6511779555585087,7.353038125,3.6802070000000002,0.5180240861938734,-0.07021244377289237,746.4886282363038,750.0,50.228285673769115,0.06728606943744246,0.0,0.0,-14.234554233372783,200.62253422283098,7.94527107609784,7.3695070000000005,5.257517288173481,0.661716540294004,7.55,3.780493,0.7474119717594434,0.3426803297889012,13982.0,11.211623561438248,24,attack,1
1030.2707353138862,750.0,1613.8139033953655,1.5663978875452527,0.0,0.0,13.820361185992997,277.76962321712534,1.4808441994891786,1.0,2.6587775456324265,1.7954471824582083,0.0,0.0,10.342665873296829,145.7443074434094,7.3924199965801,7.05,4.759930671174941,0.6438934304837919,7.89957175,3.8999999999999995,0.4660321510803814,-0.23706412976012503,746.7000940986692,750.0,48.69951418446817,0.06521964382936452,0.0,0.0,-14.690088806378728,213.798709139294,8.4374872525205,7.85,5.4776995671683215,0.6492098184245538,8.05,4.0,0.6795874949665597,0.20661643508235583,14878.0,11.241575421958634,25,attack,1
1022.754831375521,750.0,1593.7106286613036,1.5582528478676498,0.0,0.0,14.3439881218728,302.25792343972483,1.4685486926866238,1.0,2.6489579988719467,1.8037930999930505,0.0,0.0,10.682541851841712,155.7023932471745,7.837251504955123,7.4375655,5.032001174982391,0.6420619743797804,8.333198833333334,4.1375655,0.42352436230010115,-0.3755715380005866,746.899330554503,750.0,47.21301927052132,0.06321202515400579,0.0,0.0,-15.161043969834262,227.8572542552478,8.89898929746116,8.411633,5.719345070319884,0.6426960275086055,8.55,4.261633,0.6146824547716164,0.07245045955208651,15834.0,11.265786399846531,26,attack,1
1013.9194437784704,750.0,1590.9159893568694,1.5690753334684704,0.0,0.0,15.011933209760782,331.3308247916081,1.4554063773675379,1.0,2.6611546979809413,1.8284616168813945,0.0,0.0,11.09037548381001,167.65550303925008,8.341672125682821,7.95,5.284895900134073,0.6335535394471608,8.7770605,4.35,0.3885052955290306,-0.48175366752681725,747.0573004075761,750.0,45.999669834019336,0.0615744867347164,0.0,0.0,-15.567820451736065,240.35703361749145,9.421238820426757,9.0,5.94140644208807,0.6306396170752139,9.0,4.5,0.561261430314805,-0.036599322478855445,16684.0,11.29127584155721,27,attack,1
1005.3363719234276,750.0,1572.9063443722898,1.564557284805062,0.0,0.0,15.698092842860085,366.66034119800577,1.4426276207839563,1.0,2.656820590108541,1.8416537655536949,0.0,0.0,11.488217089624847,180.7513887035026,8.83639205445238,8.45,5.549568900374538,0.6280356129715051,9.173684041666666,4.6,0.3552259940515654,-0.5740506956210814,747.2028258887876,750.0,44.85237480097252,0.06002704118205285,0.0,0.0,-15.972524419421418,253.12153632901328,9.931578182600274,9.485339,6.177953738653155,0.6220515637158938,9.5,4.735339,0.5087316377957062,-0.13898466810171461,17552.0,11.31499317416612,28,attack,1
1000.7750405186385,750.0,1556.9115342607774,1.5557057992312922,0.0,0.0,16.287567649047524,400.46988133917927,1.4348460291734197,1.0,2.6521850599413854,1.8484109137962665,0.0,0.0,11.8482483574502,193.36268057372868,9.279679762223097,8.9,5.838396997129403,0.6291593187188521,9.7,4.85,0.327385554234036,-0.6559000520083087,747.3475958941112,750.0,43.68066525261163,0.05844758917081012,0.0,0.0,-16.40760706466969,267.2095695885986,10.392362734359805,10.05,6.443798253449615,0.6200513221256965,9.95,4.950000000000001,0.45756490141313977,-0.24162267531406556,18510.0,11.331090020367668,29,attack,1
998.1925386154873,750.0,1570.8536764209314,1.5736980749222353,0.0,0.0,16.58233027117672,414.1143264379777,1.4297736952840354,1.0,2.6783931709210367,1.8732986763957449,0.0,0.0,12.095223185288466,200.62218270043923,9.724094810528975,9.35,6.128668345970831,0.6302559225702821,10.25,5.077281999999999,0.30424276684003965,-0.7266100095310652,747.4805767947863,750.0,42.575533594746005,0.056958715606110946,0.0,0.0,-16.83974557815168,281.57703113687927,10.847505680710217,10.55,6.71332819379229,0.6188822012539154,10.5,5.25,0.4152933469203697,-0.335210057229943,19487.0,11.348741401334063,30,attack,1
962.8432274247492,750.0,1467.7283845704778,1.5243690174734992,0.0,0.0,18.08688367682974,494.14616832932717,1.3670986622073578,1.0,2.5057918414759786,1.8329268477448828,0.0,0.0,13.276034318447595,241.1924079019741,8.820949629437127,7.9,6.736926517534698,0.7637416378676892,12.05,6.0,0.44929982225214854,-0.8385324213669776,747.9484653144891,750.0,38.42289593124766,0.05137104722193931,0.0,0.0,-18.67573694131209,346.78815980165365,9.8184883736204,9.2,7.404292913820025,0.7541173989382459,12.9172835,6.450000000000001,0.4949069517684056,-0.5582819110912065,23920.0,11.884294972615171,31,attack,1
959.5193664052957,750.0,1481.3631421046157,1.5438595550753023,0.0,0.0,18.51657677517212,514.9781806087212,1.3604948973560818,1.0,2.524702280240031,1.8557234467739734,0.0,0.0,13.631180825280058,253.26163402539527,9.104800637834648,8.0,6.866513212291356,0.754164037788793,12.75,6.0009999999999994,0.4572250113013214,-0.9610747495146965,748.0663762362583,750.0,37.30570520634635,0.04986951210672282,0.0,0.0,-19.24159066926493,368.2438078665746,10.071820051696283,9.35,7.495447755905424,0.7441999278614048,13.549999999999999,6.800028999999999,0.4945911043237473,-0.659172786290914,25379.0,11.937469497800347,32,attack,1
955.5952408191282,750.0,1481.700492340558,1.5505523981790206,0.0,0.0,18.91050323498371,542.0467472425089,1.3551843801243184,1.0,2.5418272887608957,1.875632073421419,0.0,0.0,13.87615798213693,262.9365572872522,9.626050532403703,8.4,7.03198243627821,0.7305158447492865,12.450999999999999,5.5,0.4487573414382739,-1.0045055909191007,748.1285847838874,750.0,36.70252654689299,0.04905911536249518,0.0,0.0,-19.561443122626645,380.6549197010059,10.58547922049346,9.7,7.6006977301628895,0.7180305748886606,13.601,6.700999999999999,0.4724710388004253,-0.7239331502012152,26223.0,11.93860974604126,33,attack,1
953.5143090760425,750.0,1500.8713046744665,1.5740417216484293,0.0,0.0,19.27072408788309,562.5982971048793,1.3528209321340965,1.0,2.5812571039126135,1.9080552662950294,0.0,0.0,14.102282954818834,271.1895622865848,10.183162662181239,8.9,7.191625986690951,0.7062271541040572,12.251,5.800000000000001,0.4208968999508805,-1.0590969505606918,748.1760661300126,750.0,36.23534804252117,0.04843157871909852,0.0,0.0,-19.816498478162334,390.69831973834386,11.152885641046607,10.343599999999999,7.724462872037602,0.6925976936057532,13.351,6.344599999999998,0.4429663783696503,-0.7709159898076923,26906.0,11.937981477181939,34,attack,1
953.7132925981487,750.0,1527.0694402391505,1.601182925823587,0.0,0.0,19.241300259655084,560.0525820952442,1.3542497530276976,1.0,2.6324776682263904,1.9438642409503546,0.0,0.0,14.122124321577786,270.50821443164875,10.78693864605693,9.5,7.371264234654474,0.6833509002435064,12.7006625,5.9,0.3807187065255719,-1.1103265136123452,748.2044062994925,750.0,35.953652417152874,0.04805324870375234,0.0,0.0,-19.97355688945937,396.9474947560409,11.778992821777468,10.95,7.865244072724187,0.6677348557495182,13.151,6.527038999999999,0.3989714606687618,-0.8199147378754321,27331.0,11.92664715913892,35,attack,1
954.4863589230164,750.0,1543.5593142302166,1.6171622567470465,0.0,0.0,19.511517809766776,582.1441497092038,1.3557764508170345,1.0,2.6693040518240916,1.968837893751203,0.0,0.0,14.299056541199658,278.8859168623249,11.344835272881138,10.1,7.587655446156631,0.6688202396639706,12.901,6.100999999999999,0.3531304025626983,-1.129014714587903,748.2452195643278,750.0,35.54390025417632,0.04750301014268031,0.0,0.0,-20.206320955536516,406.2997846470391,12.360590535166446,11.5,8.054170877395213,0.6516008158737019,13.55,6.601,0.365727352204166,-0.8511449390830288,27967.0,11.920755472450297,36,attack,1
956.2197771094994,750.0,1553.7867986630074,1.624926440404588,0.0,0.0,19.684234237075447,597.7318728184073,1.3595612948876703,1.0,2.706013891691845,1.9903581411645153,0.0,0.0,14.386839924544493,282.48605871474604,11.99885516787206,10.85,7.827930453614677,0.6523897775326614,13.362066999999998,6.459334999999999,0.30848456090181525,-1.1412785946020159,748.2637011679998,750.0,35.356866976133226,0.04725188048136378,0.0,0.0,-20.314456766320077,410.6813484925438,13.048328554254377,12.318356,8.253936183808376,0.6325665505347196,13.752495,6.818356,0.313934201817444,-0.8762957204455688,28265.0,11.876942419829593,37,attack,1
951.0037918901377,750.0,1542.8725395072936,1.6223621321643795,0.0,0.0,20.17589889530793,632.9692488218999,1.351962559355037,1.0,2.7074328542929877,2.0025945508317826,0.0,0.0,14.687909625428711,294.49681793678565,12.352189150840733,11.15,8.116884738585306,0.6571211499002055,13.992033,6.749999999999998,0.2927065636237181,-1.1518634759148358,748.3234721415639,750.0,34.744583424626825,0.04642989925893174,0.0,0.0,-20.676082083896635,425.50449416200235,13.382415421753832,12.65,8.507713079220768,0.635738228944158,14.260898,7.050000000000001,0.286178920992251,-0.9113269184447597,29273.0,11.921055840392338,38,attack,1
954.7570510652688,750.0,1559.9227775933691,1.6338426365669545,0.0,0.0,20.376288486531376,650.824780295866,1.358369969563747,1.0,2.750665387774371,2.0249751167995655,0.0,0.0,14.794340212821108,299.44995248395844,12.99631224679694,11.85,8.377589825147021,0.6446128460180506,14.380590624999998,6.951,0.25405758817685875,-1.1612353843136844,748.3402946506768,750.0,34.57039499046954,0.04619608918240451,0.0,0.0,-20.7814214286132,429.87143643863845,14.053506732330064,13.45,8.728940003902265,0.621121843121287,14.65957875,7.299999999999999,0.2394172946927013,-0.9367575705493176,29570.0,11.86903397678908,39,attack,1
951.7921254696945,750.0,1563.5980508264743,1.6427936405282437,0.0,0.0,20.7349859765733,675.3014613457245,1.3537003757555954,1.0,2.7659456960113364,2.043248081738522,0.0,0.0,15.048554860299179,309.36287796051226,13.364830160555552,12.2,8.729029398126212,0.6531343304225994,15.008029500000001,7.35,0.24550520988212673,-1.1706836353282823,748.3964074497632,750.0,33.982453436469335,0.04540702373527954,0.0,0.0,-21.144450681920038,445.091695030483,14.434439753765725,13.85,9.069603896002665,0.6283308566677515,15.350000000000001,7.6499999999999995,0.2180351092085744,-0.9766601523920624,30605.0,11.914291909720227,40,attack,1
953.6580882352941,750.0,1581.428464468281,1.6582761515656523,0.0,0.0,20.90313593239754,689.181065258332,1.3572303921568627,1.0,2.8074492198153917,2.068513375502808,0.0,0.0,15.154633450830168,313.7162129399408,13.966391453682455,12.85,8.980023893788388,0.6429738077705581,15.651,7.700000000000001,0.22424319186808483,-1.1761698813970183,748.4172345767576,750.0,33.76168625629696,0.045110781388391946,0.0,0.0,-21.284121111372087,451.0175771063042,15.056860009513676,14.55,9.281227680664918,0.6164118996125736,15.700000000000001,7.800000000000001,0.19025308030913207,-0.9930283316585244,31008.0,11.891976205768541,41,attack,1
953.9914034640856,750.0,1601.7250188368391,1.6789721720979203,0.0,0.0,21.03166922514489,699.9823156667112,1.3586984207845134,1.0,2.851325890691686,2.098571579295226,0.0,0.0,15.245272358881598,317.3597744928005,14.543757304360268,13.55,9.226997808540391,0.6344301280229769,16.1,7.949999999999999,0.204249855857469,-1.179645588857834,748.4373787084879,750.0,33.546758788601345,0.04482239896474707,0.0,0.0,-21.42185185245134,456.8993754635614,15.659604429985992,15.2,9.506520239450598,0.6070728211529353,16.05,8.100000000000001,0.16895871495057174,-0.9985815995779017,31408.0,11.879326260516015,42,attack,1
954.9335051222424,750.0,1621.3833892136527,1.6979018753835609,0.0,0.0,21.1761875707948,709.926381628606,1.3609138331971593,1.0,2.894038790114827,2.126540798924747,0.0,0.0,15.34436950439308,320.80325636598985,15.133496386712084,14.25,9.49657984214363,0.6275205411541295,16.55,8.25,0.18504918362767525,-1.1819989294253372,748.4576956413072,750.0,33.328560493305375,0.04452965169226858,0.0,0.0,-21.563477759180866,462.98709385511864,16.269829674596192,15.85,9.736940297154316,0.5984660252686992,16.45,8.250000000000002,0.14364980598128219,-1.0069024318366488,31822.0,11.870133893714197,43,attack,1
955.9204955163169,750.0,1638.6177824240995,1.71417789461564,0.0,0.0,21.373780055291636,723.7435655667331,1.362577424424517,1.0,2.929796610031029,2.1501872535928923,0.0,0.0,15.489390050935397,326.4969688218187,15.627659236557749,14.8,9.818233905067778,0.6282600456311465,17.101000000000003,8.5,0.16741686337334055,-1.1864293396333934,748.4875784749595,750.0,33.00491076928269,0.04409546894088752,0.0,0.0,-21.776897217169488,472.2366847103398,16.78673445456226,16.4,10.046246773324098,0.5984634355488808,17.201,8.55,0.12120747631814044,-1.0189966389783904,32451.0,11.867078395694504,44,attack,1
953.9792871634921,750.0,1645.566255702187,1.7249496690803636,0.0,0.0,21.690240613848687,748.4321421088808,1.3604760318565847,1.0,2.956389422790238,2.1730551318539417,0.0,0.0,15.672585319812779,334.1581245302877,16.075072490311015,15.35,10.115398144523532,0.6292598774046226,17.751,8.799999999999999,0.16182721541366873,-1.190427949716877,748.5137644806482,750.0,32.718651496440636,0.04371148941949288,0.0,0.0,-21.9691760803578,480.6480400053627,17.243900290645914,16.9,10.321425061254981,0.5985551347019744,17.700000000000003,8.899999999999999,0.10913511484867178,-1.0346257573810134,33023.0,11.884076444648505,45,attack,1
956.5388067739813,750.0,1669.6650083702898,1.7455277261582256,0.0,0.0,21.7351982680658,753.8783523317571,1.3648195799174196,1.0,3.0030540917118356,2.2003304582526138,0.0,0.0,15.731242887999501,336.72324434954663,16.52795511696417,15.95,10.350930939204646,0.6262680934183158,18.15530475,8.951,0.1624070519260528,-1.18650585825509,748.5314970873129,750.0,32.52339015605177,0.043449594683198825,0.0,0.0,-22.102307566746376,486.5152399425011,17.7220672730836,17.430043,10.530729672114878,0.5942156470712097,18.0,9.019956999999998,0.10360571687178154,-1.0399388492564092,33422.0,11.899012732176631,46,attack,1
956.6972934472934,750.0,1695.0828438022131,1.7718068770679543,0.0,0.0,21.909388905832067,763.6936783801541,1.3662749287749287,1.0,3.0534444670565115,2.234868255830753,0.0,0.0,15.828802093787903,340.0233214493867,17.08460343165447,16.5125,10.576697140838533,0.6190777083676379,18.300628000000003,9.1625,0.15526055099923688,-1.1863041374587746,748.5434283506092,750.0,32.391371997358156,0.043272535394147375,0.0,0.0,-22.193266018830062,490.54418851328234,18.29012182543922,18.1,10.729480922128866,0.5866270889024661,18.499616,9.214567499999998,0.09722257692368343,-1.0387427601785884,33696.0,11.892859969987732,47,attack,1
957.2149738344434,750.0,1727.3661182282133,1.8045749026560596,0.0,0.0,21.944526405803504,765.1159977246477,1.3691127497621314,1.0,3.117456806238424,2.2769905596015,0.0,0.0,15.833876043445025,339.52677524499796,17.615923539364275,17.15,10.782042748431197,0.612062303990921,18.701,9.350000000000001,0.14797263534840266,-1.1735486692021975,748.5406470524103,750.0,32.42232155747755,0.043314042711173506,0.0,0.0,-22.17204258153805,489.6024719507189,18.830582342709327,18.65,10.919249810296,0.5798678772419179,18.55,9.299999999999999,0.0969492861750767,-1.0192674258826042,33632.0,11.88519884630587,48,attack,1
959.1635796107071,750.0,1751.117385072135,1.8256712643143267,0.0,0.0,22.083911202884796,775.50665419891,1.372773049854236,1.0,3.164735392322041,2.3053595003617526,0.0,0.0,15.922856938592952,343.2147290538638,18.06159725723693,17.65,11.062842683450647,0.612506331853789,19.25,9.650000000000002,0.13689284950546032,-1.1702180682730876,748.5546905001289,750.0,32.2663549128307,0.04310487306047432,0.0,0.0,-22.280215268674507,494.4109012355349,19.269504878294413,19.25,11.17525016776656,0.579944852675203,18.736471,9.35,0.08458715462106665,-1.020759003633779,33959.0,11.87919764132327,49,attack,1
960.2282033180375,750.0,1784.5910974649498,1.858507270769962,0.0,0.0,22.165758662970923,779.4949487181055,1.3760442404988822,1.0,3.227648576298553,2.345599422826969,0.0,0.0,15.958609353955985,344.2316790008411,18.713119890958204,18.494177999999998,11.362710900518275,0.6072055844631501,19.61288,9.805822000000003,0.11028326609318122,-1.1712858160348194,748.5562548535121,750.0,32.24901634878815,0.04308162030534243,0.0,0.0,-22.292414985837656,494.9545647924981,19.90924332615602,19.999,11.441269876634726,0.5746712564210621,19.15,9.498999999999999,0.06609532755941451,-1.0151620186971182,33996.0,11.846847657056893,50,attack,1
960.1156823519179,750.0,1813.7836898649189,1.889130365438714,0.0,0.0,22.285445246081544,784.0008065298287,1.3764460293989735,1.0,3.2763749694748645,2.380314883036494,0.0,0.0,16.060171478615803,347.7138164206873,19.276909476152905,19.15,11.660403389088385,0.6048896688296039,20.051000000000002,10.100000000000001,0.0967783575594321,-1.1750196349758029,748.5769666539893,750.0,32.01740959302706,0.04277103226424317,0.0,0.0,-22.455087122564695,502.23366899514656,20.48886247844365,20.6,11.721095968748045,0.5720715818694093,19.5,9.750000000000002,0.052289900339933096,-1.0213732394582566,34491.0,11.858660168435323,51,attack,1
961.8139735728474,750.0,1844.2906325773272,1.9175128281057785,0.0,0.0,22.3224187927836,791.6387962782567,1.379940697239255,1.0,3.3315143553452535,2.4142445845755307,0.0,0.0,16.100654182109913,350.81210879559666,19.91848175953431,19.9,11.945261310271814,0.5997074201980288,20.599999999999998,10.299999999999999,0.07820301692380859,-1.1800664612093128,748.5870364342167,750.0,31.90423467060993,0.04261927219923688,0.0,0.0,-22.53549003487577,505.8509589985026,21.15296017502951,21.4,11.977504050478428,0.5662329977162035,19.950000000000003,9.950000000000003,0.03256349519336719,-1.0261799318468978,34737.0,11.846514040683953,52,attack,1
961.0494140457928,750.0,1867.7736898385374,1.9434731061076744,0.0,0.0,22.40327927151847,798.5741384822111,1.3798865159248381,1.0,3.377749543780032,2.4478458951504214,0.0,0.0,16.16663134857219,353.5847082213112,20.51417462495287,20.565499,12.242146780207857,0.5967652612899595,21.15,10.584501,0.06305253737654835,-1.1819671246429722,748.600485376565,750.0,31.752413477708654,0.04241569982650544,0.0,0.0,-22.644200817979797,510.7624058292919,21.742951341136553,22.0,12.251055464668159,0.5634495185338426,20.45,10.200000000000003,0.02044470679687508,-1.028073630269697,35071.0,11.857497799942674,53,attack,1
962.3718521871994,750.0,1882.5844789659836,1.9561923747950452,0.0,0.0,22.53216709527472,813.1398399066109,1.3827740365570709,1.0,3.4166131223170635,2.470839798832201,0.0,0.0,16.24288867393374,357.47990402960517,21.139046707028903,21.33988,12.528906816520486,0.5926902471129185,21.65,10.83988,0.046688181794866696,-1.1827932651450745,748.6112096194435,750.0,31.630836719750306,0.04225268913062342,0.0,0.0,-22.732023245342518,514.7473822774982,22.392508786061907,22.75,12.521889927319481,0.5591999559742793,20.849999999999998,10.4165965,0.0036179700299804564,-1.0299745419220092,35342.0,11.856603047530545,54,attack,1
963.6121762529432,750.0,1898.8947456105193,1.9706006134070158,0.0,0.0,22.70156071761297,828.6895268425717,1.3853571028142169,1.0,3.455417004555352,2.4942428183578165,0.0,0.0,16.34266495084283,362.16590917868336,21.766869626462977,22.1,12.818992215606444,0.5889221755627098,22.0242034375,11.100000000000001,0.030659615890410764,-1.186558005736655,748.6242047110866,750.0,31.4828612178989,0.04205429242038594,0.0,0.0,-22.839799097636135,519.6588584356925,23.04848505280861,23.540107,12.786791573511383,0.5547779623786262,21.349999999999998,10.609893,-0.014289879791778287,-1.0330088436606293,35676.0,11.857373654868164,55,attack,1
963.5419440745673,750.0,1915.4092391416998,1.9878836110049702,0.0,0.0,22.91037305043386,846.0648141551322,1.3860685752330226,1.0,3.4934632527310887,2.52041155477735,0.0,0.0,16.461981004984228,367.61026362719446,22.32687049442511,22.7,13.14227018284394,0.5886301972381436,22.550000000000004,11.3,0.018526782551000976,-1.1905681461177415,748.6383958293703,750.0,31.32045062581248,0.041836553936182345,0.0,0.0,-22.95924223307098,525.1291792300383,23.611274908954723,24.256214,13.091146062389614,0.5544446927524745,21.799999999999997,10.856214,-0.026543264363132195,-1.0388951027397257,36048.0,11.880468623656583,56,attack,1
966.2993632329024,750.0,1944.8731079816812,2.012702462593798,0.0,0.0,22.976545137286458,851.0654971592835,1.3909364059872646,1.0,3.5470902303817384,2.5501455099696453,0.0,0.0,16.512014707224843,369.8633585919535,22.87669202746406,23.3,13.458325405449017,0.5882985787146127,23.299999999999997,11.55,0.01209244211057989,-1.1917115241719398,748.6469847745586,750.0,31.2217659340294,0.041704256570847295,0.0,0.0,-23.032460403163647,528.4965408423465,24.19877205510378,24.9,13.387567467364482,0.5532333391495747,22.249999999999996,11.100000000000001,-0.03673450611978153,-1.0406219001730401,36277.0,11.879303521819654,57,attack,1
971.6214626567529,750.0,1989.4692839063457,2.0475765103690082,0.0,0.0,22.880584797551744,842.4979506279989,1.4005382310509378,1.0,3.6259173145791768,2.588945616899266,0.0,0.0,16.450329424894864,366.829583934086,23.49279660331985,23.95,13.657373482510422,0.5813430266782479,23.585601499999996,11.750000000000004,0.00721513520705893,-1.1829463143778165,748.6382323902969,750.0,31.32246398412203,0.041839252430528155,0.0,0.0,-22.957950473224614,525.0697066679073,24.866926290089893,25.5676375,13.564287931595283,0.5454750528215061,22.249999999999996,11.1676375,-0.04091027273833777,-1.030014882407233,36044.0,11.861854220505402,58,attack,1
972.9854282536152,750.0,2018.2269387827469,2.074262245021703,0.0,0.0,23.027401507470074,857.8925337386216,1.4044493882091214,1.0,3.6861421939657686,2.624617323281503,0.0,0.0,16.496854224383586,370.0952177827576,23.96622928617571,24.45,13.995028764308882,0.5839478792094152,24.099999999999998,12.049999999999999,0.0011447351661475647,-1.178519840552681,748.6350455308158,750.0,31.359089460964555,0.041888353541784246,0.0,0.0,-22.93102610904261,523.8340968871003,25.36014446307008,26.2,13.887974494307889,0.5476299440853667,22.799999999999997,11.3,-0.04978628236523157,-1.02554785612911,35960.0,11.878608670139013,59,attack,1
973.3505883652837,750.0,2048.461409926194,2.1045463314164428,0.0,0.0,23.056716425390533,859.373803406928,1.406054914093144,1.0,3.7400291646812662,2.659945303127406,0.0,0.0,16.53424277762977,371.5190609471488,24.541186661237735,25.0,14.33200465800155,0.5839980297545528,24.874840187500002,12.399999999999999,-0.010513402516937114,-1.1862072288491567,748.6441642266541,750.0,31.254426069575334,0.04174803940649295,0.0,0.0,-23.008489670139795,527.3926796943082,25.950789193856696,26.8,14.219882551237852,0.5479556881685937,23.5,11.600000000000001,-0.06262332087511739,-1.0368935534101555,36202.0,11.891209192833513,60,attack,1
973.3795309168444,750.0,2074.031230751307,2.130752871696139,0.0,0.0,23.160104331776434,864.3315926503124,1.4067847575310262,1.0,3.7859087016108024,2.69117836352965,0.0,0.0,16.614845665564722,374.3727104499767,25.117173730782092,25.65,14.652963374933483,0.583384242669616,25.450000000000003,12.7,-0.02131965710864733,-1.1918122780155287,748.6582427441249,750.0,31.092099534350254,0.0415304310554113,0.0,0.0,-23.129605949947514,532.9807086198313,26.53747189112132,27.45,14.519758434542675,0.5471417358109598,24.05,11.89008,-0.07507777387130564,-1.0420059068536052,36582.0,11.908283774856791,61,attack,1
973.1639272647845,750.0,2107.6391332844278,2.165759615862712,0.0,0.0,23.115931559464023,861.3222494544075,1.408179981433954,1.0,3.8476193787002377,2.732334949671842,0.0,0.0,16.602126139581348,373.63116576964524,25.82814827530806,26.45,14.940099298775563,0.5784425247805485,25.897135499999997,12.933609333333333,-0.04086590019583154,-1.1901937683599024,748.6598494283102,750.0,31.073571621987814,0.041505593823037444,0.0,0.0,-23.143585227166184,533.6275125796599,27.243341994293672,28.2,14.802017751770444,0.5433260631118914,24.550999999999995,12.150000000000002,-0.09063311747972758,-1.0450358447533725,36626.0,11.898633444711127,62,attack,1
972.5467165263243,750.0,2126.0118314426036,2.186025406610951,0.0,0.0,23.247069772935248,870.3712884512772,1.4075219929514944,1.0,3.8821618557797466,2.758153602729199,0.0,0.0,16.71024246194193,378.0654751165579,26.219780516216954,26.9,15.401288813532872,0.587391980798892,26.650000000000002,13.283107999999999,-0.05444751418445325,-1.1982329032885608,748.6794936998591,750.0,30.84546551612386,0.04119982686274778,0.0,0.0,-23.31609130338795,541.642056196816,27.63091935021926,28.65,15.275344805599863,0.552835199292008,25.400000000000002,12.582734000000002,-0.10822828086906267,-1.0547913923459582,37171.0,11.923355131456304,63,attack,1
974.2779742124153,750.0,2140.559991017056,2.1970731635880787,0.0,0.0,23.399269831663556,884.3612192686429,1.4102884487571448,1.0,3.915201844909649,2.7761709658474674,0.0,0.0,16.814700239445905,382.99949250306395,26.748542265003206,27.55,15.757293771756263,0.5890898134053651,27.35,13.599999999999998,-0.06492521653731617,-1.204352594953888,748.695075933803,750.0,30.663320021778468,0.04095568544181211,0.0,0.0,-23.455689916789378,548.1712950920461,28.176552678399577,29.25,15.62587747042984,0.554570236067551,25.85,12.850000000000001,-0.12142923213374904,-1.0629733001626407,37615.0,11.912686360219439,64,attack,1
975.1758888627267,750.0,2160.4328665218827,2.215428920255023,0.0,0.0,23.506414881899655,892.440104001475,1.4114538366951834,1.0,3.9493233927080955,2.7980535317790833,0.0,0.0,16.919893835873367,387.7028595328782,27.17091202383058,28.1,16.17096316828216,0.5951571722767061,28.1,13.950000000000001,-0.0723821180337638,-1.214558591496053,748.7158283675354,750.0,30.419011077072266,0.04062824629124836,0.0,0.0,-23.645516520895075,557.1123296070449,28.617431101535722,29.75,16.039044542757345,0.56046416206438,26.4189605,13.189286,-0.13307367395471117,-1.0744474292556063,38223.0,11.930438631904519,65,attack,1
974.836104140527,750.0,2195.7097890519894,2.252388662797688,0.0,0.0,23.61362408718627,899.9979510932455,1.4126411543287327,1.0,4.012280027213401,2.8402683971924776,0.0,0.0,16.965125119385704,390.09749428452506,27.93369352554208,28.95,16.430409254540805,0.5881932240545679,28.55,14.149999999999999,-0.08972078742296193,-1.2140569324244124,748.7169317072861,750.0,30.40601443183168,0.04061082786320509,0.0,0.0,-23.655772603291105,557.59740143921,29.36831092372438,30.65,16.264098928027135,0.5537975599028622,26.665368500000003,13.275667499999997,-0.1476606163910512,-1.0750736529029126,38256.0,11.91038071563184,66,attack,1
973.7848484065238,750.0,2204.5424068923144,2.263890643297408,0.0,0.0,23.85825821940862,921.4955238159055,1.4116932461423144,1.0,4.039674234769998,2.8615807618326974,0.0,0.0,17.102672911016214,396.61856301491764,28.443178561228283,29.55,16.796545535137923,0.5905298347363251,29.400000000000002,14.453615000000001,-0.09516739030858479,-1.2245102812395892,748.7312873457417,750.0,30.2357868437394,0.04038269450569577,0.0,0.0,-23.789979017051124,563.9648923200459,29.879860250665562,31.25,16.63139978239556,0.5566090216912947,27.449999999999996,13.549999999999997,-0.15321486318955774,-1.089737979905353,38689.0,11.920854616825132,67,attack,1
973.4409460912302,750.0,2219.338314774419,2.2798900371778936,0.0,0.0,24.073565877997538,939.0256661817533,1.4118414990016894,1.0,4.074075035355523,2.8856461849551054,0.0,0.0,17.223310066281467,402.1726922948473,28.982216240078387,30.1,17.151721412686634,0.5918015817219727,30.200000000000003,14.794899,-0.10263247006103102,-1.2323416075411484,748.7435267917642,750.0,30.089891768735505,0.04018718118027071,0.0,0.0,-23.90621457410902,569.5088513004405,30.425853406107606,31.9,16.993240059121995,0.5585131773398611,28.056297500000003,13.800000000000004,-0.1606664975491485,-1.1033263148345758,39066.0,11.930795138437242,68,attack,1
972.6038636188717,750.0,2239.783932388246,2.3028737764360105,0.0,0.0,24.41400698318225,975.5163096748856,1.4126837527899638,1.0,4.125371659000332,2.920237208683809,0.0,0.0,17.341274317474202,410.518037547587,29.8063140704839,31.2,17.394692311228816,0.5835908549475476,30.6,14.849999999999998,-0.12171140501810018,-1.2284125609432772,748.7407184321844,750.0,30.123487391583982,0.0402322014150114,0.0,0.0,-23.879437232023704,568.22922494427,31.247032407424506,32.95,17.219115706282267,0.551064033274113,28.450000000000003,13.949999999999996,-0.17566203203618436,-1.1030934836834982,38979.0,11.906412424650995,69,attack,1
973.8419263168578,750.0,2259.3910626308802,2.320079883165499,0.0,0.0,24.48477566672193,983.2702169749102,1.4147467776311784,1.0,4.162695743915263,2.9423610003800054,0.0,0.0,17.413297540993973,414.1417950706082,30.30388039829373,31.85,17.786757504290975,0.5869465319462013,31.549999999999997,15.149999999999999,-0.13143301430217885,-1.232467493698314,748.7545497382959,750.0,29.95793202908778,0.04001035057424179,0.0,0.0,-24.01239388008666,574.5967329686532,31.76239731934436,33.65,17.60611412365174,0.5543068410937932,29.099999999999998,14.200000000000003,-0.18776766623604782,-1.1071246403650847,39412.0,11.912572051062629,70,attack,1
972.407182906501,750.0,2279.5163176440183,2.344199382434219,0.0,0.0,24.64741151072677,995.6893268926242,1.4139768651815932,1.0,4.206805718806301,2.975158803794171,0.0,0.0,17.49244073109528,417.4865601353186,30.95391205587531,32.7,18.11110639527792,0.5850991100118564,32.2,15.362394500000002,-0.14340340580096386,-1.2362805710861888,748.760270975756,750.0,29.889205515255984,0.03991825778403748,0.0,0.0,-24.068057741305456,577.2730378795434,32.40579968525534,34.5,17.92074933822564,0.553010557131216,29.676244750000002,14.399999999999999,-0.19721723962787222,-1.1139887552062702,39594.0,11.908546859726602,71,attack,1
974.2557274919615,750.0,2304.894870283684,2.3658006878924938,0.0,0.0,24.677264698413122,998.7154887179872,1.4174788987138263,1.0,4.254941206760349,3.00176687682698,0.0,0.0,17.525885303670044,418.98330205576246,31.561656243397238,33.55,18.465480016548362,0.5850605517703583,32.994282999999996,15.650000000000006,-0.15368053327703948,-1.2424043068063735,748.7669319678903,750.0,29.808980426350974,0.03981075973535285,0.0,0.0,-24.13334503247891,580.4199409791805,33.03948612922026,35.3,18.261435350094747,0.5527154774342649,30.349999999999998,14.639930499999997,-0.20930864753563222,-1.1199895719063335,39808.0,11.904866843979022,72,attack,1
970.3480984340044,750.0,2310.922962827844,2.3815401571429113,0.0,0.0,24.982264492690135,1025.394656258158,1.4126771066368382,1.0,4.279243484460126,3.0291730957881278,0.0,0.0,17.682142776612572,426.44609648917384,32.023304867106646,34.15,18.885102164148787,0.58972995580937,34.13205791666667,16.050000000000004,-0.15821471206866072,-1.2545734122031413,748.7798630477495,750.0,29.65257283241568,0.039601188941862264,0.0,0.0,-24.26157713682911,586.6256972023076,33.4734260792692,35.85,18.682998658691478,0.5581442011477353,31.400000000000002,15.0,-0.2116647067076149,-1.1359612522324478,40230.0,11.926493876672566,73,attack,1
970.7737916430699,750.0,2329.4683662792195,2.399599563083084,0.0,0.0,25.171148099480163,1039.531247201376,1.413759141161697,1.0,4.316285454974421,3.053055735807795,0.0,0.0,17.79235401020593,431.4261275811408,32.50937228959042,34.85,19.287364189975193,0.5932862689000936,35.266107,16.450000000000003,-0.160970392807741,-1.26685134575491,748.7913662314223,750.0,29.512737554236153,0.03941383259100628,0.0,0.0,-24.377374315921717,592.2579234441537,33.96554216905917,36.55,19.097137479750746,0.5622503354928702,32.528702,15.399999999999999,-0.21536576478981395,-1.153601753656168,40613.0,11.929265842389594,74,attack,1
971.1639175257732,750.0,2350.3708982177627,2.420158796885478,0.0,0.0,25.2987879082912,1050.8055298560178,1.415537555228277,1.0,4.362041056420424,3.081543856119719,0.0,0.0,17.85176069245948,434.1975456871136,33.224585184104484,35.7,19.55919601523539,0.588696470004177,35.900000000000006,16.674999999999997,-0.17122877189671162,-1.2658401196893654,748.7951307478318,750.0,29.46685527414721,0.03935235962968705,0.0,0.0,-24.41564888865914,594.1254198518218,34.686033522066765,37.4,19.347900008695756,0.5578008796072602,33.0,15.5652,-0.22410410460117994,-1.1536048488960764,40740.0,11.910652773314355,75,attack,1
967.920531736177,750.0,2352.1658734182047,2.430122924656925,0.0,0.0,25.558272557192595,1079.2595757229626,1.4118520682686924,1.0,4.384245445050333,3.1053150281010593,0.0,0.0,17.979083622997155,441.05269038755534,33.76663081239687,36.4,19.92897188357411,0.5901972273839506,36.682454500000006,17.0,-0.1773220622993875,-1.2708103839614011,748.8048961604948,750.0,29.34743431533829,0.03919236434726533,0.0,0.0,-24.51572705235129,599.0223551260102,35.18305570686339,37.95,19.712485291782283,0.5602834914631033,34.079198999999996,15.899999999999999,-0.22593401457157944,-1.1625279704132707,41073.0,11.913921734820901,76,attack,1
968.9437558662848,750.0,2356.5644384624557,2.432096212184749,0.0,0.0,25.73806338241989,1102.5903346365687,1.4134196529566077,1.0,4.404938902187443,3.116511711842368,0.0,0.0,18.093533918318737,447.7238595313052,34.211432838266674,37.0,20.33384631607337,0.5943582197273322,37.599999999999994,17.4,-0.1760014325934816,-1.2836581417127868,748.8186415880093,750.0,29.178491244656215,0.038966032125986864,0.0,0.0,-24.658673946591367,606.0516620087924,35.628461074799645,38.65,20.122340599745183,0.5647827605435899,35.4096735,16.300000000000004,-0.22432461124279565,-1.180215822786298,41551.0,11.920281869891719,77,attack,1
969.3174046784462,750.0,2362.1956617364785,2.436968169905187,0.0,0.0,25.913920395899957,1125.6199379238215,1.4143834799818775,1.0,4.429137105526976,3.131496633136387,0.0,0.0,18.196521572259787,453.7740550556877,34.73368630162085,37.65,20.704080100856448,0.5960807016297113,38.15,17.800000000000004,-0.1792009924882286,-1.2899984085268432,748.8295122781852,750.0,29.044186605808576,0.03878611370089652,0.0,0.0,-24.773505681457152,611.7280213762104,36.17546204664139,39.35,20.484132550132262,0.566243840195375,36.45,16.65,-0.2287244067968531,-1.1878553145421362,41937.0,11.921049413173323,78,attack,1
964.6427283938905,750.0,2367.7748011812128,2.4545613951016945,0.0,0.0,26.21774238063001,1155.1669852510652,1.4090693482591785,1.0,4.457555715529984,3.163475041904097,0.0,0.0,18.327331873229596,460.3033864839955,35.30965425756558,38.45,21.084641751730963,0.5971353216298708,38.725278124999996,18.15,-0.18627828596726628,-1.296834614059625,748.8358111004769,750.0,28.966092829733345,0.03868150053770165,0.0,0.0,-24.84078750397899,615.0661332842673,36.71452524822123,40.1,20.87949608012887,0.5686985175204045,37.4,17.049999999999997,-0.23278589450054837,-1.2028164671792119,42164.0,11.936018289408327,79,attack,1
964.9828323139774,750.0,2383.7807037134676,2.4702830184007403,0.0,0.0,26.372045126781597,1171.1846056810427,1.4105603702741634,1.0,4.496738052590873,3.1879089667866287,0.0,0.0,18.40070371162487,464.1169234834291,35.90576143139633,39.25,21.456795740311,0.5975864286100052,39.501,18.450000000000003,-0.1928239507332701,-1.304247791797776,748.8408393746901,750.0,28.903604771076406,0.038597794419454996,0.0,0.0,-24.894895167329455,617.757186211857,37.291609724584966,40.9,21.254590717581223,0.5699563755642564,38.2,17.4,-0.23663568061958526,-1.2152524551005313,42347.0,11.929871345698592,80,attack,1
963.2548754315574,750.0,2381.7901590884044,2.472647914729022,0.0,0.0,26.67435616152112,1205.5781889369962,1.4082998973593357,1.0,4.510013241517257,3.2024522972513583,0.0,0.0,18.56166267319533,473.0023943226022,36.31863085913489,39.8,21.863095787262303,0.6019801757412141,40.349999999999994,18.950000000000003,-0.18808943613572157,-1.3169160465613396,748.8549247359393,750.0,28.727771765603315,0.03836226592985722,0.0,0.0,-25.048303301772343,625.4188621592939,37.70890936029205,41.45,21.65791064736465,0.5743446579277284,38.847747,17.820037500000005,-0.23207675146440931,-1.2304740032275239,42868.0,11.93758007036273,81,attack,1
962.0335153980244,750.0,2391.6952039950243,2.486083037351877,0.0,0.0,26.88225956983551,1229.180279759282,1.4077629285299245,1.0,4.544042865019766,3.2278466586451064,0.0,0.0,18.649474830418367,477.7975566502022,37.03271724023998,40.65,22.115965949575738,0.5972007348557289,40.861774,19.15,-0.19233378663130088,-1.3199103496849545,748.8591006363289,750.0,28.675455305025523,0.03829219045433126,0.0,0.0,-25.094346589160395,627.727566784684,38.43749221487507,42.3,21.89027859313267,0.569503298257873,39.2,18.050000000000004,-0.2353264210658206,-1.2354834401426364,43025.0,11.933159969883102,82,attack,1
972.142261442979,750.0,2463.6669362988705,2.5342658518332266,0.0,0.0,26.384030532009742,1187.400685465267,1.4282389449185415,1.0,4.689608298248865,3.283490003499613,0.0,0.0,18.27849060650122,459.2031691343848,36.766231198300964,40.15,22.587877753578727,0.6143647857663082,42.31612025,20.2,-0.1419894966345847,-1.360300431670276,748.8099471197435,750.0,29.285688066343063,0.03910964080937875,0.0,0.0,-24.568143714412987,601.5949362871287,38.24908918204518,42.05,22.392002312943422,0.5854257654703745,40.550000000000004,19.249999999999996,-0.18830685071065614,-1.2813557403783253,41248.0,11.937307019928351,83,attack,1
973.223081929279,750.0,2478.557667948395,2.5467518331305916,0.0,0.0,26.52312365631944,1202.711386564933,1.4305204039819703,1.0,4.726087155511576,3.3037537544771305,0.0,0.0,18.35252397180156,463.09670516492656,37.3518058117802,40.9,22.929017676174198,0.6138663761456675,42.9,20.4,-0.14698874625065694,-1.3620262913067627,748.8168003287318,750.0,29.201410901840866,0.038996735769044444,0.0,0.0,-24.639568052972653,605.1095423437769,38.85120320582351,42.85,22.73228636610241,0.5851115149683449,41.155190499999996,19.5,-0.1940130420371838,-1.28508454339163,41487.0,11.923475953244864,84,attack,1
971.465343693963,750.0,2491.3417296732164,2.5645194096167927,0.0,0.0,26.717440985103373,1221.5610284140926,1.4286909742976688,1.0,4.757727714206711,3.3301307279172567,0.0,0.0,18.45651284768791,468.3272953969666,37.83900208848752,41.6,23.31341324907089,0.6161212495655105,43.650000000000006,20.699999999999996,-0.14599431163469126,-1.371031906068391,748.826359691994,750.0,29.08343114167594,0.03883868505061506,0.0,0.0,-24.7402269900588,610.0800413610548,39.32428342257023,43.45,23.122827601250943,0.5880037877048654,42.05,19.949999999999996,-0.19098136302964697,-1.2980748117878327,41825.0,11.941026779831821,85,attack,1
972.1056645139766,750.0,2513.901434116569,2.586037224022806,0.0,0.0,26.781122303808583,1235.7062838966172,1.430688940256893,1.0,4.804108109603154,3.3578984043453457,0.0,0.0,18.49353114723179,471.9512137415981,38.53283556300442,42.45,23.59268959062502,0.612274940214275,44.3,20.849999999999994,-0.15257384600232654,-1.370664969429937,748.8302169851736,750.0,29.035705204577994,0.03877475099960193,0.0,0.0,-24.78120588533357,612.1093512014284,40.030721510163715,44.3,23.396036657692708,0.5844520352138171,42.650000000000006,20.199999999999996,-0.1968042527982908,-1.3001352926361038,41963.0,11.935820721537905,86,attack,1
972.7586929100127,750.0,2536.7412548155417,2.607780607158459,0.0,0.0,26.824224610184796,1241.4024555058745,1.4329676083490015,1.0,4.853160603485949,3.3867901655345403,0.0,0.0,18.513852068249935,472.99270389398555,39.25324164237919,43.4,23.88969278587152,0.6086043288735513,44.726525,21.0,-0.16232403274945179,-1.3695244953315726,748.8317180867405,750.0,29.01712760409171,0.038749864493227204,0.0,0.0,-24.79722168324133,612.9033639555709,40.749468506818666,45.15,23.67673027452693,0.58103163408291,43.05,20.439161,-0.20408305313162237,-1.299837175951851,42017.0,11.925655243419902,87,attack,1
973.622255938552,750.0,2550.6021962724126,2.619704080011692,0.0,0.0,26.925288610059617,1256.8142425303322,1.4351619174055283,1.0,4.890523474344559,3.4076457959430804,0.0,0.0,18.566033690720722,476.26476299399525,39.92792295894004,44.25,24.17997294685338,0.6055905530502778,45.25,21.150000000000006,-0.1682441892301813,-1.3686520883932156,748.8362857272167,750.0,28.960466818521486,0.038673963015022884,0.0,0.0,-24.84609831801348,615.3297408742214,41.44617388912332,46.0,23.949674013851627,0.5778500586790405,43.4402645,20.549999999999997,-0.2098435620777504,-1.2988506669445676,42182.0,11.91411921502276,88,attack,1
973.7890805956039,750.0,2564.5122730129992,2.6335397717177655,0.0,0.0,27.038418612167327,1272.8643301643185,1.436539825100449,1.0,4.929009409714971,3.43116795204081,0.0,0.0,18.61796297316335,479.4028651870722,40.62059017227242,45.1,24.467715769662327,0.6023476189266194,45.750774,21.300000000000004,-0.17633631077448714,-1.364632037815356,748.839804121001,750.0,28.916751063018598,0.03861540332643175,0.0,0.0,-24.88394829890799,617.2120003763223,42.15762258815884,46.825,24.220011209396745,0.5745108410406335,43.849999999999994,20.77499999999999,-0.21724170642140933,-1.2943956801816399,42310.0,11.904440193989931,89,attack,1
976.096931296988,750.0,2592.4138304868034,2.655897941449458,0.0,0.0,26.97721570436102,1270.189986502902,1.441226535533595,1.0,4.984562648479576,3.4585559768604375,0.0,0.0,18.59607801771871,478.5422896906042,41.41681482323652,46.1,24.7315697744092,0.5971383815960125,46.099999999999994,21.4,-0.1900198537831604,-1.3571163630470924,748.8394728408488,750.0,28.920898548843766,0.03862095896084038,0.0,0.0,-24.880400663903657,617.0354298911222,42.99267325216322,47.85,24.452502312893042,0.5687597551674154,44.15,20.85,-0.23161135411461983,-1.2841097158386516,42298.0,11.893164143453003,90,attack,1
977.3758564667655,750.0,2609.503323304981,2.6699076982916186,0.0,0.0,27.307578640970423,1301.8127829020505,1.4439264439264439,1.0,5.024472639017287,3.479728943362466,0.0,0.0,18.72554614096998,485.906622741405,42.08293131751157,46.9,25.025285356362737,0.5946659268469067,46.599999999999994,21.599999999999998,-0.1955521731667383,-1.3549953752247053,748.8441980190232,750.0,28.86208163675303,0.03854217167349921,0.0,0.0,-24.931473869853914,619.579462745616,43.668169798050435,48.65,24.73119574811324,0.5663437662371956,44.65,21.000189,-0.2361020602168619,-1.2830127767614454,42471.0,11.886519463583324,91,attack,1
976.5362474342228,750.0,2613.722391132972,2.6765236805088755,0.0,0.0,27.528585717194176,1328.3315921907806,1.44303974622131,1.0,5.045493960771287,3.496434504997682,0.0,0.0,18.844016142946654,492.48739401182144,42.52328889604999,47.45,25.440078457085928,0.5982622491706908,47.400000000000006,21.950000000000003,-0.19484719722250501,-1.3593258352658866,748.8550067136147,750.0,28.72705024563243,0.038361298232754616,0.0,0.0,-25.049458937054307,625.4764533821921,44.130262298609814,49.2,25.144276016929005,0.5697739987763702,45.43276474999999,21.250000000000004,-0.2375163529089132,-1.2863097535763461,42872.0,11.906503617511385,92,attack,1
984.3545231095475,750.0,2678.377636032582,2.7209481677106173,0.0,0.0,27.20456662102343,1304.9854548044655,1.4597329991806833,1.0,5.177874231452598,3.547137890531232,0.0,0.0,18.57677842845103,480.21592702738633,42.4468891609588,46.625,25.732196195993428,0.6062210141812,47.95,22.775,-0.1520618683802392,-1.3749713748560395,748.8170939187638,750.0,29.19803597103296,0.03899221346327938,0.0,0.0,-24.64283656421685,605.2703986701362,44.109692969058756,48.75,25.46456581051879,0.5773009081786444,46.45,22.0,-0.19485053196970803,-1.3083808371331158,41498.0,11.918656964686456,93,attack,1
983.5277296360485,750.0,2696.28578289862,2.74144358278172,0.0,0.0,27.312941124316392,1317.7722957366161,1.4600664355863662,1.0,5.222775759253145,3.5770808998534824,0.0,0.0,18.61696465063324,482.31457091375177,43.16216983730956,47.55,26.044864517046857,0.6034187950980529,48.497265250000005,22.900000000000006,-0.1632786425884494,-1.3712216091397202,748.8184017150747,750.0,29.181941685036545,0.038970652454852824,0.0,0.0,-24.656556972495324,605.9467865180806,44.81668984457442,49.7,25.7869687800196,0.5753876261153948,46.900000000000006,22.25,-0.205433333696764,-1.3074251937908863,41544.0,11.926567765642101,94,attack,1
984.1275767622892,750.0,2716.7185527290785,2.760534931524724,0.0,0.0,27.41157946705695,1327.8045573547713,1.462183460669838,1.0,5.268856334202881,3.6034167229529293,0.0,0.0,18.657881228048723,484.2927817915049,43.91146091256552,48.4,26.292349596297097,0.5987582523990539,48.66826575,23.050000000000004,-0.17116259273427092,-1.3663081400302737,748.8206140983134,750.0,29.15467755805395,0.03893412789278021,0.0,0.0,-24.67980552292261,607.0937668198842,45.5892371638076,50.6,26.020079667857946,0.5707504947793857,47.300000000000004,22.344264000000003,-0.213804794246662,-1.3027778030933086,41622.0,11.92050227240177,95,attack,1
986.6966988611791,750.0,2740.7984626380603,2.7777517303964046,0.0,0.0,27.470705626140056,1334.1874064441404,1.467204843592331,1.0,5.320786292706781,3.6264781403524204,0.0,0.0,18.676709645213194,485.21537942667305,44.75697479967168,49.4,26.491865227123977,0.5919047331884976,48.75000000000001,23.099999999999998,-0.18150318931611176,-1.358676312373323,748.8206121962745,750.0,29.1547240908141,0.0389341901330733,0.0,0.0,-24.679804297107246,607.093686491042,46.46960768559896,51.6,26.184730357006742,0.5634807707903557,47.400000000000006,22.383512000000003,-0.22375566826625534,-1.2940150168068185,41622.0,11.908982834941979,96,attack,1
1001.8133078027764,750.0,2831.774783504947,2.8266491984576723,0.0,0.0,26.889627478993404,1285.412620955286,1.4964097654380086,1.0,5.501666002200387,3.6765771844518897,0.0,0.0,18.255682686695447,465.06475007485597,44.58993266201562,49.35,27.27306564380749,0.6116417768677261,51.1,24.4,-0.1461128777233204,-1.4068604858941578,748.763232050061,750.0,29.85436087496122,0.03987156366268424,0.0,0.0,-24.097625859476494,578.696456319442,46.41624764337003,51.85,26.99109829881279,0.5815010835471559,49.3096795,23.550000000000004,-0.1956277420825427,-1.3441199238021695,39691.0,11.935869135442907,97,attack,1
1004.8841631476471,750.0,2867.4104741081005,2.8534736432967285,0.0,0.0,26.78434057095231,1276.4042719286044,1.5027688573090248,1.0,5.570215012852344,3.7066345804016767,0.0,0.0,18.204084865090387,462.4577845521383,45.55002222727745,50.55,27.450518972512064,0.6026455670107979,51.1,24.349999999999998,-0.1627029165739627,-1.39541661096729,748.7587267642789,750.0,29.908617245950957,0.0399442653245585,0.0,0.0,-24.053645617844207,576.578730854389,47.401808429362525,53.0,27.140383690512977,0.5725600897897635,49.449999999999996,23.6,-0.21124349456131486,-1.3323231068399817,39547.0,11.914863607104174,98,attack,1
1006.4549629106323,750.0,2891.502365965491,2.8729575316548375,0.0,0.0,26.814229431876537,1280.1157875527326,1.5061815612857647,1.0,5.619710142706891,3.7310974235467187,0.0,0.0,18.22422544323485,463.44798275582787,46.252394081670545,51.4,27.747907376661832,0.5999236996827826,51.41438025,24.550000000000004,-0.17056318213912866,-1.3917810982923704,748.761449586953,750.0,29.87587454895844,0.03990039092616103,0.0,0.0,-24.080224847678874,577.8580767307386,48.13299960533885,53.9,27.4127644470984,0.5695212156289094,49.649202,23.800000000000004,-0.21926049367118,-1.3276566073328653,39634.0,11.913823551637885,99,attack,1
1005.7739357692114,750.0,2911.44787052378,2.894733863129111,0.0,0.0,26.919565215214703,1289.5052107721806,1.5062823541237373,1.0,5.662694916817399,3.7593847536716365,0.0,0.0,18.27752950832822,465.89957083127143,46.8364023689909,52.15,28.11883070898971,0.6003627368187103,51.93775000000001,24.800000000000004,-0.17763494465425683,-1.3883234485803373,748.766427602151,750.0,29.815899864249953,0.03982002766835095,0.0,0.0,-24.129030692743743,580.2109568184951,48.72062558609338,54.7,27.79471820556192,0.5704918167860212,50.34790100000001,24.0,-0.22656843008874164,-1.3249891871335888,39794.0,11.923059535394286,100,attack,1
1017.2369446609509,750.0,2993.885327522325,2.9431543390514574,0.0,0.0,26.487262304732237,1244.2884924134792,1.528890620940504,1.0,5.8191555582853125,3.8061294108179125,0.0,0.0,17.97765794606598,450.16383461386846,46.499717908476555,50.9,28.487692333961558,0.6126422614010839,52.86772825,25.65,-0.12908292383505646,-1.4057328730950824,748.7246336324981,750.0,30.315923092052497,0.04049008371071263,0.0,0.0,-23.72832861372324,561.0343704339413,48.446598710678096,53.55,28.193000745826513,0.5819397335650832,51.4,24.999999999999996,-0.17858319552231516,-1.3489489733550233,38490.0,11.921476146724707,101,attack,1
1018.2549794621406,750.0,3010.279442549133,2.956312027208758,0.0,0.0,26.544029358942293,1253.3744500156324,1.5309876256167816,1.0,5.856517364252102,3.8253198564506454,0.0,0.0,18.022834165145806,452.7447158023567,47.05477654376427,51.55,28.841248493565963,0.6129292414499421,53.49999999999999,25.900000000000006,-0.13245942380871348,-1.4047793420572456,748.731847333472,750.0,30.230237868324174,0.04037525313766994,0.0,0.0,-23.796094716321374,564.254904482265,49.02168070474567,54.2,28.542321169626078,0.5822387310939946,51.64027,25.349999999999994,-0.18289848055293792,-1.3477525841282023,38709.0,11.929326903734005,102,attack,1
1019.2541640962369,750.0,3029.260287859148,2.9720362148779293,0.0,0.0,26.61052165877351,1261.646122529536,1.5331585441085749,1.0,5.89710861555043,3.846378861606377,0.0,0.0,18.06823186905988,455.17897801133506,47.65760484276297,52.25,29.16269168966523,0.6119210519681356,53.9,26.05,-0.13641956233306266,-1.402729012976635,748.7382019768852,750.0,30.15455540617555,0.04027383046111286,0.0,0.0,-23.856272301182674,567.1224977409913,49.64540353986737,54.95,28.844762515961907,0.5810157730473142,52.099999999999994,25.4749465,-0.18608597670207142,-1.3454763603961701,38904.0,11.94230219910052,103,attack,1
1021.4098419911185,750.0,3070.0670895894773,3.005715202043425,0.0,0.0,26.581512614091277,1260.2892516792651,1.5385211194877622,1.0,5.972374192742276,3.8818928886271826,0.0,0.0,18.03776861131862,454.40559774535757,48.62006022806945,53.5,29.361470328914006,0.6038962146731972,53.99999999999999,26.096237000000002,-0.1541409693874564,-1.3919542668404146,748.7325968787486,750.0,30.221359602541295,0.0403633549928579,0.0,0.0,-23.803198725511333,564.5930212792555,50.634004589306,56.2,29.02486649653332,0.5732287369319279,52.34474650000001,25.400000000000002,-0.20343276699024898,-1.3345701542950152,38732.0,11.93776884933017,104,attack,1
1022.0768695383188,750.0,3090.9997654131435,3.0242341427894512,0.0,0.0,26.612220794193348,1266.5511867980563,1.540844997808883,1.0,6.0201021125940315,3.907013438181488,0.0,0.0,18.05485953690648,455.5098681246596,49.31212972781361,54.35,29.691584002511846,0.6021152233010298,54.350043,26.249999999999993,-0.16490677645084056,-1.3857626699675227,748.7345881007005,750.0,30.197671531179527,0.04033161017414907,0.0,0.0,-23.822033626992404,565.4900248765135,51.348309076972654,57.1,29.344249788362024,0.5714745103752903,52.60000000000001,25.499999999999993,-0.2152284987576012,-1.3267056881200705,38793.0,11.94487768365466,105,attack,1
1024.0842850498682,750.0,3127.530235639636,3.053977374027705,0.0,0.0,26.643948138365335,1270.522217531184,1.5456565552167847,1.0,6.088296669408897,3.938971208616903,0.0,0.0,18.053883316519638,456.18515072085,50.222226520823604,55.5,29.887496503757948,0.5951049679441376,54.449999999999996,26.25,-0.17909826486726788,-1.3747398511178277,748.7316110619802,750.0,30.233129739045882,0.04037912823817342,0.0,0.0,-23.79392796393068,564.1517312618214,52.283435131440235,58.2,29.518054482894446,0.5645775647427572,52.7,25.400000000000006,-0.22846217408670522,-1.3159149289203018,38702.0,11.942191806027227,106,attack,1
1023.4932379916058,750.0,3159.91367172596,3.0873810929387653,0.0,0.0,26.72873821248576,1280.0174688502507,1.5470749779781336,1.0,6.153443146040876,3.9774692459203154,0.0,0.0,18.068024129299626,457.61256452818907,51.09339946313975,56.6,30.15142585661719,0.5901236984313267,54.639862583333326,26.35,-0.19662094973786245,-1.3618011965850156,748.7281918146938,750.0,30.273800125464252,0.04043363193269054,0.0,0.0,-23.761766654825394,562.6222626306238,53.15331585605472,59.35,29.792951202266142,0.5605097390903867,53.35,25.325000000000003,-0.24606691184459498,-1.303365141972253,38598.0,11.948437828671567,107,attack,1
1030.290819405452,750.0,3212.6871117515107,3.1182332708792355,0.0,0.0,26.482329717656732,1256.9917793189625,1.5602025555584709,1.0,6.25346043889889,4.008108060469417,0.0,0.0,17.9284747685601,450.5010869240946,52.08772176463015,58.3,30.517601326654788,0.5858885797416,55.199999999999996,26.25,-0.22322685690894015,-1.3530117326192976,748.7120060133075,750.0,30.465509360049968,0.04069055807221619,0.0,0.0,-23.611208319473775,555.4898447384145,54.197401988691524,61.0,30.128958742780704,0.5559114945964977,54.1,25.15,-0.2746383983234488,-1.2900912934194109,38113.0,11.9386442144499,108,attack,1
1032.3195191727252,750.0,3239.8975066025228,3.1384638635903106,0.0,0.0,26.49573411202134,1258.936236550223,1.5647095876748642,1.0,6.310159059777418,4.032798871740936,0.0,0.0,17.931036578494584,450.5843941255454,52.790507217771754,59.3,30.894138531980428,0.5852214756061297,55.774737,26.400000000000006,-0.2353699912408496,-1.3490904987516357,748.7115987468363,750.0,30.470335721120186,0.040697026427960005,0.0,0.0,-23.607470212092664,555.3133236094515,54.932661638959615,62.0,30.487894509373763,0.5550048659530269,54.716387000000005,25.200000000000003,-0.2882032933783955,-1.28301357692021,38101.0,11.95094157014406,109,attack,1
1034.641901853412,750.0,3272.235356758714,3.1626743039277407,0.0,0.0,26.449795048970582,1255.7997827304112,1.5701347935973042,1.0,6.376205060026603,4.0609284540585255,0.0,0.0,17.901422796377236,449.1163685575199,53.669069476905285,60.5,31.169316863173172,0.5807687214809242,56.05,26.299999999999997,-0.25369893550722067,-1.3339321143182314,748.7076285708815,750.0,30.517180742774833,0.04075981007569728,0.0,0.0,-23.570999642809365,553.5926838426705,55.82973764924705,63.15,30.76451451534405,0.5510417173840858,55.15,25.1,-0.30783846574852686,-1.2658655190490413,37984.0,11.946548340630448,110,attack,1
1036.5950235161197,750.0,3294.2875037101344,3.177988924291711,0.0,0.0,26.510149813999057,1262.4366647877976,1.5741086208255604,1.0,6.424362865766147,4.081270365190435,0.0,0.0,17.92988519671637,450.52978374167753,54.31958642218733,61.35,31.55393285362303,0.5808942028456708,56.699999999999996,26.4,-0.2649455744433145,-1.3261954150337485,748.7101737960668,750.0,30.487187231047525,0.040719611270237134,0.0,0.0,-23.594383441296273,554.6955792009135,56.49682558714102,64.0,31.14743180547888,0.551312953989546,55.669845,25.200000000000003,-0.31995340683777357,-1.2562456350199542,38059.0,11.956065096694395,111,attack,1
1040.2678557335648,750.0,3325.212308524687,3.1964962583409346,0.0,0.0,26.508317139160603,1261.7577984160978,1.5809854523452502,1.0,6.485966744776085,4.1024835080896755,0.0,0.0,17.92342833069409,450.0672885069789,55.21896001295422,62.4,31.746819672864753,0.5749260700566804,56.826848,26.35,-0.2772440410700397,-1.3132861296089335,748.7086114336824,750.0,30.50563084765192,0.04074433014632687,0.0,0.0,-23.580042926464188,554.0190614292663,57.43942475887197,65.1,31.291702433644637,0.5447774340534528,55.73389,25.14999999999999,-0.33164635105239976,-1.2411746694220707,38013.0,11.94200186140953,112,attack,1
1044.2996343983468,750.0,3366.3370613150855,3.223535612223532,0.0,0.0,26.393203788195553,1251.4144967644656,1.5894929264027977,1.0,6.567075611566044,4.131553844928445,0.0,0.0,17.852880116937897,446.4898757461262,56.37001054960745,63.8,31.85457868665103,0.5650979727707868,56.7,26.049999999999997,-0.3004574269319499,-1.2884795998352583,748.699475159766,750.0,30.6131742260896,0.04088846759182917,0.0,0.0,-23.4966363417921,550.0925408841255,58.63795438160336,66.5,31.340509989495448,0.5344748178890768,55.699999999999996,24.799999999999997,-0.35395430288360485,-1.2134433798323871,37746.0,11.917517088513627,113,attack,1
1045.0396859083191,750.0,3400.165926790465,3.2536237356719484,0.0,0.0,26.36223927766178,1246.9126305952502,1.5925031833616299,1.0,6.631824578181395,4.164402713583413,0.0,0.0,17.83671958320405,445.35820346430086,57.24306437184778,64.85,32.08812560179477,0.560559186582886,56.921214750000004,26.0,-0.31412458584705805,-1.2740319244604332,748.6977486559141,750.0,30.63346817080289,0.04091566753846537,0.0,0.0,-23.4809836351913,549.3572024114502,59.525998094758066,67.55,31.569961675888493,0.5303558560350891,55.612500000000004,24.75,-0.36837262371860247,-1.1980743065153079,37696.0,11.921546834184916,114,attack,1
1046.0939034045923,750.0,3419.0170581721427,3.2683653418155783,0.0,0.0,26.414805197111278,1253.3578215022305,1.5946423858537873,1.0,6.671473153320769,4.183679809657635,0.0,0.0,17.877914265430316,447.4699945302011,57.75971012334827,65.55,32.51580614539116,0.5629496075370236,57.666838999999996,26.25,-0.3195495514052008,-1.2697285940947103,748.7044148392946,750.0,30.55511990070767,0.04081065811167437,0.0,0.0,-23.541654611846745,552.2101043995542,60.064552068118225,68.25,32.00575612755268,0.5328559861939114,56.099999999999994,25.0,-0.3754158509238254,-1.19181240293186,37890.0,11.94002834246123,115,attack,1
1047.3630452523232,750.0,3448.259909033625,3.29232535429288,0.0,0.0,26.495781423201638,1254.723719716207,1.5975728538710612,1.0,6.725049477402187,4.209541656336231,0.0,0.0,17.916187469037208,448.4635857727562,58.39685374848116,66.35,32.89181593253964,0.5632463706727543,57.92273349999999,26.400000000000006,-0.3284723608453467,-1.2620458995844308,748.7077216978948,750.0,30.516187042914797,0.04075847778584571,0.0,0.0,-23.571931215914564,553.6365350365893,60.7313331441809,69.1,32.368814051990036,0.5329837560974325,56.35,25.14999999999999,-0.38596431618116,-1.1805546760493815,37987.0,11.949181258234661,116,attack,1
1048.3102195545728,750.0,3471.5383372215015,3.3115563241351964,0.0,0.0,26.545305986884575,1260.59798561805,1.600589690938767,1.0,6.7777874134286815,4.23455645865957,0.0,0.0,17.9314674894907,449.22173774960703,59.15689408990526,67.35,33.22362131381657,0.561618756781316,58.4,26.400000000000006,-0.34229959132621535,-1.2487033055996826,748.7076862775805,750.0,30.51662078674242,0.04075905903739914,0.0,0.0,-23.571618631191008,553.6217886439214,61.52077093179066,70.1,32.68923719055694,0.5313528536045194,56.35,25.14999999999999,-0.40129874379090874,-1.1634901689796535,37986.0,11.954504905670666,117,attack,1
1061.0861861533413,750.0,3558.674608559141,3.3538035411242872,0.0,0.0,26.110010560528945,1221.5890194825718,1.6272831674505086,1.0,6.957890594111071,4.275771256831787,0.0,0.0,17.611728680721153,433.41524965615844,59.28324967697706,67.3,33.47950708379784,0.5647380544457531,58.95,26.60000000000001,-0.33237129393141346,-1.249854572963245,748.6577195298061,750.0,31.09991981922635,0.0415409058210989,0.0,0.0,-23.12632833881756,532.8276151232461,61.7450133579241,70.15,32.950861062444226,0.5336602791133002,56.449999999999996,25.325,-0.3924811755263532,-1.163494582898375,36572.0,11.956725370693954,118,attack,1
1062.7071230039785,750.0,3575.3489950460585,3.364378498696365,0.0,0.0,26.24011583671505,1233.9597050403033,1.630524824241103,1.0,6.998729449737195,4.2923170170037865,0.0,0.0,17.66880914573031,436.1356509539868,59.88016578131226,68.1,33.86609824717301,0.5655645371934179,59.449999999999996,26.799999999999997,-0.3387934336213521,-1.2460958247739806,748.6623267542343,750.0,31.04661575128183,0.04146945110205018,0.0,0.0,-23.166354373998942,534.6805203605437,62.37499826167639,71.0,33.33240886117795,0.534387331304466,56.85,25.450000000000003,-0.40038858997780136,-1.1574782518280013,36698.0,11.965729962316626,119,attack,1
1064.3522175461314,750.0,3587.891411943198,3.3709624998152368,0.0,0.0,26.457482768612675,1255.7352243740127,1.6323783317146865,1.0,7.023310974268685,4.302501961595657,0.0,0.0,17.785320211589536,442.57372991042445,60.13467094839677,68.5,34.421226851151644,0.5724023480678802,60.698758250000004,27.25,-0.3343920001558605,-1.2568581950474869,748.6756775835402,750.0,30.891596599786688,0.04126165377709854,0.0,0.0,-23.28349462489077,540.1216637349136,62.65633568331175,71.45,33.89329275430972,0.540939593493289,58.24999999999999,25.89999999999999,-0.39800655431181775,-1.16617289951662,37068.0,11.98186680280495,120,attack,1
1063.3170928667564,750.0,3608.700336599225,3.393813906320256,0.0,0.0,26.54633394170528,1263.5854229681347,1.6292059219380888,1.0,7.043356044966739,4.323183429500443,0.0,0.0,17.900633046555196,448.94783098367685,60.73878061922404,69.3,34.83460730523802,0.5735150911839799,61.39999999999999,27.35000000000001,-0.34210792805679785,-1.2541332050573182,748.6980341034225,750.0,30.63020167505223,0.040911289037552194,0.0,0.0,-23.48363431420597,549.4816306346482,63.25974304441454,72.3,34.334609722564224,0.5427560731389307,58.599999999999994,26.0,-0.40722986066198047,-1.1636794258707481,37150.0,11.999943560895328,121,attack,1
968.2027125016785,750.0,2601.82739226309,2.6872754627389863,0.0,0.0,23.842004047652832,680.4933730395276,1.2909628038136163,1.0,3.4690974341675154,2.687217186985946,0.0,0.0,23.842101609004644,680.4971977366457,61.3762604199811,70.05,35.20759395622042,0.5736353716453952,61.724999999999994,27.5,-0.34982316749296793,-1.2482576032969848,749.9806096414663,750.0,3.7415856097759352,0.004988909795367412,0.0,0.0,-192.9559535926715,37230.00002685718,63.48594948040823,72.75,34.72359475953405,0.5469492863180656,59.325,26.25,-0.41487838070449023,-1.1726018152135136,37235.0,12.014194599923457,122,attack,1
936.0073045611688,750.0,2109.3905880363523,2.253604835942284,0.0,0.0,24.586172396559547,716.7781134434313,1.2498884799821568,1.0,2.8120527204847656,2.2498428984039522,0.0,0.0,24.596597864658936,717.1916592756653,61.39772028455035,70.3,35.940683928758354,0.5853748927841249,64.2,28.299999999999997,-0.32942554750523856,-1.2921129962355575,748.6312033009925,750.0,31.406967575367425,0.04195252273333313,0.0,0.0,-22.90136431911066,522.472487676635,63.53208410761681,73.35,35.46633629740848,0.5582429223844154,62.150000000000006,26.949999999999996,-0.3986123221069287,-1.2204053544009197,35868.0,12.016641750257769,123,attack,1
912.8601315168836,750.0,1779.8643114034444,1.9497667276211037,0.0,0.0,26.52109280385449,845.7676776853272,1.2208595765933243,1.0,2.3729324019657434,1.9436571145939263,0.0,0.0,26.52410855182925,845.9164722068716,61.92037063545771,70.9,36.33791273810863,0.5868490831884702,65.1,28.599999999999994,-0.3299376311009115,-1.295345561681993,748.6377736466802,750.0,31.331641617687996,0.04185153717941432,0.0,0.0,-22.956842034325458,525.0165961889718,64.01950914028467,74.0,35.87432821647198,0.5603655619705125,63.0,27.200000000000003,-0.3993129351468951,-1.2264797818174937,36041.0,12.025245193000165,124,attack,1
909.4143055170501,750.0,1698.096088987914,1.8672414527528864,0.0,0.0,26.18104593803505,814.3739508828282,1.2181036872747435,1.0,2.2650976896039423,1.8595278162827276,0.0,0.0,26.14151533220078,812.7202639732945,62.661287500761425,71.8,36.62828850053904,0.5845441413902317,65.64583333333333,28.650000000000006,-0.33705262159739896,-1.2898628234756824,748.6388688660937,750.0,31.319067685942613,0.04183468022890559,0.0,0.0,-22.96612865187655,525.4430652545448,64.78827679925145,74.95,36.155807772337155,0.558060957298912,63.1,27.200000000000003,-0.40714148003407896,-1.2203590081375175,36070.0,12.016718525591976,125,attack,1
903.4170845963075,750.0,1626.7924225726035,1.8007102702729345,0.0,0.0,27.982440733622926,935.6542841448037,1.2119041058142739,1.0,2.172224127129001,1.7924059475559675,0.0,0.0,27.85513803337639,929.8220288930404,63.09108656931111,72.17500000000001,37.09074614001469,0.5878920170326634,66.4938705,29.025000000000013,-0.33609470907499683,-1.2957575963963792,748.6471204188482,750.0,31.22416971563096,0.0417074598485891,0.0,0.0,-23.03645693027394,528.6783479003661,65.21474330501516,75.6,36.62700664058749,0.5616369057726673,64.05000000000001,27.549999999999997,-0.4062602241450686,-1.2277983878500494,36290.0,12.024820906511753,126,attack,1
893.4851994140571,750.0,1494.6807947460188,1.6728657572909127,0.0,0.0,30.132066940726144,1106.9231695731426,1.2005196097399187,1.0,1.9997390050492412,1.6657278971748457,0.0,0.0,29.82609437417881,1091.3201960258964,64.03810939677932,73.45,37.31137579297411,0.5826433063754787,66.7,28.89999999999999,-0.35060384841022085,-1.2820049773341797,748.6430446919654,750.0,31.271079365653193,0.04177034647870121,0.0,0.0,-23.00163934136419,527.0754123901933,66.14401873762472,76.75,36.84647538993777,0.557064358851519,63.7,27.400000000000006,-0.4202246565503033,-1.2149006447108688,36181.0,12.015835042149938,127,attack,1
895.0625707892483,750.0,1501.0375899673963,1.6770197290719144,0.0,0.0,30.41104773321431,1123.6197276053772,1.2044531616895495,1.0,2.0124467124622627,1.6708384987252625,0.0,0.0,29.92579177529811,1098.4767511229745,64.7922245842788,74.4,37.615076289173366,0.5805492330371428,66.88333333333334,28.94999999999999,-0.3595341583478701,-1.2732541097629193,748.6437194397636,750.0,31.263318242513165,0.04175994191991433,0.0,0.0,-23.00739266702055,527.340117334471,66.92432516920357,77.7,37.13647743258569,0.5549025311602949,63.85000000000001,27.450000000000003,-0.42965045112872746,-1.2049267681181337,36199.0,11.998402322306175,128,attack,1
892.944214762141,750.0,1413.6713854303373,1.5831575613118292,0.0,0.0,30.349004191076695,1113.8258983540743,1.2034342098010034,1.0,1.902170578697954,1.5806186688115602,0.0,0.0,29.57107145316475,1073.2240152403933,65.42156749544195,75.1,38.006841177739034,0.5809527749451593,67.3125,29.10000000000001,-0.36635878015192436,-1.2685553515025703,748.6468221156497,750.0,31.227605449574096,0.04171206572589994,0.0,0.0,-23.03390330048856,528.560701256258,67.57028162353232,78.55,37.51397201587791,0.5551844851688931,64.14999999999999,27.599999999999994,-0.43617245973870544,-1.1999421178144223,36282.0,11.987212267250225,129,attack,1
890.6887106996224,750.0,1357.1466260307739,1.5237047575967992,0.0,0.0,31.95212044612945,1257.2438988282938,1.2022540023697335,1.0,1.8343503755059056,1.5257594251216984,0.0,0.0,30.75852190431246,1189.8917372791202,66.17938943530687,76.0,38.3084117794556,0.5788571352249128,67.55000000000001,29.150000000000006,-0.3752284610117657,-1.2597312439647963,748.6471576975008,750.0,31.22374032861889,0.04170688422119835,0.0,0.0,-23.036776114093996,528.6930537308923,68.36362003532557,79.5,37.79170010512406,0.5528042559126614,64.3,27.599999999999994,-0.4456853167847581,-1.1893697140857722,36291.0,11.975266855577738,130,attack,1
887.9396823640086,750.0,1299.044367456787,1.462987174982734,0.0,0.0,33.87405915796886,1430.4178486598132,1.2004869680703891,1.0,1.7663383215157449,1.4713515169222375,0.0,0.0,32.0975199543727,1322.0822599854578,67.17776501692329,77.4,38.53118089852318,0.573570449817979,66.99583333333334,28.94999999999999,-0.3937352484500977,-1.2390055668741629,748.6415804327376,750.0,31.287914980752205,0.041792916394874625,0.0,0.0,-22.989168863056726,526.5018850141371,69.37370493547674,80.75,37.99642991471008,0.5477065114231666,63.800000000000004,27.400000000000006,-0.4641009728860068,-1.1669996096462285,36142.0,11.95690911837683,131,attack,1
886.1814698614543,750.0,1246.8828496563822,1.4070287994752588,0.0,0.0,34.520722267292754,1524.8540180734376,1.2000444234666963,1.0,1.708037244893921,1.4233116803790744,0.0,0.0,32.095600165871325,1368.7079640938005,68.14859567910082,78.7,38.76798014815559,0.5688742337510059,66.3,28.799999999999997,-0.4114173014297076,-1.21833050112433,748.6368659244246,750.0,31.342059090899895,0.04186550317983392,0.0,0.0,-22.949153715867,524.6636562744928,70.37909345309161,81.9,38.200620661417915,0.5427836419472925,63.25,27.25,-0.4824218814298356,-1.1425488819884007,36017.0,11.937481091732165,132,attack,1
886.894672450228,750.0,1222.8603368007819,1.3788112329307154,0.0,0.0,34.22114877532244,1527.5852574841438,1.2028695362028696,1.0,1.6879345719955434,1.4032565637366556,0.0,0.0,31.22885761236266,1330.8767570659418,69.06476368074992,79.8,38.9717599341175,0.5642784809090704,66.1,28.75,-0.4234217338863017,-1.2020479794110202,748.6348570793015,750.0,31.36510120421049,0.041896394360499356,0.0,0.0,-22.932166214788023,523.8842473026659,71.33183525428207,83.0,38.370657253972446,0.5379177069703818,63.112500000000004,27.150000000000006,-0.49428420936592576,-1.1249478126828094,35964.0,11.91010741634549,133,attack,1
890.4883151569107,750.0,1240.7561239421932,1.393343520429645,0.0,0.0,34.08675486781114,1525.7349272848805,1.2095203650122412,1.0,1.7228959057032,1.4244455534122098,0.0,0.0,30.66646901268297,1298.7443498003727,69.87252977451202,80.8,39.28227035097825,0.5621990570220855,66.15,28.787499999999998,-0.43563067803569183,-1.1881056071827842,748.6340974849767,750.0,31.37380955775575,0.04190806919315527,0.0,0.0,-22.925752565873758,523.590130711667,72.19365512346985,84.0,38.633846439463,0.5351418538566736,63.05,27.150000000000006,-0.5070990377039748,-1.1068219010560516,35944.0,11.889290559714464,134,attack,1
892.5935459085671,750.0,1249.9113918169246,1.4003141716027594,0.0,0.0,34.12509677364339,1540.5780720685525,1.2138466604467373,1.0,1.746396581569592,1.4387291562237838,0.0,0.0,30.26403650446268,1280.3950935227801,69.70028359204326,80.35,40.14410889276956,0.5759533078478359,68.75,29.55000000000001,-0.4217886785474167,-1.2189780862220871,748.652763295099,750.0,31.159105478165536,0.04162023705225201,0.0,0.0,-23.08492222584004,530.9136341730837,72.03967246397013,84.25,39.53206970430624,0.5487541565944484,65.25,27.799999999999997,-0.49448554078692164,-1.1382274194680349,36442.0,11.914513947927775,135,attack,1
893.3387623924175,750.0,1222.815741154115,1.3688152721363365,0.0,0.0,35.1869929278053,1681.3118814215243,1.216472382612485,1.0,1.7252560002018817,1.4182451035154104,0.0,0.0,30.505368491353074,1345.7730339521654,69.98664089666627,80.45,40.70083897723994,0.5815515426341696,70.05000000000001,30.099999999999998,-0.41562985039469463,-1.235094303922586,748.6628173003595,750.0,31.04283897404056,0.04146437923280266,0.0,0.0,-23.172031243735532,534.943031960656,72.33627688920362,84.85,40.10198144501446,0.5543827132054094,67.2125,28.150000000000006,-0.4877961258422278,-1.1571908324183877,36716.0,11.91738766012475,136,attack,1
886.6387171665361,750.0,994.2222845704912,1.1213386752924166,0.0,0.0,29.44273618670058,1231.4370255532835,1.209108333558297,1.0,1.4575330651750382,1.2054611027993245,0.0,0.0,23.850646419695057,858.7058115377112,70.17514039011515,80.3,41.295760500313904,0.5884670877855602,72.03333333333333,30.799999999999997,-0.405816224021495,-1.256391654776736,748.6746213859568,750.0,30.90577180509465,0.041280645720141354,0.0,0.0,-23.275563131328536,539.7518390804598,72.54339403193586,85.2,40.706233256381715,0.561129428800389,68.975,28.599999999999994,-0.4781524195862715,-1.1802955456659734,37043.0,11.935358047757596,137,attack,1
888.5978349120433,750.0,994.0692535811952,1.1186942107276143,0.0,0.0,29.337680409264323,1241.655338716659,1.2135859269282814,1.0,1.4764216319566006,1.2165777463270238,0.0,0.0,23.251341109854053,827.1912790059956,71.08216150434097,81.6,41.565274157121095,0.5847497216946999,71.75,30.650000000000006,-0.41915258410592193,-1.2435526330074143,748.6712855209743,750.0,30.944569340835727,0.041332651511140135,0.0,0.0,-23.246165203297068,538.3841966589791,73.48307826895807,86.4,40.955066104271275,0.5573400988234347,68.5,28.450000000000003,-0.4923580564850789,-1.1648003838126024,36950.0,11.914432762778269,138,attack,1
895.6073444748756,750.0,1019.0357011371055,1.1378152573487437,0.0,0.0,28.76610185179012,1203.2929567055853,1.2257280196746967,1.0,1.5307825991853228,1.2488762389486587,0.0,0.0,22.395914136274296,771.121104355893,70.47917753319774,79.8,42.342460222107924,0.600779715429616,79.9375,32.15,-0.3919056723805338,-1.2945534970275971,748.6279134760495,750.0,31.444615578237226,0.0420029964314752,0.0,0.0,-22.873735732673257,521.2077863681732,72.97097890752333,85.65,41.75254275531951,0.5721801102357804,73.3875,29.14999999999999,-0.4677773110272086,-1.2184195986139108,35782.0,11.934089724447402,139,attack,1
891.78292554518,750.0,961.3089524929015,1.0779629492291722,0.0,0.0,28.60701242363151,1257.9673767905233,1.222200670564438,1.0,1.4834019645095087,1.2137139180462424,0.0,0.0,21.45528483699595,737.0935227398127,70.65791682985474,79.8,42.915171352710665,0.607365363686719,82.22161,32.949999999999996,-0.3804636552612499,-1.3157513381477215,748.6395854692565,750.0,31.310837796221705,0.041823647057877236,0.0,0.0,-22.972210951995322,525.7224760229736,73.16807218534733,85.85,42.36032111168438,0.5789454313403036,80.14999999999999,29.699999999999996,-0.4571127449673052,-1.2426265227265294,36089.0,11.96017511614961,140,attack,1
891.2320374965536,750.0,967.818609222649,1.0859333692056503,0.0,0.0,28.73879187085559,1267.0214968612545,1.223132065067549,1.0,1.5126084573072458,1.2366681411656968,0.0,0.0,21.19640785501202,713.0854550020995,71.0751430675327,80.15,43.37410550299795,0.6102570270141511,84.30179175,33.449999999999996,-0.3762723624031238,-1.3262249500691843,748.6463744141164,750.0,31.23276117766786,0.04171897740386484,0.0,0.0,-23.030072324906826,528.3842312904391,73.60823133471189,86.25,42.83873584702997,0.5819829531324202,81.4736185,30.049999999999997,-0.4535396987865954,-1.2547784765250376,36270.0,11.969725392868018,141,attack,1
892.1900923869836,750.0,983.7332548237297,1.1026049977665966,0.0,0.0,28.784072892135477,1265.431170597815,1.2260328426131535,1.0,1.5527334428773076,1.266469697147613,0.0,0.0,20.981885992805097,691.2909831718889,71.46032700790269,80.6,43.83620960043918,0.6134342149818515,86.37289999999999,34.0,-0.36992524954231776,-1.3394898363592689,748.6540559804808,750.0,31.144181106414504,0.04160023025004022,0.0,0.0,-23.096067592954377,531.4283382583169,74.0254165401486,86.6,43.30512847603524,0.5850035096060306,84.205491,30.549999999999997,-0.44770034764754285,-1.2693111197283933,36477.0,11.982743864832816,142,attack,1
894.3062253397633,750.0,999.8654333180216,1.1180347458032671,0.0,0.0,28.610251293054354,1247.485189312362,1.2306554142919772,1.0,1.5945327211846043,1.29567765490389,0.0,0.0,20.63574054641249,661.6617192468076,72.2224270021402,81.5,44.110774491936496,0.6107628381226976,87.25192799999999,34.1,-0.37407952856894194,-1.3376356119925052,748.6547566856642,750.0,31.136088279931613,0.04158938148977078,0.0,0.0,-23.10211568339338,531.7077490488898,74.83516579184021,87.55,43.546438193332804,0.5818980653354946,85.04800350000001,30.549999999999997,-0.4520541178962822,-1.266414426735433,36496.0,11.970351312439185,143,attack,1
895.2910791793599,750.0,1008.414328038021,1.126353597717462,0.0,0.0,28.71402494063589,1256.0034715823842,1.2331437198393227,1.0,1.6243451310811208,1.3172391059922612,0.0,0.0,20.510377949240382,647.8318938893188,71.87760389868276,81.05,44.898615516871104,0.6246537597463502,90.5888275,35.55,-0.3465114824488377,-1.3768048605089291,748.6764079475912,750.0,30.88497314096228,0.041252766633357425,0.0,0.0,-23.29135313189298,540.4871307145406,74.51221629994878,86.6,44.378129532346776,0.5955819291926938,88.45,31.89999999999999,-0.42510966390552946,-1.3102611350107667,37093.0,12.00010942402716,144,attack,1
890.0417248415853,750.0,896.2075374885577,1.0069275546020833,0.0,0.0,26.000826017431823,1183.586180262904,1.2277682311244764,1.0,1.528756696902702,1.2451508828360538,0.0,0.0,18.249875262148443,532.5767836294403,72.40622426180094,81.725,45.25277299528862,0.6249845708245616,92.05416666666667,35.875,-0.3423768651881726,-1.384262920509221,748.6817742455161,750.0,30.822415148680726,0.04116891342752668,0.0,0.0,-23.338974088207436,542.7077114900184,75.06425279720224,87.05,44.73286058014522,0.5959276075257554,89.35,32.324999999999996,-0.42110988498488444,-1.3191246803952767,37244.0,12.010249934403909,145,attack,1
891.2060643398602,750.0,912.4486313806639,1.023835752348183,0.0,0.0,25.942840875087708,1176.3361389818513,1.2310020625184153,1.0,1.5722481248503506,1.2772099842252136,0.0,0.0,18.13785953865206,518.632207811175,73.03788274893016,82.5,45.562667891487806,0.6238224079976524,92.865385,36.05,-0.3422125969316952,-1.3866119548667413,748.6849168296145,750.0,30.785720801586958,0.041119728886688876,0.0,0.0,-23.366996611693644,544.0165306509023,75.74310409072403,87.85,45.03388923131941,0.5945609144481119,90.44999999999999,32.55,-0.4214538846526121,-1.3215186314321297,37333.0,12.006060170685048,146,attack,1
898.2255051414951,750.0,957.3328266038526,1.0658045458785392,0.0,0.0,25.696172530738778,1148.6027337915568,1.2436874636214972,1.0,1.6572611707220535,1.3325382937416366,0.0,0.0,17.877901481128028,500.3525371724496,72.99600236876438,83.95,46.57835020984531,0.6380945352943956,96.4,36.64999999999999,-0.3264672579697607,-1.4413506618328222,748.6392084037806,750.0,31.315168508281587,0.04182945290168621,0.0,0.0,-22.96900994217359,525.5754177236693,75.79300640500014,89.7,46.04469653932019,0.6075058732105206,93.4899305,32.55,-0.408296622631996,-1.3775260304425165,36079.0,12.027353977637736,147,attack,1
899.9381898454747,750.0,971.5627882889986,1.0795883531243655,0.0,0.0,26.12054653162992,1194.9794742916372,1.2475993377483443,1.0,1.6986497294873424,1.3615346514635458,0.0,0.0,18.003270494081402,506.46495130518815,73.38415509425772,84.57499999999999,47.0765614636336,0.6415085300521137,97.5055615,37.025000000000006,-0.32292911121143986,-1.4494744541096292,748.6452538631347,750.0,31.245661678406265,0.041736271641573126,0.0,0.0,-23.02049209677539,527.9430563776981,76.19916986437639,90.07499999999999,46.55105234927023,0.6109128541967641,94.74345175,33.125000000000014,-0.40497489150120225,-1.386396251903887,36240.0,12.02798644221306,148,attack,1
902.3908439051296,750.0,991.1793037949178,1.0983924654039627,0.0,0.0,26.27749893700861,1212.3697387870168,1.2526751241036955,1.0,1.7469932448321883,1.394609992021821,0.0,0.0,18.012177812075038,504.04870561248,74.11214751164411,85.5,47.37584056121907,0.6392452809949358,98.0,37.099999999999994,-0.3263154151951722,-1.4480821653513234,748.6460011031439,750.0,31.237059569001897,0.04172473976081286,0.0,0.0,-23.026879358391277,528.2371729859054,76.97242876392718,91.0,46.83321584154117,0.6084414457698568,95.65,33.2,-0.40921800837924344,-1.3837831261131248,36260.0,12.023084424319991,149,attack,1
904.5911742621151,750.0,1030.8279533801192,1.1395511947383046,0.0,0.0,26.005799789818845,1174.8161994839393,1.2598625310460347,1.0,1.8339942278396937,1.4557097958274627,0.0,0.0,17.67233539712099,477.81489727112057,73.2661548755498,84.05,47.52801862868498,0.6487036027674207,98.6875,38.60000000000001,-0.2876877140714133,-1.467186158390516,748.5821059319586,750.0,31.964184543605555,0.042699637475051934,0.0,0.0,-22.49906331515615,504.20785005940564,76.02499422382024,88.25,46.997501673861635,0.6181848766143848,96.15223375,35.5,-0.3644637353052613,-1.413968013672138,34626.0,12.020997501735934,150,attack,1
907.7018825104018,750.0,1045.7753559857779,1.1521132390884887,0.0,0.0,26.131539619992964,1198.8346858377558,1.2663446710698594,1.0,1.88202701582508,1.4861886015874866,0.0,0.0,17.62367287761484,474.01449273246027,74.3515644463802,85.6,47.83820244874527,0.643405458983241,99.4,37.95,-0.3074666110510041,-1.456294075981053,748.5715033896826,750.0,32.083234719764484,0.04285927873888484,0.0,0.0,-22.414915860598867,500.42845303772685,77.16619379990689,89.85,47.2667842118861,0.6125322746182037,96.648889,34.85000000000001,-0.3855792174504076,-1.3984016013093656,34369.0,12.006494217706361,151,attack,1
907.4311342254426,750.0,1058.6397654483183,1.1666337262628121,0.0,0.0,26.559866103743094,1242.017032160124,1.2681587097528195,1.0,1.9272307624643579,1.5197078627800458,0.0,0.0,17.71001001151044,476.10731987125683,75.3558119301602,86.9,48.07771320187851,0.6380093581426335,99.536599,37.599999999999994,-0.3219696359012282,-1.443828825486011,748.565534973412,750.0,32.15005535429159,0.042948885371049725,0.0,0.0,-22.367957442749177,498.32552016063744,78.21186850601883,91.25,47.4907353368688,0.6072062494353287,96.865527,34.45,-0.401450086609378,-1.382656067872728,34226.0,11.996786600008898,152,attack,1
910.8283372433168,750.0,1080.3811133128145,1.186152284834111,0.0,0.0,26.58716293806727,1242.2795176472493,1.2741043241521128,1.0,1.975300584291789,1.550344463045682,0.0,0.0,17.728386047600125,473.5667393582908,75.47859883571353,87.2,48.643549934734686,0.6444681099686559,100.5,38.45,-0.3097829702474516,-1.4586809852835416,748.5780403741999,750.0,32.00988723270148,0.042760922049891216,0.0,0.0,-22.466685856165913,502.75197335964486,78.376529729545,91.45,48.06130434243188,0.6132104152643362,97.7428125,35.25,-0.39000691970930224,-1.3984069878286414,34527.0,11.98901587370094,153,attack,1
912.4797258045777,750.0,1095.0444656226223,1.2000753930801786,0.0,0.0,26.91071765059766,1279.1048039583804,1.2784071104914605,1.0,2.0219722802533164,1.5816341004830659,0.0,0.0,17.78785626282048,475.16617867228587,76.39950861906557,88.375,48.920158189422494,0.6403203250081431,100.53932850000001,38.225,-0.3219842052531096,-1.447946724260434,748.5739514348786,750.0,32.05578652143128,0.04282247126016906,0.0,0.0,-22.43426167032159,501.2960966924602,79.34151049360986,92.7,48.29964165579058,0.6087562658601089,98.05,35.0,-0.40323229316423165,-1.3838099460554576,34428.0,11.964114118960032,154,attack,1
913.0819464804116,750.0,1113.1751511400396,1.2191404675461082,0.0,0.0,27.145635469075277,1296.5043555579555,1.2804748354459488,1.0,2.06560173909639,1.6131529350805291,0.0,0.0,17.891280154444342,477.188245345045,76.3343536082738,88.55,49.580918156080166,0.6495229973455378,101.70100000000001,39.35000000000001,-0.305685406240183,-1.4678314531289496,748.5888304446552,750.0,31.88844648842264,0.042598079468379436,0.0,0.0,-22.552922455799564,506.6343112973088,79.31787900258688,92.8,48.9930501321261,0.6176797810053423,99.43126550000001,35.95,-0.38831137210521594,-1.4054590493046828,34791.0,11.99089351036154,155,attack,1
913.7723730949925,750.0,1124.862125557947,1.231009120737567,0.0,0.0,27.635489117405328,1347.7047355655948,1.2830869714678583,1.0,2.1065257790758047,1.6417638288898904,0.0,0.0,18.038356996201156,483.5859595457414,76.83142411687308,89.2,49.968232085705466,0.6503619145428785,102.325673,39.85000000000001,-0.30238842387523945,-1.4732278947548036,748.5935602154234,750.0,31.835066382790327,0.042526503131591356,0.0,0.0,-22.591035676923575,508.35489295603395,79.84320407766128,93.5,49.39770062110061,0.6186838465682418,100.39036924999999,36.25,-0.38570381092939665,-1.4121704357663811,34908.0,11.996386754130725,156,attack,1
913.2903812283392,750.0,1133.319440142042,1.2409190586435086,0.0,0.0,28.197053155641562,1414.6003378603964,1.2837906937105845,1.0,2.1418301176248633,1.6683639538110826,0.0,0.0,18.228669544508787,494.1890112638605,76.93229538618753,89.4,50.53638474382752,0.6568942794458834,103.80000000000001,40.94999999999999,-0.28990158587740966,-1.4879076592157663,748.6053065166752,750.0,31.702106003357017,0.042348225062509424,0.0,0.0,-22.686524767698117,512.6784060353806,79.97601748448953,93.8,49.99614314633822,0.6251391944595693,101.4933935,36.9,-0.3740109709499894,-1.4290133876421214,35202.0,12.02180331127432,157,attack,1
913.709933174765,750.0,1147.325859875586,1.2556784360317745,0.0,0.0,28.704497409141894,1465.61064896483,1.2860176690451919,1.0,2.1850609423815515,1.699090918403833,0.0,0.0,18.38142722247557,500.73468311317794,77.3766881017646,90.0,50.98485087375937,0.6589174611183267,104.64999999999999,41.44999999999999,-0.28756507121718056,-1.4927653062615451,748.6098085853438,750.0,31.650996338384456,0.04227969761469689,0.0,0.0,-22.723443189005092,514.354870363942,80.4497723350606,94.57499999999999,50.476632107573955,0.6274303909443865,102.30337250000001,37.17500000000001,-0.37303668894278774,-1.4344141376611674,35316.0,12.030439131190533,158,attack,1
912.0598304895728,750.0,1163.2573425604226,1.2754178000976237,0.0,0.0,29.930253231031852,1613.7609404476968,1.2846269655403144,1.0,2.2231586929949128,1.730586973985753,0.0,0.0,18.84898932847709,535.3206278562292,76.84562599470847,89.25,51.79914588309659,0.6740675895679924,107.4,43.44999999999999,-0.25981172063528973,-1.5203417813707982,748.6312033009925,750.0,31.40696757536742,0.04195252273333312,0.0,0.0,-22.901364319110673,522.4724876766352,79.95140338201183,94.4,51.39374336315978,0.6428122733205556,104.35,38.54999999999998,-0.3470651430032929,-1.4681019464112794,35868.0,12.0698986605383,159,attack,1
912.6267954501425,750.0,1185.8197315031452,1.2993479233954046,0.0,0.0,30.391142390301038,1662.1813832055204,1.2867185121633964,1.0,2.271668821689332,1.765474577551473,0.0,0.0,19.023535889920943,545.5972747158124,77.00175306255237,89.3,52.29709879929721,0.6791676386486118,108.8,44.64999999999999,-0.24783518234494736,-1.532338579408445,748.6412420778789,750.0,31.291803985716033,0.041798130034707386,0.0,0.0,-22.98629009960861,526.3695325433648,80.1509610192345,94.8,51.92891256572139,0.6478888325900368,105.519165,39.35000000000001,-0.3360233371625219,-1.4829706986774804,36133.0,12.089691269801586,160,attack,1
912.4631503487827,750.0,1176.737856540619,1.28962781246653,0.0,0.0,30.451639954701015,1737.7229809615926,1.288069701397888,1.0,2.2930921187082114,1.7802546835932984,0.0,0.0,18.96985148210138,547.1974947113965,77.45702242398845,89.85,52.678689953454096,0.680102181892542,109.432283,45.25,-0.24312678367315607,-1.5378165401491295,748.6463370922827,750.0,31.233190936953363,0.041719553532128445,0.0,0.0,-23.029753048176016,528.3695254599726,80.64934107182442,95.45,52.32538218455549,0.648801112187088,106.5,39.8,-0.3323613646073656,-1.4893653845167538,36269.0,12.098472148008268,161,attack,1
914.2798153727094,750.0,1204.3002216573987,1.3172118660045682,0.0,0.0,30.636899644686594,1746.499991364585,1.2925015892319174,1.0,2.3519156075986785,1.8196616756164523,0.0,0.0,19.00678858107384,546.6468817274427,78.44322027691656,91.0,52.83563149596667,0.6735525557141689,109.486203,45.0,-0.25074786345249295,-1.5322486721380815,748.6430446919654,750.0,31.271079365653193,0.04177034647870121,0.0,0.0,-23.001639341364204,527.0754123901935,81.69537624689754,96.65,52.442640329170466,0.6419291120060424,106.6,39.5,-0.34086607497439697,-1.4815834494429196,36181.0,12.085982635144275,162,attack,1
913.75506268081,750.0,1188.4284711837681,1.3005985079821178,0.0,0.0,30.444912355005663,1819.3198332706124,1.293401294944207,1.0,2.3682042781907975,1.8309895679306194,0.0,0.0,18.87867940295988,544.3736135316332,78.95447903306669,91.7,53.215297493646155,0.6739997292789331,110.29999999999998,45.499999999999986,-0.2480120161463809,-1.536253847714309,748.6473067915691,750.0,31.222022957697412,0.04170458194994874,0.0,0.0,-23.03805280515319,528.7518770530268,82.24894579495796,97.4,52.813780419727365,0.642121061969465,107.5,39.849999999999994,-0.33891528690620976,-1.4853152858718333,36295.0,12.087216795331575,163,attack,1
913.8291628816032,750.0,1214.6002765970918,1.3291327590893014,0.0,0.0,30.828383287878516,1859.427123942968,1.2952624769455225,1.0,2.4237938734666313,1.8712762213126117,0.0,0.0,18.99219816225013,551.2618055231623,79.63540756375419,92.55,53.52806361781332,0.672164119646905,111.01483300000001,45.7,-0.24982703820985094,-1.5358792181859293,748.6484983620999,750.0,31.208294184185814,0.04168617749513104,0.0,0.0,-23.04826378779425,529.2224636317476,82.96735235975996,98.35,53.12525645562928,0.6403151956117571,108.5,39.95000000000002,-0.34165194325576054,-1.4842986972805183,36327.0,12.083036024633632,164,attack,1
913.083349353253,750.0,1232.912769114993,1.350274068614085,0.0,0.0,31.101141249662035,1890.7708574153373,1.2959108010875238,1.0,2.4713921422138863,1.9070696379256216,0.0,0.0,19.067808714723636,553.8760833440426,80.17064679661488,93.25,53.91513814062905,0.6725047170619255,111.96204000000002,46.150000000000006,-0.24865961151278496,-1.5388501221649131,748.6516903303765,750.0,31.17148765302928,0.0416368360021647,0.0,0.0,-23.075683415156163,530.4871650765134,83.53328603377913,99.15,53.53012911711078,0.6408239356879161,109.480363,40.25,-0.34154916255333084,-1.4872572471287577,36413.0,12.088751138420687,165,attack,1
912.4126110759581,750.0,1257.1534297912506,1.3778343421938881,0.0,0.0,31.37667510463569,1907.8529310400993,1.2969820352691959,1.0,2.52709915281959,1.9484457641659443,0.0,0.0,19.128764064523256,554.3314210525563,81.06040772735129,94.45,54.168988958786116,0.6682545829399831,112.3,45.91666666666667,-0.2564333562953756,-1.5338785634324945,748.6493163498308,750.0,31.198866150860724,0.04167353855737983,0.0,0.0,-23.055281215077663,529.545991906313,84.43773988604912,100.3,53.78886038085991,0.637023923821852,110.1,40.05,-0.3500199623235891,-1.4808763267720455,36349.0,12.086035485260515,166,attack,1
914.3939760360558,750.0,1281.8983133218758,1.4019102781920871,0.0,0.0,31.443839945959958,1911.497846735089,1.3013630867318897,1.0,2.581161683365418,1.9834293055349246,0.0,0.0,19.147130678096804,553.7349549116293,81.75009504558851,95.32499999999999,54.480715519962104,0.6664299960701031,112.90112725,46.15833333333332,-0.25843251451879135,-1.5332188057228977,748.650763988128,750.0,31.182173797794864,0.04165116139290996,0.0,0.0,-23.06771595337345,530.1195193055198,85.16464405205012,101.2,54.08003874567818,0.6350057508914856,110.599199,40.2,-0.3525329701604975,-1.4789547329336254,36388.0,12.073546868280744,167,attack,1
915.0414084352548,750.0,1305.3672990921834,1.4265663685366943,0.0,0.0,31.582286583815222,1921.7282743601609,1.303872100038392,1.0,2.633335114851931,2.019626859700728,0.0,0.0,19.19081123195015,554.4378614972165,82.32043025506121,96.05,54.85077699109699,0.6663081913098318,113.18068149999999,46.500000000000014,-0.2586596195664034,-1.5335695788075387,748.6536499753195,750.0,31.14886931222996,0.0416065149929568,0.0,0.0,-23.092565342916572,531.2665741168713,85.76188394899359,102.0,54.46898358394688,0.6351187855940993,111.32229000000001,40.44999999999999,-0.35366155677059824,-1.4791314393046529,36466.0,12.07372652915763,168,attack,1
915.338355304457,750.0,1329.7277487165336,1.4527171739397327,0.0,0.0,32.137960159236954,1998.6593754445107,1.3056851988318459,1.0,2.684285963602721,2.055844675274151,0.0,0.0,19.37238185694958,569.3612671392668,82.70800501398502,96.6,55.27828378014636,0.6683546988081674,114.0433395,47.150000000000006,-0.2535972743625037,-1.5389806704064095,748.6600070962636,750.0,31.07538085873859,0.04150800171531385,0.0,0.0,-23.147584818425482,533.8106829262018,86.15885270883486,102.65,54.92567737320904,0.6374931379230968,112.525,41.0,-0.3486426192037072,-1.4861251791075805,36639.0,12.071692412995029,169,attack,1
917.0962502725092,750.0,1356.367504868677,1.4789805371744147,0.0,0.0,32.11385821769541,1991.2012598097378,1.309706780030521,1.0,2.7394842368477,2.091677525548016,0.0,0.0,19.37106844491421,567.7455340179489,83.34642114706394,97.42500000000001,55.61381283668199,0.6672609581946172,114.82509850000001,47.42499999999998,-0.254906442346579,-1.5383675526353329,748.6620885110094,750.0,31.051281582228754,0.041475696524163094,0.0,0.0,-23.16568400299787,534.6489153267511,86.8412555103826,103.55,55.24514546387478,0.6361624453629618,113.29999999999998,41.14999999999999,-0.35054424711808524,-1.4845032392479742,36696.0,12.06313479334429,170,attack,1
919.0874171465827,750.0,1379.315754074264,1.50074490014945,0.0,0.0,32.16501049911403,1998.8977717168389,1.3138922090622622,1.0,2.7901153094986895,2.123549626258932,0.0,0.0,19.395580823318287,568.3928840231911,83.88204544621519,98.07499999999999,55.964919106879506,0.6671859133759914,115.44999999999999,47.875,-0.2525080129996158,-1.5409226063518338,748.666304465935,750.0,31.00241009691553,0.041410184900776664,0.0,0.0,-23.202473829718087,536.3547918187522,87.40838369909268,104.3,55.59299600975132,0.6360144605937655,113.9,41.55,-0.34837943457604337,-1.4873134691824756,36812.0,12.052431468724997,171,attack,1
921.1103337943002,750.0,1404.0711086859085,1.524324564791455,0.0,0.0,32.12323025123705,1993.8755378840087,1.3182298869275197,1.0,2.843311110515208,2.156915981583675,0.0,0.0,19.38851372849244,566.791301267477,84.50883145459696,98.9,56.3026833645769,0.6662343141595322,115.85000000000001,48.099999999999994,-0.25353186793591903,-1.5405528485650692,748.6687274600721,750.0,30.974287518074693,0.04137248743266976,0.0,0.0,-23.223696574146636,537.3400825680301,88.06502203826024,105.15,55.92427291662707,0.6350338831724872,114.2672525,41.75,-0.3495856498201276,-1.4865770068775992,36879.0,12.036178648144984,172,attack,1
923.6964590501476,750.0,1436.6053717725395,1.5552786390994988,0.0,0.0,31.984516807710964,1963.8193930398647,1.3233995285958116,1.0,2.904037988770079,2.194377378879225,0.0,0.0,19.360028797086045,562.8636114365665,85.12677973346186,99.8,56.70936702267355,0.6661754056741568,116.65,48.250000000000014,-0.2574923466955366,-1.5380699557649058,748.669881607109,750.0,30.960882815711198,0.041354518962683495,0.0,0.0,-23.233825969884386,537.810669198874,88.72665860678387,106.1,56.32498133413281,0.6348146342775305,114.75,41.849999999999994,-0.3544790495272968,-1.4823733060317084,36911.0,12.02368420927883,173,attack,1
922.9896529424445,750.0,1442.3961935459033,1.562743622257971,0.0,0.0,32.5330806153956,2042.5966437019065,1.3237497305453763,1.0,2.9376154767517453,2.21916228495961,0.0,0.0,19.51489182723929,571.9155776374188,85.39577835799467,100.2,57.23200842678299,0.6701971634576124,117.6,48.85000000000001,-0.25186444874329267,-1.5444966759505074,748.6770855787885,750.0,30.87708065133151,0.04124218738104026,0.0,0.0,-23.297350526127417,540.7665415372495,88.99997737270964,106.6,56.88168686271401,0.6391202395985759,116.32068724999999,42.55000000000001,-0.3488671488970157,-1.4903869131219285,37112.0,12.029942240219704,174,attack,1
925.7809925118763,750.0,1463.4955620439569,1.5808226501530624,0.0,0.0,32.57421730530617,2052.8857751085625,1.3288869803269008,1.0,2.985565257571678,2.2466660459245684,0.0,0.0,19.54074802176325,573.0830796745794,85.8488099564595,100.85,57.61276276077643,0.6710956481516315,118.35,49.30000000000001,-0.24757029071213435,-1.5485726802501494,748.6823049464559,750.0,30.816221514077824,0.04116061153105753,0.0,0.0,-23.343699342383143,542.9282989875792,89.49883966257816,107.2,57.25143384555766,0.6396891184444709,117.05123699999999,43.05,-0.3448259511261855,-1.4950075565745955,37259.0,12.02818576492024,175,attack,1
925.6318226314257,750.0,1478.1008609372414,1.5968561417165121,0.0,0.0,32.898859404306165,2086.9989102377376,1.3291001931370214,1.0,3.0188677552049823,2.2713620619373103,0.0,0.0,19.702879544253186,581.155738210409,85.39172175219244,100.4,58.37625902097643,0.6836290195715325,120.54999999999998,50.79999999999998,-0.223774292077985,-1.5691048910921188,748.7010609307617,750.0,30.596515574235873,0.04086613091772468,0.0,0.0,-23.512550640482207,550.8400376212402,89.02969848109637,106.85,58.08011882313343,0.6523679155834224,118.929566,44.900000000000006,-0.32012085955129743,-1.5215836273523942,37797.0,12.05645119802941,176,attack,1
926.5787010255062,750.0,1492.4574745995205,1.6107185206693384,0.0,0.0,33.155508329507676,2124.39473668279,1.3315277412569024,1.0,3.0587210304823205,2.297151561855576,0.0,0.0,19.793703189732994,586.0295002371587,85.57686595083969,100.7,58.904214515303714,0.6883193706712946,122.00000000000001,51.474999999999994,-0.21585629597257971,-1.5758123672815314,748.7090191953721,750.0,30.50281150162136,0.0407405423463475,0.0,0.0,-23.585302566371755,554.2664971473022,89.256726388325,107.0,58.62541885004221,0.6568179365550937,119.8015,46.0,-0.31306406804497244,-1.5292544272196036,38030.0,12.062837267791075,177,attack,1
925.1149350139909,750.0,1509.8102946604306,1.6320245598862773,0.0,0.0,33.62468606176989,2187.945306711012,1.3307879390151416,1.0,3.1017038943596336,2.330727385953821,0.0,0.0,19.942722562020727,596.2742162148403,85.79915986584089,101.0,59.412159660107534,0.6924561936621155,123.101,52.05000000000001,-0.20848221553584148,-1.5828669910285278,748.7160752111719,750.0,30.41948774503877,0.04062886954371735,0.0,0.0,-23.650370330107833,557.340016751245,89.4906421445906,107.45,59.189959319282366,0.6614094826099111,121.4554,46.8,-0.3061426003458677,-1.5389758081020875,38239.0,12.082378777945708,178,attack,1
924.3112326505341,750.0,1517.3720928438095,1.6416246381563788,0.0,0.0,34.03247167787054,2247.1103003154203,1.3301171250193489,1.0,3.1286825318206337,2.3521857383612903,0.0,0.0,20.11342236447718,606.1373589680261,85.385080539669,100.525,60.10698012031382,0.7039517880689795,125.75,53.275000000000006,-0.18535627259220014,-1.5995988660501486,748.7333986894381,750.0,30.213934986124663,0.040353395533056606,0.0,0.0,-23.812416281073002,565.0311691431106,89.07033216949588,107.0,59.96331482347992,0.6732131043294312,123.66747624999999,48.80000000000001,-0.2827692537037395,-1.5616759819703152,38762.0,12.114720113831323,179,attack,1
924.9894066717596,750.0,1530.1748791973882,1.6542620576630926,0.0,0.0,34.27910663807812,2281.204720855435,1.3314489432136491,1.0,3.160295524353871,2.373576200921404,0.0,0.0,20.245602497201194,613.3481641492658,85.08811177056019,100.15,60.69086367676047,0.713270777948548,127.40100000000001,54.400000000000006,-0.16242881604659393,-1.6147944991908962,748.7497835497835,750.0,30.0182150682529,0.04009111685607188,0.0,0.0,-23.968765813144746,572.5017346053767,88.78641663086326,106.7,60.588525631435154,0.6824076016417789,125.37357150000001,50.14999999999999,-0.25936956918335197,-1.5821671099801589,39270.0,12.138141015383262,180,attack,1
930.7161447312739,750.0,1577.7757493767087,1.6952276570127198,0.0,0.0,33.83770533115635,2224.2416117470516,1.3446360558611934,1.0,3.2693295110080367,2.431386170820879,0.0,0.0,19.904298929665117,592.1461032329929,85.27616326138178,101.75,62.09177192922909,0.7281257687322339,130.60740412500002,55.6,-0.13857684045725563,-1.6645989604542732,748.7014388489208,750.0,30.592072339350345,0.040860175701523484,0.0,0.0,-23.51599034278171,551.0018018018019,89.11746541300784,109.95,62.02259863823159,0.6959645715998853,128.922104,50.249999999999986,-0.2397908327556526,-1.636502593614041,37808.0,12.155566313410587,181,attack,1
932.0408387366659,750.0,1594.927358902906,1.711220466546025,0.0,0.0,34.725371280627286,2354.594136025135,1.3469462455553232,1.0,3.30589444334299,2.4543625658795505,0.0,0.0,20.203292555863396,616.6482318833821,85.06051199030492,101.1,62.6293460104693,0.736291665133731,131.838099375,56.9,-0.11887831222361585,-1.6733894116111712,748.7163773269191,750.0,30.415914959073564,0.04062408126781602,0.0,0.0,-23.65316827134341,557.4723692724865,88.91963133797844,109.5,62.60922949815038,0.7041103135051952,130.6,51.650000000000006,-0.21978645579526548,-1.6501705028011289,38248.0,12.164944791121716,182,attack,1
931.3641814389989,750.0,1613.3400196450057,1.7322332679278303,0.0,0.0,36.528256599838116,2623.4810611623925,1.3474713242961418,1.0,3.3517910901414227,2.4874674731146853,0.0,0.0,20.6860854100082,660.5405830256736,85.5215309021435,101.7,63.016887355804066,0.7368540610891312,132.75,57.249999999999986,-0.11574399244033802,-1.6760806655681781,748.7201251303441,750.0,30.37155867270524,0.04056463510636619,0.0,0.0,-23.68795944961643,559.1194228866729,89.39144368824296,110.1,63.02598466476323,0.7050561224245291,132.20000000000002,52.05000000000001,-0.2168776337051757,-1.6540329133952227,38360.0,12.180546994536192,183,attack,1
941.0901049392891,750.0,1677.9398453359756,1.7829746976717193,0.0,0.0,35.64984563505101,2497.183857366807,1.367946816109005,1.0,3.4927055948842103,2.5532466275398633,0.0,0.0,20.154583400951065,625.7627966700344,85.27745277018663,99.45,63.32079933438157,0.7425268611742446,133.45000000000002,59.3,-0.08056672135435544,-1.6861472318566522,748.6512828965441,750.0,31.176188203017585,0.041643137352809174,0.0,0.0,-23.07217807093767,530.3254009370572,89.36474125314543,108.975,63.377230402037306,0.7091972685570394,132.95311650000002,53.974999999999994,-0.1866047470039404,-1.6715177190605892,36402.0,12.151393423008491,184,attack,1
941.4886180856574,750.0,1696.493380416132,1.8019265956349388,0.0,0.0,35.82767418858352,2514.5606638013032,1.3694283143861945,1.0,3.5344402452771377,2.5809603965004517,0.0,0.0,20.23816985516452,629.3074269613351,85.38672683290791,98.95,63.76455215733838,0.7467735855728296,134.41997099999998,60.35000000000001,-0.06915769454763428,-1.6894929394307112,748.6615413974537,750.0,31.05761806075414,0.0414841905766682,0.0,0.0,-23.16092243094063,534.428327852049,89.48797421678798,108.95,63.85261580417311,0.713532922865007,134.1,54.834129000000004,-0.1750280879372817,-1.677910785410201,36681.0,12.158725345744031,185,attack,1
942.292520169561,750.0,1716.9157385897886,1.822062365814851,0.0,0.0,35.98345818568937,2536.8029223655694,1.3726787911937646,1.0,3.5889604885749242,2.6145668685197263,0.0,0.0,20.24306163030898,628.6506146654053,86.38816150656591,100.55,63.993397073240075,0.7407658174132606,134.83333333333334,59.95,-0.07865928528972828,-1.6855782845030194,748.6572952276767,750.0,31.106751510110705,0.04155005462232319,0.0,0.0,-23.124066497961152,532.722451402129,90.51962571294953,110.4,64.0697026641441,0.7077990232451705,134.417214,54.45,-0.1851486177311021,-1.6719682044015838,36565.0,12.139875207360399,186,attack,1
945.0885787999001,750.0,1747.284676770003,1.8488051976977162,0.0,0.0,36.059696960905136,2536.5493780605607,1.3799206591394568,1.0,3.6640255929420475,2.655243668304089,0.0,0.0,20.166644135863336,622.1034641481435,87.4506212325702,103.7,64.73068809186702,0.740197006945431,136.3,59.3,-0.09958226845747338,-1.6928219629326846,748.6380003883818,750.0,31.329038872047562,0.04184804786264462,0.0,0.0,-22.958763711660396,525.1048311678546,91.67312766748967,113.15,64.77064703385902,0.7065390772832641,135.9,53.150000000000006,-0.2085047748061905,-1.6731368068950259,36047.0,12.142995925077864,187,attack,1
945.1414606898478,750.0,1764.7630170083166,1.8671945845230793,0.0,0.0,36.417865922726186,2583.452229642663,1.3826560536237955,1.0,3.720549221248225,2.690871103841811,0.0,0.0,20.191044812619303,622.4182597851824,88.73376434095621,105.55,64.89973089061921,0.7313983732420546,136.30100000000002,58.55,-0.11591929422931287,-1.6854942243463236,748.6287948610529,750.0,31.43453366580635,0.04198947980840179,0.0,0.0,-22.881128041180247,521.5460204368848,93.01135045111019,115.05,64.90730010911535,0.697842787942669,135.89999999999998,52.267503999999995,-0.22626123075923685,-1.6614715661948678,35805.0,12.121554986883945,188,attack,1
947.1881039235889,750.0,1784.787255686042,1.8843007511315024,0.0,0.0,36.98350603733672,2671.844827981874,1.3868731029489572,1.0,3.7684512032231186,2.7172285591307004,0.0,0.0,20.34159894075672,635.4503383791196,89.20023475138628,106.15,65.29264114824304,0.7319783555527953,136.937763,58.94999999999999,-0.1138314625763382,-1.6860907746656257,748.6328423045863,750.0,31.38819421254646,0.041927354022996445,0.0,0.0,-22.915166120696046,523.1048383390965,93.50102637239289,115.7,65.30611288264399,0.6984534332547848,136.825464,52.64999999999999,-0.22418732643983208,-1.6625968925346386,35911.0,12.113623919234044,189,attack,1
949.0364784090274,750.0,1801.973295231518,1.8987397599851599,0.0,0.0,37.158146429762894,2705.657166084645,1.3915703033350093,1.0,3.8207840136123465,2.7456636610134124,0.0,0.0,20.34366966173967,635.360442242256,90.22049173378954,107.55,65.50011471988157,0.7260004180995873,136.878725,58.60000000000001,-0.12307703679379506,-1.6809568876698093,748.6286799620133,750.0,31.435848147931633,0.04199124210620243,0.0,0.0,-22.88016396247134,521.5019029495718,94.57122336715828,117.1,65.48228819875284,0.6924124048234831,136.86644525,52.25,-0.23427128225907845,-1.6548648598849103,35802.0,12.092455014196409,190,attack,1
949.6183773216031,750.0,1820.9063153053903,1.9175137705751368,0.0,0.0,37.371796338147206,2730.4460249534545,1.394190755481078,1.0,3.871120201577016,2.776607280143133,0.0,0.0,20.38168507818416,636.2491767773737,90.94869545318143,108.55,65.80414590585592,0.7235303989569656,137.25,58.60000000000001,-0.1265557095003816,-1.6782420201259216,748.6287948610529,750.0,31.43453366580635,0.04198947980840179,0.0,0.0,-22.881128041180247,521.5460204368848,95.33671723147604,118.05,65.78099157450953,0.6899859097811635,137.1,52.267504,-0.23833403299997188,-1.6511441576973234,35805.0,12.079672892917735,191,attack,1
951.4818309463634,750.0,1846.2965028640972,1.9404432568383705,0.0,0.0,37.39499836400223,2731.6247317123552,1.3992417860151642,1.0,3.9334144116373704,2.811104164376879,0.0,0.0,20.344191103715453,632.8546981223085,92.23348975987909,110.2,65.89274532803853,0.7144123625765855,136.996692,58.10000000000001,-0.13965731949713642,-1.671452600626519,748.6212861555742,750.0,31.520319538522465,0.042104492780842585,0.0,0.0,-22.81837820305496,518.6783838176539,96.68559920384723,119.9,65.809710221445,0.6806567964966013,137.0,51.5,-0.25233294598785866,-1.6406203016263237,35610.0,12.058197413808053,192,attack,1
952.7859525210908,750.0,1861.1299865172598,1.9533558209928183,0.0,0.0,37.88418205567112,2808.9467774726577,1.4025897586815774,1.0,3.9781811967660583,2.8363113106611553,0.0,0.0,20.4550262666609,641.3010164266717,92.79772635076291,110.95,66.24622966502744,0.7138777238423452,137.45000000000002,58.300000000000004,-0.13946286072564498,-1.6706099974003028,748.6239524650355,750.0,31.48988430315233,0.04206368791629475,0.0,0.0,-22.840601699450183,519.6930859929271,97.28878681358783,120.6,66.15774793989941,0.680014111663889,137.35000000000002,51.77427,-0.2524203565780804,-1.6397392942376923,35679.0,12.055125323420544,193,attack,1
955.3578354881855,750.0,1874.458997152849,1.9620491165961966,0.0,0.0,38.15271945916672,2847.7710688279794,1.4070998662505574,1.0,4.016802756495219,2.8546678546694997,0.0,0.0,20.538329052927892,645.5472491379174,93.02545389128392,111.15,66.68614165913912,0.7168590839349543,138.21249999999998,59.0,-0.13184574171080524,-1.6730240628673418,748.6319661168078,750.0,31.3982315896799,0.041940810719777476,0.0,0.0,-22.907784796071965,522.7666042631461,97.54891502045251,120.8,66.60764064101238,0.6828127265900102,138.04999999999998,52.55,-0.2445692324637128,-1.6441032201948893,35888.0,12.051672827128531,194,attack,1
957.0686873761479,750.0,1897.170735395139,1.9822722866384108,0.0,0.0,38.225152703800894,2854.234541274839,1.4114544084400904,1.0,4.072394432495524,2.885246883033401,0.0,0.0,20.53614294182236,644.191167894981,93.92944596827998,112.35,66.9217050555033,0.7124677928804434,138.572022,58.849999999999994,-0.13808670678572504,-1.6693360546515965,748.6297133606855,750.0,31.424023741577088,0.04197538940915263,0.0,0.0,-22.88883920901955,521.898960336351,98.50969409467191,122.0,66.80742729560907,0.6781812481460389,138.13196399999998,52.349999999999994,-0.2514475558386584,-1.6385200631536403,35829.0,12.039749097111216,195,attack,1
958.7639991058455,750.0,1917.0125474392937,1.9994623799257398,0.0,0.0,38.28296870905555,2868.5210542180134,1.4157259416564212,1.0,4.125046204292735,2.913732158828966,0.0,0.0,20.528942709271977,643.2683190305816,94.7927475327481,113.5,67.17727029948395,0.7086752103717238,138.70000000000002,58.80000000000001,-0.14406262214545118,-1.6651319114869063,748.6281435117917,750.0,31.441984578938094,0.04199946909749439,0.0,0.0,-22.875664391279823,521.2960213424677,99.42008705015648,123.15,67.0337489999305,0.6742475387907537,138.26260025,52.19999999999999,-0.257863731864971,-1.6325455718881197,35788.0,12.025017207674905,196,attack,1
960.6555810183892,750.0,1939.5572251838878,2.0189933452817366,0.0,0.0,38.2900853296539,2869.690698254099,1.4201274383768374,1.0,4.1787154683164,2.9424932970047712,0.0,0.0,20.52244422126024,642.000458689999,95.50879630778893,114.5,67.51438019298476,0.7068917503201622,139.15,58.80000000000001,-0.14852193719840823,-1.6615712993661855,748.6279134760495,750.0,31.44461557823722,0.04200299643147518,0.0,0.0,-22.873735732673275,521.2077863681736,100.1793817084288,124.15,67.36598605874148,0.6724536018280646,138.79119125,52.19999999999999,-0.26295432647305017,-1.627724577840246,35782.0,12.016523179855218,197,attack,1
970.0043424138031,750.0,1992.4123323216354,2.0540241370091454,0.0,0.0,37.79427463957428,2793.6128596583353,1.439510175723012,1.0,4.3032212230405325,2.9893649212164726,0.0,0.0,20.188349829580815,620.3230022828525,93.79860465396654,108.9,68.69664392548006,0.7323844973910817,142.72500000000002,64.35,-0.07900278576645144,-1.6940327430143336,748.5786990128246,750.0,32.00248765712591,0.042750999593401,0.0,0.0,-22.471921737168962,502.98726656144686,98.6442965093362,121.65,68.70433305652304,0.6964856102959841,141.404564,56.150000000000006,-0.19673431588001886,-1.6778651287670008,34543.0,12.023771566808504,198,attack,1
979.2003045530683,750.0,2060.3432999643146,2.1041081077938464,0.0,0.0,37.15880135036332,2690.0868475952434,1.4613978985838283,1.0,4.463505543523246,3.0542712206228146,0.0,0.0,19.735154266038297,591.2711877180064,91.58392995695517,95.1,68.28571515124253,0.7456080469940206,141.92735800000003,69.55000000000001,-0.021491443456488794,-1.687164355503928,748.50476625552,750.0,32.822599524777296,0.04385088913859035,0.0,0.0,-21.905928930713443,477.8697223174678,96.53205941449673,117.2,68.44808703753559,0.709071032491164,140.532408,59.10000000000001,-0.1395776895341576,-1.6874191115461377,32835.0,11.985222020522015,199,attack,1
978.1256282919488,750.0,2073.1655536789503,2.1195289170566096,0.0,0.0,37.868001106460895,2790.350644531147,1.4601354401805868,1.0,4.494167943524757,3.077911692198175,0.0,0.0,19.96303426493781,607.4287571288625,91.28710403101128,89.65,68.81706699649237,0.753853106930793,142.95000000000002,71.44999999999999,-0.004138166477412461,-1.688612865060607,748.522317531979,750.0,32.62979001518267,0.04359227407242756,0.0,0.0,-22.03644690111049,483.6049920254618,96.23685357820918,116.65,69.03463098756971,0.7173408982190702,142.1,60.5,-0.12139580329540693,-1.6937128848215433,33225.0,12.002897233397196,200,attack,1
977.9554984767935,750.0,2084.582509345242,2.1315719504538464,0.0,0.0,38.18089971204669,2832.615637972741,1.4606952989666089,1.0,4.529076874363476,3.1006308280499293,0.0,0.0,20.065860325041584,612.6512491759821,91.33353413792075,88.275,69.27683571857696,0.7585038329291358,144.1,72.375,0.005743822244388914,-1.6888867039948106,748.5336598769488,750.0,32.50457530081712,0.04342433352450782,0.0,0.0,-22.122033993652003,487.38438801629474,96.28609011728689,116.55,69.53847584571653,0.7222068708056495,143.4449775,61.45,-0.11110851720242187,-1.6967598984304446,33482.0,12.013818876335023,201,attack,1
977.14536415908,750.0,2098.403812559793,2.147483772146486,0.0,0.0,38.62180034000773,2889.55848128199,1.462026832774317,1.0,4.580601198946888,3.1330486529134474,0.0,0.0,20.12331879399758,614.9195362507401,92.30848627313213,89.8,69.51000710672433,0.7530186000564537,144.6,72.45,-0.0023231736433689714,-1.6867996034864858,748.5297077144227,750.0,32.5482606414205,0.043482924332828535,0.0,0.0,-22.09209958561595,486.06086410077205,97.30067510700167,118.0,69.74957807593124,0.7168457772695569,144.10313725,61.099999999999994,-0.11963279148587685,-1.6926872579238617,33392.0,12.007315492492085,202,attack,1
976.4605702696254,750.0,2101.7758649114053,2.1524431491699167,0.0,0.0,39.549211970606244,3020.353559292831,1.4624492961107134,1.0,4.613984698489408,3.1549707130086446,0.0,0.0,20.321124048568574,627.4975940018769,92.68576434329296,89.0,69.88971466823712,0.7540501517512119,145.38375975000002,72.85,0.001084639391518334,-1.68589319493886,748.5356716774039,750.0,32.482315057242815,0.04339447842806576,0.0,0.0,-22.137318171060326,488.06085580675796,97.6908415599499,118.32499999999999,70.1467696053299,0.7180485753342902,145.07095049999998,61.67499999999999,-0.11607227984068091,-1.6928444372540792,33528.0,12.00539270459049,203,attack,1
977.5027393997142,750.0,2122.5710716620138,2.1714221209911777,0.0,0.0,39.62297345912641,3027.51754280614,1.4655490709861838,1.0,4.664826305736845,3.182988818380427,0.0,0.0,20.340218475881027,627.5778702614151,93.25776852852917,88.9125,70.23982097179716,0.7531793016290067,146.0125,73.280834,8.27356725674166e-05,-1.6845554876383046,748.5381133873273,750.0,32.45527725781091,0.04335821607124645,0.0,0.0,-22.155910764915646,488.88438182290474,98.28470796700809,119.0,70.50074576100518,0.7173114436548018,145.39710724999998,61.925,-0.11713808102617021,-1.6913250891112714,33584.0,11.999906456175083,204,attack,1
974.9810797249033,750.0,2127.0210543588623,2.1816023906423023,0.0,0.0,40.11153382121177,3099.9719932568555,1.4627350275982172,1.0,4.692060157780232,3.2077307709548086,0.0,0.0,20.476104047027615,635.0496776693993,93.20562787994328,85.0,70.69378890765721,0.7584712480958422,146.875,73.316001,0.012699417675734816,-1.6846750896358622,748.5508427049205,750.0,32.313952252572754,0.04316868061467262,0.0,0.0,-22.253597448841536,493.2225994150873,98.24406362469377,118.0,71.00744185358587,0.7227657248059726,146.45,63.5,-0.10460698084281106,-1.6949779886356247,33879.0,12.023748193470732,205,attack,1
975.9774409378886,750.0,2147.465933886269,2.2003233310624584,0.0,0.0,40.26854267441037,3119.808745074238,1.4665166676535022,1.0,4.749409436757446,3.238564921568012,0.0,0.0,20.476535427458785,634.0673775962458,94.15530445481203,86.975,70.93633067141856,0.7533970718077073,147.1,73.976,0.0041624627539232064,-1.6812962877954623,748.5465095624371,750.0,32.36213005147119,0.04323329230456031,0.0,0.0,-22.22020052392021,491.7373113232241,99.2635114900527,119.8,71.24802243694992,0.7177664921121572,146.99483775000002,62.89999999999999,-0.11447391477609135,-1.6898434404243718,33778.0,12.008344232579528,206,attack,1
974.5939154995881,750.0,2149.3552144858686,2.2053854228959393,0.0,0.0,40.89139574288495,3214.002335372062,1.4656055078262917,1.0,4.778101874941853,3.260155512125824,0.0,0.0,20.615618822112573,641.9187310423272,94.30719876368622,85.4,71.38445356356439,0.756935361238315,148.25,74.19837525,0.01095415814424341,-1.6805032663075676,748.5554901730022,750.0,32.26219903311138,0.04309927514612859,0.0,0.0,-22.289583534214916,494.8255341287453,99.42535937636814,119.65,71.72920207358477,0.721437694804387,147.944494,63.849999999999994,-0.10743750460970325,-1.691017028940983,33988.0,12.020417626674904,207,attack,1
975.4914479850047,750.0,2171.2684876368553,2.2258201157189768,0.0,0.0,41.35222079759013,3284.2520471686316,1.467988519212746,1.0,4.825034451500059,3.286833914809928,0.0,0.0,20.744869893020315,652.4859112255048,94.65258285345875,85.2875,71.73135027999336,0.7578382767541371,148.9947045,74.4375,0.016029266584706305,-1.6800277437453832,748.5620899718838,750.0,32.188560934762975,0.043000522422892117,0.0,0.0,-22.340985712322688,497.11964259820627,99.8015879966905,119.82499999999999,72.08580916288457,0.7222912040765824,148.68590025,64.55,-0.10215981528715348,-1.6920431449331008,34144.0,12.024150334902252,208,attack,1
974.1145884887478,750.0,2179.733515029026,2.237656165698831,0.0,0.0,41.73184879973032,3343.458903020145,1.4670878337069493,1.0,4.858988736857378,3.3119957954937007,0.0,0.0,20.841295855641814,657.7883840093695,94.87271039661113,84.65,72.11755703004071,0.7601506980095382,149.65,74.65100000000001,0.023154584878705198,-1.6794066700174526,748.5706716352732,750.0,32.09255520768827,0.042871777406909624,0.0,0.0,-22.408354168641104,500.1343365472555,100.02532676494222,119.35,72.50306566620456,0.7248470763468287,149.4,65.70000000000002,-0.0948633127753834,-1.693316122137489,34349.0,12.035201854884333,209,attack,1
973.1581337136537,750.0,2189.999593669199,2.250404654495334,0.0,0.0,42.23956647249435,3411.438101090555,1.4677067264312949,1.0,4.903259548989943,3.3407624702464496,0.0,0.0,20.92081783627583,661.2315814548137,95.62078144846537,85.5,72.37879773539642,0.7569358526358083,149.8,74.9,0.020042297868881852,-1.677175480474003,748.571004453241,750.0,32.08882603784942,0.04286677662767237,0.0,0.0,-22.41097907596368,500.2519831432821,100.79868634586838,120.1,72.76276767033148,0.721862261385651,149.85,65.85,-0.09817580908625363,-1.6904743150945627,34357.0,12.022292004122916,210,attack,1
972.2989767762704,750.0,2195.004858376198,2.257541055585495,0.0,0.0,42.963404459414974,3518.299049255634,1.466342837433893,1.0,4.923706815964184,3.3578142097933217,0.0,0.0,21.136854552367126,675.3251932908906,95.21819944347936,83.67500000000001,72.91444548500485,0.7657616496758709,151.65,74.82499999999999,0.038272935761541775,-1.6775173904499143,748.5888710048287,750.0,31.887989109893212,0.042597466172707134,0.0,0.0,-22.55324848271894,506.64901712326434,100.38964335864567,116.85,73.35021020929129,0.7306551528153654,151.21140574999998,68.64999999999999,-0.07885181178063216,-1.695656995906971,34792.0,12.043369005476801,211,attack,1
970.9193092621664,750.0,2209.1309157080073,2.2752981577704934,0.0,0.0,43.080341616146555,3539.755591890339,1.4652204937919224,1.0,4.960072838986493,3.3852057488972567,0.0,0.0,21.1974285823156,678.5127303514066,95.2606525747588,83.25,73.40848338988775,0.770606555862906,153.2917155,75.251,0.046017120241305866,-1.676857991717053,748.5986584843728,750.0,31.777426205396807,0.042449216072246235,0.0,0.0,-22.632333793181875,510.22253292600226,100.41693210275439,113.9,73.89794673022081,0.7359112171899725,152.55,70.60000000000001,-0.07079072204253911,-1.6972284554221857,35035.0,12.055308055973926,212,attack,1
972.2017877031157,750.0,2227.773071026095,2.2914718931852005,0.0,0.0,43.21644437275083,3558.9309354799193,1.4689150983807864,1.0,5.011778724288005,3.4118913542468086,0.0,0.0,21.208797832440943,678.3327278330382,95.82257340443506,84.275,73.89241069152851,0.7711378234401338,154.951,76.27600000000001,0.04135163297913928,-1.6777123220243502,748.5979381443299,750.0,31.78557664014749,0.04246014451888488,0.0,0.0,-22.626485101430017,509.95782804523515,101.01485531459006,115.0,74.39487216001697,0.7364745702830479,154.55,70.6,-0.07597106412465644,-1.6969475503663758,35017.0,12.064830172502617,213,attack,1
974.9192138490545,750.0,2250.1517673239023,2.3080392050538565,0.0,0.0,43.158631597365314,3552.9873036041076,1.4744900874135862,1.0,5.066068437165621,3.4358104407823102,0.0,0.0,21.18936637833215,676.5662187380585,96.68936390358806,85.25,74.0617201848063,0.7659758756780687,155.1375,76.351,0.03873518000924235,-1.676534403035809,748.5974975718449,750.0,31.790560549745802,0.04246682717062486,0.0,0.0,-22.622910156563446,509.79606395194185,101.9289254727761,116.275,74.5307994676079,0.7312036217581251,154.743707,70.47500000000001,-0.07867820261031927,-1.695121367219985,35006.0,12.050543352117405,214,attack,1
975.1156831411939,750.0,2263.381675560537,2.321141701125533,0.0,0.0,43.67737213194901,3638.388270999231,1.4764581668759273,1.0,5.1109524336255605,3.4616303721221886,0.0,0.0,21.282490798814486,683.6104139868925,97.36000308657626,85.9875,74.32675755885045,0.7634218899187609,155.8,76.91250000000001,0.03772703440578335,-1.6752745225924608,748.5990183768976,750.0,31.77335333847612,0.04244375501235185,0.0,0.0,-22.635257572353204,510.3548853667728,102.61965989102274,116.8,74.8018641995153,0.7289233298858266,155.5,70.7,-0.07959297619347137,-1.6941250275032769,35044.0,12.047676689392327,215,attack,1
975.4019796298953,750.0,2281.433446105884,2.338967414205522,0.0,0.0,43.968137323648996,3676.030051419164,1.479701621001291,1.0,5.170537094800891,3.4943106241257404,0.0,0.0,21.2822754164063,682.276990843959,98.6453647467025,87.9,74.4520354411846,0.7547443879634839,155.45,77.42227500000001,0.025403830685226333,-1.6725210181915469,748.5914216037871,750.0,31.85921387867916,0.04255888186699197,0.0,0.0,-22.573778686010396,507.5754841649774,103.96273660809067,121.0,74.88358052453773,0.7202925102561227,155.435229,69.15,-0.09261716845287878,-1.6883542515121321,34855.0,12.020313751873152,216,attack,1
975.9708473035176,750.0,2290.0551671730673,2.346438086240174,0.0,0.0,44.28133362813483,3724.517302602558,1.48062169688015,1.0,5.197249470353654,3.5101805419337637,0.0,0.0,21.396541480200007,688.7443471776402,98.50926653606474,86.9875,74.90317759316113,0.7603668185443112,156.92423125,77.187461,0.03900435156590794,-1.672088552878746,748.6049894868444,750.0,31.705701950383705,0.042353046527404806,0.0,0.0,-22.683931745122116,512.5607594173583,103.83435318136614,117.25,75.36927149805294,0.7258606539052291,156.1339335,71.4,-0.07842485802065953,-1.6915322602587475,35194.0,12.032290329293641,217,attack,1
975.5626873268111,750.0,2282.3193467716437,2.3394902002920417,0.0,0.0,45.2446249169313,3885.233052071985,1.4810835265509246,1.0,5.2192197328403775,3.5239199135477817,0.0,0.0,21.565257599894736,699.2249307890698,98.84648157700164,87.0,75.21458561955392,0.760923246023295,157.65075000000002,77.101,0.04485551821079189,-1.6708447463528102,748.6117740202454,750.0,31.62865767009298,0.04224974648774041,0.0,0.0,-22.739616569961633,515.0901617488743,104.20329140714246,116.25,75.68829771592006,0.726352274422803,156.9,72.5,-0.07247107808533285,-1.6919576133679217,35366.0,12.034589600770381,218,attack,1
975.9011700556629,750.0,2307.9933664401515,2.3649867806885707,0.0,0.0,45.25395200747114,3874.204757777464,1.4842099284334886,1.0,5.283102584282959,3.5595386360600734,0.0,0.0,21.53213233718661,695.5924739799383,99.85814042180763,88.625,75.54615972442548,0.756534814340757,158.20860725,78.375,0.03297548690323437,-1.6690391189891989,748.6057026013859,750.0,31.69761278966611,0.04234220054631925,0.0,0.0,-22.689765629203638,512.8254643081909,105.25354119186642,119.0,76.01365378849154,0.7221956898336223,158.15,71.55000000000001,-0.08508917492199662,-1.687231333937915,35212.0,12.034062544644815,219,attack,1
978.2768108924146,750.0,2332.204442269611,2.3839923591177645,0.0,0.0,45.20079915516917,3864.5941419116484,1.489816845643319,1.0,5.343503226647867,3.5866846601136966,0.0,0.0,21.49581888366011,692.5517651326136,100.87849405458174,90.15,75.75647494762167,0.7509675442481581,158.42741999999998,79.0,0.024409957484531952,-1.6661860238287005,748.6015324579143,750.0,31.744887051611215,0.04240558651727831,0.0,0.0,-22.655713461715578,511.2813524593603,106.33328429358818,120.95,76.20219363113367,0.7166353803268033,158.66528499999998,71.1,-0.09442649928059835,-1.6823946761053723,35107.0,12.017667934788905,220,attack,1
980.2541253181571,750.0,2360.995599131091,2.408554616757968,0.0,0.0,45.08688377742624,3834.957902389758,1.495095375639889,1.0,5.409395372288096,3.6180938423228803,0.0,0.0,21.44805827478593,688.1523824912223,102.0075835530979,91.7,75.94752147740363,0.7445281892975216,158.45,79.60000000000001,0.013903810212827564,-1.6630596918602678,748.5959333085481,750.0,31.808249683914642,0.0424905456583669,0.0,0.0,-22.610230797477357,509.22253671519366,107.51387411059,123.9,76.36242716719477,0.7102564929308334,158.878675,70.25,-0.10557001008416357,-1.6767146670601596,34967.0,11.999830367871017,221,attack,1
981.282030781531,750.0,2381.312965350742,2.426736545307135,0.0,0.0,45.12449531430306,3836.2681543894996,1.4980725850204164,1.0,5.458920154612333,3.6439623882029295,0.0,0.0,21.461317844872994,688.0125219061264,102.68855287982224,92.3,76.1633670097399,0.74169286521035,158.56226900000001,79.638222,0.014321995574407359,-1.6615022826687227,748.5980982838868,750.0,31.78376489046069,0.042457715245767975,0.0,0.0,-22.62778494134994,510.01665135198334,108.24920293389681,123.95,76.54855493851952,0.7071512109448461,158.965482,70.65,-0.10520533281611309,-1.675288289271811,35021.0,11.991792908223738,222,attack,1
980.5984435355601,750.0,2389.412327762418,2.436687864960668,0.0,0.0,45.49402308239831,3896.080665445073,1.4980402181322428,1.0,5.492129070835468,3.666209360976341,0.0,0.0,21.548371895716713,692.8538057409754,102.93343862943145,92.3,76.56311432634284,0.7438118782952169,159.70000000000002,79.66413399999999,0.019507460409599747,-1.660257157130135,748.6055441945012,750.0,31.699409845872662,0.04234461004424058,0.0,0.0,-22.688469340152263,512.7666409990292,108.50014002757896,123.0,76.96957371920972,0.7093960772736819,159.7331885,71.55000000000001,-0.09958464383010843,-1.6755224902469779,35208.0,12.001629869421837,223,attack,1
985.7691875425157,750.0,2461.5642602137286,2.497100022318929,0.0,0.0,44.75155382894295,3769.276197026552,1.5147732986306233,1.0,5.659340766019314,3.736097521084798,0.0,0.0,21.145014896485176,668.0220661832436,99.70638486249825,86.8,76.24675117662824,0.7647128243770706,158.6,75.801,0.09023628712185794,-1.6378952616088944,748.5479281890509,750.0,32.34636509657765,0.04321214965464222,0.0,0.0,-22.231117908645146,492.2226034680831,105.03272330191358,97.1,76.78104402460362,0.7310202155179647,159.0,79.819467,-0.02254122667359226,-1.6710787680101733,33811.0,12.022883036201662,224,attack,1
983.6052111887287,750.0,2462.5857281847343,2.503632250187649,0.0,0.0,45.56038687673239,3879.587432033453,1.513160609544021,1.0,5.691066827072168,3.761046111811704,0.0,0.0,21.285424082911266,674.9142913124069,100.14604028859807,87.2,76.55697392572718,0.7644533294088056,159.089642,76.20100000000001,0.09262873756322111,-1.6357109493685724,748.5528929760958,750.0,32.291131174368076,0.04313807544846301,0.0,0.0,-22.269451697715695,493.9284789168926,105.5000348975742,97.55,77.10176621764275,0.7308221868599172,159.35547449999999,80.16017199999999,-0.020080233251810693,-1.6699722550960958,33927.0,12.017658868401771,225,attack,1
984.1436506303818,750.0,2475.6855851739006,2.5155733958026647,0.0,0.0,45.806784447035106,3917.1624976856506,1.5152378993152495,1.0,5.732804192600215,3.7834350600594955,0.0,0.0,21.336510825911947,677.3427818776546,100.64615492616878,87.65,76.84811572294497,0.7635474577177699,159.55,76.75,0.09417730895268524,-1.6338256145718772,748.5571457959855,750.0,32.24374213772956,0.04307452319280563,0.0,0.0,-22.30244518518556,495.3990612382061,106.03035842748403,97.95,77.39426127025932,0.7299254894360333,159.95000000000002,80.6,-0.018401515811878814,-1.6687350459223265,34027.0,12.016844357813701,226,attack,1
980.3628015146546,750.0,2474.577960833555,2.524145099151403,0.0,0.0,47.31213227066962,4112.300636514187,1.515131637794806,1.0,5.797611939745247,3.8264740799574115,0.0,0.0,21.437737913019784,680.1970752209443,101.74167611305491,90.85,77.80376814478386,0.7647187575161298,163.0,79.6,0.06599239582455291,-1.6447610739316134,748.5361519425147,750.0,32.47699872785344,0.043387348284478815,0.0,0.0,-22.140971519893792,488.22261984474756,107.20485734756551,101.891286,78.34413045144596,0.7307889995828166,162.736245,81.75871400000001,-0.048438538829368216,-1.6723407451910028,33539.0,12.03979970471494,227,attack,1
979.1768502196062,750.0,2504.1818257104846,2.5574356921825263,0.0,0.0,47.34833328039083,4110.790985018117,1.5159700020914877,1.0,5.862035664353021,3.866854658248872,0.0,0.0,21.437577506162867,680.5464061558406,102.68602162771299,92.1,78.02735426232893,0.759863446119436,163.3,80.101,0.0592635134818819,-1.6429459423153774,748.5330903223879,750.0,32.51087453812458,0.04343278200850463,0.0,0.0,-22.117712638014332,487.1932123377784,108.17897959210016,103.4,78.5748569824844,0.7263412659165291,163.25,82.0,-0.05589999859778364,-1.669263004100057,33469.0,12.030413961093853,228,attack,1
980.675703111005,750.0,2517.9719402585715,2.5675887882923885,0.0,0.0,47.57434419874898,4150.8499370691625,1.5197945900758345,1.0,5.9087535781886515,3.8878632788749545,0.0,0.0,21.464752099678456,681.8748700948307,103.32393448872445,92.9125,78.34565860395993,0.7582527610048536,164.0,80.6875,0.05672674280743601,-1.6410849908972776,748.5341852272048,750.0,32.49876386895257,0.043416539298185994,0.0,0.0,-22.126022188227473,487.56085787393397,108.85448037272347,104.2,78.90114349657198,0.7248313824696081,164.3375,82.39999999999999,-0.05890866101151743,-1.666977102723658,33494.0,12.020918792457481,229,attack,1
983.1981645944346,750.0,2549.9623766567415,2.59353858508126,0.0,0.0,47.77020398454999,4181.727573791552,1.523327412670219,1.0,5.953631313245398,3.90830708075381,0.0,0.0,21.596110751807952,693.6880279951855,103.19306852706842,92.5,78.84942932558036,0.7640961786585257,165.1322625,80.501,0.06645551495922007,-1.6394273145765876,748.5465956187093,750.0,32.361173943420745,0.043232010048315964,0.0,0.0,-22.220862336287887,491.76672296825694,108.73537192267615,103.17500000000001,79.44307452376606,0.7306093051326442,165.45767725,82.97500000000001,-0.04860584350128398,-1.6679104498248725,33780.0,12.024248843309124,230,attack,1
984.0713591231844,750.0,2563.451776935545,2.6049450105118406,0.0,0.0,47.93044935367608,4208.740409137806,1.5254412068000354,1.0,5.9918412889278,3.9279398394495115,0.0,0.0,21.64736112464794,696.3147858051282,103.42183601258661,92.6,79.27440357157997,0.7665151444607127,166.013102,80.907466,0.07024883184690091,-1.6378879343913888,748.5534898794967,750.0,32.284484128983856,0.04312916119619062,0.0,0.0,-22.27407372798641,494.1343604397747,108.97545948148259,103.35,79.90219729819688,0.7332127588943461,166.5,83.5,-0.0447559202796558,-1.6675674282166126,33941.0,12.021173800834596,231,attack,1
979.5594052174929,750.0,2531.6898165198827,2.5845189204811607,0.0,0.0,50.08539711708029,4524.415689658331,1.5195582951126172,1.0,5.988319519007188,3.940829080573959,0.0,0.0,21.99618218636947,715.5054179137793,103.31441895380812,92.0,79.74170372762252,0.7718351855927781,166.925,81.15,0.08052730603910588,-1.6361200124454771,748.5657445005988,750.0,32.14771192060255,0.042945742784489434,0.0,0.0,-22.36960100853484,498.39904928104227,108.86050656787708,102.5,80.41058263707035,0.7386570683182745,167.6,83.8,-0.03340378802881431,-1.668997153370531,34231.0,12.017595980636248,232,attack,1
980.0796210734316,750.0,2553.8871407016645,2.6057955759803693,0.0,0.0,49.86606184411985,4491.1515067829705,1.521053090401883,1.0,6.03164389922392,3.9654394296193023,0.0,0.0,22.004755917109406,715.5674793403065,103.48796242404751,92.05,80.17818477436458,0.7747585602838535,167.75,81.75000000000001,0.08511642382691266,-1.6346168675803174,748.573329846279,750.0,32.062758197931565,0.04283182010306955,0.0,0.0,-22.42934482595299,501.075509321504,109.03755062671085,102.45,80.88398641396708,0.7417993704835936,168.65,84.45,-0.028625594009551388,-1.6688703450521967,34413.0,12.018513259359361,233,attack,1
976.0824220098998,750.0,2551.7711274859676,2.614298823486124,0.0,0.0,50.62291093064205,4606.002052890623,1.5155692413951882,1.0,6.047689911893277,3.9903751981176083,0.0,0.0,22.17438083253252,725.045623373094,103.23213532382543,91.275,80.67552338794302,0.7814962185454623,169.266777,81.525,0.09773801157328228,-1.633151975306999,748.587084148728,750.0,31.90813240250234,0.04262447626756393,0.0,0.0,-22.53889883699541,506.00196078431355,108.75823466455623,101.85,81.4568264888699,0.7489715766360842,169.80580675,85.08457349999999,-0.015349694797242693,-1.6712653485071995,34748.0,12.042028978424218,234,attack,1
974.6690807481751,750.0,2553.6552166081406,2.6200228026602677,0.0,0.0,51.20448549159877,4696.247055158039,1.5136005930656935,1.0,6.067216617805229,4.0084660679978334,0.0,0.0,22.317875115980645,733.1680776458514,103.132628569884,90.55,81.05387572199797,0.785918839129314,170.127977,81.551,0.11063503501195365,-1.6316680736494613,748.6001368613139,750.0,31.760692204741606,0.04242677851744183,0.0,0.0,-22.64435136005182,510.7666485174809,108.64551676839075,101.45,81.87091454970161,0.7535599901856335,170.55321750000002,85.60000000000001,-0.001499267443485642,-1.673217762795677,35072.0,12.046019827446491,235,attack,1
972.7610634550929,750.0,2549.444875700107,2.6208335957083677,0.0,0.0,52.20758515477407,4854.077448570913,1.5121286144407204,1.0,6.093414717732216,4.029693413338349,0.0,0.0,22.46659047052239,741.4819325168386,103.51996849680197,90.8,81.37882425120345,0.7861171659235724,170.99163099999998,81.85,0.11380506174343726,-1.6303941092043195,748.6054649775606,750.0,31.700308488600008,0.04234581494746398,0.0,0.0,-22.687821167852732,512.737229344467,109.04033278426974,101.775,82.20993956638809,0.7539406517498062,171.27970175000002,86.025,0.0021704251482050872,-1.6730948496421756,35206.0,12.041852494968634,236,attack,1
974.2480115485862,750.0,2575.3607549674402,2.643434448353509,0.0,0.0,51.88517208246412,4798.457523333967,1.5152424353930198,1.0,6.142477080202725,4.053791615603417,0.0,0.0,22.452650130917206,739.9249744199001,103.98795452794145,91.1,81.64222338730276,0.7851123118819073,171.65558,82.14999999999999,0.11720848907554884,-1.6292167267735609,748.6103201336012,750.0,31.645183731632745,0.042271904194408065,0.0,0.0,-22.727649375227504,514.5460461232792,109.52927228967704,102.15,82.47357547209822,0.7529820453291848,172.10000000000002,86.54999999999998,0.005838588956845923,-1.6729189680545482,35329.0,12.031075286689036,237,attack,1
975.4967803886127,750.0,2601.12070634731,2.666457500055603,0.0,0.0,51.64902311713646,4751.893089205285,1.518300948938093,1.0,6.193990200250475,4.079553664629257,0.0,0.0,22.440502179406135,738.1730858166651,104.54586638730953,91.55,81.90625656349991,0.7834480634563112,172.3909505,82.55,0.11837122231948127,-1.6279119327033853,748.613420695888,750.0,31.609929696257137,0.04222463667145256,0.0,0.0,-22.753193325733292,515.7078065181931,110.11903293586197,102.775,82.73881712648986,0.7513580070638696,172.72573599999998,87.025,0.006955266631442779,-1.6722012526865229,35408.0,12.02047568980541,238,attack,1
975.4423559250388,750.0,2613.330220882924,2.679123174228611,0.0,0.0,51.937998618022334,4797.521860825516,1.519628011835987,1.0,6.235511212969805,4.103314208742555,0.0,0.0,22.488212570704984,740.5032601971441,105.15627101003774,92.05,82.13395047175857,0.7810656433786858,173.0,82.333697,0.119632362504096,-1.6268305376095937,748.6164294772439,750.0,31.575681307589555,0.04217871805143088,0.0,0.0,-22.77806302730869,516.8401552760466,110.75248049426519,103.4,82.95917002611023,0.7490502213212813,173.020636,87.4,0.008436567194921989,-1.671574323296197,35485.0,12.012352696983367,239,attack,1
975.6205053176524,750.0,2637.2114405861007,2.7031119438469067,0.0,0.0,51.87924025722414,4770.073244250283,1.5213831523268246,1.0,6.286872548399896,4.132340060940379,0.0,0.0,22.496698323524477,739.4843622518845,105.81354946460762,92.75,82.3605092044709,0.7783550369607319,173.65569100000002,82.7,0.11986269772306027,-1.6258326294193945,748.6186483596871,750.0,31.550400186870796,0.0421448226757395,0.0,0.0,-22.79645559040083,517.6783874851171,111.42728337181363,104.07499999999999,83.18213713370358,0.7465149882200676,173.80992,87.57500000000002,0.008918322990117813,-1.6708964333959646,35542.0,12.001010945089769,240,attack,1
975.912370117985,750.0,2657.2587549934046,2.722845653316342,0.0,0.0,51.95853648967489,4775.818684569709,1.520569932137527,1.0,6.309353040424449,4.149334343048028,0.0,0.0,22.647585237692887,749.8785905180463,106.66424276535331,93.75,82.58157314366261,0.7742198416514402,174.0,82.80000000000001,0.11560834463326754,-1.624663139797786,748.6378509278293,750.0,31.330754539469186,0.04185034793610717,0.0,0.0,-22.957496952380932,525.0466663185792,112.3119643784248,105.2,83.39939336790728,0.742569091632132,174.046817,87.85000000000001,0.0043800270314293685,-1.6690608235425564,35513.0,11.991308869500243,241,attack,1
975.895270555759,750.0,2671.5766802894505,2.737564942566044,0.0,0.0,52.30215802229624,4820.755666742041,1.522492324159883,1.0,6.357492800535264,4.175714188932514,0.0,0.0,22.68600407724655,751.1357746479304,107.46692381179878,94.65,82.81918350729049,0.7706481266024456,174.31105100000002,83.25,0.11191524488886831,-1.6232958109090978,748.6170530407594,750.0,31.568578718080246,0.04216919530466728,0.0,0.0,-22.783227350985946,517.0754485267141,113.15661830841387,106.25,83.62203070743521,0.7389937235444709,174.64912099999998,88.25,0.00045557715169301506,-1.6669303358840544,35501.0,11.975992403030082,242,attack,1
957.6801944381641,750.0,2090.721920620617,2.1831107427748018,0.0,0.0,23.593756759367146,675.0418728849239,1.27696133845806,1.0,2.7876245506529957,2.183014055867245,0.0,0.0,23.593819712763395,675.044580148545,108.55105239006294,96.1,83.01064048863937,0.7647152069088405,174.46417,83.88147475,0.10326862907892202,-1.6219683322267273,749.9795952973095,750.0,3.8381999675154765,0.0051177391912828295,0.0,0.0,-188.09837859019984,35379.00002826217,114.04906976817206,107.1,83.95086961653182,0.7360942950887635,175.55,88.578363,-0.005168690714176135,-1.6669700316587737,35384.0,11.966714316212707,243,attack,1
945.4438472577876,750.0,1991.7998314014676,2.106735198688513,0.0,0.0,24.340377830770592,719.9585899064637,1.2625151250809017,1.0,2.6552373747842264,2.103133120574757,0.0,0.0,24.35203353285377,720.4280063684838,108.86249033081185,96.25,83.37178013333296,0.7658448734727857,175.7,83.680052,0.10665307008627148,-1.6201049856758347,748.6184540056843,750.0,31.552615399703168,0.0421477926851421,0.0,0.0,-22.794842801466626,517.6048583435746,114.33537350128036,107.35,84.35345733298486,0.737772176272641,176.869473,89.1,-0.001089996949153296,-1.6664558278390271,35537.0,11.963500192404002,244,attack,1
943.5526585615937,750.0,1968.4531555977678,2.08621441287505,0.0,0.0,25.058035828591606,767.32752346012,1.2620184561300718,1.0,2.6243583376869224,2.0794928354173283,0.0,0.0,25.060858197536533,767.4654189561783,106.76494137307948,89.2,84.34336975693118,0.7899912524861664,180.375,78.9,0.1805425753191709,-1.6052659270343543,748.5617108539622,750.0,32.192795588014334,0.04300620125398702,0.0,0.0,-22.338023417129406,496.98729018422165,112.16120884420684,99.45,85.47501757697123,0.7620728989796907,181.1750905,86.4,0.07588136271527246,-1.6690898567748005,34135.0,11.968128691470442,245,attack,1
935.7083053960295,750.0,1879.2647384973532,2.008387365656622,0.0,0.0,26.461582575031,867.0896940902586,1.2534763723289508,1.0,2.5065638284552336,1.9996897299292962,0.0,0.0,26.42791801647679,865.6254166352185,107.01125243553865,89.15,84.70388916813219,0.7915418915329119,181.4,79.1,0.18462325048388226,-1.6024892673901316,748.5687549193948,750.0,32.11402319417787,0.04290056589075225,0.0,0.0,-22.393254980558346,499.457868624301,112.3952978905052,99.3,85.85777477186134,0.7638911625600516,182.05,86.25,0.08079782010112709,-1.6674699124639398,34303.0,11.964106873723066,246,attack,1
928.2206708765425,750.0,1802.7216810501372,1.942126196508618,0.0,0.0,27.63229795924618,955.8605509648822,1.2453797578355832,1.0,2.406578980169269,1.9324057300817226,0.0,0.0,27.52507981882171,950.818328662383,107.0202955927891,88.8,85.16871438229751,0.7958183437127049,182.4,79.14999999999999,0.19015450315881494,-1.5988258541747171,748.577834424425,750.0,32.012200652888524,0.04276402423470423,0.0,0.0,-22.46504939309628,502.67844423425606,112.39977066980477,98.95,86.36609189323724,0.7683831682090678,183.6428645,86.24999999999999,0.08658632669187459,-1.6652449703700956,34522.0,11.975932233358247,247,attack,1
922.1963257630551,750.0,1779.3273591437967,1.9294452921090566,0.0,0.0,29.396506308766565,1077.7427454308593,1.2392593664111096,1.0,2.3783543697013148,1.919174011642954,0.0,0.0,29.17506152670091,1066.5703220142257,107.66730429674742,89.55,85.40889683370798,0.7932667896867568,182.85,79.64999999999999,0.18937871744934762,-1.597169483605882,748.579603645306,750.0,31.992321614485547,0.042737367487298304,0.0,0.0,-22.479119082279716,503.31079471531217,113.05293601070446,99.55,86.62824523388508,0.7662626756166921,184.35,86.551,0.0859942368540095,-1.6640969168203916,34565.0,11.969640266794046,248,attack,1
921.2641612670986,750.0,1765.5441144088265,1.916436336761991,0.0,0.0,29.810422491713,1114.1454212661117,1.2398848092152628,1.0,2.363776063790232,1.906448120197789,0.0,0.0,29.448837473404595,1095.3595013376637,107.93786800734345,89.6,85.75458377507861,0.7944809857578842,183.35267000000002,79.83564999999999,0.19314594819055522,-1.5940167235340879,748.5861483081353,750.0,31.918677054660165,0.04263861564470427,0.0,0.0,-22.531394248724673,505.66372679146366,113.34043451510439,99.55,86.99043610662899,0.7675145809948006,184.95,86.651,0.08979830940953257,-1.6619276025381964,34725.0,11.960336205711709,249,attack,1
918.3012600229096,750.0,1767.8136283209326,1.9250911495829044,0.0,0.0,30.634363493911625,1175.3420798525992,1.2377720504009164,1.0,2.3713567260916975,1.9158266866048648,0.0,0.0,30.10057978749995,1146.6448166227578,108.11925669563824,89.4,86.10559090512717,0.796394588130764,184.07780825,79.9,0.19848866281046196,-1.5906951052589207,748.5940435280642,750.0,31.829606644391756,0.0425191823520013,0.0,0.0,-22.594941090258377,508.5313628722466,113.51701325309278,99.32499999999999,87.37492324410405,0.7697077357849134,185.9,86.7719825,0.09541185330998074,-1.6599440924505315,34920.0,11.968612598379003,250,attack,1
916.5650032736486,750.0,1757.1383206044911,1.9170907838817866,0.0,0.0,31.427946496982237,1238.6502379644028,1.2372683537817757,1.0,2.362585236016794,1.9095172270392498,0.0,0.0,30.680598391831793,1197.0695965430507,108.24930245140699,89.25,86.48448647285281,0.7989380486925134,184.75,80.030612,0.20391530796174784,-1.587169723695926,748.6024082666743,750.0,31.73496445260536,0.04239228207411862,0.0,0.0,-22.662852438591713,511.60488065338177,113.63827297853626,99.0,87.78337425503265,0.7724807140602443,186.54999999999998,87.0,0.10133318826376045,-1.6577129195877356,35129.0,11.962764959259427,251,attack,1
913.913070615939,750.0,1702.3112711226456,1.8626621347863637,0.0,0.0,33.03906078912201,1389.9496051960257,1.2355661474735438,1.0,2.2965340303845876,1.8586896663367523,0.0,0.0,31.960421477390685,1325.4804477089333,108.6490137807295,89.65,86.81515242439633,0.7990422499333747,185.1,80.5,0.20517604064882983,-1.5844566372123174,748.6070871279825,750.0,31.681901573731114,0.042321134969852015,0.0,0.0,-22.701105000979414,513.3401682654926,114.05811537010243,99.25,88.11150154839382,0.7725140930348049,187.019138,87.251,0.10312306320231752,-1.6554143611585084,35247.0,11.943661938711726,252,attack,1
907.6798128153807,750.0,1616.3424945412569,1.7807408204086785,0.0,0.0,35.42584735120229,1642.0052809930394,1.2290192540805682,1.0,2.190858368088643,1.7826070346860665,0.0,0.0,33.836171209335866,1536.7667055395998,108.70771144806845,89.5,87.18504642813997,0.8020134474985224,185.55,80.58068633333333,0.21168861336249,-1.579920109600719,748.615961435458,750.0,31.581011396901427,0.042185864346714425,0.0,0.0,-22.774189016045362,516.6636853385613,114.12666370394386,98.8,88.52883253941602,0.7757068301678282,187.65,87.387423,0.10976116105064593,-1.6530040852129257,35473.0,11.948496081217481,253,attack,1
903.9419294938525,750.0,1601.0414562035949,1.771177333371483,0.0,0.0,36.74084289946252,1763.3314982259965,1.2258672593759672,1.0,2.1793687080463244,1.7778178602761128,0.0,0.0,34.69794260850697,1622.679602241982,109.28883232887864,90.1,87.40347894539363,0.7997475778895115,185.89999999999998,81.0,0.21256140716721822,-1.5776698308774053,748.6186872239259,750.0,31.549957200289818,0.0421442287491985,0.0,0.0,-22.79677813449602,517.6930933134355,114.73500665852629,99.3,88.77437991238654,0.7737340372201866,187.86727100000002,87.75000000000001,0.11028667597413588,-1.6516615513869377,35543.0,11.946835914382978,254,attack,1
904.9536670810261,750.0,1617.6629943659113,1.787564439164897,0.0,0.0,37.47026564339006,1835.032114239496,1.2291784382416093,1.0,2.2106729604579463,1.7984963709747508,0.0,0.0,35.02405291698627,1662.5468715716413,109.79681749168839,91.75,88.21868901075926,0.8034721864086581,188.15,82.751,0.20032306859135748,-1.585194464106039,748.6129506158888,750.0,31.615277150996516,0.042231806335952936,0.0,0.0,-22.749315079438027,515.5313365835466,115.2984642138377,101.15,89.58288364830838,0.7769651075504695,189.7,89.60000000000001,0.09790265348657712,-1.6559618336650033,35396.0,11.973168564049693,255,attack,1
904.3174897987899,750.0,1613.4261208784421,1.7841368093383094,0.0,0.0,38.10713647953012,1898.7588788781802,1.2301111580132265,1.0,2.2152329675114713,1.8008396664650468,0.0,0.0,35.19253029747701,1688.7609327778368,109.6317859753233,91.95,88.94682205725546,0.8113232970342765,190.05,83.60020800000001,0.20424687374038103,-1.5879599501380535,748.6183762487689,750.0,31.553501615493428,0.04214898086472843,0.0,0.0,-22.794197653942074,517.5754466869784,115.16982021958634,101.25,90.35853065236977,0.7845677841650651,191.575,90.65,0.10151056326930236,-1.659601564273378,35535.0,12.000324024216821,256,attack,1
894.3783499154727,750.0,1426.7842916981658,1.5952804446049154,0.0,0.0,42.22852052174187,2440.777432238669,1.2183299614777041,1.0,1.9858435087503694,1.629971823348868,0.0,0.0,37.656016418826866,2057.3264267721797,108.77204720057951,90.3,89.45753220765995,0.8224312634540848,191.3875,82.401,0.22519652858271988,-1.5804402864929739,748.6393592550509,750.0,31.31343600783004,0.041827130274033585,0.0,0.0,-22.970290399630475,525.6342410433562,114.25726864944711,98.85,90.94178632375473,0.7959387389416192,192.65,89.851,0.12375833023018383,-1.6566273160975091,36083.0,12.02348857312001,257,attack,1
890.3241394407048,750.0,1351.4674257338113,1.5179498857380116,0.0,0.0,45.07332111021926,2859.805289280147,1.2144147102282055,1.0,1.902553005511264,1.5666419300485481,0.0,0.0,39.05386627767019,2305.022730523139,108.19802691924347,89.45,89.90944444098426,0.8309712016106413,192.75,81.9,0.24174260499215433,-1.573370305697289,748.6565971652165,750.0,31.114821476865753,0.04156087262796031,0.0,0.0,-23.11802415017071,532.4430406078764,113.64492637128551,97.15,91.4409587065064,0.8046198068514094,193.6576685,88.80000000000001,0.14162780818556936,-1.6529476504444625,36546.0,12.041660321284969,258,attack,1
889.7833378858236,750.0,1366.8906983739328,1.5362062202937445,0.0,0.0,44.90993976667833,2821.7000032794836,1.215460256760448,1.0,1.936329098268344,1.5930830214302683,0.0,0.0,38.33764019879154,2219.6760254393416,108.79649105918163,90.17500000000001,90.14363644866037,0.8285527922001203,193.29999999999998,82.275,0.2423168832603813,-1.5719482132924267,748.6589456432669,750.0,31.087663449889718,0.04152446668913894,0.0,0.0,-23.13837102765874,533.3842138135974,114.26573786585632,97.8,91.68629616467642,0.8023953450710893,194.2,89.1,0.14184731589737237,-1.6519275322532558,36610.0,12.028290188257433,259,attack,1
889.1446739990721,750.0,1381.6010596037995,1.5538540577314883,0.0,0.0,45.85740575859461,2940.122793122711,1.2163969323981332,1.0,1.9698970075154194,1.6194524624718978,0.0,0.0,38.53237008625964,2255.060921588685,109.47572247837746,91.05,90.37150483843976,0.8254935687342828,193.901,82.85,0.24135052775625995,-1.5711314881073613,748.6600802379847,750.0,31.07453432002411,0.04150686692169577,0.0,0.0,-23.14822011708947,533.8400945892258,114.96531508269426,98.65,91.93250064125915,0.7996542311490412,194.938339,89.54999999999998,0.14057987111381018,-1.6513565791883371,36641.0,12.01502729153848,260,attack,1
887.4160188328041,750.0,1376.4202576817718,1.5510428350078047,0.0,0.0,47.87851229394111,3197.036949190323,1.2160024088470383,1.0,1.97997561408777,1.6282661939503054,0.0,0.0,39.35643168766956,2368.6063735940224,110.56617657771854,92.4,90.54062049807847,0.8188817168190327,194.057805,83.40100000000001,0.23427124271558183,-1.5719616090511075,748.6560823387715,750.0,31.120771788739813,0.041568849199113925,0.0,0.0,-23.113570883155475,532.2371589706529,116.08535464880104,100.2,92.10432446749085,0.7934189867975919,195.4,90.20100000000001,0.1328907680196533,-1.6512560459673222,36532.0,11.988314130228755,261,attack,1
882.8047606019152,750.0,1253.7310964843994,1.4201680285792508,0.0,0.0,47.45677395260306,3372.084723770304,1.211655266757866,1.0,1.847767424681579,1.5249943406970987,0.0,0.0,36.95340123876397,2275.3703369713826,111.14907008055351,93.25,90.89828448315802,0.8178051729742852,195.223328,84.3393795,0.23147633886005806,-1.5717056516572925,748.6567441860465,750.0,31.113122014556797,0.041558594450896935,0.0,0.0,-23.11929635462329,532.5018639328982,116.68803443783855,101.05,92.49016059199631,0.7926276334808535,196.85,91.05,0.1296505313611217,-1.6508389450822427,36550.0,11.995382447518645,262,attack,1
882.4700864048999,750.0,1265.9718434755962,1.434577628158532,0.0,0.0,47.39004842793459,3375.4334568593094,1.2130044843049328,1.0,1.8815019611921875,1.5511088256778476,0.0,0.0,36.24490695656048,2206.146708820705,111.85767493838486,94.15,91.13506416783497,0.8147412702618337,195.683784,85.15100000000001,0.22952465574659087,-1.5707232721034543,748.6575522257465,750.0,31.103779946888263,0.041546071170212924,0.0,0.0,-23.126292228139807,532.8253922213199,117.42295417412227,101.95,92.73030915885519,0.789711941852091,197.3625,91.5497665,0.12758063669697894,-1.6496873059363886,36572.0,11.98625212369089,263,attack,1
883.3754051477598,750.0,1286.3824350756524,1.4562126447933907,0.0,0.0,47.287137760826674,3365.9405274919927,1.215879068500613,1.0,1.924780116431683,1.5830358185253295,0.0,0.0,35.66366423006892,2144.6017636844695,112.27467736789592,94.65,91.36717454783621,0.8137825615695062,196.14287249999998,84.84718000000001,0.23347560464546907,-1.5681992502251043,748.6627808797494,750.0,31.0432609409088,0.041464944877358585,0.0,0.0,-23.171713922990982,534.9283261289346,117.85428999477053,102.25,92.96629404528501,0.7888240135289953,197.836918,91.55000000000001,0.13178617575685203,-1.6480919424091327,36715.0,11.97439007567491,264,attack,1
887.8322467756046,750.0,1326.6074698135938,1.4942096039330812,0.0,0.0,46.64061123278669,3277.1416739702145,1.225072672367567,1.0,2.000070875030897,1.6326140645726543,0.0,0.0,34.617302251987695,2028.8833260871197,112.63616123351905,91.0,93.52533241760939,0.830331319829972,199.95,83.001,0.22814011296648615,-1.6185263135804493,748.6143990065758,750.0,31.598797874908175,0.04220971159096101,0.0,0.0,-22.761270883164602,516.0754522167971,118.3343679029718,100.55,95.19985376244118,0.8044987728374925,201.45000000000002,91.551,0.1244904554509775,-1.697081754158719,35433.0,11.9720245771691,265,attack,1
885.3801550736038,750.0,1315.2018115205792,1.4854656544806375,0.0,0.0,48.68573745494695,3559.005957752272,1.2234801663108215,1.0,2.0070334753264447,1.6404299232559556,0.0,0.0,35.15162875622749,2103.3031983643446,112.93092372908411,90.7,93.80160521269293,0.8306104485403706,200.60000000000002,82.54947533333333,0.23311122053479327,-1.6152141618363718,748.6207439038094,750.0,31.526505579761327,0.04211278652974674,0.0,0.0,-22.81386644605932,518.4725022186312,118.63144035568602,100.5,95.49543435971822,0.8049757642105633,202.2,91.05000000000001,0.12975329881264291,-1.694987133466482,35596.0,11.963059226632348,266,attack,1
886.6153630815744,750.0,1335.8342545049875,1.50666716383312,0.0,0.0,48.204734358286736,3473.118913596525,1.226835003639214,1.0,2.052014922397521,1.672608717806828,0.0,0.0,34.37960505429342,2003.483865646442,113.29997144305322,90.7,94.0986929044895,0.8305270663884089,201.35,82.45,0.2359751610205578,-1.6124062957369967,748.6256088684844,750.0,31.470961948626055,0.04203831872141412,0.0,0.0,-22.8544401950945,520.3254366311512,119.01843586182183,100.7,95.80519391918459,0.8049609560523264,202.7454335,91.113393,0.13270601360857362,-1.6929275389868692,35722.0,11.948998038659948,267,attack,1
882.9668010301198,750.0,1148.0547538085032,1.3002241448592593,0.0,0.0,34.89829737270815,1644.1332478959666,1.2238271190236256,1.0,1.8640704545753148,1.5231485114192256,0.0,0.0,23.683823047650105,807.1231485749887,114.07361202301861,91.65,94.31893620381166,0.8268251923571885,201.75,83.25,0.23357177086232347,-1.6116594030896079,748.6256858134587,750.0,31.470082669091635,0.042037139875712594,0.0,0.0,-22.85508364213262,520.3548482888782,119.8191421629157,101.67500000000001,96.02253716811506,0.8013956320731719,203.1,91.72500000000001,0.13024294868159675,-1.691864733723256,35724.0,11.926423330631268,268,attack,1
884.0664704575744,750.0,1159.2082878604333,1.3112229980404655,0.0,0.0,34.82547649650642,1633.6243852534726,1.226760328742781,1.0,1.8992639885549973,1.5481948218046937,0.0,0.0,23.393720280770886,781.2348608161286,113.94820247848452,90.3375,94.67874666298238,0.83089284958979,202.45,81.96668700000001,0.24357175927729943,-1.6060621005552347,748.6368280764104,750.0,31.342493377814847,0.04186608539997693,0.0,0.0,-22.94883331336825,524.6489504447604,119.68920828279097,100.85,96.4132400997066,0.8055299344274215,204.13440649999998,91.19999999999999,0.14078339830019615,-1.6883701377681757,36016.0,11.921362384337115,269,attack,1
883.5459423576921,750.0,1164.884964506363,1.3184203657796603,0.0,0.0,34.99903532267957,1646.5463112716627,1.2277203075731593,1.0,1.9301873307578363,1.572171869155807,0.0,0.0,23.178981414874073,761.387603218526,114.3062992459133,90.17500000000001,94.94436703142367,0.8306136027303687,203.0375,81.525,0.24723434996688148,-1.6028353869710361,748.6420313105051,750.0,31.28273189562729,0.04178596790894383,0.0,0.0,-22.993006653666075,526.6783549755324,120.06729589265365,101.0,96.69792975543096,0.805364433641313,204.943362,91.3,0.1444597329883793,-1.6861838802279543,36154.0,11.914183998121054,270,attack,1
886.0033790333749,750.0,1183.1221415460802,1.335347211470977,0.0,0.0,34.776191422350195,1620.8842059748176,1.2329040299127545,1.0,1.976559141806738,1.6031735592158034,0.0,0.0,22.843656395107743,733.0611865647791,115.25445355163757,91.5,95.11706889937957,0.8252789021880546,203.1,82.55,0.24277231014092715,-1.602722839620078,748.6401883395652,750.0,31.30391239257646,0.041814362734127974,0.0,0.0,-22.977331640172338,525.9577693024651,121.06029640329594,102.3,96.85798014902322,0.8000804807742583,205.20000000000002,91.939239,0.13975080459253922,-1.6854266298639222,36105.0,11.87055063323447,271,attack,1
886.9526912336418,750.0,1191.4504512789338,1.3433077807360538,0.0,0.0,34.78737533935091,1625.1834106400463,1.2353939659420687,1.0,2.007924416718517,1.6253312482284494,0.0,0.0,22.663125903188856,717.9865191202518,114.72679477475093,89.55,95.56178671113712,0.8329508978156196,204.178448,81.55,0.25743698756678246,-1.5947423378965428,748.655861578054,750.0,31.123322967634234,0.0415722691358229,0.0,0.0,-23.111662077475938,532.1489239834392,120.49883624297762,100.65,97.34537990537183,0.8078532784257066,206.1,91.30000000000001,0.15548163353437452,-1.6803861413951997,36526.0,11.880991794166494,272,attack,1
889.0855078714686,750.0,1202.934362849153,1.3530018791207834,0.0,0.0,34.71074775190248,1623.3848134041602,1.239217166271296,1.0,2.0409939540658715,1.6470026478143913,0.0,0.0,22.510578928270743,705.560637575644,113.80522185048565,87.45,96.0010819264064,0.8435560369323838,205.60000000000002,79.45100000000001,0.27888379191709683,-1.5834312243433644,748.6765149881389,750.0,30.883726556021465,0.041251095683842505,0.0,0.0,-23.292300191539685,540.5312482127994,119.53907635532134,97.55,97.84379658967231,0.8185088890835883,207.229868,89.551,0.17800176574188717,-1.6734666643885214,37096.0,11.899245683821343,273,attack,1
890.2465687966233,750.0,1217.171655602107,1.3672298195402197,0.0,0.0,34.52494799518357,1610.7343953625627,1.2417106904881998,1.0,2.0768008088900434,1.6725319551477111,0.0,0.0,22.34082987193674,691.7742121879805,112.90960760972736,85.83333333333333,96.42853029390444,0.854032994492463,206.85,77.93433333333333,0.2999115138670359,-1.5715554922079324,748.696647110356,750.0,30.648361417342162,0.0409356199678889,0.0,0.0,-23.472487955380487,548.9576908154824,118.6096767034697,93.8,98.31371591165934,0.828884443867499,208.45,86.476682,0.2001562881202372,-1.6655621691792568,37669.0,11.931414514426447,274,attack,1
891.3209586837872,750.0,1233.5726276080293,1.3839825212117134,0.0,0.0,34.467615560846205,1604.9476554915473,1.2445223719250138,1.0,2.118141039421856,1.7019710430319852,0.0,0.0,22.200753258933418,679.0778843080762,112.96244627180049,85.3,96.71224108945252,0.8561450666246362,207.4,77.44818099999999,0.30812920101819385,-1.5657825243160715,748.70551322277,750.0,30.544128030500303,0.04079591707429059,0.0,0.0,-23.553169556098016,552.7517961383028,118.66393133298176,93.0,98.61363359147946,0.8310329219985191,209.25,85.95,0.20879985591969752,-1.6613831278976876,37927.0,11.930289726750203,275,attack,1
892.9322051768676,750.0,1248.145711742145,1.3978056839095847,0.0,0.0,34.326587754649566,1596.4801844806068,1.2484052928462228,1.0,2.1603873890419854,1.7305176463298602,0.0,0.0,21.976397012732612,662.5437101747153,113.7003395601817,86.06666666666666,96.93410264958494,0.8525401333412697,207.787371,78.01666666666667,0.30635360322879457,-1.5653230223956704,748.7058885550108,750.0,30.53970757636925,0.04078999249666695,0.0,0.0,-23.55660332735738,552.9135603224656,119.43636817404715,93.9,98.82799845062506,0.827453144812719,209.7,86.10000000000001,0.20691056992184298,-1.6607988273764678,37938.0,11.916602388769054,276,attack,1
894.8276550998949,750.0,1268.0759336300841,1.417117504586424,0.0,0.0,34.538928397309455,1631.6774813551044,1.2525236593059936,1.0,2.2071855799288165,1.7621907287178815,0.0,0.0,21.97419861525438,665.8807387194526,114.22661662963537,86.25,97.1472817132633,0.8504785012432825,208.0,77.5022715,0.3083520400013856,-1.5627875374305515,748.7093585699264,750.0,30.498809111375508,0.04073517815996024,0.0,0.0,-23.588419944945407,554.4135554990986,119.99014931543114,94.275,99.02845700799845,0.8253048902178761,210.2,85.9735935,0.20915466236275318,-1.6586968730312501,38040.0,11.902551831073584,277,attack,1
895.193113733288,750.0,1269.5913640392375,1.4182318256946478,0.0,0.0,34.96621125451855,1681.2884894749116,1.2544674393657937,1.0,2.2344295657463973,1.7811778095061848,0.0,0.0,21.97436823538355,665.1668126103481,114.54919961339662,86.05,97.36524051241555,0.8499862141422471,208.473104,76.89999999999999,0.31365531766226146,-1.558515739507401,748.7154705528375,750.0,30.426637095655785,0.040638451177173254,0.0,0.0,-23.644773454388517,557.075311709356,120.31901885981527,94.3,99.24921102882227,0.8248838127948698,210.54999999999998,85.835978,0.21487185440750795,-1.6554898543153942,38221.0,11.8903682486373,278,attack,1
893.6178955052665,750.0,1207.7537186629218,1.3515326010565598,0.0,0.0,33.44790963032409,1576.7794009567183,1.2538846595056836,1.0,2.2000274412255685,1.7545692297510689,0.0,0.0,20.83853691067189,585.9550022138209,114.95948394914453,86.05,97.60560058868403,0.8490434824138784,209.062137,76.756367,0.3168109800469172,-1.5553219004390568,748.7199916571071,750.0,30.37313948558491,0.040566753691672446,0.0,0.0,-23.686717787460196,559.060599542784,120.73192674721035,94.525,99.50384005373967,0.8241717227132617,211.13237425,85.94953650000001,0.21825885043840737,-1.6531050988741012,38356.0,11.882376687577517,279,attack,1
893.7424254245664,750.0,1222.3088750212312,1.3676299124331952,0.0,0.0,33.9225561348646,1628.8979026990892,1.2556240409872306,1.0,2.2422787237164012,1.7857883016905414,0.0,0.0,20.945150107030656,592.6780630425694,115.5275632993211,86.43333333333334,97.78095410760888,0.8463863628307262,209.25,76.8268,0.3188632448060474,-1.5525395798044759,748.7231541442355,750.0,30.335661728773466,0.040516526784116984,0.0,0.0,-23.716189701775125,560.4576539705844,121.33575951038985,94.95,99.671809696124,0.821454533258097,211.25,85.95100000000001,0.2203705965850855,-1.6509864790684412,38451.0,11.867771446302903,280,attack,1
892.4129188826354,750.0,1212.2244139331272,1.358367173181355,0.0,0.0,34.64272498997792,1729.7657762389365,1.2550988795373574,1.0,2.258357786731838,1.79934650851118,0.0,0.0,21.061289607985643,602.7964239591315,115.50465161139387,85.8,98.07902214808746,0.8491348251329865,209.86234575,75.801,0.32751480119068,-1.5457035473835594,748.7324830897919,750.0,30.224834326304823,0.04036800193518531,0.0,0.0,-23.80376872912847,564.6194057098347,121.30027912864668,94.525,100.0033166432404,0.8244277536837364,212.15,85.115071,0.22929326801932365,-1.6459901832843196,38734.0,11.873314553494362,281,attack,1
891.727200512492,750.0,1200.0606416855176,1.3457710396137077,0.0,0.0,35.25280229507054,1835.758443118652,1.2554003843689943,1.0,2.2727386103565927,1.8103695352132192,0.0,0.0,21.1287340755363,611.6763587812317,115.46817428494163,85.25,98.38638520196561,0.8520649591217823,210.45,75.1,0.33600259434471813,-1.5388214259947461,748.741934657271,750.0,30.1121312604036,0.04021696911391389,0.0,0.0,-23.893488743543003,568.8988043378156,121.23723008481741,94.05,100.34395884995264,0.827666210946523,213.05,84.55,0.23832679842544327,-1.6407513023614009,39025.0,11.8763334452608,282,attack,1
892.3084128802342,750.0,1215.314615958975,1.3619894180265841,0.0,0.0,35.38825605386231,1856.1115725283353,1.2574264986636121,1.0,2.3134297879359065,1.839813134520873,0.0,0.0,21.151469156173174,611.833832523275,115.56457552651247,84.8,98.63555480366342,0.8535102937407905,210.9,74.61857499999999,0.3438555176926365,-1.532420530345048,748.7502609138348,750.0,30.012493605626773,0.0400834499463107,0.0,0.0,-23.973366934521437,572.7223221772068,121.33108763935344,93.5,100.60642536994354,0.8291891824870784,213.504224,83.501,0.24658693467924192,-1.6358666322457924,39285.0,11.877754099229783,283,attack,1
897.2098603381287,750.0,1253.112333001917,1.3966769519559898,0.0,0.0,34.834847562395005,1806.0330800089253,1.2678252651475375,1.0,2.397623689275599,1.8911310219051254,0.0,0.0,20.770461499796944,589.0315921863481,110.77267052323816,76.9,97.52701120918054,0.8804248443998747,206.00025,66.90100000000001,0.43714797344029216,-1.4383667307815902,748.7111204452378,750.0,30.478022049201154,0.040707318506337554,0.0,0.0,-23.604623676992592,555.1782589324391,116.53727377958627,83.05,99.76955766578509,0.8561171411516375,212.8,72.35,0.3394194334079807,-1.5660480704503257,38092.0,11.874446839261013,284,attack,1
897.239560209971,750.0,1270.4552017557241,1.4159598596593463,0.0,0.0,34.873486186749865,1816.8373998118254,1.2692277558695255,1.0,2.441402964700565,1.923534175336406,0.0,0.0,20.76541334304858,587.7899789768445,111.04525712835006,76.7,97.73952021291717,0.8801773505728963,205.925,66.4,0.4422825330732259,-1.4322167354889894,748.7178188085974,750.0,30.398862340310494,0.04060122729372583,0.0,0.0,-23.66653164724477,558.1047202100372,116.8119471301089,83.1,99.98801835837904,0.8559742459134695,213.60000000000002,72.101,0.344937561384821,-1.560867106767307,38291.0,11.874626983149762,285,attack,1
896.8589397089397,750.0,1281.9000591305378,1.4293218279638897,0.0,0.0,34.97525156626759,1842.5259480421594,1.2700883575883577,1.0,2.4798458498822833,1.9524986864622644,0.0,0.0,20.760852048839205,587.5703359098392,111.36054356277322,76.7,97.93458221124392,0.8794369987610453,205.95656749999998,66.10000000000001,0.44725654190222025,-1.426355654320659,748.7241164241165,750.0,30.324248760500765,0.04050123148874709,0.0,0.0,-23.725179097770745,560.8841232212975,117.12353843323804,82.875,100.19398927065778,0.8554556207142741,214.1578915,71.625,0.35022393005223934,-1.5559802634835715,38480.0,11.872016968674016,286,attack,1
898.9715517913279,750.0,1306.416072208822,1.45323405351994,0.0,0.0,34.71087412949993,1823.3398234921756,1.2746096490088592,1.0,2.5331933013372865,1.9874267414397075,0.0,0.0,20.655336804825673,580.9301017469278,112.1018029975161,77.65,98.15684564553835,0.8756045221477238,206.25,66.74005550000001,0.44465436635938027,-1.4262140563342018,748.7244810475177,750.0,30.319923072035486,0.04049543435472526,0.0,0.0,-23.72858797780374,561.0458874203721,117.88507937626977,83.8,100.41556168089326,0.8518089160408784,214.832248,72.110826,0.3476144146420981,-1.5555090157971794,38491.0,11.855724349197901,287,attack,1
898.2604612550912,750.0,1302.9601141615512,1.4505370884754238,0.0,0.0,35.23996454157721,1912.4463950154814,1.2752743404155966,1.0,2.5604075704794305,2.007730799041267,0.0,0.0,20.72078452858324,587.3228920361901,112.8006852962857,78.35,98.30711068407683,0.8715116439750378,206.35,66.910697,0.44485239549390726,-1.4243388904864038,748.7263340856616,750.0,30.29793004960792,0.040465960218438825,0.0,0.0,-23.745934689047616,561.8694142565155,118.59477551337329,84.4,100.56758995463103,0.8479934256740557,214.9891925,72.30000000000001,0.34788472869422904,-1.5538904264932352,38547.0,11.84045203759059,288,attack,1
900.6474093736175,750.0,1325.338030246124,1.4715392688109439,0.0,0.0,35.096767351292605,1909.5111340103497,1.2804278241861191,1.0,2.614261676440256,2.041709518536872,0.0,0.0,20.631031818578503,582.4095158599738,113.95050239974758,79.7,98.45437415525157,0.8640100050622477,206.7,67.5,0.43810208294892394,-1.4280546152254554,748.7223566762954,750.0,30.345116695313216,0.04052919807286148,0.0,0.0,-23.708747624085042,560.1047139025582,119.78703345228617,86.1,100.67639207680926,0.8404615188747528,215.17621250000002,73.1,0.3413469495494075,-1.5562958348862304,38427.0,11.80341356455957,289,attack,1
900.2362858254442,750.0,1339.1782491016543,1.487585281983758,0.0,0.0,35.296131989163435,1943.051816160026,1.28133834781481,1.0,2.656016593660191,2.0728456290953536,0.0,0.0,20.667366063531567,584.7012846872051,114.38508255862078,80.1,98.6895135949382,0.8627830778927067,206.89999999999998,67.69999999999999,0.4397917627784739,-1.424102836193363,748.7265983659707,750.0,30.29479209447743,0.04046175487900806,0.0,0.0,-23.748411756326067,561.9870609480056,120.22506079649852,86.3,100.9207014301618,0.8394314859277746,215.7,73.1,0.3432428503492523,-1.5527222443948214,38555.0,11.803253548158084,290,attack,1
906.1051282735791,750.0,1382.836200473561,1.5261321863482964,0.0,0.0,34.571952033236414,1874.4664509734669,1.293307349368643,1.0,2.748207127038397,2.1249451094358935,0.0,0.0,20.288550254256684,563.3641849851974,116.58776160155364,84.95,99.95986080696252,0.8573786770911851,213.025,72.5,0.39673690871004913,-1.4714317844988416,748.6893403454444,750.0,30.73399488935823,0.04105039731856954,0.0,0.0,-23.406611580454722,545.8694656782774,122.62487554072453,93.3,102.13606417996431,0.8329147224785093,218.366658,79.73401899999999,0.29822398486315665,-1.5909629988367757,37459.0,11.766794729751174,291,attack,1
906.2534509710409,750.0,1398.459149371858,1.5431214610806987,0.0,0.0,34.59672891608762,1888.6780030098844,1.2946241687200275,1.0,2.788625022581593,2.154003524697564,0.0,0.0,20.310703511520575,564.6118329611032,116.57856778967474,83.8,100.21459415023861,0.8596313717890308,212.61841950000002,71.64999999999999,0.40517110589073413,-1.46316100477376,748.699202501126,750.0,30.618355933229417,0.04089540342896701,0.0,0.0,-23.495657525540256,550.0459225574767,122.60360237919613,92.55,102.40745803840635,0.8352728309048711,218.874555,78.85,0.3072148339625653,-1.5842032780388497,37743.0,11.776800392785571,292,attack,1
905.6660726453168,750.0,1400.8615331995964,1.5467748826097534,0.0,0.0,35.41061614802462,1979.7580939881618,1.2946433251218616,1.0,2.8144960555938936,2.1739547881490617,0.0,0.0,20.556221149912794,577.838551950268,116.18529184899765,82.14166666666668,100.51207691116815,0.8651015572762903,211.5,70.40833333333333,0.4182087838318979,-1.450883523822387,748.7133497562766,750.0,30.451699576849048,0.040672040356648884,0.0,0.0,-23.625173947909918,556.1488440690006,122.18512786794379,90.85,102.7274263998424,0.8407522927902401,219.33004499999998,77.6,0.32115552450487367,-1.5741425508892661,38158.0,11.796723797006745,293,attack,1
906.9292334930223,750.0,1421.3023050119423,1.567158993803542,0.0,0.0,35.44999394997015,1985.7992865373958,1.2974901062278692,1.0,2.8595302222964225,2.2038936625187824,0.0,0.0,20.592061772666433,579.0277732521527,116.28588276402634,81.66666666666667,100.73627628565599,0.8662812191061536,211.31390449999998,69.83333333333333,0.42543287201600904,-1.4430785864131377,748.7217246406999,750.0,30.352608150215225,0.04053923794555444,0.0,0.0,-23.70285432213503,559.8253030163553,122.29262997794731,89.4,102.96630630260103,0.8419665708486983,219.6625,76.40100000000001,0.3286938951423445,-1.5679006525034478,38408.0,11.805865337022047,294,attack,1
907.8595430107526,750.0,1436.4488309076958,1.5822368580760544,0.0,0.0,35.749132222720384,2035.175766767596,1.2998087262200166,1.0,2.899123888048431,2.2304234689048403,0.0,0.0,20.69558861745903,587.055214930195,116.29543076015806,80.35,100.98615369127971,0.8683587397302699,211.4,68.75,0.4334028276807004,-1.4346517257939688,748.7309760132341,750.0,30.242766020422287,0.040392032638286,0.0,0.0,-23.789555212662457,563.9429372163156,122.28970834700682,87.85,103.23887950013517,0.8442155999520957,220.45000000000002,75.1,0.33700648993642857,-1.5609573610496443,38688.0,11.821432116581311,295,attack,1
907.7783697962918,750.0,1444.6552560650375,1.591418460862008,0.0,0.0,35.45249659426689,2066.695726806686,1.3051586340518286,1.0,2.9727170960823233,2.277667264747432,0.0,0.0,20.278494491048463,567.2948383314516,112.39755889331092,70.7,99.59745159904298,0.8861175685637627,201.196694,60.95,0.5141463360331536,-1.3298535571421657,748.6788299561368,750.0,30.856754226334658,0.04121494156331691,0.0,0.0,-23.312810370001216,541.4871273476365,117.76356208226368,77.85,101.62244569420201,0.8629362418845118,210.653526,65.55,0.4284276088058647,-1.4600733556949674,37161.0,11.822999940759756,296,attack,1
906.468866432573,750.0,1432.526723236077,1.5803374790728506,0.0,0.0,36.308588519053544,2209.2352806591284,1.304822151338891,1.0,2.9923444932214784,2.2932968222151993,0.0,0.0,20.44337986092772,579.4802017808155,112.80779024039452,70.9375,99.78878237427433,0.884591234006299,201.28672,61.1236465,0.5170248715793382,-1.3248728847676403,748.6840003216555,750.0,30.796426945529888,0.04113407917398914,0.0,0.0,-23.358813732374493,543.634178983767,118.1748127974107,77.5,101.81955372846303,0.8616011425633837,210.7,65.19999999999999,0.43158059868506765,-1.455593937820913,37307.0,11.827129166071705,297,attack,1
908.5026096731887,750.0,1464.168237558057,1.6116279931047808,0.0,0.0,36.038346936189136,2171.4162797674594,1.3091726666845105,1.0,3.0514259107921142,2.3308047810987933,0.0,0.0,20.393292325366076,575.4633293111002,113.53652333915379,71.65,99.90639372631449,0.8799493835818482,201.29999999999998,61.273120000000006,0.5174851013945835,-1.3230250781689221,748.6859024116056,750.0,30.774203585939826,0.04110429151505656,0.0,0.0,-23.37580573983981,544.428293986728,118.93077730697789,77.95,101.92135440787712,0.856980478188611,211.09541,65.215929,0.43222622960532076,-1.4539123093912247,37361.0,11.821988502377506,298,attack,1
910.0980747693457,750.0,1480.4138591163614,1.6266531049321866,0.0,0.0,36.110849609898416,2193.387719196664,1.3127033224894673,1.0,3.095238352205969,2.3579115700994993,0.0,0.0,20.415905759193073,577.168840744246,113.91986963733754,72.0375,100.14060427981852,0.8790442316921083,201.25,61.51250000000002,0.519331016852687,-1.318393409647343,748.6908431550318,750.0,30.716401977158107,0.041026816686734406,0.0,0.0,-23.4201156387074,546.5018165304273,119.30865132211618,77.625,102.16928155417297,0.8563442836876147,211.199747,64.92500000000001,0.434281805146987,-1.4496051785473172,37502.0,11.820725167030442,299,attack,1
1217.0536912751677,750.0,1129.9235246749627,0.9284089377281997,750.0,722.0,1.196100677064965,1.0623553411903917,1.8456375838926173,1.0,1.317027526758062,0.71358945995255,1.0,0.0,1.6517538959968476,2.1977082814279623,0.5744093381991051,0.559962,0.3076097231945603,0.5355235417289383,0.577114125,0.2859610833333333,0.08189547857190341,-1.4302925704089138,585.248322147651,750.0,302.99768324895126,0.517724992592988,0.0,0.0,-1.2953783675395827,-0.32199488491048545,0.7537837617449664,0.7724975000000001,0.1886255928963608,0.2502383342136521,0.31258675,0.17041800000000007,-0.36297464459647505,-0.6725473715399519,298.0,3.5507115414596,2,baseline,0
1521.6791208791208,750.0,1369.640855429176,0.9000851997219312,1500.0,694.0,1.4860263090904486,2.2735264296661306,2.320879120879121,2.0,1.6395869543859618,0.7064508184144058,2.0,1.0,1.7699229580779114,3.3676508407229413,0.7829637881493109,0.6686,0.5290766289158806,0.6757357580565219,0.6559545,0.330975,0.5941187988683737,-0.8396886312103691,642.0967032967033,750.0,257.41611989217097,0.40089930157019177,0.0,0.0,-1.9664402012020288,1.8668870649034792,1.3291646175824177,1.570754,0.6165305439870128,0.4638481462953805,1.166165,0.32501099999999994,-0.5803714201966642,-1.3113282592098492,455.0,4.166178036674282,3,baseline,0
1559.9149606299213,750.0,1363.5559991606674,0.8741220089395382,1500.0,666.0,1.7953714939798493,4.032305227209442,2.393700787401575,2.0,1.7048216953200783,0.7122116950843748,2.0,1.0,1.8190569807944799,4.415174309267018,1.0125629399387008,0.8479736666666667,0.7681169349808612,0.7585868538970644,0.9486779999999999,0.4703844666666668,1.0566399299779852,0.1256617205535,672.6834645669292,750.0,223.25924825481218,0.33189346849568474,0.0,0.0,-2.54129194453932,4.458164747380437,1.8109958850393701,1.843502,0.9805365610390826,0.5414350022213144,1.9171845,0.9527,-0.2653201787817346,-1.4911669722205132,635.0,4.503079857896653,4,baseline,0
1597.8699186991869,750.0,1445.082154392391,0.9043803487888556,1500.0,638.0,2.189471686037614,6.936188398893879,2.4905149051490514,2.0,1.8936613724236107,0.7603493432255847,3.0,1.0,1.9620184645329801,6.040764991279632,1.3803146554598444,0.99985625,1.014018982166829,0.7346288602789732,1.130155125,0.4437829285714286,1.1058350060495539,0.2601244460853085,683.4742547425474,750.0,208.82028946877094,0.3055276596298859,0.0,0.0,-2.8203605644995124,5.95443371378402,2.4877309295392953,2.485913,1.2160916581531076,0.4888356870565244,2.288915,1.1167715,-0.295887942844925,-1.2518067512958144,738.0,4.654874687914619,5,baseline,0
1708.2741738066095,750.0,1659.9157440478427,0.9716916461653179,1500.0,610.0,2.6232556174922403,9.928462326906024,2.6842105263157894,2.0,2.247404681828327,0.8372684108772199,3.0,1.0,2.2190129070290165,7.641850745936354,1.7606947301003357,1.2913810000000001,1.2718509999945267,0.7223574752916131,1.537864,0.6364670000000001,1.0465845614904472,0.13264165702217845,689.9069767441861,750.0,199.4391921029412,0.2890812802678646,0.0,0.0,-3.0175310436363154,7.105493599308879,3.2054201750305995,3.364038,1.4436969063495744,0.4503924064606577,2.3060080000000003,1.2076859999999998,-0.37668046926941845,-1.0668689022633369,817.0,4.815068744343725,6,baseline,0
1815.3226544622426,750.0,1854.7676530832227,1.0217289188365608,1500.0,582.0,2.9774033553023767,13.382656278361704,2.876430205949657,2.0,2.5731082589750627,0.8945491719746239,3.0,1.0,2.419715931280387,9.539782600335094,2.164039281012542,1.6756975,1.5582601334621544,0.7200701702295594,1.9313179166666665,0.8763652857142858,0.9472609536184319,-0.15885642004135114,693.8260869565217,750.0,193.3961134841521,0.27873860196362316,0.0,0.0,-3.1523496668561655,7.937308422128163,3.975555897025172,4.309029499999999,1.6450316092927768,0.41378656266000957,2.85316325,1.3561765000000006,-0.45861897538771085,-0.9229308284271482,874.0,4.80643739956541,7,baseline,0
1871.6185671039354,1500.0,2004.4377053050066,1.070964853916036,1500.0,750.0,3.3890643316112814,17.833881738134842,2.9646821392532794,2.0,2.8436847152438096,0.9591870499682149,3.0,1.0,2.6825729875076676,11.989824388453371,2.3703103940972223,1.70273225,1.8618851967541235,0.7855026925548533,2.367208202380952,1.01812125,0.9498865077754959,-0.12676168658406484,700.4581231079718,750.0,182.52352601804384,0.2605773564423477,0.0,0.0,-3.412799762340574,9.647202217831875,4.445217428859738,4.5784,2.1193596839754028,0.476773007820913,3.7079545000000005,1.9229260000000004,-0.5525685746192428,-0.8613356266638723,991.0,4.97008316025498,8,baseline,0
1925.3384030418251,1500.0,2132.3261712722347,1.1075072142660176,1500.0,750.0,3.6429579873330273,20.554877984050105,3.0722433460076046,2.0,3.0899858961039164,1.0057751122219432,3.0,1.0,2.7925881932968584,12.824400081982018,2.758865539007017,1.948289,2.124064461724722,0.7699050322290172,2.8482848125,1.1171342499999999,0.9590616329293635,-0.15795185305449655,703.3307984790874,750.0,177.53069911285576,0.25241422598975577,0.0,0.0,-3.5411430254016865,10.539693926351022,5.161009239543726,5.4617945,2.3549882934925375,0.4563038320971378,3.950561,2.0761890000000003,-0.5411377059272054,-0.927810158339319,1052.0,5.051854801828804,9,baseline,0
2035.5433364398882,1500.0,2323.1560008974693,1.1412952794022102,1500.0,750.0,3.6850478599580687,20.835584673674404,3.271202236719478,2.0,3.407693744076089,1.0417251815936306,3.0,1.0,2.770268768967365,12.384969155164967,3.2082579579636676,2.4143086666666664,2.3865203420572407,0.7438679723783816,3.3357350000000006,1.4090953333333336,0.9321369057612521,-0.24122755218756975,704.2441752096925,750.0,175.90369523225127,0.24977657100234446,0.0,0.0,-3.5842814421091647,10.847073456248163,6.055131917986952,6.439731,2.449303638328242,0.404500458702231,4.243867999999999,2.106171999999999,-0.5528087931864003,-0.9042508865508507,1073.0,5.032218502684937,10,baseline,0
2053.3873720136517,1500.0,2481.653406118574,1.2085656315714768,1500.0,750.0,4.027957618635253,24.160102781577656,3.304607508532423,2.0,3.684236219124039,1.1148786080075843,3.0,1.0,2.993674169636883,13.95079274148899,3.4520680983820466,2.772705833333333,2.71725254786749,0.7871375854784098,3.6314330178571432,1.7728133333333331,0.8805077348429244,-0.29511329406002007,708.1092150170648,750.0,168.790725133796,0.23836820868053285,0.0,0.0,-3.78112262701775,12.29688832054561,6.499884293515358,7.368748,2.972559457133893,0.457324980399956,5.509567999999998,2.1995575,-0.6313310874793616,-0.7705831452692307,1172.0,5.152975315802241,11,baseline,0
2086.0251968503935,1500.0,2630.709601464809,1.2611111339579277,1500.0,750.0,4.344680815246772,27.307106514637194,3.3566929133858268,2.0,3.9404442483306052,1.1739066843490191,3.0,1.0,3.204962188273359,15.46558851106536,3.7363577948000506,2.7917166666666664,3.0161117530221198,0.8072331180969047,4.054689857142858,1.7919143939393938,0.8882549684689224,-0.3266537622810284,711.3417322834646,750.0,162.53248176440073,0.2284872015629651,0.0,0.0,-3.9664900059880415,13.733042967603012,6.9725154574803145,8.0831575,3.3884068840124066,0.4859662061239644,5.52474575,2.4833784999999997,-0.5563386479978023,-0.9945754546892767,1270.0,5.330373886836598,12,baseline,0
2141.4992805755396,1500.0,2791.037682727046,1.303310119243626,1500.0,750.0,4.413201295839986,27.44731920093372,3.4287769784172664,2.0,4.194073321033363,1.2231980520848456,3.0,1.0,3.271174552897538,15.51956815361078,3.9292915014668965,2.6670142500000003,3.33950986061179,0.849901275933606,4.448597875,1.839532916666667,0.9149705219949413,-0.30827615514017825,714.6791366906475,750.0,155.73727853161733,0.2179121658045952,0.0,0.0,-4.182417206225022,15.492613686927118,7.3243175561151075,8.315321999999998,3.86504592620202,0.5277004849380232,6.20150875,3.040154499999998,-0.4682264325906994,-1.1692078109507302,1390.0,5.389021137109208,13,baseline,0
2181.3247106875424,1500.0,2960.0047810239803,1.3569757709713022,1500.0,750.0,4.490335123520374,27.67900889919789,3.4962559564329476,2.0,4.468574897192372,1.278102905758488,3.0,1.0,3.3232730773769856,15.48267251913872,4.286451293839009,3.14199375,3.6060803478473513,0.8412740751377331,4.9639714999999995,2.1421514423076924,0.9249019582743578,-0.3133836237913008,716.5786249149081,750.0,151.70116841625824,0.21170205632950936,0.0,0.0,-4.318735687203853,16.65147793592812,7.911243915588835,9.243491,4.139831338510693,0.5232845027509894,8.00263,3.303977999999999,-0.4039631315236346,-1.2666148421923797,1469.0,5.5538274918185335,14,baseline,0
2199.4146658014274,1500.0,2987.8079007748925,1.3584559324951981,1500.0,750.0,4.606888820219692,29.68828929717879,3.536015574302401,2.0,4.580893872035973,1.295495954635242,3.0,1.0,3.358287063511652,15.88221339579021,4.609483076177102,3.438849333333333,3.8712488134895553,0.8398444575048087,5.312539,2.296195666666667,0.9394803055518708,-0.2723677210832194,718.1401687216094,750.0,148.28266700430814,0.20648151080070087,0.0,0.0,-4.439361327538663,17.70792899644584,8.5202134256976,9.656809,4.411178417023853,0.5177309765174907,8.110958,3.8024510000000005,-0.3711545318708646,-1.2901155684229761,1541.0,5.564221510735389,15,baseline,0
2233.6296296296296,1500.0,3056.5079584164064,1.368404106872106,1500.0,750.0,4.730678319800317,31.11217337028745,3.59320987654321,2.0,4.734358607571635,1.3175847696729168,3.0,1.0,3.422956487301456,16.22081280421087,4.873962966830038,3.4964115,4.10180664266164,0.8415752582809224,5.7041445625,2.2649185,0.9724257018659929,-0.1516814555488497,719.6938271604938,750.0,144.78464241053138,0.2011753289336522,0.0,0.0,-4.568078791434575,18.867343844754387,9.076637390740741,10.2457005,4.727455355548101,0.5208377455257465,8.6904955,4.296826,-0.3521910522315856,-1.2825472633898065,1620.0,5.6230414639644675,16,baseline,0
2305.0602836879434,1500.0,3197.6095494730507,1.3872129818475236,1500.0,750.0,4.7858668324315445,31.455049540788607,3.701536643026005,2.0,4.964785926258507,1.3412769898178818,3.0,1.0,3.4699405517188016,16.383351511882843,5.160562436729036,3.7485435000000003,4.372035501476007,0.8472013574255236,5.62076445,2.53437575,0.9699246606393122,-0.15322180714959055,720.983451536643,750.0,141.8026371610112,0.19667946172521034,0.0,0.0,-4.682331135487827,19.92422486235872,9.667512238770685,10.649771000000001,5.016451053639036,0.5188978229084636,8.90078075,4.279586500000001,-0.3367768736601428,-1.2779748044152497,1692.0,5.716568971417158,17,baseline,0
2239.789090909091,1500.0,3216.391717951898,1.4360243698867294,1500.0,750.0,5.063814675975531,34.8877321032014,3.572987012987013,2.0,5.0187697216859695,1.4046425871249624,3.0,1.0,3.691086224600921,18.263182496423006,5.063692121330701,3.570592,4.6604395944727415,0.9203639326413101,6.20689375,2.710957125,1.0411531375633614,0.023262833834581276,724.4955844155844,750.0,133.28057937166042,0.18396327353626513,0.0,0.0,-5.0344256604713005,23.34544173081187,9.440276341818182,10.309317,5.749844577298988,0.6090758754411184,10.247891,5.027882999999999,-0.21099658300065294,-1.4055625552450906,1925.0,5.9339439087960555,18,baseline,0
2255.2361516034985,1500.0,3280.764662286112,1.4547322061831314,1500.0,750.0,5.280310984152831,38.37582653507778,3.5879494655004858,2.0,5.1444905355281,1.4338246915109467,3.0,1.0,3.8430696865212726,19.985381000645862,5.247876008361498,3.5577986,4.8879173417526385,0.9314086944822375,6.363280906249999,2.557899988888889,1.0894634304164086,0.12089509404761545,726.1438289601555,750.0,129.054401684272,0.17772567435996675,0.0,0.0,-5.224832699390888,25.298876736624266,9.790313663265305,10.401005000000001,6.086005595323313,0.6216354046100586,11.674687500000001,5.634532000000002,-0.13658838511943103,-1.4563708090624838,2058.0,5.991725386548279,19,baseline,0
2209.256298870547,1500.0,3204.145017900366,1.4503274335071228,1500.0,750.0,5.580163647551483,43.52026210345461,3.4939183318853173,2.0,5.08329468164469,1.4548979680649103,2.0,1.0,4.049571004246852,22.26949991111156,5.246093937229416,3.2675804,5.111614094230219,0.9743657195985669,6.45887325,2.4562566777777777,1.1647373472892981,0.31043358041721847,728.6724587315377,750.0,122.24410324948913,0.16776276059930942,0.0,0.0,-5.557281696251588,28.883379851492958,9.697572106429192,9.3282805,6.571852437448433,0.6776801827636318,13.610398,6.6871805,-0.003215515995505476,-1.5104165868717576,2302.0,6.138213876383373,20,baseline,0
2229.4518828451883,1500.0,3285.6072582121133,1.473728714888916,1500.0,750.0,5.677003393113081,44.92685548260135,3.528451882845188,2.0,5.238718313658453,1.4847073128950201,2.0,1.0,4.112757925951418,22.795546493413823,5.633632416079814,3.6082567,5.324865482995331,0.9451922116531452,6.828632000000001,2.60828295,1.179074724045463,0.339677908343881,729.4577405857741,750.0,120.03968875013703,0.16456016856266675,0.0,0.0,-5.672419582733809,30.17634392258195,10.322465386192468,9.749967,6.7290388515030815,0.6518829174766695,13.780790000000001,6.5174365000000005,0.036725984609653387,-1.5116484053458517,2390.0,6.177540094149085,21,baseline,0
2237.7238895558226,1500.0,3382.8821208506433,1.5117513544184977,1500.0,750.0,5.781100983508833,46.48178196004548,3.5418167266906764,2.0,5.405019681363491,1.5260585452183215,2.0,1.0,4.194005102864232,23.59596899774776,5.941743980081222,3.901577,5.5479919466354435,0.9337312353467649,7.054548428571428,2.73801,1.1953225516365713,0.39620014265384373,730.3537414965987,750.0,117.46754090502324,0.16083650186321433,0.0,0.0,-5.811881969549284,31.777972027972055,10.847403541016407,10.556537,6.946590788006702,0.6403920313040925,13.996800499999999,6.794601,0.06912846280787052,-1.491750880190448,2499.0,6.218392874097683,22,baseline,0
2229.2232716282583,1500.0,3400.220038827887,1.525293622268852,1500.0,750.0,6.015721428823548,50.9937497549373,3.5243672081601813,2.0,5.47095149690422,1.552321643510073,2.0,1.0,4.345204936632472,25.543629524240174,6.161367775017458,4.2076435,5.767575424838908,0.9360868617881792,7.34858525,2.8434350624999993,1.2261447016847975,0.4971284897639192,731.4522100491122,750.0,114.2255830909991,0.15616274244810827,0.0,0.0,-5.996068495028714,33.95283739707591,11.216517402720061,10.492162,7.230414520096824,0.6446220569624769,14.351193999999998,6.849724,0.10769681879324948,-1.4630272773784894,2647.0,6.264577722051273,23,baseline,0
2200.731847591661,1500.0,3411.8037570078623,1.5503041684708296,1500.0,750.0,6.213677216566655,54.77240742228072,3.483465132997843,2.0,5.536388331489377,1.5893336434014496,2.0,1.0,4.465448081306754,26.973549412402928,6.463910555648374,4.455427125,5.987434769786994,0.9262867606599197,7.4551609999999995,2.9098848333333334,1.2296327125452782,0.5332358022309851,732.352264557872,750.0,111.49090735562723,0.15223672097598462,0.0,0.0,-6.159287294391941,35.936819974858025,11.650172604601007,10.858554,7.485439134712558,0.642517444913763,14.561606,6.5958995,0.13577152467888703,-1.433263981450657,2782.0,6.390180923710497,24,baseline,0
2198.876997915219,1500.0,3430.8041082531704,1.5602528524814967,1500.0,750.0,6.376997232681937,58.66308091463058,3.485753995830438,2.0,5.6178669826692165,1.611664790283294,2.0,1.0,4.55436210035272,28.295608897445998,6.839619426378988,4.7493681,6.210407328333452,0.908004808627393,7.538307324999998,3.0287661,1.222589341493397,0.5373634586505207,732.9409312022237,750.0,109.66146015691739,0.14961841464774328,0.0,0.0,-6.272776793416208,37.34772870002094,12.242159604933983,11.5740065,7.680367167869053,0.627370285613138,14.699641249999999,7.005482,0.14619977592151592,-1.4045477231947,2878.0,6.42908169057564,25,baseline,0
2173.467369808833,1500.0,3408.4356809911196,1.5682019101537779,1500.0,750.0,6.6034437755631314,63.53365297049291,3.445286750164799,2.0,5.637986148001064,1.6364345138271525,2.0,1.0,4.689819675427312,30.03100037956694,7.0451682035133185,4.737686500000001,6.431899949941872,0.9129519358720749,7.108901625,3.1189111666666673,1.2391149617721482,0.6198381344838477,733.8180619644035,750.0,106.87143745226243,0.14563751288183285,0.0,0.0,-6.452950763732874,39.64057355916068,12.586221666446933,11.426252,7.993360866308129,0.6350882002672245,14.45306575,7.0883,0.16065247992438975,-1.3639206152198484,3034.0,6.516389877385809,26,baseline,0
2177.7665369649803,1500.0,3468.5329750014926,1.5927019338975492,1500.0,750.0,6.794112437171279,67.24393863959905,3.4636835278858626,2.0,5.776111763640926,1.6676211083194734,2.0,1.0,4.784335231089539,31.201399731924596,7.5332223556719216,5.233813833333333,6.640259179887929,0.881463318932613,7.352722083333333,3.2792908333333344,1.227053933870312,0.595672513095904,734.0804150453956,750.0,106.02125801978356,0.14442730775377952,0.0,0.0,-6.5096457350280374,40.37548759556873,13.373524150453958,11.807824499999999,8.099614025419966,0.605645447998464,15.091446000000001,7.090492499999998,0.16176598512088752,-1.3486588377648627,3084.0,6.549531487256236,27,baseline,0
2171.8477157360408,1500.0,3481.1101622300143,1.6028334477632855,1500.0,750.0,7.022734815836513,72.69959411222442,3.4647842639593907,2.0,5.858529159511696,1.6908784828111774,2.0,1.0,4.891775697421264,32.79479369688236,7.974731389514017,5.567107166666666,6.873402252240431,0.8618976510328956,8.003999875,3.3365846874999994,1.2041640625965122,0.5524533332510808,734.4238578680203,750.0,104.89689421319254,0.14282882165307195,0.0,0.0,-6.585969212129017,41.3749904631113,14.07330592036802,12.3877565,8.262966796015212,0.5871375810893432,15.113598499999998,6.956571500000001,0.15503286625590573,-1.320029464980668,3152.0,6.5851577023660335,28,baseline,0
2152.3703927492447,1500.0,3455.4664288713543,1.6054236949699219,1500.0,750.0,7.29611537294399,79.58111078094046,3.4317220543806646,2.0,5.871948501967238,1.711079279999257,2.0,1.0,5.047489252638772,35.12738433401155,8.153133655211342,5.7206019999999995,7.136331694712117,0.8752869751068901,8.515977750000001,3.5794277499999994,1.2001022035525408,0.5767649116107307,735.1673716012085,750.0,102.41655549134063,0.13931052906806163,0.0,0.0,-6.759988557328063,43.69744529520633,14.37541819123867,12.4361455,8.644910940528918,0.601367614181666,15.499228000000002,6.8802175000000005,0.1406829925778028,-1.2678147820200858,3310.0,6.653088414582642,29,baseline,0
2137.016919988529,1500.0,3494.343836176738,1.6351502898701873,1500.0,750.0,7.408087904950726,81.8921380090865,3.4017780326928593,2.0,5.945940118549347,1.7478918557900498,2.0,1.0,5.148575710796184,36.3501464434961,8.34339993483743,5.910621,7.391639600732078,0.8859265597312042,9.520808625,3.832649000000001,1.1938491122775006,0.5838184344458686,735.920275308288,750.0,99.83647920485633,0.13566208535704952,0.0,0.0,-6.949769825044328,46.29930062109666,14.621549526813881,12.74521,9.031605236267362,0.6176913889806726,16.129706000000002,7.283633,0.14233099999625298,-1.2427273736601105,3487.0,6.765959295604667,30,baseline,0
1455.2406864796985,750.0,2615.293398275722,1.797155221520263,750.0,0.0,10.099668097567339,153.7719274610703,2.218361936654109,1.0,4.4625984500767135,2.0116638211019437,1.0,0.0,7.26654288656434,72.25430633300282,4.833705614083453,0.999,6.615712527615918,1.3686626898296044,5.176846500000001,0.09999999999999998,2.0703930581313994,3.735711494652681,743.1529636280983,750.0,69.96004419403964,0.09413949431418843,0.0,0.0,-10.119847302776286,100.4128306031976,8.104533960792521,0.999,9.655708365869312,1.1913958794646233,12.5784255,0.2993229999999999,1.0741863308885133,-0.2902447384287643,7167.0,9.802481276430408,31,baseline,0
1418.0847651775487,750.0,2603.3101720298564,1.8357930611460407,750.0,0.0,10.487240608143694,164.84057690293218,2.1528573246786307,1.0,4.43488976334995,2.060001706807009,1.0,0.0,7.582771018078832,78.32644247261183,4.8211781516616465,1.999,6.089923525771979,1.2631608569936483,3.560075666666667,1.0,2.2491709265496875,4.667453751388713,743.7541762122947,750.0,66.84658499168688,0.0898772566657917,0.0,0.0,-10.60931937128171,110.55922303801492,7.851318243858979,1.999,9.213899569390701,1.173548095136442,10.757608,1.0,1.2561267235955487,0.19939460841841594,7857.0,9.993825375313635,32,baseline,0
1421.048678720445,750.0,2638.2978938593697,1.8565851637362434,146.0,0.0,10.572579211327401,169.1310304649306,2.1634846377544568,1.0,4.524523508677682,2.0913129817153755,1.0,0.0,7.616768277430856,79.19220423414689,5.243543530057185,2.999,5.986295946991249,1.1416508536024235,3.4022799999999997,1.0827825,2.272786100638541,4.866333920439057,743.7951547335794,750.0,66.62928351362802,0.08958015266648789,0.0,0.0,-10.645283044352352,111.32353551866969,8.307821376533065,2.999,9.08450291549552,1.0934879920692966,11.537913999999999,1.5958520000000003,1.288262237435975,0.3425017158700201,7909.0,9.994062864927786,33,baseline,0
1440.8358132375577,750.0,2725.8977360022595,1.8918864390781405,750.0,0.0,10.560163321922671,168.65491772296414,2.202283222165213,1.0,4.6864213225606095,2.1279830293367414,1.0,0.0,7.583966840478442,78.39694890089555,5.692018803230089,3.999,5.833849300327839,1.0249174329883213,3.3239885048076925,1.64192725,2.209255946983686,4.719661838775223,743.7051353635349,750.0,67.10706486245412,0.09023342944869021,0.0,0.0,-10.566933814851426,109.66147143405509,8.906392602103644,3.999,9.036483959100496,1.0146065149840942,11.301027249999999,2.0,1.2841664525881977,0.4077821161686823,7796.0,9.980621341268543,34,baseline,0
1473.9287322824216,750.0,2838.3667949156134,1.9257150856407552,750.0,0.0,10.293191572059511,160.046367397483,2.2644058815737185,1.0,4.891107877000472,2.159996101759481,1.0,0.0,7.407646242810878,74.37050899571705,6.072222652454886,4.899,5.7272179237834235,0.9431831228171478,3.5395134285714285,1.9,2.0787325301409423,4.249286293509227,743.4990897564484,750.0,68.18708659354066,0.09171105591518214,0.0,0.0,-10.39363579001595,106.02892985303848,9.508556296198172,4.999,9.079139388403274,0.9548388951573444,12.271792999999999,2.9999999999999996,1.2469153776850073,0.39429695571751466,7549.0,9.930484819220123,35,baseline,0
1491.405384006334,750.0,2895.359364600448,1.9413630899083245,750.0,0.0,10.348028957455162,163.55248523724148,2.295328582739509,1.0,5.005922259796967,2.1809174936611138,1.0,0.0,7.431917754970032,75.31230586831823,6.367216813886706,4.999,5.7125561189040015,0.8971825973390902,3.6521561041666666,1.9999999999999996,1.9514090141441998,3.8461960172364114,743.5238922612241,750.0,68.05844609535609,0.09153498200088095,0.0,0.0,-10.414120430287849,106.45510634640765,9.94864466165215,5.999,9.179588350594598,0.922697378666871,12.010578249999998,3.9999999999999996,1.2240777475187283,0.4183706937634155,7578.0,9.904314478290535,36,baseline,0
1540.3342072581759,750.0,3009.40339604565,1.9537340545091477,750.0,0.0,10.147470670391964,158.0805513455416,2.383744997930178,1.0,5.227352211591062,2.1929158597626874,1.0,0.0,7.26587320792249,71.96057834909215,6.829306169425568,5.899,5.914477717762821,0.8660437196741327,4.367324999999999,2.9,1.7627561163677963,3.1372479531742483,743.2280272545208,750.0,69.58170139386615,0.09362093306801209,0.0,0.0,-10.177736906732639,101.58741926699585,10.72338205616117,6.999,9.430345257414855,0.879418937796458,13.222994000000002,4.47853,1.1228085825284448,0.24381624832337945,7247.0,9.724212913794915,37,baseline,0
1492.711093990755,750.0,2950.5904790193254,1.9766654719038348,750.0,0.0,10.567300044792095,172.09151524317014,2.305855161787365,1.0,5.156929369240995,2.2364498233460783,1.0,0.0,7.552871234124484,77.62218047021638,6.5383621140964365,5.243394892857143,5.763995256246268,0.8815656208179927,6.0,2.7556051071428564,1.6246189149772627,2.7062122085848888,743.6983821263482,750.0,67.14419291701633,0.09028417236170494,0.0,0.0,-10.561326211291789,109.54272270391009,10.197366471237803,6.999,9.405630360470589,0.9223587665501336,12.704861499999998,5.0,1.195915524841182,0.5753290967588445,7788.0,9.914530453990025,38,baseline,0
1561.7181594083813,750.0,3115.184668528024,1.9947162999680654,750.0,0.0,10.211339328767375,160.60793192303288,2.427964941112024,1.0,5.451984196999884,2.2454954372211153,1.0,0.0,7.2931004035536455,72.18354774669635,7.084413338141583,5.85077875,5.967459262383114,0.8423364049433805,6.480940416666668,3.1482212500000006,1.4837105615060762,2.088994942787603,743.2788979485775,750.0,69.32300420151422,0.09326647694807853,0.0,0.0,-10.217376029890978,102.3957646709175,11.117303335250616,7.999,9.656987262849539,0.8686447577830566,14.248780749999996,5.6697595,1.0921444016898534,0.3489606843582602,7302.0,9.698610396403513,39,baseline,0
1503.6250314149283,750.0,3039.62023942735,2.02152809106073,750.0,0.0,10.671835080171638,176.24039700580173,2.3303593867805983,1.0,5.34554286262152,2.293870590495662,1.0,0.0,7.623341303949792,78.82519516043733,6.829624334900423,4.999,6.202835339924055,0.9082249675471342,7.899999999999999,3.7279610689655174,1.502639509216127,2.0707861354325505,743.8328788640362,750.0,66.43065111344896,0.08930857051506014,0.0,0.0,-10.67900558653667,112.04218748504395,10.665939106056797,7.899,9.943010119647864,0.9322207843847141,13.821866999999997,5.9,1.1241516462301746,0.41279383568416783,7958.0,9.944581371461563,40,baseline,0
1537.7938144329896,750.0,3121.1846447067965,2.0296509294112552,750.0,0.0,10.577531503423156,174.3457208774027,2.392783505154639,1.0,5.515988894950067,2.3052603309356163,1.0,0.0,7.534737420665581,77.08034007488382,7.144851670267006,5.0771421,6.261532641974219,0.876369857758044,8.0,3.0781420999999995,1.4404979402355484,1.8044483198806578,743.6754651747548,750.0,67.26600873674003,0.09045075693190084,0.0,0.0,-10.541792713582721,109.13034852671342,11.189733100773195,7.999,10.08541866481717,0.9013100289336019,14.632878,6.0,1.0961503022943826,0.38461301541100434,7760.0,9.841086562332272,41,baseline,0
1555.2329087600729,750.0,3193.6334509059507,2.053475998943535,750.0,0.0,10.608152519926314,176.01242252198128,2.4276059266961267,1.0,5.660359018562682,2.3316630414830963,1.0,0.0,7.529874040566476,77.10070467972393,7.4268500376174424,5.3460055,6.35713871166035,0.8559670222854993,7.7791109999999986,3.3470055000000003,1.3775408478614688,1.5334394862522398,743.6211581071211,750.0,67.5519021770071,0.090841823743907,0.0,0.0,-10.495652556765,108.15962599901022,11.636435937093838,8.340993000000001,10.287754443814215,0.8840984043077669,15.528361499999997,5.341993,1.081730773986403,0.3764074857510269,7694.0,9.79950412734771,42,baseline,0
1583.6481262327416,750.0,3304.362486988318,2.086550940358762,750.0,0.0,10.529664600377624,172.75252105386954,2.478369493754109,1.0,5.8466901663768,2.359087368171454,1.0,0.0,7.479351003807269,75.94714814851535,7.625749133628509,5.999,6.443352519054876,0.8449468250457617,7.783164,3.8999454,1.3338986369160957,1.3852513778894657,743.5464550555785,750.0,67.94302179996578,0.091376969573323,0.0,0.0,-10.433113085873174,106.85070167327336,11.991126850361601,8.735371,10.443849042324395,0.8709647702550535,14.572223,5.736371,1.0673873188782925,0.392901577445151,7605.0,9.745855033271608,43,baseline,0
1597.7065217391305,750.0,3362.142903340569,2.1043557484392186,750.0,0.0,10.62491108381215,176.38165185411708,2.4998706004140785,1.0,5.946361344029922,2.378667657055916,1.0,0.0,7.546762849245899,77.53944768262355,7.670219573404216,5.899,6.5687312398843725,0.8563941588661746,8.305093000000001,3.9,1.291339789881117,1.2063636932748665,743.6491212591757,750.0,67.40550858834669,0.0906415494369348,0.0,0.0,-10.519432101748086,108.6592802180509,12.120122945134577,7.999,10.722934280592035,0.8847215765989057,15.728086750000001,6.0,1.0659992940941343,0.3957588445733946,7728.0,9.739520027504412,44,baseline,0
1571.5979650080656,750.0,3357.388780721867,2.1362898498692298,750.0,0.0,10.80375956130729,183.0709539397279,2.4581213550068246,1.0,5.952375578609498,2.4215141235746565,1.0,0.0,7.689298082016831,80.46005394876546,7.564960643546397,5.999,6.656320801500081,0.8798883583325092,8.38789175,3.9999999999999996,1.318469800408946,1.2513029370005562,743.9099198963202,750.0,66.0192645477508,0.08874631562508535,0.0,0.0,-10.748289368607878,113.52655055450006,11.907430133391241,7.999,10.865159826422602,0.9124689126627022,15.693812500000002,6.0,1.108441304508262,0.5059886414312644,8059.0,9.850370070020805,45,baseline,0
1565.7471542746428,750.0,3378.3698915675586,2.1576727010771046,750.0,0.0,10.907999812722945,187.43765417040376,2.449624606442238,1.0,6.003727991717507,2.450876749004062,1.0,0.0,7.77196586785003,82.22425129018633,7.72218484249139,5.801281666666666,6.757450216687028,0.875069731496726,7.9827685,3.802281666666666,1.3482083348947205,1.3238784856802202,744.056635462845,750.0,65.2260927023893,0.08766280628868393,0.0,0.0,-10.88356285049082,116.45275095077555,12.060341063453622,7.999,10.941378364928234,0.9072196472190845,14.802818499999999,6.0,1.1234780079111164,0.5539104745330778,8258.0,9.916645635726763,46,baseline,0
1569.0773888821607,750.0,3428.0781642417674,2.184773159394001,750.0,0.0,10.991211512533505,190.17377048047268,2.46215332445198,1.0,6.114490627160565,2.483391495743472,1.0,0.0,7.802340727310437,82.67805391311471,8.00911952086918,5.999,6.837399545085623,0.8537017742424203,7.899999999999999,3.4460666666666664,1.3860227301210535,1.447765602450752,744.0558752212822,750.0,65.23044387781536,0.08766874377332996,0.0,0.0,-10.882882533599423,116.43790935323076,12.419911272496062,7.999,11.042267091608315,0.8890777759468744,14.766287,5.672896,1.146702641187177,0.631022051238086,8257.0,9.896361273793286,47,baseline,0
1609.3062420382166,750.0,3586.7399213510403,2.228749151440789,750.0,0.0,10.786238130594224,182.30026813711422,2.5434394904458597,1.0,6.400693504760246,2.5165503361899195,1.0,0.0,7.628936979681973,78.8411147070528,8.13776576166411,6.0977785,6.555829304763373,0.805605555230771,8.0,3.1987785000000004,1.304119526908457,1.2669016057780373,743.7476486199574,750.0,66.88610595917656,0.0899311830878194,0.0,0.0,-10.604341768705227,110.45277391798022,12.771642575796177,8.999,11.099946413671404,0.8691087577652039,14.6784305,6.0,1.2134954997763896,0.9040131999248908,7850.0,9.838459214308354,48,baseline,0
1610.5029652996845,750.0,3634.211979309824,2.2565695671560375,750.0,0.0,10.87409519727437,185.02616183264226,2.549652996845426,1.0,6.497286126447437,2.5483021158119343,1.0,0.0,7.679466981662036,79.73539263097538,8.191819713920058,6.470988,6.685156686849753,0.8160771257563093,7.535495399999999,3.5280120000000004,1.2769377561547264,1.2321338336284846,743.8067804030129,750.0,66.57201803119082,0.08950176280339964,0.0,0.0,-10.656212062975738,111.55554339854606,12.76510123154574,8.724393,11.210192957047278,0.8781906820561753,14.860707,5.725392999999999,1.228101620266819,1.0053561415089964,7925.0,9.805850816466275,49,baseline,0
1665.0922155688622,750.0,3812.466046620308,2.289642586142184,750.0,0.0,10.598829920068502,175.17819215421324,2.653226879574185,1.0,6.811327784950203,2.567186333512251,1.0,0.0,7.475525539261662,75.41154424340678,8.176540610997721,6.3816145,6.580231083907868,0.8047695715052448,8.0,3.776364944444445,1.1963407677258409,0.9788096510486963,743.4688542914171,750.0,68.34816579555124,0.09193144460730947,0.0,0.0,-10.369461641158352,105.52636227024479,12.916528017831006,8.999,11.38822901825034,0.8816788073799028,14.990605500000001,6.0,1.2915412502693975,1.2623079589088748,7515.0,9.687643956400198,50,baseline,0
1665.417050994861,750.0,3850.762112921816,2.312190877727298,750.0,0.0,10.745855483073887,180.27196926221703,2.6581894847806034,1.0,6.898959643244379,2.59536036943348,1.0,0.0,7.549481257758439,76.93558419454848,8.294665993393982,6.899,6.70313662811709,0.8081261660753531,8.899999999999999,4.0,1.191738354233373,0.9915976095673451,743.5325018925741,750.0,68.01753199941201,0.09147889544341561,0.0,0.0,-10.421795666153246,106.61443437939656,13.122054595203585,8.999,11.612937571585437,0.8849938466061736,15.542533,6.1000000000000005,1.298701341439035,1.2954159979250228,7589.0,9.720838236897535,51,baseline,0
1700.6174386920982,750.0,3959.913446639081,2.3285151360582015,750.0,0.0,10.631756411011608,177.21163927104914,2.729019073569482,1.0,7.121024814282757,2.6093715808913904,1.0,0.0,7.441476209614265,74.79772514980712,8.462014708354374,6.999,6.7373870884592355,0.7961918432743388,8.527840249999999,4.000000000000001,1.1754850089201736,0.8980235049697125,743.3130632990986,750.0,69.15138233156227,0.09303130234876114,0.0,0.0,-10.244620142023384,102.95280964137125,13.551272581607629,9.725184500000001,11.861879148611449,0.8753332262470244,16.483172500000002,6.449483000000001,1.297764118207356,1.2916224749681477,7340.0,9.651418895517198,52,baseline,0
1686.91732547233,750.0,4001.5752043126436,2.372122891791522,750.0,0.0,10.683311872784422,179.10066153714146,2.7120460940640494,1.0,7.20229119097461,2.6556669544586717,1.0,0.0,7.4896506805381575,75.69420035807303,8.314661484733055,6.899,6.732207521299513,0.8096790871956531,8.563609,4.0,1.1336555676474722,0.7815265250934003,743.4232376579806,750.0,68.58480565150016,0.0922553966265086,0.0,0.0,-10.332515366913242,104.76142975217553,13.283393190539996,9.494751,11.966506331800527,0.9008621637672133,16.358021,6.495751,1.3662869520848013,1.5863436372501178,7463.0,9.749608211025574,53,baseline,0
1699.5677863213275,750.0,4050.617001982199,2.383321827221531,750.0,0.0,10.779175645686994,182.96381557254375,2.7409955483609876,1.0,7.326064037350088,2.6727748761689156,1.0,0.0,7.5112946123943996,76.18879335157514,8.350448314223039,6.856523,6.779349582663769,0.8118545648760833,8.858341333333332,4.282212666666666,1.0926391666151525,0.6169296802873832,743.3788439728005,750.0,68.81392906232138,0.092569124908859,0.0,0.0,-10.29687186557737,104.02610260178632,13.442227604748412,9.999,12.227666761919249,0.9096458653623656,16.271246,7.0,1.3801303264757985,1.638457981510883,7413.0,9.739869432466213,54,baseline,0
1696.2099140779908,750.0,4053.0558568245983,2.389477754601923,750.0,0.0,10.912001763784255,188.96634195884218,2.7357567746199605,1.0,7.360554537003061,2.6905003417292304,1.0,0.0,7.5955218318898305,78.07293320026425,8.433432624702577,6.729319333333333,6.948075286575813,0.823872745034333,9.09061125,4.269680666666668,1.1189959639761875,0.6550304349668452,743.5118476236255,750.0,68.12576467905461,0.09162700620951057,0.0,0.0,-10.404837857350344,106.2611747120865,13.558479977924653,9.999,12.435872635237244,0.9172025666213918,15.577969,7.0,1.3849917581552686,1.6590662371186866,7565.0,9.784774187822354,55,baseline,0
1657.7307547406756,750.0,4004.5573952093105,2.415686252883543,750.0,0.0,11.209789729283074,200.2845899600695,2.669094562350873,1.0,7.295067946707526,2.733162042892257,1.0,0.0,7.8025335624493595,82.43671849105257,8.06084531513311,5.999,6.905959902783152,0.8567289946400756,9.34285375,3.9999999999999996,1.1347651904334861,0.6428093313136407,743.8361035862291,750.0,66.41680118454703,0.08928956374170895,0.0,0.0,-10.68237611073473,112.11369114325771,12.958572088408891,8.999,12.533110564858069,0.967167561313998,15.6484915,6.599080000000001,1.471472034289872,1.9773851455985394,7963.0,9.935840189071893,56,baseline,0
1657.3190964078508,750.0,4038.8483024787183,2.436976868988418,750.0,0.0,11.302442161928886,203.7696916444738,2.668929761757808,1.0,7.3633883281262325,2.7589292283497806,1.0,0.0,7.869811493412664,83.84509128785673,8.152711875911336,5.999,6.978015032129959,0.8559133621228254,9.361176,3.9999999999999996,1.1583286426393253,0.6842423988817781,743.9410772332633,750.0,65.85379703461076,0.08852017861350363,0.0,0.0,-10.776938085901465,114.14291684528516,13.148228140723367,8.999,12.739455775077785,0.9689104599288545,16.445316000000002,6.899999999999999,1.4765081232394777,1.9813577730223155,8101.0,9.955194585970196,57,baseline,0
1687.7658988482724,750.0,4166.3080797394005,2.4685343403267477,750.0,0.0,11.199018396693624,198.75451232408614,2.7243365047571357,1.0,7.573153412009898,2.779815708810544,1.0,0.0,7.8060394573578105,82.3033490454724,8.48964959331256,5.999,7.089230465857787,0.8350439423839228,9.450646916666665,3.9999999999999996,1.1681032258966781,0.6928783715886899,743.8553390430474,750.0,66.31427151884819,0.0891494192999407,0.0,0.0,-10.699564277497133,112.48117358540927,13.705132073860792,9.488714,12.977906111894361,0.9469376903449593,16.224818499999998,6.589714,1.4626693906720716,1.912901003734084,7988.0,9.913475740980841,58,baseline,0
1684.186614076174,750.0,4205.440898224736,2.4970159856849024,750.0,0.0,11.291595599394178,202.06966380698617,2.720448662640207,1.0,7.648234978255868,2.811387358007787,1.0,0.0,7.870514423928787,83.64742939900452,8.178726856241685,5.999,7.0411622808386785,0.8609117781534834,9.0,3.9999999999999996,1.1948040852955415,0.7934738365898046,743.949986107252,750.0,65.80605434133403,0.0884549439750202,0.0,0.0,-10.785117066060893,114.31923893003511,13.366378373351413,8.999,13.136750350580572,0.9828204756474161,15.995908000000002,6.578899999999999,1.5097484116940485,2.1021912417026964,8113.0,9.956252875545676,59,baseline,0
1675.5382003395587,750.0,4259.451346779788,2.542139203938521,750.0,0.0,11.446972493443244,206.60317081510902,2.709313606597138,1.0,7.736208611848004,2.855412748457931,1.0,0.0,7.963248449793138,85.55834786309843,8.09295022657944,5.999,6.920608840025004,0.8551404180512381,8.724280631578946,3.9999999999999996,1.2310809065736301,0.8979303075633509,744.0475422427036,750.0,65.27791891404375,0.0877335320768394,0.0,0.0,-10.875406655214018,116.27495044164328,13.268755609143826,7.999,13.273731507404653,1.000375008659998,15.215858999999998,6.0,1.5826601358241368,2.330887239582415,8246.0,10.045109921725267,60,baseline,0
1665.3925200143387,750.0,4291.00423607266,2.5765723002260845,750.0,0.0,11.557733984164374,210.9542233909918,2.6967379615246743,1.0,7.804137810606847,2.8939177339256816,1.0,0.0,8.032962554060338,87.09901199571817,8.225292262977325,5.999,6.922587222732877,0.841622036203136,8.607455,3.8999999999999995,1.2429372138126242,0.9563913238857387,744.1350025170957,750.0,64.80066064667406,0.08708186072081099,0.0,0.0,-10.958245492586025,118.0836162456335,13.37269160700203,8.314315,13.335589846971825,0.9972255577919124,16.288969,6.315315,1.6292777025218226,2.5379600103440305,8369.0,10.123833340030671,61,baseline,0
1682.2194794085299,750.0,4423.912204727631,2.6298067873302022,750.0,0.0,11.42459211942954,205.25751847717476,2.7381156055236464,1.0,8.036241550937687,2.9349533433599526,1.0,0.0,7.939760786713693,84.91635387855317,8.237150598011718,6.570716666666667,6.703361333470674,0.8137961366262662,8.319792999999999,3.6671376666666666,1.2031434178425024,0.8676444335121909,744.0016675010742,750.0,65.52713309168948,0.08807390622090894,0.0,0.0,-10.83272643360132,115.34840909563954,13.433985609434194,8.657239,13.480888831451843,1.0034913854593317,14.754249,5.7582390000000006,1.7244893797677876,2.873472354995111,8183.0,10.134707653018104,62,baseline,0
1651.734193548387,750.0,4401.399585158403,2.6647142151262035,0.0,0.0,11.650658141317187,213.48282167184885,2.6853958944281526,1.0,8.003901041454146,2.9805292612762235,0.0,0.0,8.104284929918068,88.38778307117957,7.817534171403412,5.926965666666667,6.687359692807084,0.8554308233495784,8.413313342105262,3.9279656666666667,1.187998822713254,0.7661397129707206,744.242282735186,750.0,64.21032132972569,0.08627609962409621,0.0,0.0,-11.062415975258682,120.37749825819407,12.813521748269794,7.999,13.625582366309557,1.0633752869814588,15.560138,6.0,1.7996783753550059,3.2033581964641584,8525.0,10.252060063582748,63,baseline,0
1671.9004237288136,750.0,4464.023128784376,2.670029306427433,750.0,0.0,11.615281270423266,213.04093856294352,2.7217514124293785,1.0,8.13170062930534,2.987672052697551,1.0,0.0,8.082047932616476,87.97207755233471,8.066165514442874,5.999,6.794584141956265,0.8423561517291235,8.084461166666667,3.9999999999999996,1.209620809849334,0.8241850646589888,744.2226084333804,750.0,64.31916311317174,0.08642462938416538,0.0,0.0,-11.043122649809826,119.95099366945107,13.195212592396423,8.3649695,13.845659399398365,1.0492941513785654,16.30588625,6.3659695,1.7939110596220402,3.1601268500803696,8496.0,10.202093609292723,64,baseline,0
1649.1723903434206,750.0,4433.42757253262,2.6882741904316085,0.0,0.0,11.857198475671698,222.45345969160377,2.680720843250595,1.0,8.094488959461271,3.0195195370085743,0.0,0.0,8.246820194809672,91.57990566628398,7.997745092661444,5.999,7.024449835972657,0.8783037912046158,8.321337,3.9999999999999996,1.2430324314907049,0.8954081231375941,744.436711741166,750.0,63.12566016013899,0.08479654370147077,0.0,0.0,-11.258733904995692,124.75952785217687,13.05623131372549,7.6588,14.06247668117193,1.0770701240861607,15.798297499999999,5.659800000000001,1.7900372154525774,3.1544542348782203,8823.0,10.261422466623902,65,baseline,0
1697.341726618705,750.0,4617.915430320506,2.720675134476256,750.0,0.0,11.54427998011104,212.03097766012218,2.7808153477218225,1.0,8.439979446197393,3.035073671148942,1.0,0.0,8.015619882703634,86.76031466862192,8.361993013037047,6.212944416666667,7.026616900916089,0.8403040865928739,8.37289075,3.950181638888889,1.231080665413905,0.8296323234081693,744.1145011263717,750.0,64.91346861217683,0.08723586022570025,0.0,0.0,-10.938760975694285,117.65689444903359,13.61177309148681,7.999,14.188175013848756,1.0423458368346181,16.184894999999997,6.0,1.8053307008787678,3.234602784874019,8340.0,10.16769720763207,66,baseline,0
1672.442200557103,750.0,4589.845919365005,2.7443973357262172,0.0,0.0,11.743856669999458,220.41841210803088,2.738741875580316,1.0,8.413322519510865,3.0719662172354796,0.0,0.0,8.1526948440549,89.81178427037958,8.25826073080947,5.999,6.979471366685892,0.8451502797250345,8.621553874999998,3.6060990499999996,1.242138160006434,0.9052541940651921,744.3030148699401,750.0,63.873923390871,0.08581709614871352,0.0,0.0,-11.122726867850222,121.71545670820156,13.365944754294333,7.999,14.228507352258653,1.0645343530757292,15.176638999999998,5.3593795,1.8813879402264608,3.5799443513363096,8616.0,10.25122437909636,67,baseline,0
1664.899977163736,750.0,4615.2773185282895,2.7721048602515515,0.0,0.0,11.813896045767908,223.50132102533337,2.7280200959123087,1.0,8.468148507742034,3.1041371434289613,0.0,0.0,8.210766092866441,91.09060769020975,8.111919961007521,5.999,6.919196628766485,0.8529665802948951,8.345718,3.9999999999999996,1.237347948112621,0.9002334742571603,744.3953662533751,750.0,63.358276574676694,0.08511374391483113,0.0,0.0,-11.216199998526072,123.80354087797717,13.151143344370862,7.999,14.377775174241009,1.0932718774140036,14.866015499999996,6.0,1.9521307034631727,3.8609950029094176,8758.0,10.308120696550674,68,baseline,0
1711.7734986159585,750.0,4768.103426714592,2.7854756663599516,0.0,0.0,11.575524547042985,215.5957797449227,2.8259718377662777,1.0,8.781403802770452,3.1073925385298615,0.0,0.0,8.013437037165453,86.8312406407816,8.504748640502532,6.644575,6.9385944089587435,0.8158494392079708,8.631178,4.0310950000000005,1.1825089383760263,0.7630224293784953,744.0924857104485,750.0,65.0340720966153,0.08740052257686991,0.0,0.0,-10.917899681440959,117.20090108100746,13.810433918642437,7.999,14.651290492027288,1.0608856013024903,15.652223000000001,5.729046,1.9483032513801855,3.814054494015034,8309.0,10.18822735465486,69,baseline,0
1679.2188614146062,750.0,4720.371864262236,2.8110521938073663,0.0,0.0,11.862771689743521,226.72269234517216,2.7660724554341574,1.0,8.706987876464035,3.147780116662708,0.0,0.0,8.210520245831749,91.16309405510061,8.339643839057025,6.368041,7.220966990416259,0.8658603568414192,8.831743499999998,4.28809,1.2007412455927107,0.7951973755449231,744.3547227470632,750.0,63.585979564008575,0.08542429787956826,0.0,0.0,-11.174822304601225,122.87702720822553,13.4854456426682,7.999,14.820415874443446,1.0989934086828674,16.5951305,6.0,1.9512730231457054,3.8859848654299025,8695.0,10.266942077539404,70,baseline,0
1692.2432432432433,750.0,4814.568606511093,2.8450807091324553,0.0,0.0,11.830748378495638,226.6011675303734,2.8027027027027027,1.0,8.904215045379578,3.1770101897689913,0.0,0.0,8.153261558080263,90.13340198125425,8.353871937791721,6.721247999999999,7.197119984957005,0.8615310407618608,8.8648140625,4.461892000000001,1.2249777696039796,0.8475579676662406,744.2319822578244,750.0,64.26809612561605,0.08635492381104316,0.0,0.0,-11.052428849418092,120.15653922130572,13.520985420916569,7.999,14.94304957340043,1.1051745940265545,15.023552500000001,6.0,2.0135970126334626,4.171967915210576,8510.0,10.25148362676955,71,baseline,0
1698.8378789652347,750.0,4859.472382368966,2.860468584164652,0.0,0.0,11.856167378669777,228.24336751079244,2.8171602481563855,1.0,9.001582731196955,3.195268262459616,0.0,0.0,8.169198075476002,90.53001427022652,8.204829900132335,5.999,7.060345499009602,0.8605108923581374,8.505067,3.9721907499999998,1.244335045744145,0.895815208109322,744.2542464916046,750.0,64.14502814967798,0.08618698308011812,0.0,0.0,-11.074358711869191,120.64176826745295,13.429573583167503,7.999,15.13965632323964,1.127337084046774,15.405527000000001,5.6604,2.0705039640852188,4.372899996715441,8543.0,10.283176172559468,72,baseline,0
1661.4920923882125,750.0,4839.679973376717,2.9128516443434935,0.0,0.0,12.076780777203922,236.93527643223408,2.7594720673569233,1.0,8.987111819394164,3.2568228994621413,0.0,0.0,8.306804018136818,93.52535729432476,7.87418350829543,5.899,6.924558463898211,0.879400188807285,8.038394,3.9,1.3166432430396866,1.144357690792896,744.4150518160153,750.0,63.24823786956595,0.08496367411603327,0.0,0.0,-11.236496009696879,124.25919021522161,12.807463269427693,7.445636,14.975340499858472,1.1692667146354934,14.516321,5.446636,2.216291786967378,5.1587889866252805,8789.0,10.397985259407292,73,baseline,0
1644.279848248159,750.0,4838.014687988659,2.9423304634811123,0.0,0.0,12.240568417703443,243.93972026960571,2.73343003793796,1.0,9.006730630375282,3.295028775336706,0.0,0.0,8.405551047897834,95.76761445365703,7.599706631393399,4.999,6.783559221090577,0.8926080374035199,8.04758725,3.117688333333333,1.3349196633003924,1.1827749618365555,744.5228472167771,750.0,62.63968152359824,0.0841339950248161,0.0,0.0,-11.349132153632251,126.80314562694196,12.361785574648517,6.899,15.017662329342965,1.2148457226228795,13.0,4.9,2.3331481304359913,5.704555409310252,8962.0,10.42589813304457,74,baseline,0
1666.207650273224,750.0,4928.572371007862,2.957958073352788,0.0,0.0,12.166565347443232,241.57448825687686,2.781193078324226,1.0,9.197857101599572,3.3071623733299487,0.0,0.0,8.334729337527762,94.16967020459327,7.85325798834043,5.999,6.761979729741125,0.8610413333906127,8.100000000000001,3.9999999999999996,1.2930906849295682,1.0701595407266131,744.4118427443838,750.0,63.266431259485735,0.0849884803366974,0.0,0.0,-11.233221367579837,124.18559168773895,12.717142185678508,6.999,15.1338536805848,1.190035737559645,13.643007499999998,5.0,2.3552795950606007,5.834616358535239,8784.0,10.359007027727689,75,baseline,0
1648.6176668914363,750.0,4933.8257288301165,2.992704632441025,0.0,0.0,12.303669155986444,247.9189501450705,2.7580355135985615,1.0,9.23787226236666,3.3494391993210764,0.0,0.0,8.409116209747241,95.89876001445437,7.81216689822015,5.999,6.874182858327705,0.8799329235904898,8.127781971153848,3.9999999999999996,1.3257830028669393,1.179741396571548,744.4834232411778,750.0,62.86314576984613,0.08443861046115114,0.0,0.0,-11.307591206654369,125.86194388904269,12.449890889413352,6.999,14.954951851361981,1.2012114792169613,13.0,5.0,2.4444877713782485,6.515393370471928,8898.0,10.383301348751914,76,baseline,0
1650.7472527472528,750.0,4948.253672916568,2.9975840727170358,0.0,0.0,12.377629906450275,252.44205454727987,2.7613497613497615,1.0,9.28558562195441,3.3626981094258666,0.0,0.0,8.460602202323766,97.25734682007787,7.861760644120032,5.999,6.860430913784446,0.8726328903075292,8.255498000000001,3.9999999999999996,1.3506135418529035,1.2812827165783611,744.5513793565742,750.0,62.477795533961164,0.08391334334502633,0.0,0.0,-11.379537029318309,127.49418360229325,12.430532964146966,6.999,14.928090907626634,1.200921227648348,11.367631,5.0,2.522723366809748,7.007593645975605,9009.0,10.399398708272534,77,baseline,0
1654.1407894736842,750.0,4953.8402532519885,2.994811738381837,0.0,0.0,12.49486514599935,258.69031306217363,2.7663377192982455,1.0,9.324645857062341,3.370754695644241,0.0,0.0,8.526947472797804,98.94689453911923,7.894352402874175,5.999,6.957069894570282,0.8812717674013832,7.92646825,3.7147764999999997,1.3814163421132661,1.370507040495501,744.6176816239316,750.0,62.099445344830116,0.08339775817490375,0.0,0.0,-11.451030949398763,129.12642612997254,12.54009671754386,6.999,15.115396551905398,1.2053652290224077,12.0,5.0,2.51755181326998,6.974289169797901,9120.0,10.396375214616311,78,baseline,0
1642.4521853434112,750.0,4994.035043105164,3.0405969121475453,0.0,0.0,12.68982385050789,269.9827673515975,2.757476174827473,1.0,9.42331621061289,3.417369947431179,0.0,0.0,8.596395892059661,101.50816986846257,7.6615130840310375,5.899,6.732238168447828,0.8787086956073852,7.386724000000001,3.9,1.3872094995565376,1.4505745378029538,744.6229750509921,750.0,62.06920295497997,0.08335655094543577,0.0,0.0,-11.456807250662033,129.25874114400796,12.172677229817067,6.999,15.07227277629064,1.238205243738082,11.899999999999999,4.8999999999999995,2.6648337909060884,7.803818493254287,9129.0,10.474281998589085,79,baseline,0
1644.0547031354236,750.0,5037.921205081601,3.0643269931795083,0.0,0.0,12.757640273575781,274.32291225934074,2.775517011340894,1.0,9.562347455742369,3.4452490893300833,0.0,0.0,8.582787507360438,101.28214435995149,7.65550599503133,5.77615325,6.607198931887065,0.8630649543185454,7.1000000000000005,3.77715325,1.390016061616316,1.498998232863344,744.5422531687792,750.0,62.52991907260599,0.08398437940422862,0.0,0.0,-11.369837968329545,127.27351222563041,12.08361186791194,6.999,15.04347993836465,1.244948952582021,11.761752249999999,4.2915735,2.7873742437865254,8.544187137096749,8994.0,10.451715641175415,80,baseline,0
1633.5782922035378,750.0,5062.282264904427,3.098891732991813,0.0,0.0,12.913677076497242,281.289008483741,2.7583533522603187,1.0,9.605190755441114,3.482219110024533,0.0,0.0,8.677312151370284,103.71272740604928,7.610006002621167,5.8163168333333335,6.608928736099035,0.8684524997513374,7.886095,3.7257924166666667,1.3898362257346513,1.5283906060734074,744.6399774601712,750.0,61.97186762894875,0.0832239330479184,0.0,0.0,-11.475401376623113,129.6851315579064,11.910656400960907,7.3273065,14.924049381601836,1.2529997406690214,11.0,4.4283065,2.876333362132774,9.263250720801922,9158.0,10.470507881806926,81,baseline,0
1639.386433260394,750.0,5116.297225331432,3.1208610255217226,0.0,0.0,12.931900009613,282.72163508996033,2.774507658643326,1.0,9.7225642733092,3.5042484900053665,0.0,0.0,8.677957129808687,103.78795031576954,7.9210043897854865,5.999,6.597557155931142,0.8329192651930615,8.0,3.6110644999999995,1.3912018271260782,1.5497253883114315,744.6294097240753,750.0,62.03253899191489,0.08330659275853909,0.0,0.0,-11.4638615934493,129.42040981742292,12.307856333260393,7.318578499999999,15.01649516739919,1.2200739723309129,10.4100425,4.5804215,2.899709588150603,9.400443798495617,9140.0,10.471474548456614,82,baseline,0
1614.4447561501943,750.0,5103.863042890791,3.1613736075190735,0.0,0.0,13.240963508293673,294.92258244541233,2.740289167026327,1.0,9.741190568993574,3.554803882089713,0.0,0.0,8.8116676742807,106.6925734065154,7.85422450699979,5.999,6.543779861899207,0.8331541651333372,7.899999999999999,3.48613,1.365481688685379,1.5416862833636245,744.7035712985737,750.0,61.60600516544599,0.08272554012064261,0.0,0.0,-11.5456642295352,131.30264675399258,12.12996228895123,7.320064,14.889333078332,1.227483872055743,10.3035215,4.3357015,2.9731404864430546,10.033882023414344,9268.0,10.515972829403522,83,baseline,0
1633.7646292476386,750.0,5176.256491546879,3.168300010222761,0.0,0.0,13.167617671665745,292.7069801909511,2.7768971881446096,1.0,9.884945130695025,3.5597087183842318,0.0,0.0,8.772108345927473,105.84716838214877,7.880671394317734,5.999,6.627517618955895,0.8409838816188414,7.999999999999999,3.9999999999999996,1.3263119572680844,1.4127505642883333,744.6707844140805,750.0,61.79504349967556,0.08298303732742374,0.0,0.0,-11.50930701793439,130.46442395330672,12.212003835305612,7.601393,15.125818054046112,1.2386024650857457,10.830803499999998,4.885611000000001,2.976067430407586,10.02741686806367,9211.0,10.44824381607695,84,baseline,0
1587.9040712731794,750.0,5098.746773617024,3.210991687633155,0.0,0.0,13.539732093239895,309.99327219683073,2.6952242826064436,1.0,9.761070581428086,3.621617185783346,0.0,0.0,9.004443840562473,111.53029250583066,7.700590212363358,5.899,6.593349105818943,0.8562134750701665,7.855871,3.9,1.343100469320969,1.489451159354573,744.9147927191182,750.0,60.37410435891103,0.08104833592917524,0.0,0.0,-11.788291843527757,136.96410686931455,11.716317369418832,7.379597,14.862480981768325,1.2685283705749901,11.313559999999999,4.653902,3.147035250284264,11.359475680591538,9653.0,10.552270346619217,85,baseline,0
1595.363075958625,750.0,5168.633068805418,3.2397848155659985,0.0,0.0,13.544120738817547,311.8378270783463,2.7170619579981192,1.0,9.908302827600776,3.6466974183029044,0.0,0.0,8.984692642471193,111.41169190437616,7.7442698310886,5.999,6.483121868636215,0.8371508237755828,7.441921499999999,3.6438849722222217,1.3659093389910917,1.5446194023849342,744.8712146430715,750.0,60.63045966546513,0.08139723817159202,0.0,0.0,-11.73703441605663,135.7582504015328,11.764366124020476,7.32329,14.956421917556664,1.271332578388448,11.0,4.575709999999999,3.2370189431149328,11.882573121491559,9571.0,10.558175421664933,86,baseline,0
1610.3937125748503,750.0,5241.8970704072435,3.2550406956234332,0.0,0.0,13.52572851329126,312.3356001112603,2.7580196749358428,1.0,10.096642710588302,3.6608305598194004,0.0,0.0,8.919955552479193,109.89670486112878,7.869033570535081,6.27230635,6.452034058204528,0.8199271232446654,7.611581249999999,3.6233861249999997,1.3229946382139859,1.4631936703082644,744.7511012457843,750.0,61.33123700634838,0.08235132100342839,0.0,0.0,-11.599031010092146,132.53778167895317,11.88863354384089,7.613731,14.891815359709392,1.252609503421388,10.32176325,4.614730999999999,3.3232629985500535,12.687850418750811,9352.0,10.509882208071867,87,baseline,0
1626.007121277514,750.0,5310.5770521717595,3.2660232434894683,0.0,0.0,13.469556257207685,310.8699491059175,2.7915407854984893,1.0,10.245314606450668,3.670128933696073,0.0,0.0,8.878764564946644,108.96778347878852,8.057613632350137,6.2408210833333335,6.42285382957231,0.7971161342094506,8.0,3.6581789166666656,1.295048228353127,1.4024708563679598,744.7035179699456,750.0,61.60661825361553,0.08272636930943278,0.0,0.0,-11.545660162432144,131.30252179082464,12.194381231873113,7.999,15.037166572781894,1.2331225575823757,10.452401749999998,5.0,3.3324031725672865,12.742441760439766,9268.0,10.473359361764304,88,baseline,0
1642.020284422886,750.0,5421.941978054613,3.301994518271277,0.0,0.0,13.368223162973285,305.73442979894907,2.8337559254767943,1.0,10.467705000140782,3.6939331669432804,0.0,0.0,8.79443010647064,106.80664352212875,8.043415415503578,6.428972,6.3349582075553075,0.7875955524247521,8.0,3.5700280000000006,1.197711775605423,1.099737882320082,744.5884811332323,750.0,62.267115259320434,0.08362621345491741,0.0,0.0,-11.419515698660067,128.40558121425047,12.151766747326645,8.621784,14.995139909502244,1.2339884579171283,10.4889885,4.861902,3.4535302133531793,13.79937448147842,9071.0,10.443174083412591,89,baseline,0
1665.2193642592385,750.0,5516.309988589721,3.3126626479290393,0.0,0.0,13.264487706459875,301.9741692154984,2.8843086600022465,1.0,10.668063307886596,3.6986552291800447,0.0,0.0,8.71541961267688,104.96836479871425,8.113901030002328,6.2447915,6.46780183154148,0.7971260442573607,8.0,3.7542085000000007,1.183111122928974,0.9502823444727726,744.4863554107854,750.0,62.84749615633355,0.08441725721307031,0.0,0.0,-11.310829545289872,125.93509779967607,12.39259175783444,7.999,15.33689388113513,1.2375856625341781,11.305013,5.000000000000001,3.3928036083314628,13.314195619724554,8903.0,10.412983114107655,90,baseline,0
1667.6104240282687,750.0,5524.0647731236095,3.3125631103814497,0.0,0.0,13.355833287707604,307.0720256005118,2.883613074204947,1.0,10.691750560840608,3.7077618549043634,0.0,0.0,8.784392540543177,106.71287375357674,8.238822648659198,6.899,6.6114946527284255,0.8024805162912922,8.41765875,4.1000000000000005,1.1670303386512615,0.9204945017372594,744.5794980196482,750.0,62.3184963450132,0.08369622922839157,0.0,0.0,-11.409852344216967,128.18496213331747,12.51505984860866,7.999,15.408056044102155,1.2311611954308888,11.471512749999999,5.000000000000001,3.392193000092889,13.456841218747222,9056.0,10.388155226210486,91,baseline,0
1636.107970784376,750.0,5452.129407477719,3.3323775110415736,0.0,0.0,13.688343527723449,322.9217408167443,2.82131893722875,1.0,10.574181526413035,3.7479568108664667,0.0,0.0,8.99144602137936,111.7833104117142,8.097055479451884,6.037963636363636,6.803175413910617,0.8402036309588368,9.0,4.038963636363636,1.1842575261276704,0.9146340660109793,744.803836966877,750.0,61.02488294193685,0.0819341683180007,0.0,0.0,-11.659092138187814,133.93466578610054,12.290290801524293,7.999,15.457759116149754,1.2577211854281445,12.561316,5.1,3.3735747853364653,13.530883140562228,9447.0,10.460747379414798,92,baseline,0
1633.4826892535734,750.0,5487.382510636868,3.359314761483239,0.0,0.0,13.81444632456514,328.19531987680944,2.8249867654843834,1.0,10.670053794379106,3.777027887261474,0.0,0.0,9.029579109145054,112.5833570906087,8.329880893724983,6.727392,6.779316468137967,0.8138551504673881,9.0,4.171607999999999,1.185570479550975,0.9006574293672296,744.8027277332833,750.0,61.03140061890817,0.081943041219317,0.0,0.0,-11.657830158911663,133.90523526302707,12.509727252091052,8.324206,15.481797986723189,1.2375807781209094,12.578543,5.362781999999999,3.431812320728903,13.95045742543017,9445.0,10.466525809854248,93,baseline,0
1635.8721004469037,750.0,5545.418207896956,3.389884946617773,0.0,0.0,13.837100112937797,329.0268072901835,2.8384762715471377,1.0,10.79998072371937,3.804851508528814,0.0,0.0,9.02338889984451,112.32504792407863,8.268777762034949,6.488412,6.737523615696749,0.8148149351203076,8.899999999999999,3.61464225,1.1561687932967897,0.7994375680430661,744.7767270537416,750.0,61.1828136333854,0.08214920178214775,0.0,0.0,-11.628148866860737,133.2140713646507,12.38209150776761,7.999,15.512339818529792,1.2528044885469063,12.079968000000001,5.0,3.5270343711558625,14.696523288156161,9398.0,10.493766682243129,94,baseline,0
1653.013304488913,750.0,5633.164872928813,3.407815809849457,0.0,0.0,13.807664780924275,327.23435089921213,2.879394267171444,1.0,10.989274108949731,3.816522882691219,0.0,0.0,8.972743231870101,110.9805245059904,8.353685749496648,6.505869,6.693569233676994,0.8012713710328779,8.466877499999999,4.009594,1.1415201274155484,0.7226626677188843,744.6902758247701,750.0,61.68338836154893,0.08283093033977441,0.0,0.0,-11.530999207195688,130.96415980140293,12.554268515521905,8.457931,15.707080458537963,1.2511346590299521,11.596948999999999,5.458931,3.551927589252121,14.781648691389464,9245.0,10.473000398698233,95,baseline,0
1675.971135837832,750.0,5714.772611037275,3.409827585234881,0.0,0.0,13.752280410056942,325.5640217556799,2.929822628621791,1.0,11.179646638198752,3.815810052452812,0.0,0.0,8.908356835085245,109.44354693579487,8.702501539550324,6.899,6.876428322665355,0.7901668608059417,8.964680640000001,3.9,1.111459180220368,0.616712361066269,744.5919930410195,750.0,62.24742963940556,0.08359938089742036,0.0,0.0,-11.42337374169158,128.49367646680082,13.053992369395173,8.789281,15.92994591224372,1.2203121820103988,12.494179,5.790281,3.4899826741563866,14.347448542766553,9077.0,10.412639019362496,96,baseline,0
1646.8066945606695,750.0,5618.06942952241,3.4114929506168803,0.0,0.0,14.136346286322008,344.50066176412463,2.8627615062761507,1.0,11.004838908560716,3.8441340238906916,0.0,0.0,9.155363565852884,115.63334182570036,8.368757924687198,5.999,6.998344576888956,0.8362465063357098,8.899999999999999,3.9999999999999996,1.1407618459291529,0.6931512555118884,744.8652137342018,750.0,60.666245217673286,0.08144593692802181,0.0,0.0,-11.73013403831018,135.59625986209835,12.581006860251046,7.999,15.951925888471585,1.2679371425247974,12.731737250000002,5.5742295,3.50682142695255,14.666209925780528,9560.0,10.488375728647577,97,baseline,0
1677.9749514143814,750.0,5748.909465879464,3.4260996929862704,0.0,0.0,13.959837260541773,336.2218069806633,2.932951846253509,1.0,11.2785321052713,3.845454237401906,0.0,0.0,9.020324466698208,112.21985360769376,8.642852222328376,6.999,7.041985888046568,0.8147756905820916,9.0,4.300267249999999,1.1239529546670533,0.6138783828397161,744.6999964745129,750.0,61.62746191471056,0.08275474984082364,0.0,0.0,-11.541832222113271,131.21409553791187,12.98912960526884,7.999,16.192928961181043,1.2466523511023118,12.999999999999998,5.636705000000001,3.507385830975707,14.545076978250844,9262.0,10.407462927933802,98,baseline,0
1680.5215993139673,750.0,5785.410788253587,3.442628045135119,0.0,0.0,13.964188183012698,337.4296612116421,2.938471433165398,1.0,11.35347298240533,3.863734339651236,0.0,0.0,9.039142455321883,112.76082532590523,8.659549326598695,6.999,7.004484111231132,0.8088739779697471,8.899999999999999,3.9999999999999996,1.1117451704494097,0.596243636920561,744.7380526239997,750.0,61.407484839331374,0.08245514597108218,0.0,0.0,-11.584434544751186,132.1993255741132,13.04183288530389,7.999,16.285535581820394,1.2487152476989374,12.54728,5.000000000000001,3.5427701726713723,14.811661177556186,9329.0,10.422153016818552,99,baseline,0
1666.5550199119682,750.0,5785.55248114788,3.4715640420041387,0.0,0.0,14.072330849468958,342.9757027383822,2.911234542024733,1.0,11.349656143573347,3.898571544043229,0.0,0.0,9.12923790111265,115.01533484779655,8.464569553610627,6.899,6.988396114454562,0.8256056105621589,8.7126295,4.1000000000000005,1.1335136840312483,0.6412222133420027,744.8555040871935,750.0,60.72330169826987,0.08152359936265108,0.0,0.0,-11.718844359380178,135.33151544517236,12.72686671284846,8.899,16.267891342344043,1.2782322396698573,12.43265475,5.571967999999998,3.6270729008807643,15.54356794455224,9542.0,10.467644389644216,100,baseline,0
1669.3387398627574,750.0,5818.308827505254,3.4853973543941112,0.0,0.0,14.12458349857499,345.7806599288015,2.9164067373674363,1.0,11.417896044128772,3.91505611951624,0.0,0.0,9.165124315639494,115.92870587921477,8.511941239423141,6.9089715,6.895192663654096,0.8100611211598762,9.0,4.04566425,1.1141260164773172,0.6346709530350068,744.896147693372,750.0,60.48471499793872,0.08119885595493315,0.0,0.0,-11.76643088981822,136.44909581935636,12.783646929611146,8.7632705,16.28651610624665,1.2740117273202927,12.30813125,5.7642705,3.6968818072087184,16.11097177658192,9618.0,10.451456448195247,101,baseline,0
1656.9529232333502,750.0,5805.208615332843,3.503544689733644,0.0,0.0,14.342757660768955,357.69466014068456,2.8914082358922215,1.0,11.401397643504543,3.9431988544455177,0.0,0.0,9.288900436672078,119.38496827737926,8.552045951747019,6.70333,6.993082689959454,0.8177087365311574,8.899999999999999,4.29567,1.1487217154446427,0.7092307094876684,745.0087522553505,750.0,59.818506963271005,0.08029235466319504,0.0,0.0,-11.901256898213312,139.64011618819438,12.78036203548551,7.999,16.34746200576709,1.2791078969732854,11.7289035,5.000000000000001,3.7153777577256237,16.320242869056493,9835.0,10.481772392865127,102,baseline,0
1651.7662233776623,750.0,5814.940810711646,3.5204381397391664,0.0,0.0,14.43639942931664,362.85911019216735,2.87981201879812,1.0,11.42137069855436,3.9660125813771105,0.0,0.0,9.360652679093832,121.26973958249815,8.646984444538415,6.999,7.14800823247173,0.826647518371163,9.0,4.348573999999999,1.1748409341914194,0.7475402563994229,745.0915918116926,750.0,59.32349537712185,0.07961906432587244,0.0,0.0,-12.0033734528137,142.08117411383847,12.885390788121185,7.999,16.434540462150913,1.2754398164859406,12.437308,5.000000000000001,3.707779809488493,16.378188931587854,10001.0,10.527230477180003,103,baseline,0
1678.4349974266597,750.0,5944.897828614124,3.5419291409728184,0.0,0.0,14.241430040787016,353.8845669821116,2.9421513124035,1.0,11.68879131529491,3.972872253720395,0.0,0.0,9.225290949520588,117.83856102101365,8.710804572393561,6.899,7.023482363693102,0.8062954811260544,9.623043749999999,4.0,1.165962442668525,0.7340638571826594,744.9470861871016,750.0,60.18439047618142,0.08079015488767943,0.0,0.0,-11.826887444219832,137.8754571642045,13.064520497066392,7.999,16.684504449702683,1.277085098794797,12.0,5.000000000000001,3.7523954230028966,16.50073415272847,9715.0,10.520247262873347,104,baseline,0
1678.0612182430364,750.0,5976.984859077286,3.5618395765890525,0.0,0.0,14.263856865467709,355.72324505983596,2.942250790735639,1.0,11.752581960195156,3.994418829693544,0.0,0.0,9.254510719799093,118.63564749655846,8.44988149078669,6.612694,6.9601114595118885,0.8236933816291779,9.0,3.7136940000000003,1.177171715865359,0.7703243798487605,744.991416813639,750.0,59.92169421919232,0.08043273099102273,0.0,0.0,-11.88023166388565,139.14009298621605,12.790421595959595,7.999,16.82593605087782,1.3155106674664279,11.338199999999999,5.0,3.79693014625118,16.81912884689526,9801.0,10.5472331312453,105,baseline,0
1694.232198142415,750.0,6057.915330921218,3.575611027557627,0.0,0.0,14.20636862671316,353.26581603777765,2.9787409700722396,1.0,11.92315271886865,4.002749093882941,0.0,0.0,9.207058963976541,117.44253145295293,8.592625153655002,6.384461,6.969605552870946,0.8111148139525579,9.0,3.7044883181818182,1.1701260334201171,0.7322402282271185,744.9340362560118,750.0,60.2615890278542,0.08089520158150496,0.0,0.0,-11.811334183217836,137.50779820980756,13.013147686584107,7.999,16.967103321982982,1.3038431385417382,11.704779749999998,5.000000000000001,3.8178852463070263,16.97530536886016,9690.0,10.539399757626745,106,baseline,0
1688.3392357875116,750.0,6108.62284368223,3.6181252642825155,0.0,0.0,14.218245186618036,354.4889386583753,2.980221600911256,1.0,12.043220732557673,4.041048735730001,0.0,0.0,9.200826995508827,117.29747969233303,8.506953899289204,6.561005,6.968988388637591,0.8192107858042915,8.883021999999999,3.8808,1.1701970273979314,0.7192385470622487,744.9167182006371,750.0,60.36381312470089,0.08103431115160233,0.0,0.0,-11.79077323132873,137.02251243722193,12.816045037485761,7.999,17.015653534973588,1.3276836563233319,12.0,5.000000000000001,3.9190658621716556,17.785180612590864,9657.0,10.57656070592388,107,baseline,0
1708.400928465921,750.0,6205.899321749716,3.6325778207826063,0.0,0.0,14.103821193855797,349.9965681723944,3.02774847014138,1.0,12.253829225044361,4.047175432796824,0.0,0.0,9.117115649200676,115.2711304443305,8.39709291656809,6.4498695,6.977222507098808,0.8309092892532162,8.899999999999999,3.8061430000000005,1.1903507095159152,0.7588550611887128,744.8207095574155,750.0,60.927154143032055,0.08180110107200961,0.0,0.0,-11.678617030296188,134.39026830212862,12.71661359210804,7.999,17.236075194253345,1.355398201683984,12.0,5.000000000000001,3.971216688765756,18.08066773315629,9478.0,10.541602310276106,108,baseline,0
1690.9786443825442,750.0,6187.702430404354,3.659243391961213,0.0,0.0,14.276658936655064,358.7563653853776,2.994738471061591,1.0,12.227901939901805,4.083128479518678,0.0,0.0,9.226550045795836,118.026654648082,8.493684349167413,6.830595,7.141205997956891,0.8407665866058351,8.421237,3.9315949999999997,1.2320865520508948,0.8644835543565428,744.9355848399063,750.0,60.25255664226167,0.08088290835939932,0.0,0.0,-11.813200291346032,137.55187434931918,12.779714250593212,7.999,17.28942095227633,1.3528800889639443,11.755578,5.000000000000001,3.971153329068169,18.212712172205464,9693.0,10.577215819557626,109,baseline,0
1709.545388223033,750.0,6272.678280688871,3.669208389494083,0.0,0.0,14.210151746374367,355.5297997691884,3.0339760291818654,1.0,12.39979711971773,4.086979264322477,0.0,0.0,9.180019484259564,116.83159815548755,8.323277033869156,6.258487000000001,6.972921028731095,0.8377614971070674,8.439735999999998,3.757723333333334,1.2252544394187719,0.893349347786168,744.8838523852385,750.0,60.55736292168186,0.0812977254477559,0.0,0.0,-11.752045899305916,136.1107512417507,12.65350652965086,7.999,17.47292935168991,1.3808764638280886,11.100000000000001,5.267901,4.031653605137105,18.561635784464556,9595.0,10.572585671191788,110,baseline,0
1706.7511591962905,750.0,6294.255937905184,3.687858012570005,0.0,0.0,14.34352090795775,362.81029608687294,3.028541988665636,1.0,12.444187997907633,4.10896994147025,0.0,0.0,9.249881557655455,118.85391125538762,8.230271603750284,6.309109,6.936548703303082,0.8428092093755822,8.299270499999999,4.088340333333333,1.236949581345837,0.9346294010844454,744.9418345702735,750.0,60.21570278529067,0.08083275766090738,0.0,0.0,-11.820666016226209,137.7283123641552,12.528972581658936,7.999,17.534711443463824,1.399533068587982,11.75219,5.000000000000001,4.085636385897153,19.028416079703813,9705.0,10.600100806181885,111,baseline,0
1721.7131895479054,750.0,6355.496100070018,3.691379109280606,0.0,0.0,14.326343242893145,362.5781131473603,3.0601410203235173,1.0,12.582449436615708,4.111722091580438,0.0,0.0,9.227470878822158,118.30824830786594,8.489894101847534,6.388778875,6.9851754828111865,0.8227635585337987,8.899999999999999,3.6102211250000007,1.2430819090295193,0.9871103745364951,744.9098347603247,750.0,60.404562880239205,0.08108976423928464,0.0,0.0,-11.78266180554464,136.83128255382186,12.89765401099129,7.999,17.66380819705993,1.3695365205181464,11.7059075,5.0,4.075622993849748,18.972461222073694,9644.0,10.561632848905859,112,baseline,0
1784.047197640118,750.0,6590.600223233178,3.6941849027038183,0.0,0.0,13.909740708952201,341.8043500478207,3.191521905386212,1.0,13.03395988781784,4.083932454237871,0.0,0.0,8.968974288923919,111.75721499790447,8.78447540442649,6.999,6.979538524913171,0.7945310566179271,8.787672333333335,4.000000000000001,1.2101277182181938,0.9300912187820578,744.636773667708,750.0,61.991819405097445,0.08325108508911906,0.0,0.0,-11.47217859571336,129.61103415424256,13.524591845405876,8.899,18.136976828684837,1.3410369078787192,12.404216,5.2853629999999985,4.007419756051758,18.15630710880004,9153.0,10.455854007605538,113,baseline,0
1791.5316664830927,750.0,6667.255883597373,3.7215395118779466,0.0,0.0,13.891942856995765,340.78009462877935,3.2154422293204097,1.0,13.19600931558371,4.103948500537269,0.0,0.0,8.942765099792288,111.07073178050483,8.818533417241843,6.999,6.926684238024011,0.7854689561510396,8.2727125,3.9999999999999996,1.163099727544482,0.852472546826712,744.5930535668393,750.0,62.24211612647746,0.08359212569646975,0.0,0.0,-11.424653007712838,128.52284493620778,13.554839056063443,8.899,18.304244280197388,1.3503844792616264,12.269188999999999,5.125640999999999,4.050951280347382,18.407509719773373,9079.0,10.486325680551127,114,baseline,0
1763.9360477510127,750.0,6608.088694967501,3.746217842417075,0.0,0.0,14.139650713338689,353.43007437156325,3.159027925815391,1.0,13.092665855519787,4.144523620233708,0.0,0.0,9.099873820294007,115.02188794514097,8.468914374685719,6.899,6.87956968645794,0.8123319450508958,9.0,4.1000000000000005,1.1419084037432414,0.8091525953533871,744.7676698210264,750.0,61.236314082147274,0.08222203589592288,0.0,0.0,-11.618017907673888,132.97849094146892,13.089850303560011,8.497283,18.271783015955645,1.395874100331485,12.0,5.5982829999999995,4.1184550911725,19.133256387974228,9382.0,10.586665431998949,115,baseline,0
1753.2574174676138,750.0,6586.814609992188,3.756901037102762,0.0,0.0,14.298204610847057,362.19745670173995,3.1357083159214376,1.0,13.066957315093251,4.167146940532154,0.0,0.0,9.19820913310443,117.58032530835591,8.382810932558053,6.8987805,6.95548636975161,0.8297319867655791,9.0,4.219849860465116,1.18178841546703,0.8748310814902882,744.8715236249406,750.0,60.62996984765055,0.08139654682003805,0.0,0.0,-11.737645123755378,135.77246428052325,12.98499961397827,7.999,18.353106324403072,1.4134083072783514,13.0,6.0,4.1267771515290805,19.29826197087542,9572.0,10.623004058573713,116,baseline,0
1752.7004281090112,750.0,6627.861757143883,3.781514314054618,0.0,0.0,14.382482511609917,367.65638674211334,3.141484807350945,1.0,13.165452971146665,4.1908377020764345,0.0,0.0,9.224119578133601,118.52446694785341,8.183192916125869,6.4632194,6.885949470313571,0.8414746592059514,8.029609974358975,4.0258986,1.221103771663414,0.9403778876502686,744.8741955664792,750.0,60.61431914523272,0.08137524363981402,0.0,0.0,-11.740776433230325,135.84598000802265,12.788639347916883,7.999,18.510973919973683,1.4474545271298858,13.321360999999998,5.1,4.166786275408665,19.568886596676748,9577.0,10.650378308776736,117,baseline,0
1767.576788922947,750.0,6724.207193450591,3.80419523247299,0.0,0.0,14.433616806630088,372.09074941440076,3.178205263714195,1.0,13.358336276412224,4.203106837977187,0.0,0.0,9.208256547428318,118.81747828896974,8.260676575074015,6.720549,6.803790425929026,0.8236359775250085,8.207039499999999,3.8519240000000003,1.217641906231651,0.9477028281000215,744.8113432664695,750.0,60.982169739536154,0.08187599489568823,0.0,0.0,-11.667905743098222,134.14016894639343,12.88964382454286,7.999,18.56513790505252,1.4403142676218166,12.43101,5.0,4.231827708121441,20.130324114782468,9461.0,10.613712593777702,118,baseline,0
1769.4515218073423,750.0,6744.954868042155,3.8118901732627095,0.0,0.0,14.497070589861925,375.6022514484922,3.1790607677021234,1.0,13.402163028724853,4.21576182653852,0.0,0.0,9.254202994223794,120.0006047502733,8.202272094398067,5.999,6.71158862105159,0.8182596899748578,8.3949585,3.9999999999999996,1.1859324176461083,0.8792289506917381,744.8656068640195,750.0,60.664780013789915,0.08144392687050821,0.0,0.0,-11.730751624818689,135.61067728103072,12.844468314716035,7.999,18.641192662852603,1.4513012299228614,11.100000000000001,5.0,4.268910377296579,20.46346858633889,9561.0,10.643084040946446,119,baseline,0
1732.4958250497018,750.0,6633.535205300616,3.828889576175639,0.0,0.0,14.916627691693149,398.16533980730895,3.0957256461232605,1.0,13.183642555609353,4.258659862872237,0.0,0.0,9.513066411127834,127.02930604361336,8.121754447526396,5.999,6.876723528706756,0.8467041909646957,8.420479624999999,3.9999999999999996,1.2256230403626984,0.9763417205375489,745.1202799867461,750.0,59.15165228579904,0.07938537424702923,0.0,0.0,-12.03945290202787,142.9485746793524,12.624686030815107,7.6515865000000005,18.52847298853149,1.4676383193456104,12.44636375,5.2839945,4.292721889267,20.97162762924251,10060.0,10.706104516332635,120,baseline,0
1711.5458515283842,750.0,6611.660492360316,3.862975967869166,0.0,0.0,15.075976979963574,406.7182950327219,3.044347404172732,1.0,13.090313441278123,4.299875048207671,0.0,0.0,9.67025432519195,131.46010234067856,7.9389104794135905,5.999,6.66353456264931,0.8393512661376569,8.100000000000001,3.9999999999999996,1.2605914117071935,1.0830294443592434,745.3063529298543,750.0,58.02041239567587,0.07784773625985254,0.0,0.0,-12.280593445437123,148.81312939114915,12.269142669286753,6.999,18.366157498333994,1.4969389462158469,11.490117999999999,5.0,4.450433650707602,22.37414856556021,10305.0,10.779753618879008,121,baseline,0
1392.6653291296454,750.0,4795.055326369179,3.443077978659724,0.0,0.0,13.321542382915565,214.46991712453203,1.8569790770994554,1.0,6.393387850324983,3.4428970843932496,0.0,0.0,13.321621539110819,214.47176933556085,7.811509056357005,5.999,6.643315155652565,0.8504522119508056,8.100000000000001,3.8999999999999995,1.2858959299988122,1.1518277386544344,749.931021305054,750.0,7.056759857800928,0.009409878585260453,0.0,0.0,-102.29369528738074,10462.000095547493,10.586088700582785,6.999,13.638877532626406,1.2883774091063076,10.899999999999999,4.746504000000001,4.855652228067733,32.71457514784233,10467.0,10.828006692562845,122,baseline,0
1252.430711610487,750.0,3762.4368661534877,3.0041077971614185,0.0,0.0,13.73130113002325,219.22374722345901,1.6762172284644195,1.0,5.015167623309359,2.991955659532117,0.0,0.0,13.739356122091273,219.40540479443473,7.874051963143028,5.999,6.6507137954085405,0.8446367672628139,7.7918185,3.5484819431818178,1.3298803328537558,1.3085384567233556,745.4029962546816,750.0,57.42738249899066,0.07704206018427308,0.0,0.0,-12.412301614511014,152.06523136959268,10.341521530805244,6.999,12.526311689876206,1.2112638988917566,10.24686825,4.3203605,4.747965927093912,33.92725867582039,10680.0,10.842884412167894,123,baseline,0
1167.1703771849127,750.0,3130.977929215522,2.682537177448847,0.0,0.0,15.213406279555043,271.0640844372356,1.5685372585096595,1.0,4.173209775353809,2.6605742086859765,0.0,0.0,15.220482256107871,271.2595287640554,7.888025195940869,5.999,6.591118473965058,0.835585372794804,7.42284675,3.8999999999999995,1.3489257199556648,1.410792183932247,745.4833486660533,750.0,56.92646242159293,0.07636181616055614,0.0,0.0,-12.524345743670688,154.85923630700213,10.108192942502301,6.899,11.595251951430148,1.147114228763398,10.0,4.1000000000000005,4.603275052882953,34.311846925436754,10870.0,10.859224266080123,124,baseline,0
1155.7145243619489,750.0,3003.246069019165,2.5986054563753176,0.0,0.0,15.400253616520141,278.11283497385784,1.5595359628770302,1.0,4.004609382248303,2.56782111959804,0.0,0.0,15.383818468740078,277.74834036690413,8.205402842726778,5.999,6.611456807278458,0.8057443289501398,8.0,3.1673264999999997,1.3627488982047338,1.4943384095730963,745.4435266821346,750.0,57.17527688085489,0.07669967587663426,0.0,0.0,-12.468449516210022,153.46223333827797,10.405156946542922,6.999,11.426499983526053,1.0981573889015166,9.6662125,3.9999999999999996,4.588342701250679,34.52547067563142,10775.0,10.833382918392225,125,baseline,0
1133.6746584637656,750.0,2878.154837908075,2.538783782825526,0.0,0.0,16.46223885961345,318.581434409228,1.5356916674206098,1.0,3.8414375574338457,2.5014380418473134,0.0,0.0,16.39573721243006,316.86786363805976,8.188026214040555,6.899,6.647230207029064,0.8118232689131618,7.9021144,3.9,1.3525713399619368,1.5593319878675285,745.5581290147471,750.0,56.456183306197225,0.07572338240185766,0.0,0.0,-12.63132249237995,157.55030790650355,10.280036524925357,6.999,11.08460609329608,1.0782652441379885,9.0,4.000000000000001,4.464434903308282,34.07568059566157,11053.0,10.856968398018205,126,baseline,0
1111.4450564839883,750.0,2678.2586028293676,2.4097085026424345,0.0,0.0,17.562226431326852,367.71322570187436,1.5130239940248342,1.0,3.581270758777358,2.3669623039160976,0.0,0.0,17.39325945595822,362.88778580349066,8.406426802835659,6.999,6.46259297859402,0.7687681258836461,7.1422558333333335,3.8999999999999995,1.3096512613843827,1.5508679523824753,745.416300998973,750.0,57.34475025849764,0.07692983126562541,0.0,0.0,-12.43065143338583,152.5210950583372,10.36165198431519,7.999,10.451900329518603,1.008709841378578,8.6527595,4.1,4.561403707653716,36.780461094089944,10711.0,10.83283052878122,127,baseline,0
1132.2318173095375,750.0,2737.860153041021,2.418109181516249,0.0,0.0,17.410919581944686,361.2415552132688,1.5479754365764729,1.0,3.668099268489834,2.3696107714746826,0.0,0.0,17.14434210372089,353.597247504533,8.526370073205165,6.999,6.4613431992649,0.7578070320417143,7.1000000000000005,3.7325598999999996,1.2251255604715412,1.4163535732272496,745.289195931683,750.0,58.12924274713045,0.07799555268537513,0.0,0.0,-12.258518401197351,148.271273392494,10.534452017559008,7.999,10.454718057769725,0.9924311241195668,8.9561155,4.000000000000001,4.553806260677171,36.842247438956896,10422.0,10.769029888813007,128,baseline,0
1128.5472782159898,750.0,2582.805704211246,2.2886109904887206,0.0,0.0,17.600511382242825,372.98805396210656,1.5501022494887526,1.0,3.472825833651496,2.240385003503406,0.0,0.0,17.153733419670342,359.71003209852074,8.547027871809972,7.091944,6.5007336765032,0.7605841204688344,8.002549333333333,3.97296,1.1320054893323146,1.1831948463601716,745.2190086668614,750.0,58.55781642444076,0.07857799619094005,0.0,0.0,-12.16640340838199,146.0213718954889,10.54728966978284,8.482329,10.233793372477528,0.9702770752373044,9.415198,4.5166710000000005,4.401168131696791,36.08131763163685,10269.0,10.723697993506837,129,baseline,0
1128.5712572456525,750.0,2486.7192307033674,2.203422437651264,0.0,0.0,18.25634241543681,407.0972662410611,1.5579652208674795,1.0,3.359407186871125,2.156278678031463,0.0,0.0,17.561433964112265,385.1483446636125,8.561055961212714,7.899,6.489939858560264,0.7580770278764692,9.0,4.1266614,1.0671370349139566,0.9653995539925915,745.0933439936039,750.0,59.317201244267466,0.07961042964943821,0.0,0.0,-12.006410839487053,142.15390124655224,10.575016318009194,8.5746795,10.045081076624854,0.9498879977630046,9.7279325,4.6756795,4.245825451274598,34.67585220095726,10006.0,10.666047897235535,130,baseline,0
1144.725361640129,750.0,2510.3669855100356,2.1929862564705087,0.0,0.0,18.27330298507577,408.5736981476987,1.5886148402539286,1.0,3.407196940921766,2.144759607292319,0.0,0.0,17.355479571285056,379.2689642817248,8.594399656543223,7.899,6.286111467670846,0.7314194962861664,8.682818000000001,4.117595,0.9655225467653785,0.6294640231251676,744.8906233739203,750.0,60.521601057163274,0.08124897690755684,0.0,0.0,-11.760780189465844,136.3159506649321,10.65528425257571,8.999,9.767621492337655,0.9166927189179886,9.714278,5.0,4.326406672275042,36.56826045244469,9609.0,10.60699943194987,131,baseline,0
1146.5771176407277,750.0,2388.9983487819213,2.0835915107896805,0.0,0.0,17.38465613700038,364.98131250921176,1.6003659455386934,1.0,3.2692004843189917,2.042783085601436,0.0,0.0,16.16094146323125,327.6672076831519,8.718239076142202,7.899,6.366634676862681,0.7302661261360935,8.100000000000001,4.1000000000000005,0.9381574823669568,0.4731093399069475,744.7157464212679,750.0,61.541106164581066,0.0826370416636373,0.0,0.0,-11.560264954288197,131.6397258133439,10.840384222903886,8.999,9.724323085610813,0.8970459797047575,9.565213,4.899999999999999,4.173330511193388,34.795140727102755,9291.0,10.546304131964376,132,baseline,0
1167.3000112828613,750.0,2411.17736609935,2.0656021098204813,0.0,0.0,17.13151975925485,358.7683687966273,1.6389484373237053,1.0,3.323008031303407,2.027524451427929,0.0,0.0,15.639804528005374,313.0401615025611,9.1129847252178,7.899,6.6283565007430685,0.7273529694832942,9.100000000000001,4.427449999999999,0.9282930592533934,0.42183560056262737,744.460566399639,750.0,62.998299459968536,0.08462274874361846,0.0,0.0,-11.284767031704149,125.34596695983674,11.347098071646167,9.899,9.790187352690499,0.8627921686121638,9.899999999999999,4.8999999999999995,3.9645987279399293,32.57833397844365,8863.0,10.410231252601509,133,baseline,0
1197.257008244994,750.0,2495.5410774820434,2.0843821003312786,0.0,0.0,16.56657133305979,335.7881899070527,1.690341578327444,1.0,3.459489739695785,2.0466216911725468,0.0,0.0,14.90670847481432,286.16273018046815,9.113030823420676,7.427045416666667,6.856040152985003,0.7523336951044695,9.100000000000001,4.528045416666667,0.9613666081904757,0.4234809606025376,744.2171967020024,750.0,64.35637627439077,0.08647526093133291,0.0,0.0,-11.039067681110362,119.86101526813536,11.548217961484099,9.796402,10.15114467860535,0.879022608722982,10.0,4.947037999999999,3.822813401667564,30.32058754720154,8490.0,10.287241798142826,134,baseline,0
1183.6206934998327,750.0,2459.968809840807,2.0783421778196165,0.0,0.0,16.826175395977636,346.076538850296,1.674545657263909,1.0,3.4327230848384627,2.0499429621090735,0.0,0.0,14.910737419096826,287.4910218852433,8.354061930162013,6.999,6.964419999132704,0.8336567357716058,10.3038188,5.0,1.0288690530470739,0.46674128356378697,744.5260341175159,750.0,62.62778189167271,0.08411765206559257,0.0,0.0,-11.353620498087235,126.90469841458668,10.700584944252425,7.999,10.262862886938239,0.9590936327691788,11.177634000000001,5.675547999999999,3.6575162671891936,28.63699614716833,8969.0,10.383296073714579,135,baseline,0
1181.0286526684165,750.0,2411.1946362710282,2.04160553668463,0.0,0.0,17.326013187153876,371.68710624275457,1.676509186351706,1.0,3.3952438649652286,2.025186555854015,0.0,0.0,15.031851887977714,298.1239716483003,8.318553642784462,6.899,7.071476850222212,0.8500849010399821,10.0,4.9,1.1125397506932053,0.6460905768971399,744.6307961504812,750.0,62.03012840043856,0.08330320035259862,0.0,0.0,-11.466389166718752,129.47808052264534,10.616116996062994,8.297991,10.087427890176484,0.9501993896560695,12.0,5.9070205,3.517944214523461,27.93288594150412,9144.0,10.387944960783132,136,baseline,0
1144.7445606694562,750.0,2001.5796262009449,1.7484945506361738,0.0,0.0,16.62131294184394,359.0158980844518,1.6306485355648535,1.0,2.909456878586723,1.7842329693558967,0.0,0.0,13.517386492486732,255.53924379221309,8.098001499328625,5.999,7.019263387703291,0.866789588552834,8.69013725,3.9999999999999996,1.2023475913982817,0.8770238967705937,744.8644351464435,750.0,60.67539697358969,0.08145830853323081,0.0,0.0,-11.730106530702766,135.59539922163566,10.333463205020921,8.479449500000001,9.793824900299885,0.947777594595892,12.0,5.519550499999999,3.1591454492712443,23.768742785867264,9560.0,10.459193825620083,137,baseline,0
1165.6686494822648,750.0,2053.4682065183033,1.761622573816631,0.0,0.0,16.296217475629287,349.4304443757704,1.6714033928178014,1.0,3.0201788187163814,1.8069718128456673,0.0,0.0,12.948339312247944,238.03946365818572,8.20716734580098,5.899,6.756811982622115,0.8232818581528122,8.24468725,3.9,1.199342074685988,0.88531021136501,744.5917602996254,750.0,62.253514013376815,0.08360757845121179,0.0,0.0,-11.423989984668724,128.50754716981135,10.551131639237717,8.698892,9.645489774910562,0.9141663761487687,11.19371525,5.564036999999999,3.3410128834129464,25.876329049843868,9078.0,10.37840567630524,138,baseline,0
1157.9076564651064,750.0,2010.0344814171492,1.735919501174593,0.0,0.0,16.412682654680122,361.2546205068156,1.6635603092237636,1.0,2.995392188381316,1.8005912811054026,0.0,0.0,12.748382198688054,234.8951780329233,8.061130746485066,5.470354333333333,6.733122638539481,0.8352578379249532,8.24293475,3.571354333333333,1.254508712843743,1.070021063568328,744.8008048289738,750.0,61.047418316047285,0.0819647587922054,0.0,0.0,-11.656538954258965,133.87490039215666,10.416990350206502,7.999,9.649759091004023,0.9263480877480826,11.0,5.0,3.2305294796929247,24.417238047717856,9443.0,10.460535644746088,139,baseline,0
1129.0011092064133,750.0,1879.6621848917614,1.6648895820952698,0.0,0.0,17.300767598994778,417.3034816577934,1.6259957648482404,1.0,2.8676534572529224,1.763629106082309,0.0,0.0,12.887700567512596,249.56176312165445,7.882938980613601,5.899,6.660951477339098,0.8449832598882574,8.639527999999999,3.9,1.300718203960435,1.2511025330636611,745.0493092669154,750.0,59.5809480501312,0.07996913400101711,0.0,0.0,-11.951783948363383,140.8451395483567,10.084672442270847,6.899,9.31595875095286,0.9237740545646428,10.5186,4.9,2.9527387376120307,20.990372841293826,9917.0,10.566939050874634,140,baseline,0
1126.3424248457097,750.0,1892.4008718374364,1.6801292662812235,0.0,0.0,17.47081524305686,425.0937323044434,1.627513438184352,1.0,2.9197262614730994,1.7939798179057345,0.0,0.0,12.780484519978055,244.6228378636824,7.81948258355959,5.999,6.4824669310614915,0.829014818025279,8.0,3.6800254,1.3165949485379975,1.3366496963355354,745.1128807485567,750.0,59.199798690234395,0.07945077882798239,0.0,0.0,-12.030881476875734,142.74210911063167,10.006311014732232,6.999,9.143342574029056,0.9137575836456979,10.49278825,4.762934500000001,2.979656163873154,21.36534540677324,10046.0,10.581016680511155,141,baseline,0
1126.031705646345,750.0,1912.9698224518459,1.6988596438799175,0.0,0.0,17.37999971191581,420.9676120305765,1.6314707897054506,1.0,2.97949608275238,1.826263823755193,0.0,0.0,12.5566634363134,234.9919323468272,7.783054668914613,6.103908333333333,6.3338543091068145,0.8138005678418423,7.795066,3.226931333333333,1.2982686938694263,1.3456989642059787,745.1956160093943,750.0,58.69994153053434,0.07877118473251236,0.0,0.0,-12.136148920152152,145.28611061211024,9.977945841080341,7.659559,9.091412696102417,0.9111507359232232,10.3766915,4.760559,3.0769521452026996,22.641675222693983,10219.0,10.6270289385352,142,baseline,0
1138.3961238010481,750.0,1963.6499996647651,1.7249268146734682,0.0,0.0,17.161641592208845,411.3937076219252,1.6558884603975081,1.0,3.0843075101847286,1.8626299922667002,0.0,0.0,12.260741974504533,223.4851840378331,8.015885250189921,6.899,6.270164752004006,0.7822173791541547,7.321192,3.6194700000000006,1.2783191128485432,1.315997600744562,745.1452585780678,750.0,59.004701442861325,0.07918550210660635,0.0,0.0,-12.071758685973514,143.72735777237716,10.269438321665183,7.999,8.947049680265991,0.8712306749426226,10.899999999999999,5.0,3.039311112267565,23.372780690932768,10113.0,10.58435183594666,143,baseline,0
1119.8834260695064,750.0,1933.9650201991908,1.726934228312401,0.0,0.0,17.520393981261137,431.39663237776057,1.626562072425431,1.0,3.0606259025413274,1.8816533069515797,0.0,0.0,12.433998432392393,229.4443949403576,7.7680225269066,5.999,6.335663828381256,0.8156083232812481,7.0,3.7703870000000004,1.2601280996339035,1.3138750046199412,745.5216637781629,750.0,56.68600582904531,0.07603535696303089,0.0,0.0,-12.578824652185498,156.22682963042953,9.904808636778254,7.999,8.993241254775931,0.9079671889250321,10.654203500000001,5.0,2.9588194546503943,22.51968717376332,10963.0,10.692144127680047,144,baseline,0
1100.1218836565097,750.0,1732.3505780874543,1.5746896810466002,0.0,0.0,17.146451348248117,460.1856435582284,1.603431328746314,1.0,2.8760164580945053,1.7936636303240978,0.0,0.0,11.589729715821061,211.4936153400966,7.952171526272535,6.362748,6.424217543442121,0.8078570139260288,7.999999999999999,4.069134999999999,1.256357708959261,1.3186637901352487,745.6129032258065,750.0,56.10915480437753,0.07525239244335483,0.0,0.0,-12.711398147739848,159.57964287036404,10.054533329103744,7.999,8.802887805589233,0.87551430956109,10.861502,5.0,2.467185344085366,16.211172596747545,11191.0,10.715026960114429,145,baseline,0
1106.9786926688334,750.0,1772.3970547022207,1.6011121681385925,0.0,0.0,16.857185947485977,444.4720623446624,1.6199891657638137,1.0,2.971599260790367,1.8343327990031826,0.0,0.0,11.319148353034041,199.2195953521379,8.225265307733732,6.899,6.443083454367218,0.7833283442309352,8.0,3.97102425,1.232660715696223,1.2370425593587013,745.5673528349585,750.0,56.397897941946695,0.0756442697329736,0.0,0.0,-12.644703644876682,157.88853026675775,10.387511282412424,7.999,8.819262698579864,0.8490255710732335,11.373144,5.0,2.463316202835263,16.531673009947806,11076.0,10.70472360590132,146,baseline,0
1113.4583668723728,750.0,1812.2649472318303,1.6276000981719294,0.0,0.0,16.75784779448127,441.3526109631472,1.633217064663268,1.0,3.056672222348284,1.87156520004798,0.0,0.0,11.223998687194243,195.05539478717645,8.327175855088205,6.999,6.585209968171568,0.7908095232728592,8.638382,3.9999999999999996,1.2245071021867036,1.2041247878555579,745.6089795188266,750.0,56.13408702865954,0.07528622719228151,0.0,0.0,-12.705612521559607,159.43258954801217,10.560850531526697,7.999,9.033650636385149,0.8553904450609838,10.50994,5.0,2.3787337134056856,15.4253988158756,11181.0,10.6977796543386,147,baseline,0
1116.397377978563,750.0,1834.3038266873168,1.6430563729992376,0.0,0.0,16.828276754745563,444.8807878653644,1.6415980157675614,1.0,3.1229550747008856,1.9023872133767699,0.0,0.0,11.1857977254554,191.91317187947817,8.22755119825187,6.899,6.46305926024924,0.7855386255903778,8.899999999999999,3.999999999999999,1.1771007825403368,1.0434883107675086,745.650987687129,750.0,55.866564077230606,0.0749232080420336,0.0,0.0,-12.767958566203946,161.02076594830066,10.469847727876694,7.999,8.938877933109309,0.8537734421207415,10.268236,5.0,2.202990157430538,12.938055758769407,11289.0,10.702833923471985,148,baseline,0
1124.5023280802293,750.0,1883.5154628356513,1.674976934953281,0.0,0.0,16.603495703947384,433.3283792358122,1.6600107449856734,1.0,3.229908982350509,1.9457157082307828,0.0,0.0,10.997681751352394,183.88722308560895,8.475189011792141,6.6283425000000005,6.522436200303802,0.7695918275366681,8.221331999999999,3.7293425000000004,1.1492983924371243,0.9456616831400435,745.6038681948424,750.0,56.16654866088411,0.07533028067151414,0.0,0.0,-12.698087267134898,159.24142024377335,10.766621197797278,8.8897455,9.023214573387472,0.8380730042990194,11.0,5.1092545000000005,2.213420014084513,13.062182705997653,11168.0,10.692284366701506,149,baseline,0
1140.4786356474187,750.0,1959.3644962231347,1.7180194656700927,0.0,0.0,16.094618502255667,406.9436262461334,1.6931133561961256,1.0,3.3805627486251884,1.9966547049278567,0.0,0.0,10.652398582756346,170.7060057722422,8.633469038754262,6.999,6.555912128293608,0.7593601249816461,7.9199364999999995,3.9999999999999996,1.1465149772282277,0.8574836826031347,745.4494392436741,750.0,57.1384044480617,0.07664960417172462,0.0,0.0,-12.476702585130234,153.66810739779544,11.01738513912318,8.420109,9.147771362003265,0.8303033112202967,11.444861,5.4211089999999995,2.2490456395707534,13.28964911871379,10789.0,10.640339273592335,150,baseline,0
1151.93143072431,750.0,2009.1313110972565,1.7441414111202411,0.0,0.0,15.985157177081254,401.5257585264078,1.7174343034755581,1.0,3.493913529546418,2.034379727059028,0.0,0.0,10.516535129215224,165.16386668282794,8.965215310493845,7.269944,6.676803824641045,0.7447455073193614,8.0,3.729056000000001,1.117407527433952,0.7932008940442765,745.375718187812,750.0,57.59641903904447,0.07727165996106668,0.0,0.0,-12.374926224014928,151.13879904981232,11.393617046434962,8.290556,9.17750009196589,0.8054948709055927,11.586973999999998,4.716557,2.20596153911471,13.350088112740583,10617.0,10.586381778350857,151,baseline,0
1164.069742384171,750.0,2081.8596117591824,1.7884320294205525,0.0,0.0,15.731261739937871,388.2571668076249,1.747379762954256,1.0,3.6492765524578754,2.0884278448367315,0.0,0.0,10.279145462666946,156.49527353748647,8.995266904611213,7.899,6.690126704318822,0.7437385433098472,8.216023499999999,4.1000000000000005,1.028432602785293,0.5464726992372895,745.1909099813889,750.0,58.72849092757329,0.07880999370891417,0.0,0.0,-12.130088968935365,145.1390583942877,11.475454671956117,8.999,9.271763029970533,0.8079647643617122,11.793105,5.0,2.244782584221702,13.962382730915735,10209.0,10.560322655393577,152,baseline,0
1171.4008308376003,750.0,2119.085808251602,1.8090185293247294,0.0,0.0,15.6729810233194,386.5435810013203,1.7608926673751328,1.0,3.729673398661777,2.1180583392521015,0.0,0.0,10.252660458406732,154.93006228566762,8.955100711074639,7.899,6.952036775261865,0.7763214507084644,9.3435405,4.653802499999999,1.0374784555618466,0.5322264452027063,745.2568833929089,750.0,58.32694947596105,0.07826422107021364,0.0,0.0,-12.215858590024055,147.22720109146454,11.472640707854312,8.999,9.580331681432224,0.8350589829657448,12.5854615,5.5661130000000005,2.1291429283203676,12.560979589854659,10351.0,10.544454984168402,153,baseline,0
1198.7793360912117,750.0,2207.201361385762,1.8412073806532667,0.0,0.0,15.260911082883641,367.7206491866015,1.8129351225910604,1.0,3.906525379740562,2.154807048008054,0.0,0.0,9.961931216142947,145.61024561967596,8.9530330052412,7.622344,7.1356431994332326,0.7970084769324486,9.76857025,4.6233439999999995,1.004930840379839,0.379432746709651,745.0463121783877,750.0,59.59885556090925,0.07999349112493748,0.0,0.0,-11.948092252023638,140.75690846286713,11.636723871960447,9.355596,9.922721400831476,0.8527074724820971,13.672166999999998,6.356596,2.0641253539659554,11.768549829580502,9911.0,10.444074070520536,154,baseline,0
1177.4603053435114,750.0,2190.426118994996,1.8602972083682794,0.0,0.0,15.701576452688416,388.0355094887248,1.7791984732824428,1.0,3.8990734031762533,2.191477489289238,0.0,0.0,10.221668967715878,152.04445142407675,8.490407853356128,6.899,7.267129413471474,0.855922299492231,9.860395583333334,4.9,1.0866603784992939,0.5004400932663602,745.3152671755726,750.0,57.96921922538177,0.07777811857398335,0.0,0.0,-12.293257419605217,149.1241779846785,11.063017226145037,8.433965,10.097121230292101,0.9126914497095556,13.4488165,6.434965,2.020495484309751,10.867197683246022,10480.0,10.561361647515435,155,baseline,0
1179.5541170871013,750.0,2230.5597172485095,1.891019398717252,0.0,0.0,15.773624645865103,389.05313957972055,1.7878153260352214,1.0,3.991376238846903,2.232543921467798,0.0,0.0,10.227601239609855,150.77582990752472,8.525609149765312,6.578133,7.217353416563683,0.8465498816307288,9.383046,4.579133000000001,1.1232316635711084,0.5803058865214488,745.3264159923846,750.0,57.90064996200041,0.0776849561744126,0.0,0.0,-12.308200900205351,149.49180939981605,11.062641850642553,8.610942,10.031867601049678,0.9068238614691295,13.0,5.864073000000001,2.018817606078379,10.44345620250797,10505.0,10.58392897244833,156,baseline,0
1166.0055207949945,750.0,2243.725651048345,1.9242839000612533,0.0,0.0,16.013734050790227,398.78810726226976,1.7686786897313214,1.0,4.029501739436923,2.2782553794714637,0.0,0.0,10.374841590625872,153.82735710120267,8.299842127632493,5.999,7.240449824639272,0.8723599453215853,9.100000000000001,4.000000000000001,1.1946012205486716,0.7577557573053211,745.4825174825174,750.0,56.931667192579354,0.0763688830488429,0.0,0.0,-12.52317155149051,154.82982570806115,10.748625371089437,7.56853,10.045298525062968,0.9345658796595324,12.899999999999999,5.56953,2.0521299747767685,10.576549807011844,10868.0,10.680235400697395,157,baseline,0
1160.4369732502748,750.0,2236.8001144247514,1.927549850604712,0.0,0.0,16.30364630234561,419.37780971276726,1.766397947966288,1.0,4.073440806533756,2.3060719761499056,0.0,0.0,10.42980436017752,155.7742062048996,7.995499347319142,5.666252999999999,7.02119749488184,0.8781437143429971,8.976734624999999,3.667252999999999,1.2512508140245822,0.9354521853311137,745.5023818248443,750.0,56.8071452654765,0.07619981726473321,0.0,0.0,-12.551321850756755,155.5356802012841,10.37706774725174,6.999,9.903652356092573,0.9543786932214502,12.0,5.0,2.115643762442116,10.594092621212017,10916.0,10.705464596783248,158,baseline,0
1125.7216005425569,750.0,2142.3969158579525,1.9031321019561098,0.0,0.0,17.131578616569332,475.6181261116466,1.709393014581214,1.0,3.9655369310354347,2.319850904507736,0.0,0.0,10.843428504254428,169.57895437166192,7.38265585416721,4.999,6.887679971103166,0.9329542250320866,8.636928750000001,3.4696664999999998,1.3713288897656322,1.2936029195718382,745.8379111563241,750.0,54.659904515021736,0.0732865729904755,0.0,0.0,-13.056660611555118,168.47638632533497,9.551401993472362,5.999,9.718285682511985,1.0174721668246896,12.37067175,4.588661,2.0944376038423593,9.156808453315378,11796.0,10.836338294941898,159,baseline,0
1118.6267914837213,750.0,2169.0248915909083,1.9390067430031448,0.0,0.0,17.325073373211342,486.227612660292,1.7006875983762737,1.0,4.0229396096287635,2.3654783003472555,0.0,0.0,10.960392654830962,172.8254820561875,7.277744082728685,4.999,6.684648583419989,0.9185055846197984,7.899999999999999,2.9999999999999996,1.4189206746611054,1.4471127728703008,745.9327313395742,750.0,54.03725842852648,0.07244253557755044,0.0,0.0,-13.210615849865096,172.52037113270688,9.377529544942423,5.999,9.583430842735686,1.0219568807335095,11.322307,3.9999999999999996,2.252752129501256,10.353368563416216,12071.0,10.902543151303847,160,baseline,0
1114.2184105202973,750.0,2200.8887253949742,1.9752758567032145,0.0,0.0,18.050587653625556,532.9359158929886,1.6972964142775464,1.0,4.0929750431708785,2.411467442422573,0.0,0.0,11.249672003669124,184.93013130993015,7.304117405418431,4.999,6.57168164298458,0.8997228930232548,7.0,2.9999999999999996,1.488450100008296,1.6898586410383922,745.9898717634567,750.0,53.658470517810734,0.07192922122517115,0.0,0.0,-13.306002512500301,175.0497028626644,9.344226017397697,5.899,9.403115938703273,1.006302279203856,10.0,3.9,2.2377019153464315,9.608890781242637,12243.0,10.925221580414838,161,baseline,0
1128.55700270636,750.0,2269.2527537013157,2.010755990401447,0.0,0.0,17.912001825371057,524.996003055408,1.729533152909337,1.0,4.246018661945364,2.455008540774669,0.0,0.0,11.084386231735303,179.0005664405574,7.802307030189587,5.424662,6.578871390622842,0.8431956554858856,7.0,2.8488583529411766,1.4909013760022165,1.7097721321787036,745.8477672530447,750.0,54.5955218540575,0.0731992830857866,0.0,0.0,-13.072418950658829,168.88813722154396,9.954736697733424,5.999,9.42773044062664,0.9470597492320638,9.825321249999998,3.0999999999999996,2.1690064427449096,8.737670378874206,11824.0,10.896330898566717,162,baseline,0
1125.9011800662195,750.0,2219.110890076175,1.9709641746229087,0.0,0.0,17.266554977858128,518.4424675353266,1.7324900246200865,1.0,4.258181062027114,2.457838718558209,0.0,0.0,10.748402900563265,169.22543292560368,7.872211962291271,5.899,6.523085362091904,0.8286216622898588,6.2154065,2.9,1.4889268956360882,1.7919582721060427,745.8319042363528,750.0,54.69910528572038,0.0733397230328006,0.0,0.0,-13.047083763891342,168.2263947419971,10.029811019016893,6.899,9.36657004631047,0.9338730339535916,9.518106,3.9,2.099888619406511,7.54222358434199,11779.0,10.908389218488658,163,baseline,0
1131.8200739657693,750.0,2282.6687992258558,2.0168124348843213,0.0,0.0,17.235288921854245,518.1977534055649,1.7491184312376364,1.0,4.386947285049447,2.5080904795825307,0.0,0.0,10.699044081657693,168.0251116623312,8.03790087682132,5.999,6.50256274270652,0.8089876750605106,6.6046249999999995,3.000000000000001,1.4700421616460364,1.8017293680130217,745.7774146383418,750.0,55.053395935044165,0.07382014372444065,0.0,0.0,-12.961141036941397,165.99117697948634,10.220643927324332,6.899,9.369489165256528,0.9167220022417288,9.6833995,3.9,2.1255662886452797,7.866071296368498,11627.0,10.89066519779317,164,baseline,0
1129.9711909457258,750.0,2317.6709175146457,2.0510885021545358,0.0,0.0,17.288044087452818,523.2109860804977,1.7516076481179799,1.0,4.472034411058841,2.55310281150224,0.0,0.0,10.711796118738427,168.17762765406232,8.031473603626628,6.899,6.325218291838706,0.7875538916024751,6.726750666666668,3.12787,1.4139381859398403,1.7460889971253737,745.7904484266484,750.0,54.96886310913812,0.07370550698940004,0.0,0.0,-12.981547306818324,166.5205704791619,10.17561008076824,6.999,9.279099000591502,0.9118960855358312,8.7275665,3.9999999999999996,2.250596786232213,8.946237692968515,11663.0,10.916377057941187,165,baseline,0
1138.8406486867618,750.0,2382.9922636244523,2.0924720823517906,0.0,0.0,17.153626186084857,516.7721133274467,1.7761325577295963,1.0,4.620856624441864,2.601639502824404,0.0,0.0,10.580340647024393,163.86958478001637,8.294296652428951,6.999,6.247916433383531,0.7532786317154275,6.0,3.000000000000001,1.3361068948706154,1.5525424255069638,745.6728362418473,750.0,55.726904518341456,0.07473371941400224,0.0,0.0,-12.80074101817212,161.85897061431422,10.466087437863566,7.999,9.272607866813443,0.8859669787649178,9.550808,3.9999999999999996,2.3365486734814707,9.756823693827771,11346.0,10.901055609908745,166,baseline,0
1142.9303522313903,750.0,2357.4612263236904,2.0626464436097276,0.0,0.0,17.10663148402441,540.8036352438371,1.7891935054564811,1.0,4.663450516363033,2.606453970540898,0.0,0.0,10.495052232398733,163.29487490816646,8.490042664905998,7.899,6.256788099404156,0.7369560255882921,7.1000000000000005,3.6843200000000005,1.22285086389542,1.300758607874637,745.6440422322776,750.0,55.910885704140334,0.0749833466606354,0.0,0.0,-12.75758871428028,160.7560698027315,10.698030556472363,8.320547,9.299630412965437,0.8692843382597288,9.0,4.321546999999999,2.2376026430361984,8.528983228794567,11271.0,10.886019485701485,167,baseline,0
1146.719206588152,750.0,2395.756045091544,2.089226404622337,0.0,0.0,17.14759580427527,545.3574675861995,1.7996103781103339,1.0,4.753533300101922,2.6414235869729374,0.0,0.0,10.50589362021508,163.53801362454897,8.631839881509931,7.999,6.470436594350431,0.7496010912123854,7.201935000000001,3.9999999999999996,1.134625206104411,1.0428510726808824,745.6525281147614,750.0,55.85672913221252,0.07490986354386203,0.0,0.0,-12.770261834364383,161.07958731822362,10.862170532188081,8.999,9.521298809804314,0.876555821103127,10.0,5.0,2.174949001332917,8.196020082158615,11293.0,10.881580738039442,168,baseline,0
1150.560353982301,750.0,2432.0517232913608,2.113797607290728,0.0,0.0,17.257950332189765,552.8388242004661,1.8104424778761061,1.0,4.843515579312736,2.675321441305793,0.0,0.0,10.53248757975008,164.1036407325965,8.898702215137785,7.999,6.593947589997195,0.7410010393178548,7.480455,3.9999999999999996,1.0989760301438707,0.9270484666232535,745.655221238938,750.0,55.83953046905168,0.07488652781948192,0.0,0.0,-12.77429155449684,161.18252471928935,11.1475445119469,8.999,9.613735784211109,0.8624083782673396,10.0,5.0,2.1474940339162947,8.11865745347245,11300.0,10.87079816237459,169,baseline,0
1160.5127646043427,750.0,2499.020153759438,2.1533758438335115,0.0,0.0,17.150597628498673,547.0264887658591,1.8371036613064413,1.0,4.997163971425294,2.7201317359912074,0.0,0.0,10.418001631326819,160.3949336281905,8.985985140876297,7.999,6.734282306250098,0.7494205922527691,8.100000000000001,4.000000000000001,1.0785574511107476,0.8030262208573489,745.5395657308985,750.0,56.57329819289569,0.07588235526766898,0.0,0.0,-12.60451757701027,156.8738633491608,11.303324201962386,9.475253,9.83503568546691,0.8701011764096296,10.470350999999999,5.423746999999999,2.135287653123214,7.9774074440698595,11007.0,10.856894719623659,170,baseline,0
1180.6905695611579,750.0,2584.4497129237957,2.1889305966798656,0.0,0.0,16.864542871194715,529.3049056399982,1.8782446311858076,1.0,5.1700064293807335,2.7525735165374656,0.0,0.0,10.256494541585475,155.27690977037295,9.164422505224772,7.899,6.746398956818943,0.7361510180235276,9.0,4.122810833333333,1.0276514938803354,0.6547881686212365,745.415873015873,750.0,57.34741024957519,0.0769334439009914,0.0,0.0,-12.430059926499055,152.5063897763578,11.551664407563026,8.999,9.914556006622647,0.8582794354838994,10.5716235,5.0,2.1486836185618494,8.128396661392777,10710.0,10.826656824315702,171,baseline,0
1200.9138064018512,750.0,2670.8852682894294,2.2240441021257564,0.0,0.0,16.641844978258863,515.3248262308772,1.9215194755109912,1.0,5.3528425113681815,2.785734196081825,0.0,0.0,10.098933540654464,150.33917912986104,9.525369381859054,7.999,6.900755019495278,0.7244606211951925,9.31840175,4.8999999999999995,0.9832294158335937,0.5223773624497037,745.266486694948,750.0,58.26826287129629,0.07818446678006416,0.0,0.0,-12.228491777140288,147.53601114358779,12.022502852005399,9.899,10.119911292760857,0.8417474645117524,10.0,4.9710990000000015,2.122206186644443,7.953239834470951,10372.0,10.770815404508438,172,baseline,0
1221.9259185303515,750.0,2771.8104054615706,2.2683948048137923,0.0,0.0,16.49170629803608,505.736288503272,1.9675519169329074,1.0,5.55552547074447,2.8235724927678802,0.0,0.0,9.960057701866456,146.5949144095632,9.390462712353706,7.999,7.07612017879169,0.753543291267494,10.0,5.0,0.9351368017237934,0.3457367194955445,745.0982428115016,750.0,59.287785137925766,0.07957042673220298,0.0,0.0,-12.012533171312862,142.3009531918919,11.98863516783147,9.519559000000001,10.457186865718215,0.8722583279352335,10.821175749999998,5.520559,2.096905520821417,7.727226325621986,10016.0,10.727584647830959,173,baseline,0
1219.8105263157895,750.0,2795.0972279782077,2.2914191734516987,0.0,0.0,16.791857250443993,522.5307145626781,1.9695134061569017,1.0,5.630633695321759,2.8588958459078357,0.0,0.0,10.051176044534747,148.9111721688219,9.139463392372884,7.273876333333334,7.102232881875296,0.7770951725461576,10.899999999999999,4.906443,0.9245088297964542,0.2380698024021748,745.1245283018868,750.0,59.129690864730826,0.0793554481416487,0.0,0.0,-12.045540001776166,143.09503393438968,11.700584917974181,8.999,10.561603177208543,0.9026559997854501,12.0,6.0,2.133369416874571,7.925537562328527,10070.0,10.742360149543748,174,baseline,0
1233.8940105989402,750.0,2862.7931149706246,2.320128868751868,0.0,0.0,16.60160276522123,512.3407665502333,1.9973002699730027,1.0,5.763000216343877,2.8853950019351746,0.0,0.0,9.978719155811529,146.76101009670887,9.015904801246698,7.5895019999999995,7.085610451953137,0.7859012054977949,10.0,4.6905019999999995,0.958248488775935,0.2664371414831761,745.0908909109089,750.0,59.33192572532237,0.07963045374610107,0.0,0.0,-12.0033485027752,142.08037527907572,11.646044510348965,8.899,10.71335355083606,0.9199134986403243,12.734145999999999,5.999999999999999,2.178573664339744,8.052454666029702,10001.0,10.7525850570594,175,baseline,0
1214.6502435369052,750.0,2835.6763164698577,2.334562012034619,0.0,0.0,17.079887803673074,544.6505803362298,1.9556013488197828,1.0,5.698206180498573,2.913787201025135,0.0,0.0,10.300914342810707,156.9448175078007,8.53995956278407,6.999,7.147371645850387,0.8369327270585235,9.100000000000001,4.8999999999999995,1.046890265399414,0.43627477776859847,745.4012738853503,750.0,57.43807076233941,0.07705657714125924,0.0,0.0,-12.409931919894252,152.00641025641022,11.042698988572498,7.999,10.776351362029958,0.9758802058429584,13.2447265,5.8999999999999995,2.2094405200330622,8.120236028232634,10676.0,10.834325729176808,176,baseline,0
1210.602314474651,750.0,2848.3662031073522,2.3528504522506384,0.0,0.0,17.32764573310046,560.4095389682343,1.9497612049963262,1.0,5.738976266171721,2.9434252007196617,0.0,0.0,10.422219825662584,160.40681529848888,8.09859718531085,5.899,7.219846047856075,0.8914934133224154,10.0,4.1000000000000005,1.1487382770351826,0.6235102397427936,745.4908155767818,750.0,56.879683626062494,0.07629830232322182,0.0,0.0,-12.534908524471339,155.1239317168642,10.578288786645848,6.999,10.965979764211061,1.0366496874290896,12.4445715,5.1,2.2558090529531274,8.159776625395466,10888.0,10.851353915404175,177,baseline,0
1194.1697088415992,750.0,2842.435034811609,2.3802605389889724,0.0,0.0,17.722608630846455,585.0957124480341,1.9235152702341733,1.0,5.7451074338372194,2.9867750585301027,0.0,0.0,10.61762765775248,166.08617214786872,7.742178155522413,4.999,6.973653535071393,0.9007353479843603,9.0,3.3523729999999996,1.2437243788564334,0.8822562432169652,745.6285281809278,750.0,56.009757074149086,0.07511750819244169,0.0,0.0,-12.734514370730139,160.16785625833236,10.094032767963673,6.487218,10.784567799517355,1.0684102228937966,11.462088000000001,4.488218,2.459063690419487,9.502769328892251,11231.0,10.912560650373752,178,baseline,0
1168.8246688741722,750.0,2781.6923750226224,2.3799056001290477,0.0,0.0,18.408787772128814,632.2890234135193,1.8719370860927151,1.0,5.635557690779864,3.010548662478254,0.0,0.0,11.023192417359759,178.84000832455388,7.139286080191206,3.999,6.79201336813448,0.9513575015546337,8.0,3.0,1.4334790275928297,1.4601008527215988,745.935761589404,750.0,54.01723890196691,0.07241540315330851,0.0,0.0,-13.215624080201065,172.6527198291904,9.341837925827814,4.999,10.632043672347573,1.1381104828368587,10.609909250000001,3.9999999999999996,2.601965780481495,10.168000762216186,12080.0,11.008251517629471,179,baseline,0
1150.190588051053,750.0,2744.0199037498137,2.3857088836028764,0.0,0.0,19.044125858049316,674.4844715556376,1.8353300446323702,1.0,5.572668258155504,3.0363303180555463,0.0,0.0,11.367876621981804,189.70178101121277,6.997619398072368,4.73405,6.561278965643995,0.9376444462600277,7.7205449999999995,2.7350499999999998,1.5674585657318205,1.9893545013182976,746.155665178921,750.0,52.54360884639048,0.07041909791543434,0.0,0.0,-13.594637788319943,182.81417659561657,9.126789853887715,4.999,10.481647211434034,1.1484484007231954,9.436634000000002,3.0,2.774842040715101,11.325419394761798,12771.0,11.074741389826203,180,baseline,0
1149.7534419007159,750.0,2786.099971127007,2.423215160392269,0.0,0.0,19.036143019418127,675.6704209302371,1.8413972150106208,1.0,5.673201400298632,3.0809221139535126,0.0,0.0,11.344742240251623,188.8074837477992,7.04419714796976,4.999,6.256213969725303,0.8881372622469028,6.0,2.9999999999999996,1.6076229066503667,2.219709156756738,746.1375186846038,750.0,52.66680878697902,0.07058592748402127,0.0,0.0,-13.562147656567333,181.931849058535,9.130790478483203,4.999,10.19583723830315,1.1166434343586944,8.899999999999999,2.9999999999999996,2.9191123027096313,12.535005378094558,12711.0,11.087390139010266,181,baseline,0
1145.0922670690306,750.0,2759.7874333343675,2.4101004894551408,0.0,0.0,19.486721969775022,712.4454395904235,1.827536778574123,1.0,5.63888630702374,3.0855118064563936,0.0,0.0,11.595131792984006,197.4521283759159,6.988095901939488,4.999,6.257100360657793,0.8953941743875018,6.1000000000000005,2.9999999999999996,1.6714873715828928,2.605330255778605,746.2960392304791,750.0,51.580426037518976,0.06911523487476176,0.0,0.0,-13.853939049304714,189.9316271818502,9.019509110298001,5.899,10.158519613045252,1.1262829815701154,8.0,3.1000000000000005,2.9368915085954512,12.379451175821556,13255.0,11.094211547671021,182,baseline,0
1139.7454303263523,750.0,2778.814511010772,2.4381010329781203,0.0,0.0,19.84334845123612,744.6280437493493,1.8195811440834753,1.0,5.679689437857195,3.1214268494291635,0.0,0.0,11.755344339884815,204.57061738177094,7.1503846020320845,5.797525,5.995527308738624,0.8384901851342011,5.899999999999999,2.798525,1.6588408761519877,2.7141137830970967,746.3667579368016,750.0,51.0881622466443,0.06844913938539875,0.0,0.0,-13.990198207228525,193.72564587754022,9.117012750314512,5.999,9.952123049022264,1.0915991149270843,7.899999999999999,3.0999999999999996,3.1557654912258175,14.251504809000515,13513.0,11.127506598550875,183,baseline,0
1172.6182924875861,750.0,2939.138848835833,2.506475353203607,0.0,0.0,19.061829359549336,684.7102179783129,1.8934006086817234,1.0,6.004570821637024,3.17131556528742,0.0,0.0,11.2885761048515,188.2432648890712,7.732296613372336,5.999,5.916442447111224,0.7651597892506153,5.1000000000000005,2.9999999999999996,1.6307059618930737,2.662680159307129,746.0679160659939,750.0,53.13664758232615,0.07122226601368274,0.0,0.0,-13.43961022429118,178.6231229808721,9.853897927999359,6.999,10.084105071779673,1.0233620386026316,7.442483749999999,3.0999999999999996,3.2376257156651307,14.773923841111152,12486.0,11.04881456957697,184,baseline,0
1167.4746889914718,750.0,2950.909557796989,2.5276004573136786,0.0,0.0,19.294007237282916,699.704756365938,1.8841248728581488,1.0,6.03169126382712,3.201322455171065,0.0,0.0,11.424897467176919,192.41388479318246,7.817126788239194,6.999,5.905166988111616,0.7554139964821721,5.687051,2.9999999999999996,1.5423296741825918,2.5858647140466493,746.1586730302794,750.0,52.52315945609162,0.0703914078258797,0.0,0.0,-13.60004526494098,182.9612312084436,9.908758577263125,6.999,10.051849393567023,1.0144408419266806,7.439674999999999,3.000000000000001,3.2713807674880493,15.29799935635673,12781.0,11.07949213975943,185,baseline,0
1193.0045278669631,750.0,3073.3929023785413,2.576178740807988,0.0,0.0,18.916224918239756,673.4879596778587,1.9407261052111633,1.0,6.282903495300147,3.2373983523123306,0.0,0.0,11.161407616161595,184.15299929103386,8.117767720015031,6.999,5.895897278041895,0.7262953907273141,6.0,3.000000000000001,1.4994463294440576,2.5307820002381805,745.9581789742323,750.0,53.86890070717915,0.07221437102714567,0.0,0.0,-13.25284809187354,173.63798254627625,10.300156507203425,7.999,10.204113896990588,0.9906756164194525,6.050000000000001,3.000000000000001,3.344198978514689,15.777525352858579,12147.0,11.021889389127633,186,baseline,0
1182.9756097560976,750.0,3070.1789187464306,2.5953019600965663,0.0,0.0,19.295743218703088,698.5963053884877,1.923780487804878,1.0,6.291942650640718,3.270613612377425,0.0,0.0,11.340178481167852,189.6635992298158,8.285643657042016,7.608202,6.117358808628166,0.7383082186293382,6.999999999999999,3.390798,1.4072788980524593,2.3365050936448046,746.060975609756,750.0,53.18326519318987,0.07128541356786978,0.0,0.0,-13.427568777987616,178.29960328758804,10.435811626203465,7.999,10.277213569967156,0.9848025182978501,7.000000000000001,3.3375025000000003,3.262119707966977,15.450854111649782,12464.0,11.049952649678719,187,baseline,0
1208.068585944115,750.0,3185.57621031732,2.6369166845173506,0.0,0.0,18.873869955115534,669.8637000267382,1.9820491109229466,1.0,6.547450683261945,3.3033745971173776,0.0,0.0,11.050504557210134,180.06880907086745,8.463778843550278,7.899,6.015263398952925,0.7107065898274013,7.066458000000001,3.9,1.2620477101652936,1.9283496423455606,745.8428450465707,750.0,54.627684730996336,0.0732428890265554,0.0,0.0,-13.064542156738861,168.68226176520687,10.732615497967824,8.899,10.437331203556985,0.9724872008629444,7.416647500000001,3.999999999999999,3.338932996494381,16.035470913300742,11810.0,11.009420806711889,188,baseline,0
1219.0294367874767,750.0,3234.3707042684764,2.653234291693606,0.0,0.0,18.837442520284867,668.1752008149225,2.0040837161817255,1.0,6.656767816741473,3.3216016691280044,0.0,0.0,11.022793953501857,179.07109880577295,8.462529146932042,7.999,5.9706409624439685,0.705538599486955,7.785173375,4.000000000000001,1.0962861586396508,1.4181892927353612,745.8230389654585,750.0,54.756906993135,0.07341809535555387,0.0,0.0,-13.032987382219893,167.85876010510313,10.769802708865068,8.899,10.54023259620202,0.9786839073222688,8.525495000000001,4.100000000000001,3.380071798476783,16.512803674452616,11754.0,10.989328240742752,189,baseline,0
1242.9162465729194,750.0,3325.3636312004137,2.6754527027620774,0.0,0.0,18.63585172660036,654.3978857254649,2.0567789864685593,1.0,6.868906952190152,3.3396427119201086,0.0,0.0,10.84151268063263,173.1371452544261,8.620219250143789,7.999,6.101466499371605,0.7078087369146475,8.0,4.000000000000001,1.0431616754814637,1.1584623193876507,745.6579110285663,750.0,55.822347682081876,0.07486321388997282,0.0,0.0,-12.77832000401689,161.28546212505822,11.058000302025293,8.999,10.837281664530417,0.980039913956735,9.625331000000001,5.0,3.3326863580157515,15.98177650476292,11307.0,10.928182572773455,190,baseline,0
1258.5807856300462,750.0,3404.763183249556,2.705240078446875,0.0,0.0,18.4782891149311,643.2534311665065,2.0939853034564093,1.0,7.048107980966871,3.365882257785193,0.0,0.0,10.71735996197205,169.01516855635748,8.566267859575733,7.386071,6.1853961583686035,0.7220642944820256,8.100000000000001,4.387071000000001,0.98521285201921,0.8390706758325095,745.546040097977,750.0,56.532479960212314,0.07582694685466107,0.0,0.0,-12.613847485513288,157.1091483877897,11.068248658804317,9.218848,11.076019269638675,1.0007020632688963,10.0,4.780152000000001,3.336412476141642,15.933964541306384,11023.0,10.886072458505511,191,baseline,0
1288.4008023688987,750.0,3526.4640084546577,2.7370861629166776,0.0,0.0,18.101209465384215,618.4459830831129,2.162097621549336,1.0,7.320063775941469,3.385630557558261,0.0,0.0,10.45693269726121,160.89537958981919,9.129817815876248,7.999,6.308416483648915,0.6909684958531076,9.0,4.000000000000001,0.9701069918577091,0.7283800700757106,745.3103448275862,750.0,57.99946697036629,0.07781921634776638,0.0,0.0,-12.286676531342474,148.9624201858419,11.83450359891107,9.899,11.35288733672336,0.9593040588342019,10.0,4.999999999999999,3.2876322099618185,15.315728568478551,10469.0,10.815830925776773,192,baseline,0
1297.423076923077,750.0,3580.1630317742292,2.759441461658612,0.0,0.0,18.081302968065955,617.0607887009539,2.1834615384615383,1.0,7.442587661201885,3.408618622357742,0.0,0.0,10.428806980576576,159.88371508089787,9.149138954996738,7.899,6.489630555787639,0.7093159900302282,9.0,4.1000000000000005,0.9520182912713386,0.6240597354801114,745.2792307692308,750.0,58.190288901888145,0.07807850601421933,0.0,0.0,-12.24531575603401,147.94775796497476,11.883881298173078,8.999,11.524026686053459,0.9697191007642477,10.0,5.0,3.248226326810316,15.17475465232441,10400.0,10.79724166002056,193,baseline,0
1310.863038679336,750.0,3615.277628466627,2.7579369635053066,0.0,0.0,18.18846578028892,623.775282089885,2.206929647758902,1.0,7.530683051575563,3.412289584864129,0.0,0.0,10.457973695188464,160.61153665619912,9.05675095676722,7.999,6.610264990339519,0.7298715645261635,9.0,4.6432329999999995,0.9192817102117706,0.48241398438027616,745.2878395239467,750.0,58.13755591146268,0.07800684893583947,0.0,0.0,-12.256718877777919,148.22715764887747,11.867788785584029,8.999,11.77072823526611,0.9918215135041989,10.577925,5.0,3.196010446315818,14.764752712705974,10419.0,10.779638295122512,194,baseline,0
1327.7621354424123,750.0,3682.947891472242,2.773800964165226,0.0,0.0,18.156232997047887,623.4810867816657,2.249826989619377,1.0,7.71715569760138,3.430110729939709,0.0,0.0,10.348605622788654,157.29441943507604,9.16319951521169,7.92355,6.604372617738126,0.7207496253654966,9.499876,4.92455,0.8920107775708686,0.3576187581386563,745.146218487395,750.0,58.998907253683385,0.07917762418958235,0.0,0.0,-12.07297677416425,143.75676818950936,12.097856098467622,8.999,11.941737429082778,0.9870953441573322,11.0,5.1000000000000005,3.186380568297924,14.398568861154299,10115.0,10.737527514821275,195,baseline,0
1360.9644994840041,750.0,3809.0966596853905,2.7988214689873034,0.0,0.0,17.796956629395524,598.5465464822261,2.321981424148607,1.0,7.986129732666637,3.439359871535098,0.0,0.0,10.12881002112841,150.5739813471237,9.283930798527678,7.999,6.7517524689142085,0.7272514859745569,9.851712500000001,4.796260500000001,0.8869051487104892,0.2860386968407975,744.9333333333333,750.0,60.26991141707629,0.08090644990658175,0.0,0.0,-11.811310983028473,137.5070671378091,12.413225764189887,9.899,12.309542922728312,0.991647389370724,11.100000000000001,5.899999999999999,3.130336380893176,13.778720995860798,9690.0,10.66248310112998,196,baseline,0
1383.0148933890496,750.0,3920.957148168886,2.835079482449145,0.0,0.0,17.568574781360812,581.7210343576693,2.37790635379835,1.0,8.235628604789975,3.4633948438023174,0.0,0.0,9.957886030794453,145.29534761893174,9.239900506296888,7.922597666666667,6.856982494909113,0.7421056633928209,9.302509703703704,4.874307066666667,0.9141506602323209,0.30091966007975834,744.7395264116576,750.0,61.403496223013185,0.08244962707816876,0.0,0.0,-11.58694694255313,132.25733944954123,12.491508349726777,9.338227,12.645201004807639,1.0123037707519302,11.314519,5.660773000000001,3.1273443091825692,13.534250434626195,9333.0,10.618951301615724,197,baseline,0
1389.3933921172845,750.0,3938.7139894124025,2.834844336930544,0.0,0.0,17.68261871862639,592.0987763254592,2.388930202910868,1.0,8.296194830741445,3.4727656842517556,0.0,0.0,10.005487961886091,146.7926694283936,9.011063519730403,7.908294333333333,6.811886155841427,0.755946969070442,9.420881999999999,4.695899768115941,0.929588732404317,0.3087073516797889,744.7842345692128,750.0,61.143915739829495,0.08209614664466611,0.0,0.0,-11.637600577728557,133.43374720674794,12.275220878359715,8.999,12.78800684821452,1.0417740727385858,12.390154999999998,5.370281,3.1799987957729914,13.853118726302853,9413.0,10.608835178504469,198,baseline,0
1425.4201661801033,750.0,4065.179443090959,2.8519166064452324,0.0,0.0,17.416861051395728,575.2248336181697,2.474960700651246,1.0,8.607211581053159,3.4777164658769366,0.0,0.0,9.76864572663712,139.88313327551634,8.974419516814015,7.899,6.82854340501957,0.7608897034761924,9.67547321590909,4.9,0.9510519579686243,0.3044352908268517,744.4873119245452,750.0,62.84720407990374,0.08441675643529757,0.0,0.0,-11.31274866174093,125.97828228372123,12.385820343476308,8.999,13.05764690799431,1.05424158803271,12.14480425,5.4055875,3.2138229601067656,13.924386181640486,8906.0,10.523675501476541,199,baseline,0
1419.9377132166833,750.0,4069.539365989977,2.8659985069140586,0.0,0.0,17.613738390963647,588.565732999258,2.463519313304721,1.0,8.62815122601584,3.502368006379252,0.0,0.0,9.872458877977934,142.7607804161395,8.739066542595447,6.999,6.970481220539031,0.797623085550833,9.28121925,4.4854519999999996,1.0204169005554293,0.457533998740844,744.5971167602069,750.0,62.22291018449546,0.0835658758057399,0.0,0.0,-11.42978095064456,128.6398925797173,12.18286015637724,8.999,13.289987946822238,1.0908758515023635,12.0,5.899999999999999,3.1738421318913193,13.612803628697701,9087.0,10.533360263641951,200,baseline,0
1410.0765726681127,750.0,4075.879237964042,2.890537519002789,0.0,0.0,17.867890201716627,604.2771362274818,2.449349240780911,1.0,8.664832468220368,3.537605958331125,0.0,0.0,9.971787109492892,145.38986503234972,8.574828591430837,6.899,7.016427221290675,0.8182585979972202,9.071861375000001,4.4203244999999995,1.0915784240977262,0.583726452237955,744.675054229935,750.0,61.77585125704744,0.08295678887878091,0.0,0.0,-11.515019121306217,130.59566536404782,11.944287947396965,8.390603,13.376291979032585,1.1198902804371607,11.8736085,5.4916030000000005,3.2389338494444972,14.051879158484827,9220.0,10.565927594175959,201,baseline,0
1428.0713807718046,750.0,4166.4726220692255,2.917552076295686,0.0,0.0,17.675950898478334,593.499815417555,2.496877091233549,1.0,8.881449691549701,3.557023180168607,0.0,0.0,9.83768473654127,141.56069543254313,8.726149039669616,6.899,6.965326892366124,0.7982131477128473,9.159657999999999,4.0,1.1165584432352695,0.6302874541914867,744.52420254294,750.0,62.63817850326251,0.08413182310168069,0.0,0.0,-11.35167755634601,126.8605833432496,12.216916633281283,8.7377905,13.569930005773973,1.1107491696232759,12.100000000000001,5.738790499999999,3.2887763839333046,14.229139949885276,8966.0,10.534835453784726,202,baseline,0
1428.3407030731814,750.0,4171.585659777844,2.920581658705354,0.0,0.0,17.989429627279183,612.9800167474391,2.4993367234136636,1.0,8.930811608043841,3.5732726704571003,0.0,0.0,9.93054286633625,144.0213141428062,8.51623811267637,6.5635425000000005,7.029848154935099,0.8254640208416919,9.186797875,4.01491545,1.1599721671195893,0.7363133159237929,744.5726287862038,750.0,62.362694442017805,0.08375636174496631,0.0,0.0,-11.403376071789207,128.03698583465476,11.997976328543004,8.761479999999999,13.67378968566962,1.139674667730414,11.76890675,5.538213999999999,3.2673258665257765,13.955848579437326,9046.0,10.502301837538056,203,baseline,0
1439.3090665475659,750.0,4224.496154598444,2.9350861832140307,0.0,0.0,17.970114868977806,613.5692157251309,2.5273559624832513,1.0,9.070380717656873,3.5888813654665324,0.0,0.0,9.890321743463053,142.88580774996979,8.381601580045439,5.999,6.941575992175339,0.828192073541356,8.664182375,3.9999999999999996,1.2207024664492008,0.8994182770346186,744.5180884323358,750.0,62.67287130344209,0.08417911166591892,0.0,0.0,-11.34519868129324,126.71353311801772,11.886918835864227,7.899,13.805249095535514,1.1613816234601904,11.318074999999999,4.999999999999999,3.3582932560014256,14.49030014347214,8956.0,10.488074928126656,204,baseline,0
1403.2876451953537,750.0,4141.788866214356,2.951489582620655,0.0,0.0,18.66683744408585,664.0007405092874,2.453326293558606,1.0,8.92040877635378,3.636046619552804,0.0,0.0,10.215768759254342,152.82032503570161,8.090924949313724,5.999,7.026556409073865,0.8684490899485924,8.83227475,3.9999999999999996,1.2790305223009364,1.0817926127885897,744.8156282998945,750.0,60.96096011015071,0.08184704750261394,0.0,0.0,-11.673557229314282,134.2719383860755,11.436434455966209,6.999,13.770643054364223,1.2041028265746143,11.899999999999999,5.0,3.4003573268408225,14.995598052161373,9470.0,10.589847973112194,205,baseline,0
1419.0721112076455,750.0,4223.964800925405,2.9765681162818187,0.0,0.0,18.568714337167364,657.3423312244564,2.4981537793223283,1.0,9.132757040057525,3.655802583352158,0.0,0.0,10.099195224285738,149.24951595526775,7.988017407967515,6.122232666666666,6.951839472391187,0.8702834655138821,9.05183525,4.1232326666666665,1.2679760664719457,1.0477007440354598,744.6681146828845,750.0,61.815792463759266,0.08301119820348882,0.0,0.0,-11.507354367135294,130.41920453082756,11.413767576998262,6.999,13.94499878548182,1.2217699976285352,12.0,5.0,3.4555937865748354,15.344764267943386,9208.0,10.545086123871416,206,baseline,0
1413.331330472103,750.0,4227.068984137577,2.9908549347204985,0.0,0.0,18.806569642810903,674.9763626221886,2.490343347639485,1.0,9.170424628387991,3.6823936896413647,0.0,0.0,10.183622445716486,151.67828804924213,7.575150459004097,4.999,6.875744490593513,0.9076710129791224,8.663689499999998,3.146098743589744,1.3151321112496148,1.1151775047118662,744.7321888412017,750.0,61.44599109988869,0.0825075000390385,0.0,0.0,-11.578694800867043,132.06617329162546,10.978030188197424,6.999,14.074039439388521,1.2820186498047386,11.420046,5.0,3.528963793105203,15.85033330919422,9320.0,10.580165677248605,207,baseline,0
1403.4794607791105,750.0,4199.11319077331,2.991930632488391,0.0,0.0,19.30015654932927,712.1725328610049,2.4777624456002547,1.0,9.18633598552841,3.707512801253616,0.0,0.0,10.310605746228044,155.4780780412956,7.670931928749605,5.359128,6.772569868311914,0.8828874941425627,8.379204916666666,3.399875999999999,1.340676849319338,1.212205564190823,744.7886636238192,750.0,61.118138361511654,0.08206104811549797,0.0,0.0,-11.642653822972873,133.55138804158474,11.068975190107208,6.999,14.005804909720302,1.2653208331551649,11.529509,5.0,3.5805375474097554,16.23469915977798,9421.0,10.597882207169611,208,baseline,0
1388.4671866874676,750.0,4179.023473048322,3.009810756146436,0.0,0.0,19.700863018556774,741.2054147363785,2.452418096723869,1.0,9.181092405120001,3.743689714810382,0.0,0.0,10.454526177892596,159.6469647054696,7.60906804509135,4.999,6.754568819226523,0.8876998837701197,7.086283520833334,3.0,1.4136127695722587,1.4271048057495008,744.8938117524701,750.0,60.50284915850968,0.08122345521460032,0.0,0.0,-11.764530652765595,136.4041814798613,10.93845113447738,6.352483,13.986288079308661,1.2786351474592845,10.899999999999999,4.353483000000001,3.64028621423624,16.67887781852556,9615.0,10.650072006684661,209,baseline,0
1400.6999163529904,750.0,4244.629672164894,3.03036333665005,0.0,0.0,19.733605255927543,741.7937572392473,2.4788791300711,1.0,9.316671587385553,3.7584210840963146,0.0,0.0,10.447316301006804,159.61912885294515,7.7464948245997,5.13984125,6.873570460184671,0.8873136322710785,7.899999999999999,3.14084125,1.4273539547471148,1.4683567271835072,744.866583019657,750.0,60.66279823675742,0.08144115955750499,0.0,0.0,-11.732613508225102,135.65421973338613,11.128609849226265,6.390954499999999,14.161754080071741,1.2725537395900675,11.0,4.391954499999999,3.6271795593053704,16.554914263075062,9564.0,10.610461101108328,210,baseline,0
1377.8478542268247,750.0,4191.2227729532915,3.0418618137669373,0.0,0.0,20.306838167862626,785.2184466781223,2.425868764313452,1.0,9.200941767722863,3.7928439918417567,0.0,0.0,10.730887901050732,168.63492716086913,7.732458967182122,5.899,6.8429439705860755,0.8849635025066023,7.727569000000001,3.559561714285714,1.4594831392572531,1.6699206133823878,745.1114208901722,750.0,59.20857971259389,0.07946271933646969,0.0,0.0,-12.029047905515828,142.69799351319477,11.022976778253511,6.899,14.061274061357354,1.275633102039904,10.899999999999999,4.5718890000000005,3.6943849362966836,17.280304742092316,10043.0,10.689061823403911,211,baseline,0
1366.6329388560157,750.0,4210.133250241938,3.080661332344416,0.0,0.0,20.420148290688676,794.8437567887524,2.411834319526627,1.0,9.255789700849771,3.8376556904897234,0.0,0.0,10.783530117670685,170.1810926865155,7.50185686409276,5.899,6.399841019213225,0.8531009235654341,6.95730375,3.2782045,1.467000220297591,1.8073556051362623,745.1581854043393,750.0,58.92662360502515,0.07907934819645075,0.0,0.0,-12.08819252199499,144.12439844881567,10.669856419230769,6.899,13.907636678407938,1.3034511554758665,10.0,4.1947944999999995,3.9682807163921496,19.420431695215882,10140.0,10.751973304330013,212,baseline,0
1358.5044533620437,750.0,4204.121504424521,3.0946689162631076,0.0,0.0,20.833027837972075,824.5290461721426,2.4030537339727904,1.0,9.29579929737236,3.8683276890376916,0.0,0.0,10.88449643449948,173.04915941702998,7.628746319312195,5.999,6.261463456148278,0.8207722729352481,6.899999999999999,3.000000000000001,1.43475995577794,1.7522829173391843,745.1946755407654,750.0,58.7056480792851,0.07877894194115675,0.0,0.0,-12.134937171963612,145.25670016750414,10.74573276000783,6.999,13.769095727646972,1.2813547512451762,10.0,3.9999999999999996,4.066728930487089,20.311176273686147,10217.0,10.780523639988324,213,baseline,0
1378.6454271356783,750.0,4299.0576700199645,3.1183200447353863,0.0,0.0,20.598834281237362,805.1454401986224,2.452462311557789,1.0,9.515874146456154,3.880130635080679,0.0,0.0,10.743818090302513,168.4022959186901,8.109971303370934,6.451136916666666,6.315286910973825,0.7787064435541045,6.299831625,3.452136916666666,1.4076797091998279,1.6815486983780694,745.0657286432161,750.0,59.482744437152625,0.07983556638079735,0.0,0.0,-11.972067933732367,141.3304106099027,11.35798768723618,7.899,13.883929026907357,1.2223933859789058,9.899999999999999,3.999999999999999,4.017125479435621,19.770882831700344,9950.0,10.723164826997479,214,baseline,0
1382.7874522421073,750.0,4335.892638583588,3.1356175756101905,0.0,0.0,20.760010438881764,818.5780322983157,2.4649105167906695,1.0,9.613516095179866,3.900148110730093,0.0,0.0,10.773177876706292,169.6665010042187,8.276328770934642,6.899,6.251652694503241,0.7553654364793008,6.899999999999999,3.1000000000000005,1.3171587225720243,1.5150995254693287,745.0637442187814,750.0,59.4946220502509,0.07985172075797696,0.0,0.0,-11.969611099236486,141.27158986696526,11.550024942388898,7.999,13.917579745052734,1.204982657134778,9.050318999999998,3.9999999999999996,4.073887932302954,20.331337621540097,9946.0,10.71309812514748,215,baseline,0
1414.6408055113936,750.0,4486.783182141693,3.1716766296160372,0.0,0.0,20.30276059530099,781.6675029470551,2.5480657127715953,1.0,9.963616654150739,3.9102667581178907,0.0,0.0,10.499782929291701,160.976289347082,8.635260464979595,6.999,6.385842426810588,0.739507795127715,7.3459255,3.525353,1.2273483734524906,1.2119059595095525,744.7963963963964,750.0,61.07310628532306,0.08199973386125066,0.0,0.0,-11.651491729737035,133.75725952813056,12.05056493810281,7.999,14.135829234375784,1.1730428662045176,9.0,4.000000000000001,4.000647316312391,19.527055238621582,9435.0,10.612367400012758,216,baseline,0
1383.1299697275479,750.0,4420.608318890203,3.19609032820031,0.0,0.0,21.149808379643236,842.6535748140204,2.481029263370333,1.0,9.827256385315069,3.9609594817778637,0.0,0.0,10.838359785915706,171.78346009057168,8.51955173605936,6.999,6.575221871761063,0.7717802620918612,8.239846916666666,3.9999999999999996,1.1734098564121254,1.0992998884132996,745.0458123107971,750.0,59.60184171604591,0.07999755280979004,0.0,0.0,-11.947476858418732,140.742203282451,11.809949070938446,7.999,14.055024164553425,1.1901003196651871,9.3635315,4.8999999999999995,3.9706206558970463,19.71001322520892,9910.0,10.672814294917623,217,baseline,0
1377.147254493099,750.0,4403.732176504071,3.197720622930043,0.0,0.0,21.582000831312364,874.30378081449,2.469466785820673,1.0,9.831094452547294,3.9810595991798876,0.0,0.0,10.971694088357966,175.7073479748745,8.628219567276235,7.554021,6.789683064421207,0.7869158882061901,8.899999999999999,4.444979000000001,1.1706371802641518,1.0698249517259688,745.1250124118757,750.0,59.126775107741075,0.07935148347302845,0.0,0.0,-12.046150386620727,143.10973913708256,11.890668916989377,8.433179,14.104119952578753,1.1861502537024473,10.4817615,5.097793000000001,3.920277962774456,19.484831372045146,10071.0,10.673641881113022,218,baseline,0
1375.7297513232797,750.0,4443.98518441001,3.230274826967617,0.0,0.0,21.682424917132646,880.0813459947385,2.4778787576151005,1.0,9.948756903321307,4.015029739750766,0.0,0.0,10.965436948604161,175.21107769368427,8.512832356988808,7.703449,6.700769934521589,0.787137541716117,8.8353,4.704449,1.1222031712087193,0.9272588314257098,745.0967741935484,750.0,59.296605374582896,0.07958242127509177,0.0,0.0,-12.010696799388342,142.25683760683745,11.740447170478376,8.899,14.135583955667778,1.2040072878324455,11.504389999999999,5.899999999999999,4.01626107854697,20.317953255295183,10013.0,10.69560758891368,219,baseline,0
1399.6870425729305,750.0,4549.383604590796,3.2502862898752243,0.0,0.0,21.39383681955482,857.3971678112077,2.5373672817235335,1.0,10.200564229642854,4.02013705430694,0.0,0.0,10.795456804525733,169.7632734166554,8.565118703369645,7.354054,6.689416749987719,0.7810068933844434,8.899999999999999,4.355053999999999,1.1200228604701963,0.8454871972806979,744.9390784455211,750.0,60.23597293439519,0.08086026720479045,0.0,0.0,-11.818156530257594,137.66882377367023,11.900745165343778,8.999,14.39082072109224,1.20923694450662,11.100000000000001,5.602188999999999,4.042116776417506,20.307795340656995,9701.0,10.644213471938285,220,baseline,0
1434.575819893928,750.0,4697.1027641922665,3.2742101874682152,0.0,0.0,20.95210208135929,821.3654818640356,2.6246347007251867,1.0,10.546472406395766,4.018262961882572,0.0,0.0,10.540271799218665,161.68345967748166,8.62827565008329,6.999,6.5922726115124455,0.7640312941843495,8.347737166666665,4.000000000000001,1.080686329680047,0.6400047617688327,744.6860049788938,750.0,61.71276903651561,0.08287085915931064,0.0,0.0,-11.527144561231195,130.87506173552194,12.121719420824764,8.899,14.668651051974194,1.2101130658719814,11.638330999999999,4.999999999999999,4.084163270364083,20.375531444619504,9239.0,10.57523268229453,221,baseline,0
1442.2714584020223,750.0,4754.724634726117,3.2966919001462855,0.0,0.0,21.01558694605966,823.3021788450111,2.6531486976590832,1.0,10.714179425490387,4.038288330745911,0.0,0.0,10.49406401272743,159.9729932116906,9.01504107761245,7.216201666666667,6.831764029661532,0.7578184026944956,8.0,4.217201666666666,1.0982951713030396,0.6712591123724185,744.6042422244203,750.0,62.18217519511392,0.08351036922560602,0.0,0.0,-11.437497678671185,128.81635314960877,12.64121632509067,8.999,14.885814705572477,1.1775618993266224,11.3562545,5.0,3.9937642817917327,19.66496930356061,9099.0,10.538774866137407,222,baseline,0
1415.2441885263383,750.0,4709.132828998617,3.3274348463512364,0.0,0.0,21.61155245845625,862.841077263277,2.602473875026658,1.0,10.646904791465277,4.091070766793467,0.0,0.0,10.704752958254366,165.81684518740963,8.743701202572685,6.899,6.91899420053087,0.7913118301086356,9.14216275,4.1000000000000005,1.103649201678805,0.6829959884012404,744.764768607379,750.0,61.25707647070744,0.08225023397018477,0.0,0.0,-11.615466787008755,132.91906868010352,12.241427785348689,8.5929675,14.828709820676103,1.2113545969224306,10.921653749999999,5.045285499999999,4.0052574145585735,20.01007949799976,9378.0,10.5884029172713,223,baseline,0
1402.429416737109,750.0,4727.32878245854,3.3708140502765116,0.0,0.0,21.786506169104744,874.1650944566554,2.5859044801352495,1.0,10.700635935834923,4.138063110233388,0.0,0.0,10.766892541044024,167.45384386380795,8.515583706837601,6.999,6.864914651034985,0.8061590241339288,9.0,4.1,1.1481592245330385,0.7763646585038417,744.8123415046492,750.0,60.98014130008963,0.08187316173749114,0.0,0.0,-11.66977753474395,134.18370771041486,11.888795786031276,7.999,14.82800553217325,1.2472251857160668,10.899999999999999,5.1,4.125472601997798,21.03537583493817,9464.0,10.635587735935038,224,baseline,0
1408.977588953797,750.0,4756.070561348059,3.3755473462708276,0.0,0.0,21.989241593984143,887.8037050273042,2.6054168879447688,1.0,10.810613791599046,4.149283687236243,0.0,0.0,10.778018089514465,167.55547309109144,8.550388953992785,6.999,6.826512802936828,0.7983862301081688,8.899999999999999,3.9999999999999996,1.152345733567607,0.8074107100225616,744.7853425385024,750.0,61.137468337841085,0.08208736779037851,0.0,0.0,-11.638864094681162,133.4631574144583,11.980378132023366,7.999,14.91834421986316,1.2452314989947317,11.100000000000001,5.0,4.146589619654729,21.193307431171135,9415.0,10.621026260596484,225,baseline,0
1410.4585729499468,750.0,4790.053195430815,3.3960963386627596,0.0,0.0,22.153644675039857,897.0106658210481,2.6164004259850904,1.0,10.916598700701682,4.172373078784956,0.0,0.0,10.793954605125238,167.7100523587238,8.669601677097775,7.4411570000000005,6.780075136022055,0.7820515161535938,8.73236,4.339101250000001,1.17515121983577,0.9047780135188148,744.771458998935,750.0,61.218207763451275,0.08219730633305433,0.0,0.0,-11.623060262516827,133.09552986609793,12.127934895633652,8.7842705,14.949776415809845,1.2326728783143555,11.0,5.214729500000001,4.195652922099213,21.645258100229686,9390.0,10.626256453624661,226,baseline,0
1383.6987618950168,750.0,4721.709091875733,3.4123822481485866,0.0,0.0,22.82503788156862,946.6857453281295,2.558682083290699,1.0,10.793389045684414,4.2183392443203145,0.0,0.0,11.052075280434565,175.36180768373956,8.477544106260689,6.999,6.727517727342605,0.793569180297666,7.681992000000001,3.9999999999999996,1.1730132634429928,0.9659649352130395,744.9763634503223,750.0,60.015236937664675,0.08055992093454749,0.0,0.0,-11.862866219125658,138.72759493287262,11.830652251816227,8.899,14.798720907578769,1.2508795451499208,10.717189,4.999999999999999,4.271806751538569,22.68632084388952,9773.0,10.676170896591596,227,baseline,0
1397.4842968167784,750.0,4840.427083433946,3.4636718956052537,0.0,0.0,22.62019046269807,924.2665204533668,2.613009688065581,1.0,11.096492714395971,4.24663282538793,0.0,0.0,10.868538185912483,169.19583618301726,8.727859659679277,6.999,6.587777683808881,0.7547987640363779,7.999999999999999,4.000000000000001,1.1425962454289558,0.8943173396887931,744.7731289257958,750.0,61.20850214103493,0.08218409038107674,0.0,0.0,-11.624957856541993,133.13964516637748,12.135248877887788,8.999,14.915146174323603,1.2290762492313774,10.159497,5.0,4.374887793229648,23.356750368331245,9393.0,10.650230301618667,228,baseline,0
1410.5071095191577,750.0,4901.1127696525655,3.474716813957327,0.0,0.0,22.77108372499239,935.8319055282005,2.652230543796809,1.0,11.284436887359139,4.254696830089615,0.0,0.0,10.818931039572805,167.9440458614007,8.914758232786795,6.999,6.677833206839786,0.7490761984189294,8.100000000000001,4.000000000000001,1.0866574204478552,0.7284196325350538,744.6710083577553,750.0,61.79914088219615,0.08298851464418307,0.0,0.0,-11.51054863483455,130.49272987489147,12.379905555627914,8.999,15.103904727085485,1.2200339218435508,10.0,4.899999999999999,4.358388873608913,23.130907751845317,9213.0,10.613336225411315,229,baseline,0
1385.1518771331057,750.0,4826.205360676023,3.484242732042481,0.0,0.0,23.88442210069648,1012.2286356454265,2.612094709897611,1.0,11.234869368391358,4.301095716713788,0.0,0.0,11.052126938113817,174.28881825388316,8.606805053695545,6.999,6.919488068668763,0.8039554777295332,9.333399625,4.30477975,1.0742183226208741,0.6417246916215853,744.7636518771332,750.0,61.26356178876678,0.08225906518713093,0.0,0.0,-11.61420072518101,132.88965848479498,11.966436232935154,7.999,15.042158685371163,1.25702910980052,10.793023,5.000000000000001,4.31324131388095,23.29049023213966,9376.0,10.636909998309967,230,baseline,0
1373.578748027354,750.0,4792.7998459694945,3.4892792661888565,0.0,0.0,24.501495876236596,1060.2778973872767,2.5932667017359283,1.0,11.23003960306781,4.330460725674857,0.0,0.0,11.189859828433006,178.36370497479757,8.449664854291974,6.999,7.001051685559554,0.8285596892051165,10.429616500000002,5.0,1.0791319243579502,0.6124130625920401,744.8347185691741,750.0,60.84942942046911,0.0816952109017699,0.0,0.0,-11.695581107601145,134.78661744447703,11.728529817885324,7.999,15.030907991098871,1.2815679564694984,11.899999999999999,6.0,4.35846287783691,23.950751253247066,9505.0,10.616427548496189,231,baseline,0
1388.1167347794194,750.0,4832.42900960457,3.4812843102655004,0.0,0.0,24.459678467216392,1057.6749904434441,2.6165775961437703,1.0,11.314421925153628,4.324130093381701,0.0,0.0,11.198813905076275,178.61215147473686,8.36242819165905,6.721643,7.251088843416677,0.867103271589123,9.812230870370371,4.722643,1.1355816332556163,0.6711544355101173,744.855286597506,750.0,60.729029307299555,0.08153131272613953,0.0,0.0,-11.719445894542982,135.34541207512035,11.738309285863982,7.999,15.31529193587898,1.3047272450320104,12.3134445,6.0,4.250468921757912,23.007568585611754,9543.0,10.574489537925036,232,baseline,0
1388.790178100959,750.0,4871.422470447155,3.507673475274984,0.0,0.0,24.57156810384883,1064.7077602416402,2.6288333860259248,1.0,11.436393677477694,4.350368394691755,0.0,0.0,11.189592524402794,178.1058659749442,7.994895216253056,5.899,7.021886362588638,0.8782962343663542,8.702219,3.9,1.2129406387428698,0.8399238680575682,744.8260090631258,750.0,60.900338867763026,0.08176451698345778,0.0,0.0,-11.685518198371751,134.55133556447745,11.326878430603859,6.999,15.338030176362427,1.354126847068555,12.0,5.0,4.417078807255431,24.368901723203514,9489.0,10.610363750704277,233,baseline,0
1349.2897795591182,750.0,4777.458690693024,3.540721024548236,0.0,0.0,25.545825006633347,1144.1725919875857,2.5445891783567136,1.0,11.246193556959808,4.4196499979704225,0.0,0.0,11.534837663649837,189.1873520804481,7.693663598851775,4.999,6.831807908657415,0.8879785060627051,8.440925,3.3918325833333336,1.2639192892627555,0.959464424824044,745.0805611222445,750.0,59.393888497618214,0.07971472025542957,0.0,0.0,-11.990478149499307,141.77156625362022,10.796416541082165,5.999,14.960288950257283,1.3856717081386116,11.313379999999999,4.000000000000001,4.619793784511011,26.660600169735698,9980.0,10.721518434731582,234,baseline,0
1347.0054256683436,750.0,4789.822214989676,3.5559041735953736,0.0,0.0,25.6395023356377,1153.1815292005158,2.5365492749334124,1.0,11.265451539614448,4.441250816982524,0.0,0.0,11.611360247937982,191.60347948582066,7.88004682835278,5.608315666666667,6.780450592565753,0.8604581597369919,8.0,3.609315666666667,1.314122440405588,1.103070758619805,745.156752490875,750.0,58.9352836181654,0.07909112199702854,0.0,0.0,-12.086367643477265,144.08028281329416,10.954472145901153,5.999,14.871056966758285,1.3575329571970844,11.611267999999999,3.9999999999999996,4.7161138229177295,27.723536760619048,10137.0,10.73639002576562,235,baseline,0
1355.9562667726866,750.0,4854.273703452327,3.579963323600392,0.0,0.0,25.515559476323716,1140.1926411806087,2.5606798528973265,1.0,11.410965719395548,4.456225055422063,0.0,0.0,11.563831589485504,189.85693002658854,8.02835887881731,5.999,6.710658439606225,0.8358692655496736,8.0,3.0999999999999996,1.3455093910875688,1.2055750770740268,745.1201669814134,750.0,59.15595210230543,0.0793911569216473,0.0,0.0,-12.040045145940086,142.96268711627536,11.155155262299969,6.899,14.954376415390302,1.3405798542249074,10.0,3.9,4.781327859658326,28.241354151939635,10061.0,10.715834654200581,236,baseline,0
1371.464817252202,750.0,4945.261728762569,3.605824711326279,0.0,0.0,25.243449144518955,1114.975698130258,2.6021059026020046,1.0,11.619260578075158,4.4653296264599955,0.0,0.0,11.450186288210427,186.0017031306167,8.37145300297671,5.999,6.599002225069224,0.7882744157702086,7.0,2.9999999999999996,1.3278791511846206,1.20483883845933,745.0292598967297,750.0,59.70063732814618,0.08013193647779877,0.0,0.0,-11.92715106003995,140.25693240901228,11.587890215348787,6.999,15.04234678049908,1.298109189934737,10.265404,3.9999999999999996,4.848714756833284,28.72613865638824,9877.0,10.679491388047682,237,baseline,0
1382.5641287685232,750.0,4995.472075717704,3.613193754829491,0.0,0.0,25.255182485816427,1115.0749638588477,2.630965763924374,1.0,11.762851797466032,4.470925452074469,0.0,0.0,11.410609014089045,184.6100523513458,8.583240086279618,6.999,6.5476945924361285,0.7628464923057056,7.274573,3.0999999999999996,1.3055717720311737,1.2587470990148564,744.9825242718447,750.0,59.97868298858792,0.08051018786945618,0.0,0.0,-11.870301464924701,138.90405686819352,11.872259808277974,7.999,15.13217317342191,1.274582380927256,9.0,3.9999999999999996,4.884560838387903,29.017139729390188,9785.0,10.639135426674223,238,baseline,0
1395.9493644509273,750.0,5075.060186703747,3.6355618018422424,0.0,0.0,25.16484945698631,1102.9494294811032,2.671077307772453,1.0,11.969314586526998,4.481081304422753,0.0,0.0,11.319861184624608,181.42811181159803,9.032228153820677,7.899,6.570889944233327,0.7274937958087129,6.3399275,3.1000000000000005,1.2554013445638728,1.2178212067967422,744.8847676599291,750.0,60.55602486655021,0.08129582922844322,0.0,0.0,-11.753901232592685,136.15419418554393,12.43248296030423,8.324715,15.262134626269106,1.2276014915926041,9.0,3.7590324999999996,4.880948881417935,28.88217074715157,9598.0,10.615224939575391,239,baseline,0
1399.1039295683918,750.0,5143.658889660136,3.6763951418869207,0.0,0.0,25.384013190805966,1110.6757957189548,2.7071075799871163,1.0,12.214983342896241,4.512189849120948,0.0,0.0,11.226376074914642,177.8487883848231,9.412853954331146,7.999,6.4166974132087375,0.6816952057623519,6.000000000000001,3.000000000000001,1.1862319875681253,1.1307990690401368,744.728795361821,750.0,61.46563389755074,0.08253425177105998,0.0,0.0,-11.574884136222854,131.97794276698357,12.862989374060554,8.999,15.1876832146439,1.1807273389552286,8.779810000000001,3.5600710000000007,4.992595199674366,30.004859686672376,9314.0,10.589707687106948,240,baseline,0
1424.6845310596834,750.0,5291.820556788731,3.7143805813997735,0.0,0.0,24.869531036243472,1066.5445403380988,2.7621525855387,1.0,12.464859713946945,4.512733937729198,0.0,0.0,11.114372037002237,174.8768367561494,9.660004216834116,8.999,6.5236416760474,0.6753249304673078,7.000000000000001,3.2137124999999997,1.0874510733051101,0.9574661697140971,744.6435610674343,750.0,61.95690011027072,0.08320343228571872,0.0,0.0,-11.48035361467281,129.7985191179311,13.189117131657623,9.999,15.377739814970763,1.1659415608691368,8.412359,4.000000000000001,4.990703851642916,29.92852343230738,9031.0,10.556756886158034,241,baseline,0
1454.2173713235295,750.0,5436.452736504048,3.738404480449961,0.0,0.0,24.372016535826877,1024.4227400942661,2.8415670955882355,1.0,12.801360477737362,4.505035442454453,0.0,0.0,10.899730927448593,168.11211360853096,9.989742661165305,8.999,6.703882556107295,0.6710766016194141,7.713287625,3.8999999999999986,0.9890999846631611,0.7725878388893448,744.359375,750.0,63.56661544875089,0.08539774950607815,0.0,0.0,-11.180692018643033,123.00787401574809,13.703288940602024,10.899,15.737574512356817,1.148452359179797,8.56647375,4.0,4.890782362260327,28.752730666653164,8704.0,10.481429791862233,242,baseline,0
1393.7700738622825,750.0,4371.392423889784,3.1363798849376923,0.0,0.0,12.538612116366007,191.68710673444303,1.8585894686680962,1.0,5.828490917340257,3.1359754349178974,0.0,0.0,12.538706024855985,191.6894495226375,10.132223649034131,9.999,6.791624449805828,0.6702995003918265,8.0,4.0,0.919418048710994,0.6137720713590915,749.9139861806052,750.0,7.880011372195023,0.01050788692757791,0.0,0.0,-91.6024023655872,8389.000119146918,12.93292497807958,10.999,12.566449380395749,0.9716633632140462,8.363482750000001,4.1000000000000005,4.9557150915905535,35.63607863328263,8394.0,10.45520522691086,243,baseline,0
1319.6059372755567,750.0,3974.054242782867,3.0115461976381024,0.0,0.0,13.784768548053638,237.72188318744824,1.76765621259277,1.0,5.29690669900874,2.996570634761225,0.0,0.0,13.794702072099518,237.96980474741838,10.044094009131582,9.589938499999999,6.988323257611608,0.6957644214857187,9.178485583333334,4.409061500000002,0.8639053692569993,0.43987709457308455,744.1230548240364,750.0,64.87384628989132,0.08718161044644976,0.0,0.0,-10.94811160840241,117.86114779003566,12.689097037945894,10.999,12.033242771016686,0.9483135588790976,9.0,4.899999999999999,4.685963306393449,34.649693578319216,8354.0,10.434449829272312,244,baseline,0
1311.5179873602333,750.0,3909.399565048947,2.980820394936113,0.0,0.0,14.055982802125135,248.85396019529568,1.76507049100632,1.0,5.210457507309532,2.9519826736998436,0.0,0.0,14.063646924839913,249.0784554064166,10.053545378720088,9.299777,7.047479422005677,0.7009944409186014,10.0,4.760982560606061,0.8379303082246337,0.34093220615941,744.0330578512396,750.0,65.36457628408759,0.08785170980555604,0.0,0.0,-10.863164057185791,116.00833333333334,12.699794065994164,11.999,11.964224558713772,0.9420802019735105,10.562411,5.000000000000001,4.6330002604083385,34.50278380678231,8228.0,10.42387407918368,245,baseline,0
1270.1847478474785,750.0,3485.6586986757916,2.7442139457136223,0.0,0.0,13.841479222308843,240.92710076595841,1.7183271832718328,1.0,4.647116436525335,2.704442135214815,0.0,0.0,13.82998285881121,240.72237331409218,9.924208584701201,8.899,6.991621882386154,0.704501706379306,10.508485499999999,5.100000000000001,0.7813066095347543,0.17275987112055713,743.9611316113161,750.0,65.7540496487777,0.08838371637287501,0.0,0.0,-10.79663179704748,114.56725816101678,12.523233987699875,11.570914,11.608608343687399,0.9269656987236039,11.0,5.5719140000000005,4.524548793143144,34.44288989807679,8130.0,10.41481691517856,246,baseline,0
1228.930254930255,750.0,3254.4486064506173,2.6481963426275286,0.0,0.0,14.878142065980496,285.4413952110213,1.6707551707551707,1.0,4.342986911372519,2.5994155142488746,0.0,0.0,14.819794280468694,284.0155149704496,9.224146570101771,7.90657675,7.043696838323494,0.7636150168248876,10.863716750000002,5.24391995,0.8183029607178913,0.09563053541915068,744.0962000962,750.0,65.02067884326817,0.08738208693292884,0.0,0.0,-10.92256206528254,117.30236206994927,11.699002806758054,10.395018499999999,11.415247959900292,0.9757453817607559,12.0,6.236496499999999,4.326674926163255,33.181673917529835,8316.0,10.485315530732354,247,baseline,0
1217.4085095917364,750.0,3157.4869655932366,2.593613352228098,0.0,0.0,15.21167585590626,302.7140656544493,1.6642892277422527,1.0,4.220169020396605,2.535718521786995,0.0,0.0,15.07828962493401,299.19088530142847,9.321029745839411,7.542550666666667,7.03178423740299,0.7543999353227832,11.39376925,5.396216416666667,0.8166475343703925,0.013688199828058245,743.9626168224299,750.0,65.74603150436383,0.08837276231052371,0.0,0.0,-10.797993694839805,114.59666783380023,11.766091164412199,9.999,11.193069282841458,0.9512988745740891,12.744318999999999,6.0,4.264667954752414,33.041455503137335,8132.0,10.474303011274827,248,baseline,0
1206.6572393943186,750.0,3086.0519368034898,2.557521586123772,0.0,0.0,16.083357966773296,340.4521168640404,1.6589913652859467,1.0,4.1340289553448475,2.4918929910357304,0.0,0.0,15.835525151632098,333.3328195306315,9.23971738010546,7.2654285,7.104990711740132,0.7689619086226895,11.393690999999999,4.6335714999999995,0.8420928380672571,-0.008576481265623048,743.8560880991115,750.0,66.31860024906752,0.08915514883872432,0.0,0.0,-10.701555423860171,112.52328848995111,11.667046403829309,9.899,10.987074167818482,0.9417185624814479,12.999999999999998,6.5269439999999985,4.030388187254391,31.025743337639078,7991.0,10.425913509322081,249,baseline,0
1201.4927427427428,750.0,3113.1921125393087,2.5911035512645526,0.0,0.0,16.16701719507492,339.6436499140791,1.6604104104104105,1.0,4.180702393645829,2.5178729110789346,0.0,0.0,15.804081097668607,329.13394881866725,9.0404184058588,6.999,7.1040885874841235,0.785814136974036,10.899999999999999,5.0,0.8566117738307998,-0.08137589330214601,743.8568568568569,750.0,66.31448666522424,0.08914952662456317,0.0,0.0,-10.702242442086074,112.5379932891885,11.421227300300302,8.999,10.932425900335227,0.9572023752690552,12.999999999999998,6.1000000000000005,4.011205204625294,31.020026452728715,7992.0,10.455686712771897,250,baseline,0
1203.3084303441217,750.0,3113.13668839011,2.587147741913365,0.0,0.0,16.78612172040596,367.9731399455949,1.6726365613406677,1.0,4.194169167219937,2.5075197231478583,0.0,0.0,16.2589308663781,351.88818008066363,8.964288673840018,6.999,7.070963499909986,0.7887924806063846,10.370675,4.510413999999999,0.8972875960313658,-0.04851068085521293,743.7193296661123,750.0,67.04623152142057,0.0901499111923318,0.0,0.0,-10.581335344784689,109.96465767878968,11.370756058334399,8.801755,10.850555289879251,0.954250995642998,13.251775,5.802754999999999,3.954243134359965,30.452890824555126,7817.0,10.388746885010118,251,baseline,0
1221.2866613630338,750.0,3115.5344494367105,2.5510263462302745,0.0,0.0,16.978532532060164,376.8945735670074,1.7079024131530098,1.0,4.2139718642239385,2.4673376135375316,0.0,0.0,16.264159059755027,354.627126369093,8.862170547758065,6.650456,7.362328750705877,0.8307590912441178,10.510276499999998,4.651456,0.9537636199592083,0.009345233912959827,743.4903208697958,750.0,68.2467025549895,0.09179232148597297,0.0,0.0,-10.388496662799696,105.92086291300036,11.420406228851762,8.997174999999999,11.085695990655811,0.9706919148505978,14.226338750000004,6.351269500000002,3.592816197519199,26.344996021054122,7542.0,10.259702202961982,252,baseline,0
1198.8742736397253,750.0,3000.3712769971385,2.5026571534379114,0.0,0.0,18.127312006558583,429.7066132917706,1.6864764923402007,1.0,4.081313231770969,2.420023789425981,0.0,0.0,17.09750946238268,395.1770154563147,8.380963522326171,5.999,7.296545467046579,0.8706093813210385,9.654830375,3.9999999999999996,1.0612634266256311,0.1824733914201513,743.5161119915479,750.0,68.11260043777754,0.091608775303247,0.0,0.0,-10.40970715294908,106.36200301015928,10.887160559957739,7.4139985,10.863929715766796,0.9978662164424777,14.234203500000001,5.414998499999999,3.3701304395664113,23.914834264203755,7572.0,10.272324717165299,253,baseline,0
1205.051169004676,750.0,3037.77306106431,2.5208664488275536,0.0,0.0,17.994135412356272,421.7249714361629,1.7046092184368737,1.0,4.151375672095969,2.4353826244720063,0.0,0.0,16.76255111538738,380.6039453438678,8.536853243442222,5.999,7.372997735194453,0.8636669185871491,9.297692,3.9999999999999996,1.1017558576594628,0.2720450261364151,743.4407481629927,750.0,68.50369363514656,0.09214412016615445,0.0,0.0,-10.348076997154601,105.08269753904005,11.108528780093522,7.999,10.953194071984273,0.9860166263972229,14.579399999999998,5.803368,3.3703573278768086,23.97353476598325,7485.0,10.241620332310402,254,baseline,0
1171.2432432432433,750.0,2950.5174734607617,2.519132973002773,0.0,0.0,19.079741542348867,473.2433156036743,1.6620993086109366,1.0,4.054960614681479,2.4396620548926915,0.0,0.0,17.51532020936928,417.67409149357786,8.19270819278066,5.999,7.382994614114876,0.9011665545003426,9.340447999999999,3.9999999999999996,1.195115495286134,0.5009511331112848,743.8282840980515,750.0,66.46720096432844,0.08935825967538326,0.0,0.0,-10.676793334158315,111.9939159003275,10.584540261345067,6.999,10.792948327422598,1.0196898552919338,13.999999999999998,5.0,3.2875575517239746,23.08998376440566,7955.0,10.369238530067483,255,baseline,0
1141.8599112771421,750.0,2879.9370187270424,2.5221456592743534,0.0,0.0,20.254748534505644,534.3354514967717,1.6235115573196357,1.0,3.9790019828346153,2.4508615075114197,0.0,0.0,18.34469855932998,461.9023862730226,7.987728034021345,5.6359055,7.325243669620571,0.9170622282607621,8.578951,3.6369054999999997,1.293957164647172,0.7967116962424554,744.2685033854775,750.0,64.07254093793208,0.08608793821918205,0.0,0.0,-11.089571232382712,120.97859011809021,10.215806818701845,6.999,10.598726865540714,1.037483093957676,12.398288249999998,5.0,3.294825229567009,23.245065894591068,8566.0,10.50416042734223,256,baseline,0
1118.8289114532154,750.0,2799.9351481833587,2.502558809055624,0.0,0.0,21.48378960794451,599.6341689407352,1.5935145758270552,1.0,3.891918648149967,2.442348948160709,0.0,0.0,19.1628488717815,506.2229377517381,7.6454512874825085,4.999,7.134963518090079,0.9332298709131501,8.0,3.0,1.3951035707867474,1.160765052131005,744.6395894748335,750.0,61.97969343399415,0.08323448593124912,0.0,0.0,-11.476003502778708,129.69865639578921,9.740655887760672,5.999,10.312865296991223,1.0587444434773168,11.0,3.9999999999999996,3.2967741955366328,23.267355278147864,9159.0,10.616529971514552,257,baseline,0
1116.026943884587,750.0,2780.627710905391,2.491541737537967,0.0,0.0,21.81783052552289,615.71394875314,1.5939323220536756,1.0,3.8882170702856205,2.4393865514163813,0.0,0.0,19.175681330790976,507.72414432172195,7.557351394724501,4.999,7.221261429492047,0.9555280748931345,7.899999999999999,3.0,1.4806294034723906,1.4180156783168414,744.7919804815954,750.0,61.09882670709828,0.08203475374102541,0.0,0.0,-11.646442318351761,133.63961867469484,9.648800561578446,5.999,10.367887200534698,1.07452601329741,10.95,3.9999999999999996,3.2040518856198856,21.910587403635425,9427.0,10.648351641149361,258,baseline,0
1124.4136210823121,750.0,2858.6935588678525,2.5423860982012982,0.0,0.0,21.637192622142738,605.109342387739,1.6146838737664029,1.0,4.018015657191909,2.4884224847180194,0.0,0.0,18.776006135782495,488.89006851048424,7.813286689956346,4.999,7.127115025856598,0.9121788702593246,7.0,2.9999999999999996,1.5391363402638016,1.625225846035561,744.6756317102266,750.0,61.77252631656901,0.08295225959617054,0.0,0.0,-11.51565762058933,130.61037043463725,9.95215588135777,5.999,10.346147548730745,1.0395885747841827,10.647001,3.9999999999999996,3.3477085190200917,23.35778978415353,9221.0,10.615390579711134,259,baseline,0
1132.0013357079251,750.0,2918.953915195734,2.578578154565775,0.0,0.0,21.320791541965114,587.2858807584009,1.635240427426536,1.0,4.127957841296739,2.524373646872909,0.0,0.0,18.228307582145238,463.11913587699644,8.136116827327498,5.999,6.965217617516035,0.8560862344209881,7.0,2.9999999999999996,1.5544170397240744,1.7882284217406346,744.5351736420303,750.0,62.57587636886423,0.08404690414122795,0.0,0.0,-11.36333022477439,127.12527379727115,10.268678694011577,6.318159,10.200364450185765,0.9933473189821733,9.40500775,3.3191589999999995,3.5914353409579833,26.268467856829265,8984.0,10.568416503792593,260,baseline,0
1138.8127897301795,750.0,2852.1987177462497,2.5045369559135575,0.0,0.0,21.334794567144353,600.5253027401908,1.6607631047188873,1.0,4.092590242006352,2.4642829735184257,0.0,0.0,17.607955135696805,447.217545654194,8.354053786121451,6.685159,6.796314129975199,0.8135348782726157,6.0,3.0000879999999994,1.5022704471083521,1.7808579722445073,744.1642695827885,750.0,64.64782758704509,0.08687306046457931,0.0,0.0,-10.987662937461504,118.72873682726534,10.517850424581004,6.999,9.899646672670112,0.9412233748384458,9.727841,3.30455,3.534935063448503,25.789602142599502,8413.0,10.4872884490242,261,baseline,0
1130.1048803378696,750.0,2855.7691612548306,2.526994804589319,0.0,0.0,21.60611571167406,615.6311875777998,1.655091506335054,1.0,4.128166759763112,2.494222672258348,0.0,0.0,17.529524434191874,445.5100183250803,8.195144921128366,6.999,6.4634709662024985,0.7886951394280606,6.1000000000000005,3.072828833333333,1.4448610367125707,1.8632254004716584,744.2402627874237,750.0,64.22893191329061,0.08630133993655786,0.0,0.0,-11.061689871069314,120.36098280371748,10.242164980525576,7.999,9.53014344883357,0.9304813451993947,8.0,3.8636299999999997,3.7708647039756764,29.35702986108261,8524.0,10.568020589052912,262,baseline,0
1133.607548071181,750.0,2911.091442919054,2.5679887610771814,0.0,0.0,21.451961038844395,600.2096529675512,1.6703690433536367,1.0,4.2376018717842845,2.5369255307056924,0.0,0.0,17.13019167713529,422.74289107535094,8.293414212535003,6.999,6.573595681085869,0.7926284052170298,7.05627,3.5284696666666666,1.3874382240761987,1.705511200988572,744.1363907798877,750.0,64.80080203079952,0.08708188825826059,0.0,0.0,-10.96086405261135,118.14054077982786,10.340269958198972,7.999,9.522441290289994,0.9209083833192857,8.512443000000001,4.000000000000001,3.6409474112026543,28.13526377890676,8373.0,10.51974365922104,263,baseline,0
1124.3788503516857,750.0,2714.6716337571693,2.414374508118921,0.0,0.0,22.51475657239581,693.4476664220244,1.6685665777346592,1.0,4.045628555855209,2.424613203836184,0.0,0.0,17.034803480840793,446.01219554758853,8.652385921187973,7.7917889166666665,6.576237750876727,0.7600490559225783,6.813352,3.7927889166666664,1.3572846090691058,1.6863832870211644,744.0460829493088,750.0,65.29378976864926,0.08775503462074898,0.0,0.0,-10.87534003485838,116.27302087379343,10.722817683967984,8.999,9.322255283707193,0.8693848537260114,8.74021225,4.359235,3.415415798441789,25.476579910855012,8246.0,10.479630685600824,264,baseline,0
1138.700544015826,750.0,2781.8381174879146,2.4429935790469353,0.0,0.0,22.29142654932249,683.4603577584011,1.6991839762611276,1.0,4.17488479283116,2.4569939754361076,0.0,0.0,16.615123528456287,427.9461398469785,8.506334773974775,7.7445889999999995,6.608898555073917,0.7769384500706362,7.232948222222222,3.7455889999999994,1.2907901642386348,1.4965477593854688,743.9297725024728,750.0,65.92311120800431,0.08861469676935828,0.0,0.0,-10.767992165375155,113.94965527358077,10.612913705365974,8.8125,9.439179248233504,0.8894050691716243,9.798658249999999,4.8134999999999994,3.444261912008105,25.98914124072222,8088.0,10.46456885247658,265,baseline,0
1142.4372348390316,750.0,2828.412159258533,2.4757702856709267,0.0,0.0,22.361513276118124,687.5555554421742,1.7141252807586724,1.0,4.2774103390558755,2.4953895652030127,0.0,0.0,16.394520041940247,418.121907022249,8.6409033826909,7.80212925,6.65132285455211,0.7697485505827742,8.263398375000001,4.19687075,1.1886414675279304,1.2517597188151095,743.8737209882705,750.0,66.22418102127894,0.08902610638442378,0.0,0.0,-10.717345704109007,112.86149894138379,10.77872495183429,8.999,9.416393682527183,0.8736092371412381,10.29171575,5.0,3.323752786135589,25.009154507890802,8014.0,10.447992077610515,266,baseline,0
1147.5454663044884,750.0,2534.241741394195,2.2084020335641865,0.0,0.0,17.10048732362907,342.6873878119728,1.7365153279006598,1.0,4.00481991526911,2.3062393121002223,0.0,0.0,11.855874612746923,180.710426401291,8.730336623859602,7.37203075,6.650231078384696,0.7617382198310573,8.69463,4.37303075,1.1208802654316263,1.0333644462527571,743.6494632001035,750.0,67.41482219718782,0.09065403195086773,0.0,0.0,-10.52140913945472,108.70005027980136,10.961302386107878,9.5784,9.443793525642581,0.8615576135926553,10.03185,5.144375,3.257685652285545,24.284777712363883,7731.0,10.374018896349844,267,baseline,0
1170.621595465229,750.0,2640.3872459730583,2.2555429151498907,0.0,0.0,16.59697635669624,321.3567190267567,1.7906815982303332,1.0,4.214802969648776,2.3537422698787522,0.0,0.0,11.317878935609592,163.72047092817724,8.875370690662225,7.607332,6.566041743933919,0.7398047893190591,9.375207583333335,4.608332000000001,1.020461629419097,0.6734462776356165,743.2122217613714,750.0,69.67569127660653,0.0937493884471908,0.0,0.0,-10.167454825964462,101.37713763802803,11.243300184294208,9.493098,9.509675915833702,0.8458082377910526,10.352217,5.019171,3.4079658898406904,26.09358867098581,7233.0,10.27525122761833,268,baseline,0
1177.3926330150068,750.0,2668.1187332834306,2.2661248749714433,0.0,0.0,16.573872733075138,320.78489418049867,1.8057298772169168,1.0,4.291038273012484,2.376345613567657,0.0,0.0,11.194172406102751,159.74122583245997,8.667907679824168,7.6444399999999995,6.761102222196599,0.7800154860825365,9.653721749999999,4.645439999999999,0.9626975982727629,0.44366314683824415,743.3020463847204,750.0,69.21748281756196,0.0931216093837258,0.0,0.0,-10.237357152052525,102.80348145868106,11.057244475443383,8.999,9.749558223605195,0.8817348884034916,11.0,5.353470499999999,3.256707824474722,24.516829410896698,7330.0,10.256817420773617,269,baseline,0
1189.84059365123,750.0,2714.6235502414906,2.2815018790972688,0.0,0.0,16.419176875966805,315.23901918686414,1.833173010856122,1.0,4.401729144711474,2.401153147381214,0.0,0.0,10.971458170966782,153.06521196317922,8.740780678694144,6.999,6.9704376320120796,0.7974616785663875,10.0,4.759465,1.0117444691840847,0.4730922997697409,743.2532637075718,750.0,69.46671974790223,0.09346305376633161,0.0,0.0,-10.199222447617299,102.02413853598043,11.2025827039989,8.999,9.962136480827857,0.8892714067865574,12.0,5.899999999999999,3.161647456091722,23.308937748846024,7277.0,10.197704124457818,270,baseline,0
1243.2651766837814,750.0,2886.4905673292683,2.321701453127271,0.0,0.0,15.605547946415628,284.7957753536494,1.938840229537904,1.0,4.713030804234957,2.4308505324124843,0.0,0.0,10.323206207039824,135.08182925300883,8.978825053232395,6.999,7.130682229753741,0.7941665181667261,10.214270749999999,4.20611625,1.0111236038317148,0.3739113457496259,742.5859257022048,750.0,72.7873144532406,0.0980187099350306,0.0,0.0,-9.71559201924815,92.39272828447828,11.717801867411657,9.899,10.28824813647494,0.8780015443926864,12.692082249999999,6.313929999999999,3.166446976027969,22.901927085342127,6622.0,9.895683451230727,271,baseline,0
1243.8054943440575,750.0,2890.5210964413163,2.3239333718859982,0.0,0.0,15.700841389990977,289.0509959631476,1.9416776847363009,1.0,4.755114402192696,2.448972061415274,0.0,0.0,10.302778252988682,134.26060498948678,8.424246815521537,6.911494,7.119234866564721,0.8450885904064026,9.488895499999998,4.7734689999999995,1.0278327471672903,0.29022136787823394,742.7874247098575,750.0,71.80151890570916,0.09666496297208554,0.0,0.0,-9.854594445960306,95.11303169435165,11.154983379462319,7.999,10.455029684032313,0.9372519284323896,13.005567499999998,6.0,3.1306299752034783,22.375363400080353,6807.0,9.918736814513089,272,baseline,0
1232.990198823859,750.0,2859.8503151184213,2.319442861627297,0.0,0.0,15.980850229331908,300.3636308082503,1.9232707924950994,1.0,4.742958234428999,2.4660896702309194,0.0,0.0,10.399607561763933,136.51383747194637,8.248275007109767,6.134855166666667,7.133257950777977,0.8648181522353852,9.683389625,4.135855166666667,1.1064567111381642,0.4708024444792036,743.1257350882106,750.0,70.11393405190225,0.09435002818679072,0.0,0.0,-10.101436750819516,100.03902443080715,10.895617523522823,7.999,10.442652080112083,0.9584268223042135,13.56187,6.0,3.1565374858173816,22.63666894718195,7142.0,9.987089005066291,273,baseline,0
1195.704955527319,750.0,2759.408891429921,2.3077673791299054,0.0,0.0,16.637024409521523,326.79829814496077,1.8561626429479035,1.0,4.615938027852846,2.4868176532860007,0.0,0.0,10.747335356217418,145.46762545064644,7.63437331524658,5.64086875,7.032337223691123,0.9211413868964027,8.480552999999999,3.74186875,1.2560552833972245,0.8520692279707829,743.7616264294791,750.0,66.82206531611219,0.0898433892548341,0.0,0.0,-10.618098221035938,110.74400983156656,10.108818080559084,6.899,10.388822409917278,1.027699017543573,12.927541,5.0,3.2019687146828386,22.835499907609474,7870.0,10.20825832817371,274,baseline,0
1197.9792483866886,750.0,2758.1081887853425,2.3023004718150752,0.0,0.0,16.82224120026993,336.04802396381297,1.8665063899784893,1.0,4.668488220520994,2.5011905909278975,0.0,0.0,10.700382868457028,144.40968459454712,7.641236163764352,5.217265666666667,7.0823039162628305,0.926853164131735,8.0,3.218265666666667,1.336620823992709,1.0179082921787428,743.7876755662406,750.0,66.68362067482505,0.08965410810828406,0.0,0.0,-10.640924172258782,111.2292672397613,10.140797832595215,6.999,10.42413090130629,1.0279399188691414,12.900110000000002,5.0,3.146411000334502,21.89851502671744,7903.0,10.198622553961867,275,baseline,0
1214.7830920372285,750.0,2819.605102001748,2.321077005832526,0.0,0.0,16.53760183332646,326.3411466316119,1.9033092037228543,1.0,4.809661447272737,2.526999521604312,0.0,0.0,10.443506194137905,137.3661225098296,7.768341621311822,4.999,6.865933263487418,0.8838351347282772,8.0,3.0,1.3475232980962122,1.0511074377963823,743.6535677352637,750.0,67.39322586617085,0.09062449074427414,0.0,0.0,-10.524902560371071,108.77357390530551,10.355851832083763,6.999,10.308863558649241,0.9954626356000048,12.688752249999999,4.271806,3.2279158049559706,22.71667246846874,7736.0,10.1500921299034,276,baseline,0
1224.7623058699658,750.0,2780.677506413295,2.27038135733459,0.0,0.0,16.457489763674385,329.5143295915514,1.9305080284285339,1.0,4.8468151707238665,2.5106423280038137,0.0,0.0,10.153887042503769,130.5716928236842,8.049977931176311,5.75090725,6.964439211510394,0.8651500999199271,7.834958875,3.2480927500000005,1.3800210371921162,1.1477200977354087,743.5382995525138,750.0,67.9970157463692,0.09145058941454944,0.0,0.0,-10.428054692133895,106.74432466213571,10.769777707423005,6.743361,10.406892396003668,0.9663052180576374,12.369608000000001,3.9345594999999998,3.116118709692184,21.26014912127402,7598.0,10.094466458421676,277,baseline,0
1240.6205327265427,750.0,2839.8596401867744,2.289063871888001,0.0,0.0,16.263038949440457,323.06896987419293,1.9656003212421362,1.0,4.985458163934856,2.53635396273458,0.0,0.0,9.973521099442715,125.73193955893859,8.324475423388588,5.899,7.076108184867953,0.8500365278257412,7.50582725,3.334651,1.3524613342860896,1.0769139501932754,743.428456699237,750.0,68.56725954708301,0.09223114736758418,0.0,0.0,-10.338125193872218,104.87683252417538,11.151229042430733,6.999,10.558404481364104,0.9468377379021706,12.653922,4.240236,3.090676405232048,20.945614018438672,7471.0,10.006893436083969,278,baseline,0
1253.1226519337017,750.0,2799.0734699055115,2.2336787748479714,0.0,0.0,16.13745309227094,325.50657965357306,2.001381215469613,1.0,5.0424987528361696,2.5195093837497495,0.0,0.0,9.648605661591054,118.20220281774617,8.730271824943394,6.3605835,6.895141679171509,0.7897969063771065,7.0,3.3615834999999996,1.323766420767117,1.0688409990940402,743.2187845303868,750.0,69.64231964700379,0.09370365913316933,0.0,0.0,-10.172515399424269,101.48006955152394,11.656174695441988,7.999,10.320191545786294,0.8853840831522442,11.410658250000001,4.301118,3.085882002636011,20.98843205662584,7240.0,9.946194286634267,279,baseline,0
1271.6553094832482,750.0,2877.408871173791,2.2627270532476755,0.0,0.0,15.817803974457698,314.32644294761053,2.044718909710392,1.0,5.216724316891226,2.551316120820787,0.0,0.0,9.424734665013881,112.54134583766835,9.07393865226567,6.999,7.067243096750887,0.7788506587474302,7.788376124999999,3.1871242499999997,1.2781116239766774,0.9743968177518978,743.0300965360591,750.0,70.59526008641589,0.09500996045183739,0.0,0.0,-10.029854585214068,98.59798300053964,12.171613832481544,8.641516500000002,10.545821333407552,0.8664275320060392,11.650691249999998,4.642516500000001,3.011742405118929,20.146976437265874,7044.0,9.881835343205674,280,baseline,0
1279.093139352446,750.0,2915.173514349987,2.279094011735395,0.0,0.0,15.708793039081794,312.5338801132303,2.0657538154328914,1.0,5.326759527589693,2.5786032623027917,0.0,0.0,9.317858432907673,109.97514225031456,9.090582438429728,7.612379,6.948973065595462,0.7644145039837295,7.341574625,3.6120565000000004,1.2182129290421422,0.9465555925027687,742.9972899728997,750.0,70.75958374554463,0.0952353187561768,0.0,0.0,-10.005635172922817,98.11273521363032,12.203796007987448,8.776854,10.472672354723365,0.8581487553437428,11.099999999999998,4.777854,3.021131221168608,20.314550726090246,7011.0,9.896511205717132,281,baseline,0
1268.6379504504505,750.0,2798.2544039115196,2.2057155100223462,0.0,0.0,16.230302640814184,345.58297407454916,2.0564470720720722,1.0,5.268339438548564,2.561864834790129,0.0,0.0,9.342328626602892,112.06314435021976,9.04009093694329,7.999,6.944864537121801,0.7682294996326725,7.380756000000001,3.7296055000000004,1.1433593715448525,0.8417272565104446,743.0889639639639,750.0,70.29939970530779,0.09460428443224324,0.0,0.0,-10.073740755917985,99.48025281744304,12.059300779842342,8.999,10.320241773995358,0.8557910580724631,11.099999999999998,4.759456999999999,2.892700846239057,19.14389655531159,7104.0,9.911356415723874,282,baseline,0
1269.492054641762,750.0,2845.345150899206,2.241325686518089,0.0,0.0,16.28510669630037,348.6369298687307,2.0632840814050737,1.0,5.36996558566998,2.6026302602078393,0.0,0.0,9.366010401681761,112.55574904397763,9.114884356285716,7.999,6.94004490810108,0.7613969236280168,8.338531,4.079768249999999,1.1066757333251138,0.785352340814577,743.1563981042653,750.0,69.95888565302535,0.09413750030476098,0.0,0.0,-10.124700952521533,100.50956937799045,12.169078381377197,9.899,10.37706889685533,0.8527407394084793,11.457808,5.670186,2.900082776662432,19.31187106317128,7174.0,9.96598209086322,283,baseline,0
1273.4259693666345,750.0,2847.939683528176,2.2364391429402524,0.0,0.0,16.475649296790618,360.34273778874353,2.07396163929902,1.0,5.428618497755026,2.617511527161056,0.0,0.0,9.393935419312404,113.4411548957248,9.037347730303983,7.999,6.9610150446355465,0.7702497737576159,9.0,4.649386000000001,1.0423892114075337,0.693518505712921,743.2253346212226,750.0,69.60899591635334,0.09365799667180193,0.0,0.0,-10.177573457513526,101.58300148308383,12.112965672692146,9.999,10.423747793579969,0.8605446490350085,11.7385225,5.766537,2.784897634405346,18.16651697926404,7247.0,9.973905369904122,284,baseline,0
1282.6668524453114,750.0,2916.5326550925656,2.2738037156978117,0.0,0.0,16.479260497543592,360.2891063353385,2.099205796293716,1.0,5.5758961622440095,2.6561932003468245,0.0,0.0,9.35831033444572,112.44232042717542,9.204208903562968,8.441544,7.020162701380098,0.7627122303430748,9.3424415,4.8050049999999995,0.9867599912004267,0.5277014984512949,743.1592587432075,750.0,69.94440253845781,0.09411764936730273,0.0,0.0,-10.126879232358265,100.5536829867691,12.360726717988017,10.999,10.478953656383615,0.8477619395252917,12.68116,6.59033,2.6859205891091174,17.096699240108034,7177.0,9.954753183412105,285,baseline,0
1286.523542600897,750.0,2964.4453158788206,2.3042293574245503,0.0,0.0,16.364062711146293,357.70199550462155,2.1158912556053813,1.0,5.699490058757774,2.693659252883997,0.0,0.0,9.276524454311275,110.42525094114076,9.496571183543725,8.668852000000001,7.034652583713929,0.740757105670311,9.286474250000001,4.669852000000001,0.9725578432345621,0.4585321720753277,743.1199551569507,750.0,70.1431205439225,0.0943900376475665,0.0,0.0,-10.097068747752855,99.9507972968475,12.663637367853138,10.999,10.346577936197075,0.8170304972931428,12.248093250000002,6.3507560000000005,2.5657984154114093,15.630173995194799,7136.0,9.972449387080012,286,baseline,0
1311.920926864591,750.0,3045.2095893603027,2.321183790122293,0.0,0.0,16.202156387452842,352.1751279646475,2.1727733526430124,1.0,5.8931947079116584,2.7122915055742185,0.0,0.0,9.120620493669463,106.73725440680805,9.46554663843159,7.999,7.158333188986127,0.7562514308388891,9.792456333333334,5.0,0.9132195059295185,0.24191008017341087,742.8897900072411,750.0,71.29527704294847,0.09597019369757867,0.0,0.0,-9.92743992828745,96.55406352975592,12.727869923099204,11.766214,10.514673498147339,0.8261141543460276,13.092407999999999,6.767214,2.447444814904128,14.303078645614654,6905.0,9.869154882556119,287,baseline,0
1324.564049586777,750.0,3107.2046607914403,2.34583194505452,510.0,0.0,16.05369867853904,348.1759798350726,2.207497048406139,1.0,6.051923342519625,2.7415317936163244,1.0,0.0,9.001041769133067,103.962381116282,9.629887394321644,7.841335333333333,7.311898850538294,0.759292248302906,10.2182695,5.157664666666667,0.8542177697241435,0.0711329168984487,742.7544273907911,750.0,71.96391527295857,0.09688789809810941,0.0,0.0,-9.831439160835073,94.65719597320144,12.927005118506491,11.999,10.62692155873547,0.8220714280929472,12.741862999999999,6.809123999999999,2.417367238294394,14.23185704093654,6776.0,9.774916746334728,288,baseline,0
1384.9352448453608,750.0,3299.3048956978564,2.3822809824341284,750.0,0.0,15.423135438862667,321.1930978311877,2.339078608247423,1.0,6.441064591242896,2.7536759852927415,1.0,0.0,8.609154137152789,94.95155863493412,10.100826505940075,8.3125605,7.46089065596763,0.7386416004254743,11.556713333333335,5.59780905,0.7214760400462658,-0.23612500368387979,742.0914948453608,750.0,75.14916012749927,0.10126670450947436,0.0,0.0,-9.397084258727583,86.30519256562567,13.76819038659794,12.999,10.829546510721114,0.7865628093916159,13.0755425,7.000000000000001,2.2821148262352566,12.999201928689875,6208.0,9.518112197119715,289,baseline,0
1390.5746569814366,750.0,3349.461582217956,2.4086887858928305,750.0,0.0,15.362765138038917,320.6672578903465,2.358353510895884,1.0,6.567590531723393,2.78482021519688,1.0,0.0,8.565757780754588,94.00910235680499,9.662487955757722,8.1667155,7.514169178151477,0.7776640149573385,12.0,5.5895165,0.7206661611568862,-0.38309029669048567,742.0748991121873,750.0,75.22709363599525,0.10137399031552793,0.0,0.0,-9.386907882434667,86.11403959331409,13.376800286037124,12.546638,11.116712519618638,0.8310442169957792,14.999999999999998,7.0993590000000015,2.248325779876327,12.492347334975477,6195.0,9.550046968856574,290,baseline,0
1416.5356729018374,750.0,3452.333900296961,2.4371669322133616,750.0,0.0,15.170508335352311,315.4243287574499,2.416818407548419,1.0,6.781481196047645,2.80595396611807,1.0,0.0,8.446491524515688,91.84091487596281,9.625916460185808,7.880897999999999,7.528056826588573,0.7820613089388124,11.685664,5.401183999999999,0.7583088976581868,-0.4293291467621323,741.8728687303427,750.0,76.1691441071669,0.10267142433382748,0.0,0.0,-9.2655069941147,83.84961985798847,13.467919659327926,11.87984,11.295821938099577,0.8387206208403577,15.612993999999999,7.836919,2.285933639364185,12.54545136335549,6041.0,9.477781982637977,291,baseline,0
1402.1626359357247,750.0,3454.6423334186898,2.4637957430047015,750.0,0.0,15.359482753881409,324.9683412670672,2.398149651030677,1.0,6.828199200261978,2.847278191053404,1.0,0.0,8.518410302560302,93.36892806694453,9.58566956483724,7.431615,7.689154855078636,0.8021510446473641,11.799446,4.6634018,0.8144169371310344,-0.39798946024296944,742.031163772115,750.0,75.43207146636088,0.10165620414498765,0.0,0.0,-9.360240462958789,85.6141015244109,13.36568864892063,10.801648,11.413092096523714,0.8539097682367005,15.916910999999999,7.802648,2.183362902594486,11.269267919459606,6161.0,9.532228610463696,292,baseline,0
1377.1886209029067,750.0,3359.629903442936,2.4394842162145585,750.0,0.0,15.935747792707417,356.2374954331883,2.350030921459493,1.0,6.734329596437441,2.865634462484037,1.0,0.0,8.736449397358834,98.78035015550708,9.107513194379404,6.315502,7.798317209015811,0.8562509921839533,10.759003499999999,4.416502,0.9141363968018876,-0.24655214841904938,742.4094001236858,750.0,73.63963541610268,0.09919006333141023,0.0,0.0,-9.59834736081288,90.12827205882357,12.759412155534942,9.899,11.575773466762804,0.9072340736121857,16.3888065,7.865426500000002,2.0811844549379614,9.893611339092264,6468.0,9.65566847914285,293,baseline,0
1367.312547070342,750.0,3367.2883516218267,2.46270566216679,678.0,0.0,16.06941835956312,363.8948624296762,2.3336345835216146,1.0,6.7708162219719545,2.901403788657575,1.0,0.0,8.820423165212686,100.61319821667233,8.904300424813904,6.2755745,7.771362091674321,0.8727650372192759,10.055049499999999,4.276574500000001,1.000672229811152,-0.0956269468719455,742.604910378069,750.0,72.69502979239917,0.09789193254241918,0.0,0.0,-9.728448049003788,92.64270144216559,12.47765878144299,9.613995,11.588131544157324,0.928710405303871,17.5493925,7.614994999999999,2.0732746744477746,9.29403437344684,6639.0,9.733625950283917,294,baseline,0
1352.1383376473973,750.0,3346.405881234574,2.4748990455052313,0.0,0.0,16.42197315855458,383.83751498594677,2.299827437446074,1.0,6.743075142718331,2.9319917803078392,0.0,0.0,9.018946224891376,105.71850817562178,8.84901822166569,5.999,7.77145813838001,0.8782282897047933,9.736308625,3.9999999999999996,1.09053047253452,0.12317566906364208,742.9398907103825,750.0,71.0461382759294,0.0956283801210306,0.0,0.0,-9.96366303079694,97.27458099126969,12.271664432413,8.2779205,11.578476325915648,0.9435131142710811,16.778897750000002,5.941582500000001,2.155874807951654,9.648285037940935,6954.0,9.812065562550789,295,baseline,0
1385.5426508199187,750.0,3460.4767761433604,2.497560630194649,734.0,0.0,16.034946466695484,368.48599861386225,2.3773130735670227,1.0,7.003209077773973,2.94585057207718,1.0,0.0,8.78812905448764,100.41927892319109,9.19324194802101,6.764126,7.738635701433472,0.8417743974528306,9.740246249999998,3.886963,1.0783254942701035,0.09489715381912278,742.613810741688,750.0,72.6517229853613,0.09783244256230592,0.0,0.0,-9.734492072897927,92.76033591731262,12.836767359861593,8.999,11.674861863531122,0.9094861296650468,16.542356,6.0,2.189785736730398,9.87008117566889,6647.0,9.709095074413886,296,baseline,0
1399.3897583953806,750.0,3554.5485701632,2.5400704477350518,750.0,0.0,16.01473005446773,371.3895135171322,2.411183710682267,1.0,7.181830313740042,2.97854961524598,1.0,0.0,8.765958748650522,100.89220392946226,9.40023577697171,6.504014,7.701280431902498,0.8192646029973802,9.3270605,3.564726333333333,1.0846520303507194,0.1266129948004,742.539735602492,750.0,73.01133713417414,0.09832650514646628,0.0,0.0,-9.684516117073331,91.78985242185308,13.108071837410728,9.391354,11.728201666835604,0.8947312627142503,15.427851,6.06793,2.2593556653885543,10.280694583946648,6581.0,9.682408120856238,297,baseline,0
1412.1412628038527,750.0,3617.089848263831,2.5614221066538208,750.0,0.0,16.00612956959178,371.786504267528,2.4416755847729705,1.0,7.325725825127693,3.0002863078179347,1.0,0.0,8.740628813646513,100.33048971564192,9.897264445497257,6.999,7.79864448942052,0.7879595955394018,9.260185,3.6335195,1.0763333303143836,0.1465589392385791,742.4941140498395,750.0,73.23190105493019,0.09862960482675899,0.0,0.0,-9.654101804203838,91.20168164593188,13.739332485094025,9.720079,11.82749633590449,0.8608494152635355,15.487352999999999,5.721079,2.255576004481998,10.206857257811025,6541.0,9.653530320052935,298,baseline,0
1418.2197097020626,750.0,3657.278164705927,2.578781087081523,750.0,0.0,16.08005056505821,376.4470621798096,2.4595874713521773,1.0,7.43718858229254,3.0237544583864255,1.0,0.0,8.747702304184509,100.50918273197635,9.75177723304555,6.999,7.741097616174535,0.7938140331941252,8.796410999999999,3.9999999999999996,1.063983082966976,0.22649004107825865,742.4987012987013,750.0,73.20975467881009,0.09859916865949962,0.0,0.0,-9.657147544055858,91.26049868766408,13.575448969289532,9.763059,11.866349031713318,0.8741036159140997,14.31654,5.764059,2.2546081473888084,9.920681115253037,6545.0,9.638036453509386,299,baseline,0
