CB_mean,CB_median,CB_std,CB_CV,CB_IQR,CB_MAD,CB_skew,CB_kurt,CP_mean,CP_median,CP_std,CP_CV,CP_IQR,CP_MAD,CP_skew,CP_kurt,APIT_mean,APIT_median,APIT_std,APIT_CV,APIT_IQR,APIT_MAD,APIT_skew,APIT_kurt,APS_mean,APS_median,APS_std,APS_CV,APS_IQR,APS_MAD,APS_skew,APS_kurt,Time_mean,Time_median,Time_std,Time_CV,Time_IQR,Time_MAD,Time_skew,Time_kurt,TNFE,PSE,t,source,label
1217.0536912751677,750.0,1129.9235246749627,0.9284089377281997,750.0,722.0,1.196100677064965,1.0623553411903917,1.8456375838926173,1.0,1.317027526758062,0.71358945995255,1.0,0.0,1.6517538959968476,2.1977082814279623,0.5744093381991051,0.559962,0.3076097231945603,0.5355235417289383,0.577114125,0.2859610833333333,0.08189547857190341,-1.4302925704089138,585.248322147651,750.0,302.99768324895126,0.517724992592988,0.0,0.0,-1.2953783675395827,-0.32199488491048545,0.7537837617449664,0.7724975000000001,0.1886255928963608,0.2502383342136521,0.31258675,0.17041800000000007,-0.36297464459647505,-0.6725473715399519,298.0,3.5507115414596,2,attack,0
1521.6791208791208,750.0,1369.640855429176,0.9000851997219312,1500.0,694.0,1.4860263090904486,2.2735264296661306,2.320879120879121,2.0,1.6395869543859618,0.7064508184144058,2.0,1.0,1.7699229580779114,3.3676508407229413,0.7829637881493109,0.6686,0.5290766289158806,0.6757357580565219,0.6559545,0.330975,0.5941187988683737,-0.8396886312103691,642.0967032967033,750.0,257.41611989217097,0.40089930157019177,0.0,0.0,-1.9664402012020288,1.8668870649034792,1.3291646175824177,1.570754,0.6165305439870128,0.4638481462953805,1.166165,0.32501099999999994,-0.5803714201966642,-1.3113282592098492,455.0,4.166178036674282,3,attack,0
1559.9149606299213,750.0,1363.5559991606674,0.8741220089395382,1500.0,666.0,1.7953714939798493,4.032305227209442,2.393700787401575,2.0,1.7048216953200783,0.7122116950843748,2.0,1.0,1.8190569807944799,4.415174309267018,1.0125629399387008,0.8479736666666667,0.7681169349808612,0.7585868538970644,0.9486779999999999,0.4703844666666668,1.0566399299779852,0.1256617205535,672.6834645669292,750.0,223.25924825481218,0.33189346849568474,0.0,0.0,-2.54129194453932,4.458164747380437,1.8109958850393701,1.843502,0.9805365610390826,0.5414350022213144,1.9171845,0.9527,-0.2653201787817346,-1.4911669722205132,635.0,4.503079857896653,4,attack,0
1597.8699186991869,750.0,1445.082154392391,0.9043803487888556,1500.0,638.0,2.189471686037614,6.936188398893879,2.4905149051490514,2.0,1.8936613724236107,0.7603493432255847,3.0,1.0,1.9620184645329801,6.040764991279632,1.3803146554598444,0.99985625,1.014018982166829,0.7346288602789732,1.130155125,0.4437829285714286,1.1058350060495539,0.2601244460853085,683.4742547425474,750.0,208.82028946877094,0.3055276596298859,0.0,0.0,-2.8203605644995124,5.95443371378402,2.4877309295392953,2.485913,1.2160916581531076,0.4888356870565244,2.288915,1.1167715,-0.295887942844925,-1.2518067512958144,738.0,4.654874687914619,5,attack,0
1708.2741738066095,750.0,1659.9157440478427,0.9716916461653179,1500.0,610.0,2.6232556174922403,9.928462326906024,2.6842105263157894,2.0,2.247404681828327,0.8372684108772199,3.0,1.0,2.2190129070290165,7.641850745936354,1.7606947301003357,1.2913810000000001,1.2718509999945267,0.7223574752916131,1.537864,0.6364670000000001,1.0465845614904472,0.13264165702217845,689.9069767441861,750.0,199.4391921029412,0.2890812802678646,0.0,0.0,-3.0175310436363154,7.105493599308879,3.2054201750305995,3.364038,1.4436969063495744,0.4503924064606577,2.3060080000000003,1.2076859999999998,-0.37668046926941845,-1.0668689022633369,817.0,4.815068744343725,6,attack,0
1815.3226544622426,750.0,1854.7676530832227,1.0217289188365608,1500.0,582.0,2.9774033553023767,13.382656278361704,2.876430205949657,2.0,2.5731082589750627,0.8945491719746239,3.0,1.0,2.419715931280387,9.539782600335094,2.164039281012542,1.6756975,1.5582601334621544,0.7200701702295594,1.9313179166666665,0.8763652857142858,0.9472609536184319,-0.15885642004135114,693.8260869565217,750.0,193.3961134841521,0.27873860196362316,0.0,0.0,-3.1523496668561655,7.937308422128163,3.975555897025172,4.309029499999999,1.6450316092927768,0.41378656266000957,2.85316325,1.3561765000000006,-0.45861897538771085,-0.9229308284271482,874.0,4.80643739956541,7,attack,0
1871.6185671039354,1500.0,2004.4377053050066,1.070964853916036,1500.0,750.0,3.3890643316112814,17.833881738134842,2.9646821392532794,2.0,2.8436847152438096,0.9591870499682149,3.0,1.0,2.6825729875076676,11.989824388453371,2.3703103940972223,1.70273225,1.8618851967541235,0.7855026925548533,2.367208202380952,1.01812125,0.9498865077754959,-0.12676168658406484,700.4581231079718,750.0,182.52352601804384,0.2605773564423477,0.0,0.0,-3.412799762340574,9.647202217831875,4.445217428859738,4.5784,2.1193596839754028,0.476773007820913,3.7079545000000005,1.9229260000000004,-0.5525685746192428,-0.8613356266638723,991.0,4.97008316025498,8,attack,0
1925.3384030418251,1500.0,2132.3261712722347,1.1075072142660176,1500.0,750.0,3.6429579873330273,20.554877984050105,3.0722433460076046,2.0,3.0899858961039164,1.0057751122219432,3.0,1.0,2.7925881932968584,12.824400081982018,2.758865539007017,1.948289,2.124064461724722,0.7699050322290172,2.8482848125,1.1171342499999999,0.9590616329293635,-0.15795185305449655,703.3307984790874,750.0,177.53069911285576,0.25241422598975577,0.0,0.0,-3.5411430254016865,10.539693926351022,5.161009239543726,5.4617945,2.3549882934925375,0.4563038320971378,3.950561,2.0761890000000003,-0.5411377059272054,-0.927810158339319,1052.0,5.051854801828804,9,attack,0
1980.4977698483497,1500.0,2287.7262251452094,1.1551268877825522,1500.0,750.0,3.758287997392345,21.623987507398578,3.1739518287243533,2.0,3.3654962524616496,1.060348875494522,3.0,1.0,2.8261989817709314,12.809309841016933,3.0708838437957318,2.302624,2.42352327486399,0.7891940555681914,3.2513913333333333,1.3197256666666664,0.9228746990613801,-0.19551260913789203,706.2033898305085,750.0,172.3456105621332,0.2440452892806091,0.0,0.0,-3.681015011590932,11.54987151555779,5.795857759143622,6.399545,2.691640768257595,0.46440766494160884,4.801959999999999,2.1526829999999997,-0.5963067642732692,-0.8134620751959161,1121.0,5.351991958246273,10,attack,1
1466.4962476547842,750.0,1950.8982785695175,1.330312492574998,750.0,0.0,5.353132291181594,42.07297477042889,2.266885553470919,1.0,2.9624876500937987,1.3068536457686695,1.0,0.0,4.047178223009921,24.37352845800058,2.1340637013619888,0.95,2.4933929803966866,1.1683779536690349,2.6474311249999998,0.6677785,1.6102819720529908,1.652527175114984,726.9718574108819,750.0,126.87010521883626,0.17451859232995004,0.0,0.0,-5.327840736443303,26.385886912904706,3.8095048742964353,1.706576,3.705585999408484,0.9727211597525142,6.94533975,1.593243,0.48090959893698065,-1.4504353018831047,2132.0,8.460335736189526,11,attack,1
1281.8971786833856,750.0,1784.0823306306604,1.3917515072956634,0.0,0.0,6.736529624973693,65.1156748196443,1.9382445141065832,1.0,2.740891679800743,1.414110376607532,0.0,0.0,5.099909520794687,37.61173197014801,2.1044433853906157,1.3409814375,2.362990184380622,1.122857569267427,1.2819465,0.6409814375,2.1037412495819767,3.8780873957145783,734.6094043887148,750.0,104.28393739247596,0.1419583478913573,0.0,0.0,-6.62823850020167,41.93354561555566,3.3928196335423197,1.5,3.6397116894292623,1.0727689893816053,5.574925499999999,0.95,1.0228450691587812,-0.5813783052753365,3190.0,9.785391673626421,12,attack,1
1202.9704918032787,750.0,1720.7397474011505,1.4304089411384684,0.0,0.0,7.572296281958132,80.5375962914857,1.790632318501171,1.0,2.649768020103018,1.4797945913994095,0.0,0.0,5.79409998867159,47.20317427148698,2.307661636308896,1.75,2.324926724301842,1.0074816375682187,1.75,0.871369275,2.278338976283569,5.325942909623324,738.5021077283373,750.0,90.38405110111935,0.12238834548373112,0.0,0.0,-7.7337119429914365,57.810300417168285,3.4128340522248237,2.0,3.5711141342671633,1.0463779016560026,2.6988570000000003,1.0,1.3249790804569876,0.30786126167396644,4270.0,10.394719426603746,13,attack,1
1146.0474665662084,750.0,1683.5560537912015,1.4690107547076372,0.0,0.0,8.385636540207553,96.70910022222012,1.690713882087022,1.0,2.6023647256054825,1.5392105980658988,0.0,0.0,6.432642255513547,56.805306124622355,2.650743445215578,2.2,2.3634588762124165,0.8916211338665415,2.25,1.1194884545454549,2.1876028262325846,5.610082579107514,740.752307402524,750.0,81.18690927113957,0.10960061610314052,0.0,0.0,-8.665246911365438,73.08650403492824,3.653723358824637,2.55,3.5553779704060116,0.9730835154278724,2.4659139999999997,1.2499999999999998,1.47201947277969,0.9754921177004205,5309.0,10.74691543624845,14,attack,1
1102.23907900962,750.0,1598.7248138334671,1.45043379814654,0.0,0.0,9.125839996843178,116.42176460403975,1.6163065762498028,1.0,2.5065589374656176,1.5507942455331722,0.0,0.0,6.944599379968617,66.394740476659,3.0315744236538267,2.65,2.453215939933025,0.8092217432604768,2.75,1.35,1.9605967710561785,5.194131309841682,742.2573726541555,750.0,74.36550722938097,0.10018830390793645,0.0,0.0,-9.500570514890198,88.26084010840104,3.981966391578616,3.05,3.59413254126269,0.9026024300114264,2.931629,1.4500000000000002,1.5103078609731004,1.3965367312814658,6341.0,10.97004135837568,15,attack,1
1089.6664782362916,750.0,1589.7816552161557,1.4589616978851536,0.0,0.0,9.601494893284526,128.55190529322812,1.593697003957038,1.0,2.5136956370182912,1.5772732400054472,0.0,0.0,7.278774293696163,72.20842837752184,3.5567863208401156,3.25,2.5527554446407,0.7177140301297992,3.1013803749999997,1.55,1.704032448981639,4.530570328830884,743.0616167326173,750.0,70.43700417170804,0.09479295200502065,0.0,0.0,-10.053284375056677,99.06852672575872,4.518958814725834,3.65,3.6652242532511567,0.8110771537256257,3.3,1.6825155,1.4680638717106607,1.5215353878347937,7076.0,11.069570313353983,16,attack,1
1087.8482280431433,750.0,1622.5366958260765,1.4915101702603755,0.0,0.0,9.942113670288139,136.71572802519478,1.5869286081150489,1.0,2.5683304261228934,1.618428461740035,0.0,0.0,7.562786557648387,77.14162588692724,4.082649158056693,3.85,2.722130281831208,0.6667558676844325,3.5000000000000004,1.7499999999999996,1.3806654843066004,3.4654038628363466,743.6959424756035,750.0,67.1698473375024,0.09031896437932478,0.0,0.0,-10.561165657959409,109.53822005486134,5.061816988700565,4.35,3.7801621037657274,0.7467994422169231,3.7,1.8500000000000005,1.3668530969327175,1.489140052310609,7788.0,11.15603603956951,17,attack,1
1081.1215794942848,750.0,1637.982264194312,1.515076838037503,0.0,0.0,10.412484019540837,148.9405190339953,1.5718739175614824,1.0,2.5966705851852896,1.6519585675253265,0.0,0.0,7.936191075201764,84.24730454813523,4.531071161939915,4.4,2.9607859705686894,0.6534406246890792,4.1000000000000005,2.05,1.0645397999455,2.389787324374735,744.3313705114883,750.0,63.72297176393641,0.08561102526170214,0.0,0.0,-11.152379139749598,122.37556047672186,5.50381387345572,4.95,3.9540086025103047,0.7184124851278214,4.2,2.0999999999999996,1.2215958009557908,1.334619189380744,8661.0,11.200486816667265,18,attack,1
1078.3629425482297,750.0,1653.617246913016,1.5334514769261538,0.0,0.0,10.901449055150326,165.123332061271,1.5645537417850328,1.0,2.6297813853535943,1.6808507851914505,0.0,0.0,8.29479818258651,92.79255057185563,5.021001571465758,4.95,3.1989351936478765,0.6371109724058552,4.7536327499999995,2.3692945000000005,0.8329509129833653,1.570307456863258,744.7958448166207,750.0,61.07631956189843,0.08200410889367446,0.0,0.0,-11.65086067296625,133.7425544208715,6.01192129732881,5.6,4.131612685978576,0.6872366555786943,4.75,2.3499999999999996,1.0889571360803978,1.1411029352626194,9434.0,11.247492313729222,19,attack,1
1075.5677456871488,750.0,1630.8318772211285,1.5162521224353356,0.0,0.0,11.306866483548164,180.46028073709047,1.5564062802868772,1.0,2.615923911901569,1.6807461811445539,0.0,0.0,8.584587132219268,99.86969188652012,5.461960481052736,5.5,3.4800056074746126,0.6371348931480877,5.4,2.7,0.6516271926634694,0.8975924915660816,745.2417135103702,750.0,58.419530597183865,0.0783900438449772,0.0,0.0,-12.195980004246831,146.74192826398857,6.455108644020159,6.2,4.350013551370358,0.673886961670288,5.5375,2.7,0.952022350014078,0.90138974858742,10318.0,11.269022861697108,20,attack,1
1070.1059206952743,750.0,1645.2512545974162,1.5374657992065455,0.0,0.0,11.676870090170993,192.13171424059252,1.547075864566359,1.0,2.6499058047550235,1.712848002769266,0.0,0.0,8.856020931788237,105.72389523390335,5.98373904349364,6.15,3.7361852161201643,0.6243897317318122,5.924176625,2.9341662500000005,0.5337447944965781,0.4648866593328518,745.5553141408654,750.0,56.47395822774191,0.07574750948267227,0.0,0.0,-12.627247153563737,157.4473706771833,6.998252061651276,6.8,4.542966412660253,0.6491572999427396,5.999999999999999,2.9510440000000004,0.848203881083217,0.7044403407769679,11046.0,11.312526966959812,21,attack,1
1065.203221704112,750.0,1671.5840152757116,1.5692630112416595,0.0,0.0,12.045905859651574,203.95073491906712,1.5385332768122086,1.0,2.6960042438875482,1.7523210479227216,0.0,0.0,9.139177892609299,112.20011876110199,6.483460636390247,6.6,4.008940228053897,0.6183333952168371,6.5272015,3.2395769999999997,0.437713536712172,0.12239870338415004,745.8375582874099,750.0,54.662208110168116,0.07328969626534138,0.0,0.0,-13.05609746200618,168.4616809374043,7.522819961763459,7.45,4.760924232090826,0.6328643057110721,6.550000000000001,3.1698500000000003,0.7427590291790193,0.5045689347363678,11795.0,11.350789180896658,22,attack,1
1061.1741238178495,750.0,1671.9987731576157,1.575612084416614,0.0,0.0,12.533093209523908,223.6058809264581,1.5310339346737663,1.0,2.712005434360365,1.7713555349367491,0.0,0.0,9.469337177752756,121.34112415200299,6.959003457082669,7.0,4.295486997417125,0.6172560516614352,7.069890416666667,3.500660999999999,0.36663454715745125,-0.1469116778898174,746.098227767623,750.0,52.9325582720395,0.07094583032373276,0.0,0.0,-13.492573925196153,180.0495511268831,8.022420850751013,8.1,4.999948561650123,0.6232468546177126,7.050000000000001,3.471648,0.645864866538365,0.3101538156688086,12583.0,11.377866491769181,23,attack,1
1052.1362479413085,750.0,1664.7275795340038,1.5822357444592743,0.0,0.0,13.014401593504727,242.56678322514603,1.5172181464291061,1.0,2.7204088538232583,1.7930242003933037,0.0,0.0,9.782506122176443,129.50849051178974,7.449513337761175,7.4,4.581135753587805,0.6149577221865326,7.699999999999999,3.8499999999999996,0.3105001215494329,-0.35380570731390115,746.3245994909418,750.0,51.3822011852165,0.06884698858950064,0.0,0.0,-13.908497154604184,191.44629309963273,8.529628700853422,8.55,5.243669914051129,0.614759457645147,7.517296999999999,3.750000000000001,0.5628897609391604,0.13790851892579115,13358.0,11.415996396462484,24,attack,1
1045.8612175393785,750.0,1656.7003687628774,1.5840537357916704,0.0,0.0,13.457259781584233,263.36199259798695,1.5075918830708104,1.0,2.729239888085535,1.8103307126636639,0.0,0.0,10.064910361500067,138.02512737036443,7.955472166107473,7.85,4.862018881520041,0.6111540308359817,8.2086275,4.1,0.26699533322793606,-0.5089308477069241,746.516531857528,750.0,50.02928590900681,0.06701698324686914,0.0,0.0,-14.292290020200507,202.269554021523,9.058672863842771,9.05,5.485415739888404,0.6055429776897188,8.049999999999999,3.9499999999999993,0.4914899222779126,-0.00834654895614717,14094.0,11.440746070133235,25,attack,1
1040.0470114170585,750.0,1641.9269496329491,1.5787045504758794,0.0,0.0,13.917363692297297,284.54097915831767,1.4982538616521155,1.0,2.728926885726862,1.821404873749293,0.0,0.0,10.357771743623553,146.38284269900558,8.41954602615577,8.35,5.159870968290973,0.6128443210906572,8.850000000000001,4.4,0.2346529918885356,-0.6367160233689946,746.7027535258562,750.0,48.67997658196348,0.0651932463782964,0.0,0.0,-14.696093903150695,213.9751760102232,9.548596140765614,9.4967125,5.7525444140196775,0.6024492322447762,8.65049575,4.253287500000001,0.4255582206385834,-0.1485198802752361,14890.0,11.462294757613494,26,attack,1
1032.6207958921696,750.0,1644.7115609883274,1.5927546370662817,0.0,0.0,14.515471381966462,309.7679620835289,1.4876765083440309,1.0,2.750967082721704,1.849170210924331,0.0,0.0,10.71573980050765,156.52282959359567,8.94842475897896,8.85,5.4299940142671135,0.6068100431663785,9.359789375,4.699999999999999,0.20924177956717413,-0.7291579791018346,746.8487804878049,750.0,47.594645742886236,0.06372728587947851,0.0,0.0,-15.037354513403047,224.12203076176323,10.104489632862645,10.0,5.990487884549136,0.5928540779601953,9.149999999999999,4.550000000000001,0.37472727647844656,-0.25514602199188197,15580.0,11.490074127749635,27,attack,1
1025.1512770137524,750.0,1631.1269465072735,1.5911085349849219,0.0,0.0,15.13264575344877,340.7105134543668,1.4769769155206287,1.0,2.755011578576733,1.865304426647455,0.0,0.0,11.065597637522194,167.70271474305463,9.464167076359784,9.35,5.712232088621464,0.6035641639178001,9.95,4.950000000000001,0.18560041209741207,-0.8069124522729454,746.9857563850687,750.0,46.55317631923949,0.062321370817734145,0.0,0.0,-15.37964902459815,234.53360411982288,10.644343090680255,10.6,6.244101871707015,0.5866122332315735,9.76573175,4.8494145,0.3257415854221498,-0.3517365299877744,16288.0,11.509860932585902,28,attack,1
1021.6754067657731,750.0,1618.7392775356557,1.5843968317295163,0.0,0.0,15.660983633763985,370.2363377126221,1.4710874400093643,1.0,2.75740006756111,1.8743957650427345,0.0,0.0,11.382635229650193,178.47164045347327,9.918932014441621,9.758844,6.023925975905691,0.6073159859483928,10.5181680625,5.291156000000001,0.16809745544137306,-0.876306747465939,747.126536345546,750.0,45.457496248058746,0.0608431022546824,0.0,0.0,-15.75654472438482,246.26870165153875,11.124349421339108,11.2,6.533768887851849,0.5873394155813327,10.3,5.100000000000001,0.278810263984323,-0.4483884194193406,17086.0,11.521894253721994,29,attack,1
1020.1518181310395,750.0,1637.0621880246665,1.6047240802097795,0.0,0.0,15.906969149310747,381.05299307915345,1.4677986929564877,1.0,2.7911853852240927,1.9016132107339574,0.0,0.0,11.592404428411733,184.29312266892103,10.372196591229297,10.25,6.335551172318871,0.6108205833348933,11.15,5.6,0.1551197617546594,-0.9349771605657251,747.2576663129084,750.0,44.41221147419639,0.05943359764153844,0.0,0.0,-16.133295524860642,258.28322449248833,11.595003250851812,11.6,6.82679731962761,0.5887706257543384,10.9,5.4,0.2421498574463288,-0.5362326263126755,17903.0,11.542143527502525,30,attack,1
978.0588950425503,750.0,1521.868941293155,1.5560095092504083,0.0,0.0,17.444500323457827,459.52460928208137,1.393804313566572,1.0,2.598310491582742,1.864186002505609,0.0,0.0,12.794502239756113,223.97263949136078,9.26814724373615,8.4,7.063756281125683,0.7621540848846248,13.573269999999999,6.7,0.35018758041343667,-1.0714591956963992,747.7904133604655,750.0,39.87112428603703,0.05331858174921202,0.0,0.0,-17.989454980147734,321.62514369701233,10.330190863929039,9.95,7.674909917743319,0.7429591591131748,14.3,7.1,0.3640831238531487,-0.8144776103162257,22209.0,12.073177905983005,31,attack,1
973.8384259062514,750.0,1537.0155650236172,1.5783065487411578,0.0,0.0,17.851176525258637,478.36929466274563,1.3859589477710255,1.0,2.6197447163481464,1.8902036893382466,0.0,0.0,13.129943567865908,234.8978260964038,9.533561049662383,8.4,7.213135639584049,0.7566045470322437,14.101,6.401,0.3749847289592787,-1.1688083539789837,747.9145196761718,750.0,38.738829562874834,0.05179579824128534,0.0,0.0,-18.521917318671317,341.0660556809867,10.556205038629892,9.9,7.785752699358837,0.7375522425783957,15.113326,7.549999999999999,0.3796798167954729,-0.9045938385481436,23531.0,12.127198273613018,32,attack,1
970.1170252302102,750.0,1540.3372562403306,1.5877849951914886,0.0,0.0,18.19803366460907,501.6420724919872,1.3812610975760828,1.0,2.642689054306928,1.9132436719925525,0.0,0.0,13.340516801713362,242.92913856727765,10.069414189806979,8.75,7.38527491249703,0.7334364018884993,13.801,5.949999999999999,0.3737218369164545,-1.198552919666003,747.9735672786835,750.0,38.188289729500866,0.05105566747290215,0.0,0.0,-18.79226217228056,351.15361016523246,11.084036775364414,10.419333,7.896119558541198,0.7123866257906379,15.101,7.420332999999999,0.36566609059295146,-0.9553819490009325,24217.0,12.13470305160099,33,attack,1
968.5936641344755,750.0,1563.3487733121449,1.6140398509721163,0.0,0.0,18.50929285131439,518.6421620938889,1.380030709552287,1.0,2.6890219982893133,1.9485233043558086,0.0,0.0,13.531286865398135,249.56063660268566,10.642706504713448,9.25,7.550270259897316,0.7094314079368296,13.501,6.2509999999999994,0.35313018335351076,-1.234903157464075,748.0170209832762,750.0,37.77800081285017,0.05050419944079694,0.0,0.0,-18.998878065330047,358.9616998685134,11.669908358170357,10.9,8.02346735847584,0.6875347356826873,14.851,6.901,0.34287630388454304,-0.9882618512694181,24748.0,12.142092411781197,34,attack,1
968.5138424821002,750.0,1590.559407831159,1.6422681205617928,0.0,0.0,18.483831143267913,516.3967796322439,1.3811853619729515,1.0,2.742314788787754,1.9854791864217993,0.0,0.0,13.551607519519422,248.96039792046204,11.221250767384591,9.825,7.750869265934439,0.6907313120978388,13.971099825,6.375,0.32170180901754397,-1.2664691972060784,748.0479168087282,750.0,37.48356875401806,0.05010851298661179,0.0,0.0,-19.149973405076658,364.72564082012485,12.269600151233096,11.5778195,8.186093412651676,0.6671850192142548,14.601000000000003,7.1278195,0.30640275074906925,-1.021730672377535,25140.0,12.139324254008109,35,attack,1
968.8817854236894,750.0,1605.0299912297592,1.6565797968096634,0.0,0.0,18.777788016495546,538.6970759699644,1.3819210352977644,1.0,2.7761096202739117,2.008877171245707,0.0,0.0,13.745684336382196,257.57313923147467,11.716937418638205,10.327347,7.996185195403667,0.682446693167797,14.149999999999999,6.622653,0.3061391828124618,-1.2706881006195385,748.0984949264038,750.0,36.99629004888588,0.04945376885502957,0.0,0.0,-19.405135161620972,374.56331255322374,12.786329790693168,12.05,8.408631356028467,0.6576266601655221,15.100000000000001,7.200000000000001,0.28376172947746414,-1.0415722578645907,25809.0,12.137079491445258,36,attack,1
970.4674986601332,750.0,1624.3371107916369,1.6737676563452797,0.0,0.0,18.915496791765875,549.3477330347214,1.385498813260853,1.0,2.8223436853717567,2.037059619509312,0.0,0.0,13.827567788202131,260.55990192925145,12.3344465722122,11.0,8.259808536551972,0.6696537609689094,14.75,7.0009999999999994,0.27039150400994877,-1.274146235139506,748.1212584608189,750.0,36.77495008706562,0.04915640301777579,0.0,0.0,-19.523361960834304,379.1655405294161,13.433708618712195,12.75,8.634029029796523,0.6427137341485833,15.151,7.402722499999999,0.2407050252102015,-1.0560841877812852,26122.0,12.098203991106814,37,attack,1
963.1326325043038,750.0,1611.4711339147148,1.6731559907015339,0.0,0.0,19.455812187993953,583.3291924892823,1.3741987472986337,1.0,2.8169505918430646,2.0498858679507292,0.0,0.0,14.176214222122141,273.43387851902236,12.556423367669671,11.0,8.591968589508141,0.6842687872113946,15.351000000000003,7.2,0.2777692478679902,-1.271465093302089,748.2023735394308,750.0,35.974513119167995,0.04808126035338233,0.0,0.0,-19.962456766709565,396.503527473991,13.619980178564887,12.8,8.943155729172148,0.6566203189669011,15.600999999999999,7.800000000000001,0.2375164926267194,-1.0814655896650236,27301.0,12.14810588192637,38,attack,1
967.2330443651198,750.0,1646.4160275174327,1.702191666330135,0.0,0.0,19.439750916803966,582.0426650717781,1.381583740074306,1.0,2.88188429876963,2.08592806586927,0.0,0.0,14.181570230962361,272.96883182958794,13.237848610206518,11.8,8.840979707401923,0.6678562331182302,16.05,7.649999999999999,0.24591842116931972,-1.2786485300602122,748.2123738916191,750.0,35.87472740896311,0.04794725222515456,0.0,0.0,-20.018719549848516,398.75281020449273,14.331701709441246,13.65,9.149635240833948,0.6384193186777307,16.099999999999998,7.999999999999998,0.1991747589430582,-1.098182488998694,27454.0,12.101945656817675,39,attack,1
960.115436802004,750.0,1634.8703478269554,1.702785191406208,0.0,0.0,19.95320224395409,615.8869205114624,1.3702814598336985,1.0,2.8752857872415016,2.098317660658165,0.0,0.0,14.530287368888962,286.40503394983097,13.44379096382786,11.8183555,9.237255240097618,0.6871019688532473,16.801000000000002,7.918355499999999,0.25968820142262555,-1.2778120187401107,748.292525136555,750.0,35.06336143598722,0.04685782666289303,0.0,0.0,-20.486699438268822,417.7085180226468,14.529932163761611,13.8,9.552029012430571,0.6574035518385845,16.901,8.55,0.2015898745076474,-1.1315402355099746,28743.0,12.162714476645991,40,attack,1
961.0413240131579,750.0,1647.0121602866927,1.7137787097531125,0.0,0.0,20.15460275622259,632.693192532311,1.3724300986842106,1.0,2.910435801773197,2.120644107531245,0.0,0.0,14.65353230556876,291.56389924258315,13.99980453938592,12.44581,9.498802018696303,0.6784953312721717,17.25,8.29581,0.25001669463008025,-1.278972657335113,748.3183117378048,750.0,34.798359410621494,0.04650208188786661,0.0,0.0,-20.644363312795583,424.19328168007473,15.101477749417489,14.35,9.778758936900571,0.6475365589488598,17.622407000000003,8.75,0.18628447810791568,-1.143124796561479,29184.0,12.141195236621577,41,attack,1
959.7644923883456,750.0,1662.1084358481185,1.7317877969334026,0.0,0.0,20.493891527430275,656.5062152512781,1.3712067748764996,1.0,2.945607262152838,2.148186047591648,0.0,0.0,14.853047705861359,299.9671850103503,14.51573742555573,12.95,9.776213053268792,0.6734906237734258,17.772368,8.417763999999998,0.24326465098912914,-1.2782675042213982,748.3506801920956,750.0,34.4627549739778,0.04605161174588829,0.0,0.0,-20.847442437736422,432.6193044286652,15.631150212622238,14.85,10.040154157807303,0.6423170413716467,18.036566999999998,8.950000000000001,0.17799826082073286,-1.1493078269398,29757.0,12.136131597611724,42,attack,1
960.8540882993467,750.0,1694.6333035646387,1.7636739273951954,0.0,0.0,20.65264963000012,664.1337391192573,1.3731934270441497,1.0,2.998433247253366,2.1835476257031075,0.0,0.0,14.981206246704671,304.69584713218825,15.017436998539722,13.5,10.064658568234416,0.670198154932369,18.101000000000003,8.75,0.237107926715326,-1.2756824545126249,748.380544799633,750.0,34.150158217124,0.04563207642746401,0.0,0.0,-21.040176952772995,440.69239997675226,16.142794692173165,15.35,10.29757887188636,0.6379055837759704,18.539938,9.2,0.1673815229404299,-1.1552463656665033,30306.0,12.127777892921785,43,attack,1
962.562793691664,750.0,1716.7185002521899,1.7834872815602545,0.0,0.0,20.922297804661625,683.5730069174969,1.3753459929192147,1.0,3.0359434328618584,2.207403408663717,0.0,0.0,15.176213935033998,313.5134040211104,15.429542691345384,13.999,10.387191460753288,0.673201511447231,18.751,9.0,0.23562258729877206,-1.2728657137151371,748.4203543318606,750.0,33.728863694882946,0.04506673756220034,0.0,0.0,-21.305493958926355,451.92735968383784,16.568134183167043,15.725,10.61734718054525,0.6408293814600019,18.951,9.4,0.16334746202016018,-1.1633584790552125,31070.0,12.128318189901584,44,attack,1
969.375283260534,750.0,1765.2830789797576,1.821052289513876,0.0,0.0,20.661103106060235,668.8873308552841,1.3884856645538441,1.0,3.1294427675971246,2.2538531347406416,0.0,0.0,14.995546579386842,305.9429968825248,14.876622977760858,13.45,10.278305707044767,0.6909031520399395,17.75,8.671911999999999,0.3188226354010913,-1.1584520582599533,748.388125864378,750.0,34.0705591328017,0.04552525348187569,0.0,0.0,-21.09007183262736,442.7942128142224,16.061350040920885,15.1,10.610790727674912,0.6606412724111539,18.7,9.100999999999999,0.2557382545754855,-1.0431598122278434,30449.0,12.153352992241208,45,attack,1
967.3185000479524,750.0,1773.130949988243,1.833037360394063,0.0,0.0,20.897217225584466,687.088442812732,1.3853137687414085,1.0,3.150604247439612,2.2742892754917268,0.0,0.0,15.17781600212926,313.50898790849857,15.291588386543285,13.75,10.570372165728747,0.6912540344749768,18.5,8.9,0.32317869217817696,-1.1607166581869326,748.4309867220412,750.0,33.615641992176016,0.04491481858521778,0.0,0.0,-21.378171282763606,455.02924084529513,16.473196875195807,15.6,10.871665581239391,0.659960884557216,18.85,9.45,0.25375063350574467,-1.06337111221216,31281.0,12.172394276015085,46,attack,1
963.8409397024276,750.0,1780.3969914462557,1.8471896327582105,0.0,0.0,21.279861009407426,711.974935782047,1.3808300704776821,1.0,3.1752462116196725,2.2995198898885745,0.0,0.0,15.398976301873185,322.01437751700354,15.78956701980632,14.20589,10.834896785185892,0.686206073389769,19.051000000000002,9.206890000000001,0.32416913182433243,-1.1633950434460907,748.4626268348356,750.0,33.27581536349801,0.044458887017803005,0.0,0.0,-21.598531098072755,464.49951358242583,16.967811349350036,16.05,11.110279387123457,0.6547856502158155,19.578128999999997,9.7,0.25432156355437024,-1.0708666878485453,31925.0,12.170902475397792,47,attack,1
961.761995086912,750.0,1810.5965293530135,1.8825827373116304,0.0,0.0,21.50598167917849,723.5761388542256,1.3794272209956777,1.0,3.231504353662933,2.342642152103114,0.0,0.0,15.516194149963106,326.0878554693646,16.349598737084378,14.70589,11.082541891093165,0.6778479441183834,19.4031035,9.30589,0.3176012897497692,-1.1585026181696159,748.4738033417291,750.0,33.15500032849399,0.04429680795836281,0.0,0.0,-21.678039512473795,467.94026596981377,17.519477072390313,16.6,11.333386810500215,0.6469021172076523,19.8,9.75,0.2544051244683637,-1.0612523378962808,32159.0,12.16343588631504,48,attack,1
959.3897810218978,750.0,1822.2481460369188,1.8993824846622236,0.0,0.0,21.82860475091205,744.4168835626122,1.376155717761557,1.0,3.2583493074452012,2.3677184677510215,0.0,0.0,15.721520135286205,334.17198441239816,16.772027285649326,15.1,11.3991464995255,0.6796522749088876,19.866853,9.55,0.31270694600507604,-1.1588226497369747,748.5072607875267,750.0,32.790432909417184,0.04380776864464534,0.0,0.0,-21.92122550610026,478.5429444536583,17.9139722,17.1,11.621526351035106,0.6487408946093545,20.124913999999997,10.100000000000001,0.24883671516679856,-1.0711293654314218,32880.0,12.157870588324883,49,attack,1
959.8654862978518,750.0,1857.167722440466,1.934820814949248,0.0,0.0,21.92093291672696,747.9352943589175,1.3781611626431398,1.0,3.3191287792203648,2.4083749195592574,0.0,0.0,15.783043750096274,336.1484835934606,17.315312383125796,15.7,11.70361664243059,0.6759113773677025,20.369514,9.799999999999999,0.29795561231498063,-1.164052585993707,748.5170390065564,750.0,32.68317549224525,0.04366390314323756,0.0,0.0,-21.993885631853757,481.73373036077294,18.43402724506753,17.580334,11.899938646002594,0.6455419907869948,20.401,10.136517999999999,0.2432581084493909,-1.0692767243834143,33097.0,12.134938881760768,50,attack,1
957.4971164936563,750.0,1864.3234916388888,1.9470800063252622,0.0,0.0,22.355286619699854,778.7980807063499,1.3748853991068524,1.0,3.341193610062158,2.430161533632295,0.0,0.0,16.030745917509204,346.8823094719493,17.760545514344592,16.05,12.006221521273076,0.6760052224508564,20.951,10.051000000000002,0.2947359705879446,-1.1653258775364794,748.5484327584877,750.0,32.33617386765003,0.04319850587154058,0.0,0.0,-22.23196402760262,492.2629023596776,18.887376511962856,18.05,12.193284496382194,0.6455785158229482,20.95,10.415596999999998,0.23993536394004344,-1.075092493334199,33813.0,12.144569100155513,51,attack,1
955.9503243527555,750.0,1875.4664086883522,1.9618868898424955,0.0,0.0,22.61651881122613,800.2097330407179,1.3735900882473262,1.0,3.3738079288010145,2.456197054469086,0.0,0.0,16.172399678296607,353.21497902506877,18.30684170646527,16.64727775,12.291798227256724,0.6714319391812807,21.35,10.35272225,0.2851936938358226,-1.1711558143183625,748.5657730294952,750.0,32.14292407002607,0.04293934511584938,0.0,0.0,-22.366821208502476,498.2772997568906,19.44293473277424,18.55,12.459337225687221,0.6408156688755928,21.3597545,10.551000000000002,0.23071055476991847,-1.082454980016794,34222.0,12.13381381731775,52,attack,1
951.8437312451773,750.0,1887.9463936381073,1.983462549223647,0.0,0.0,22.827607505881986,815.5186321081748,1.3678374439141494,1.0,3.399733552389179,2.4854806888899286,0.0,0.0,16.335587106664754,359.99070794610304,18.68113881416829,16.999,12.626921230476176,0.6759181737303709,21.931019000000003,10.651,0.28494320335086637,-1.1713274848962498,748.5972856632137,750.0,31.788619965035682,0.0424642468972791,0.0,0.0,-22.618208296716432,509.585915846642,19.78550853239404,18.8,12.7809698106566,0.6459763108808054,21.8,10.801000000000002,0.2343181125332239,-1.0835290294974402,34991.0,12.157031032402855,53,attack,1
949.8256470786612,750.0,1889.0992036433763,1.9888904973808608,0.0,0.0,23.29081580162254,851.9827489000878,1.3653711041789618,1.0,3.4181744785365655,2.5034765039882805,0.0,0.0,16.57436275775157,370.84987325396827,19.149177208386085,17.493371,12.93695236785358,0.6755878974365563,22.40513775,10.943370999999999,0.27887253373732207,-1.17410450970548,748.6206157538816,750.0,31.523744321673238,0.04210910527748152,0.0,0.0,-22.80984519061113,518.2915560621855,20.255439308377596,19.2,13.084837153107074,0.6459912793742874,22.25,11.1,0.22916824128627403,-1.089012728320019,35583.0,12.157943698865347,54,attack,1
948.9236229571342,750.0,1889.053535547777,1.9907329629553459,0.0,0.0,23.581661544826748,880.1030342614329,1.363919000715347,1.0,3.431581403971696,2.515971551222546,0.0,0.0,16.762177686521344,380.0561686874069,19.571008163902725,17.9,13.256209786150732,0.6773391373164327,23.05,11.25,0.27670859034242523,-1.1788274781324857,748.6495660395291,750.0,31.191883885885993,0.041664198178723105,0.0,0.0,-23.054489122986155,529.5119499036855,20.683491820530456,19.566279,13.392949041112326,0.6475187631431977,22.950000000000003,11.416279000000001,0.22624431572525217,-1.0971193584580425,36346.0,12.16578312531831,55,attack,1
945.3213340108582,750.0,1885.5146718222513,1.9945753935566992,0.0,0.0,23.97069700628563,913.2644119346885,1.3581343103955497,1.0,3.4355932364823736,2.5296417373343396,0.0,0.0,17.018737877097703,392.00828858509396,19.81496124282327,18.05,13.626226870971507,0.6876736574948769,23.85,11.599999999999998,0.28514949686786795,-1.1796469020708913,748.6873015660758,750.0,30.753871034733024,0.04107705709767381,0.0,0.0,-23.385401571241136,544.8794701213401,20.905412939370436,19.65,13.765250288891663,0.6584538812418312,23.7,11.75,0.2349205672360411,-1.1047875103418268,37391.0,12.19842614666621,56,attack,1
944.5375065479309,750.0,1897.515143050535,2.0089357276933555,0.0,0.0,24.219628837223617,933.0557136446095,1.3568098480880042,1.0,3.460138114828704,2.5502012088906034,0.0,0.0,17.19634329980803,400.1502961076932,20.23671479376876,18.45,13.92619383262677,0.6881647527549725,24.386409625,11.850000000000001,0.2866179672436218,-1.1814666174270994,748.7144229090273,750.0,30.435154369588425,0.04064988390545063,0.0,0.0,-23.632177278625537,556.4822321969697,21.34586618239916,20.15,14.059853406421036,0.6586686755309166,24.35,12.024999999999999,0.23410884731044296,-1.1112148514414246,38180.0,12.20311143197098,57,attack,1
945.5267861755437,750.0,1930.6512890807085,2.0418790004773797,0.0,0.0,24.34114012809652,936.3504173169835,1.358500800743917,1.0,3.5104746888206178,2.584079955564455,0.0,0.0,17.303161493679866,404.26733182529995,20.789933422983438,19.0,14.188012187587054,0.6824462541040219,24.9,12.149999999999999,0.28160699557774505,-1.1848577936021465,748.7321498237295,750.0,30.225026562522892,0.04036827665225626,0.0,0.0,-23.797742901115086,564.3349475111073,21.91642461853593,20.727052,14.31017560133663,0.6529429799983764,24.720589000000004,12.227052,0.22905873113122804,-1.1163695407627052,38714.0,12.195652611688065,58,attack,1
944.1685501444281,750.0,1944.279722977088,2.0592506737061664,0.0,0.0,24.598556440320753,956.3243567639545,1.35650940049663,1.0,3.5371421614380707,2.6075323622107534,0.0,0.0,17.479352080253985,412.44840243180147,21.138158429298354,19.3,14.552812326951035,0.6884616924235103,25.67896925,12.45,0.281356410663852,-1.1900110488787687,748.7563025715334,750.0,29.936310439949494,0.03998138023965346,0.0,0.0,-24.028966903289614,575.3935966182995,22.25667431254751,21.1,14.662426046331868,0.6587878242916877,25.449999999999996,12.641775499999998,0.2272946389844235,-1.1245745056755292,39466.0,12.202926255662431,59,attack,1
941.8857483779551,750.0,1964.8772861854645,2.086110008107914,0.0,0.0,24.993423367913774,982.359263994665,1.3532701916623164,1.0,3.5703675902931153,2.638325747726242,0.0,0.0,17.71305336894214,423.2092320139778,21.52757051618003,19.6,14.871646605768813,0.6908186223146429,26.300000000000004,12.701,0.28580990200540407,-1.1940711871650729,748.7798253246161,750.0,29.652401470806687,0.039600962082480755,0.0,0.0,-24.26071499580835,586.5846055984138,22.64266913836478,21.447828,14.985522344441444,0.6618266712668874,26.299999999999997,13.047828,0.2324299366901568,-1.1339827492922578,40227.0,12.219820900657693,60,attack,1
938.9739461358314,750.0,1974.1744972157417,2.1024805910111577,0.0,0.0,25.305407607575034,1008.4164652685645,1.3491900858704138,1.0,3.5923867161370557,2.6626246025366176,0.0,0.0,17.908646934733476,432.74261851959363,21.962468551624475,20.0,15.16281629624828,0.6903967220536668,26.901,13.001000000000001,0.2886069529308794,-1.1951384802812364,748.8025916292344,750.0,29.374989421906104,0.039229283859705144,0.0,0.0,-24.491471205923602,597.8344437252198,23.066294490022443,21.8,15.267641287233316,0.6619026430030834,26.900000000000002,13.270642500000001,0.23674694951233016,-1.1365540131475547,40992.0,12.236726923480832,61,attack,1
936.1135052964313,750.0,2001.0438411649545,2.137608131752464,0.0,0.0,25.46494010114754,1016.503162846975,1.345920903409502,1.0,3.6378107972894544,2.7028414434118013,0.0,0.0,18.01762357794654,437.13447753760977,22.483412444583237,20.571148,15.453873796553932,0.6873455635190787,27.45,13.371148000000002,0.28525016918373325,-1.1992711347132985,748.8156177197908,750.0,29.21509268734161,0.03901506859098923,0.0,0.0,-24.626496888040492,604.4665832265231,23.56135440474869,22.15,15.559174666934442,0.6603684321219903,27.424999999999997,13.499999999999998,0.2385319526578523,-1.1430063450512262,41443.0,12.236900499685946,62,attack,1
933.2037146156929,750.0,2006.3172000101827,2.149924146879777,0.0,0.0,25.763930302284724,1040.643369224816,1.3413392415207297,1.0,3.6512687362432006,2.7221068490500673,0.0,0.0,18.228804498237263,447.0512724249795,22.734764004255485,20.75,15.84724427610114,0.6970489895182047,28.25,13.6938,0.28765307348418945,-1.2015671240810801,748.8430824785505,750.0,28.87497294239814,0.03855944405178534,0.0,0.0,-24.918564206861223,618.9370583285558,23.789521395762133,22.327687,15.9602321667473,0.6708933694475441,28.099999999999998,13.922312999999999,0.24161174009129813,-1.1489888358852425,42427.0,12.261565571473847,63,attack,1
934.0113377631151,750.0,2017.5120700278894,2.1600509420578073,0.0,0.0,25.90588913136648,1056.2278959021096,1.3425723711723432,1.0,3.677681606737572,2.7392799715714364,0.0,0.0,18.34068637933203,452.8863755488888,23.250506678934684,21.3,16.12197676868256,0.6934032445533465,28.6,13.900000000000002,0.2842408728696557,-1.2038817219501903,748.8596087832815,750.0,28.668374350846314,0.03828270882098394,0.0,0.0,-25.099378938185886,627.9810026447125,24.315059094349703,22.8,16.227257685537754,0.667374799401932,28.698698999999998,14.056947000000001,0.2383874992413515,-1.1529546503250512,43042.0,12.250886409330127,64,attack,1
932.3158636363636,750.0,2018.1999122875404,2.1647169065812553,0.0,0.0,26.24409436968926,1086.2885218377698,1.3397045454545455,1.0,3.6870887633836875,2.75216559941782,0.0,0.0,18.560838617928976,463.7665257789032,23.57635653522466,21.6,16.473502546569833,0.6987297855780774,29.3,14.3,0.2842806605000451,-1.204915141040037,748.8844342657343,750.0,28.355149624173414,0.037863184660761516,0.0,0.0,-25.378474447666733,642.0691261964749,24.643549641704546,23.225,16.581618573050193,0.6728583671643203,29.212635249999998,14.375000000000002,0.23690795565541448,-1.1576279078345422,44000.0,12.264030529377562,65,attack,1
930.9599619547987,750.0,2041.403925717428,2.192794544494648,0.0,0.0,26.33750471992105,1099.1938763128355,1.339055210833824,1.0,3.734016514210661,2.7885455984189815,0.0,0.0,18.610035879424082,467.35575668747504,24.274890242448983,22.4,16.713547157292364,0.6885117498107465,29.83063975,14.5,0.27164316032385905,-1.2111242686779562,748.8884220162583,750.0,28.30454990753854,0.03779541661404407,0.0,0.0,-25.424207259127535,644.3924191311379,25.320851078785264,23.85,16.794612052159646,0.6632720203560135,29.65,14.649999999999999,0.22826611152751167,-1.1624438736088654,44158.0,12.241966664370524,66,attack,1
928.4274843032414,750.0,2039.8343116474891,2.197085228663095,0.0,0.0,26.64285615979946,1129.8544033914231,1.335167395114592,1.0,3.741905310048167,2.8025739122599043,0.0,0.0,18.81101356794346,477.8076568984326,24.613632006992088,22.65,17.04539412788563,0.6925184435618229,30.300999999999995,14.750999999999998,0.2766714302459436,-1.2119832227713003,748.910983873259,750.0,28.016310373191597,0.03740939975041533,0.0,0.0,-25.687469815673033,657.8481906574743,25.646300265347328,24.15,17.130263834654475,0.6679428867874748,30.300999999999995,15.099999999999998,0.23449209912014596,-1.166344516830749,45073.0,12.258540793316023,67,attack,1
926.7158706977352,750.0,2048.886960277734,2.2109116991112963,0.0,0.0,26.833432806859474,1148.175671581321,1.33262855025394,1.0,3.7622121727155187,2.823151411545706,0.0,0.0,18.95978941522117,485.35833584615,24.987225618058517,23.0,17.38211871425391,0.6956402035162991,31.000999999999998,15.1,0.2776662222434931,-1.2139690203606446,748.9300655589306,750.0,27.770186646171123,0.037079812819967486,0.0,0.0,-25.916588003573178,669.6715948747958,26.005484278985115,24.45,17.474728803333658,0.6719632142153525,31.000999999999998,15.3,0.23726882956206644,-1.1722042889634114,45877.0,12.27054771430474,68,attack,1
925.6008162556443,750.0,2059.1347739887833,2.2246466703850283,0.0,0.0,27.04231442570158,1171.074857892965,1.3321899965265718,1.0,3.7955546928235173,2.849109138125713,0.0,0.0,19.05136818085652,490.3505517350268,25.68893130460017,23.75,17.61390327802951,0.6856611927205921,31.45,15.399999999999999,0.26512894466884834,-1.2167825948231734,748.9344056913884,750.0,27.713930955867117,0.03700448363068946,0.0,0.0,-25.969585529321524,672.421383350451,26.704794140478462,25.25,17.693801782484787,0.6625702369922022,31.299999999999997,15.5,0.2277198594211665,-1.1747445981214089,46064.0,12.242764292653282,69,attack,1
923.8364528670675,750.0,2061.2388251166913,2.231172864763853,0.0,0.0,27.392917593794436,1203.5238231655119,1.3291550702160657,1.0,3.805036967865241,2.862748713922973,0.0,0.0,19.278674964523187,502.2096598819319,25.979475907889146,23.95,17.98447649196882,0.6922570938587527,32.134242,15.70235,0.26467361887760893,-1.2163674785823122,748.9571546938688,750.0,27.416980726562898,0.036606874712037975,0.0,0.0,-26.252594339689328,687.2007066119609,26.99063737746712,25.5,18.06711159889966,0.6693843997171708,32.05,15.859687,0.22676011247993505,-1.1764484049905126,47069.0,12.258341225949264,70,attack,1
921.0388461943362,750.0,2070.401799607673,2.2478984552740844,0.0,0.0,27.748502510769207,1240.5307281319278,1.3259501000105274,1.0,3.8325102593364972,2.890388001257415,0.0,0.0,19.44898079374508,512.3277419595004,26.52055184444203,24.55,18.29147995815345,0.6897096284211309,32.623044,16.0,0.2566566913050293,-1.222460612480094,748.9665052955908,750.0,27.294004053101865,0.03644222252947064,0.0,0.0,-26.371637918549588,693.465245979441,27.507936094094116,25.95,18.363164197614456,0.6675587777578479,32.599999999999994,16.1,0.22245228414294882,-1.1814856299867351,47495.0,12.24992552263794,71,attack,1
920.4408974864567,750.0,2078.757121150622,2.258436285075228,0.0,0.0,27.954631873466393,1262.5585135704798,1.3251416592291247,1.0,3.854037010286676,2.908396233296813,0.0,0.0,19.589520411715515,519.9861007002706,26.94204186150945,24.85,18.62079958947976,0.6911428497215064,33.45,16.35,0.2560227415531931,-1.226688033487988,748.98117494713,750.0,27.099916913716747,0.0361823738969537,0.0,0.0,-26.561664279378032,703.5239428073351,27.930776534569002,26.3,18.69404138303472,0.6692990207378487,33.25,16.55,0.22214984334499951,-1.1882404577781305,48179.0,12.255542551456607,72,attack,1
915.5477559006971,750.0,2078.672994267472,2.2704146024829868,0.0,0.0,28.358524976087693,1299.9675903802574,1.3182096123272593,1.0,3.8637365519569613,2.9310486859033373,0.0,0.0,19.820550125660834,531.9131755160128,27.253778828752232,25.1,18.98752174364561,0.6966931764931666,34.25,16.6,0.2586831137243813,-1.2310400346053807,748.9995085893555,750.0,26.855358147229797,0.03585497432142301,0.0,0.0,-26.804985047098924,716.5091393641571,28.202501278912397,26.5,19.058404970083515,0.6757700241408688,34.1,16.9,0.22823140532546904,-1.1925165221264276,49062.0,12.27750407252894,73,attack,1
913.0926163723916,750.0,2080.7584924594858,2.2788033274500585,0.0,0.0,28.69996980130093,1334.3894753229483,1.314747191011236,1.0,3.8774142295913157,2.949170955527205,0.0,0.0,20.0173696609709,542.5681819680419,27.623239903773023,25.45,19.3333165210928,0.699893154765386,34.66712633333333,17.0,0.2592096219649455,-1.2343282181679331,749.0151235304324,750.0,26.64528850491867,0.035573765692911374,0.0,0.0,-27.017555629994266,727.9502069407943,28.546885767576242,26.567391,19.416844599977765,0.6801738290497367,34.84786475,17.07556,0.23088354554234,-1.2003954327786093,49840.0,12.282137694807338,74,attack,1
912.2665527042875,750.0,2089.320815286864,2.2902525682799206,0.0,0.0,28.94488152165396,1360.2873508336465,1.3140591146713312,1.0,3.9030058378790646,2.970190453612335,0.0,0.0,20.14844485270511,549.7347539051626,28.2025757569984,26.05,19.59236536297718,0.6947012759327624,35.251,17.25,0.2542966301956268,-1.235720499548829,749.0243023448422,750.0,26.521037082149657,0.03540744539145764,0.0,0.0,-27.14489379151769,734.8471214454704,29.11942552036415,27.1,19.66342482949361,0.6752682952396278,35.150999999999996,17.3,0.22757401846500971,-1.2020898979103742,50309.0,12.26683870532877,75,attack,1
909.7633831508432,750.0,2095.2298604246203,2.303049231513444,0.0,0.0,29.302305243685996,1392.7492431738317,1.3105987894932718,1.0,3.9208219282155925,2.991626392186379,0.0,0.0,20.347428426595656,560.0718052330996,28.613324906049133,26.5,19.926133760765733,0.6963935098836821,35.951,17.6,0.25149881532669077,-1.2373290867861795,749.0385187941943,750.0,26.327407803969542,0.03514826960614993,0.0,0.0,-27.345682469352774,745.7881908943053,29.48882563639747,27.5,19.981114739026058,0.677582586210682,35.7,17.601,0.22838876749730483,-1.2016861600455715,51053.0,12.266879249894131,76,attack,1
909.3860560307378,750.0,2098.5889050651363,2.3076985743821465,0.0,0.0,29.548662976070332,1423.3934452186784,1.3099839746683914,1.0,3.9361620687979872,3.004740626536584,0.0,0.0,20.504353560158457,569.5326011635091,29.054422394772025,26.9,20.22627559639059,0.6961513576683614,36.5,17.900999999999996,0.25224710794728994,-1.2388771201788717,749.0522537142737,750.0,26.138966729377323,0.0348960524446243,0.0,0.0,-27.543939781415173,756.670438882072,29.917106290985274,27.95,20.273657311037717,0.6776610382651428,36.35,17.951,0.23154311491151944,-1.2035026739452113,51793.0,12.271630128166041,77,attack,1
909.014115092291,750.0,2093.815654515873,2.30339179530044,0.0,0.0,29.931020172720782,1470.889930602902,1.3094462540716612,1.0,3.9444396582320143,3.0122959579035533,0.0,0.0,20.703098652027897,581.7693819892573,29.50871981374131,27.35,20.532003392487127,0.6957944472713452,37.05,18.299999999999997,0.2502438709072698,-1.2399943540014005,749.0649609770131,750.0,25.963401236782804,0.034661080933379225,0.0,0.0,-27.73123644965034,767.0232734816595,30.38552629108331,28.5,20.570630008274478,0.6769877806694752,36.949456,18.200000000000003,0.22913410379726354,-1.2055243011653847,52497.0,12.271731745144697,78,attack,1
905.4228486367319,750.0,2097.523631187335,2.316623259889579,0.0,0.0,30.250773117648954,1505.9868655750156,1.3048557592658891,1.0,3.9632213239517977,3.0372869152844166,0.0,0.0,20.86795457141066,591.0573504360274,29.969424420187558,27.75,20.863772710829554,0.6961686156633562,37.849999999999994,18.55,0.24656762027707463,-1.2447732108513698,749.0750718705226,750.0,25.822855327212185,0.03447298715031283,0.0,0.0,-27.883015594902663,775.4643315560104,30.81708743415425,28.8,20.90532356128585,0.6783679218859827,37.55,18.599999999999998,0.22831411281695435,-1.2124962717071737,53071.0,12.282654841106444,79,attack,1
902.5965174780706,750.0,2094.6197496113923,2.3206601278098584,0.0,0.0,30.72001855690417,1559.9054416603756,1.301606598462603,1.0,3.97905445220015,3.0570330980958635,0.0,0.0,21.06338539302649,602.5722816994704,30.553009184838913,28.35,21.146275861725382,0.6921176154464889,38.25,18.796825000000002,0.23951246832554948,-1.2483813370429295,749.0819201563581,750.0,25.727231281111735,0.03434501699859691,0.0,0.0,-27.98724681597989,781.2877265850402,31.37108804774908,29.3,21.183063200599655,0.6752415844919848,38.175,18.8,0.2246963372033483,-1.2169785336208447,53467.0,12.274107495359413,80,attack,1
900.9368424938172,750.0,2103.003173500116,2.3342403976719917,0.0,0.0,31.038068326509546,1590.780878569372,1.2993244989110775,1.0,3.9993621803243404,3.0780318416808723,0.0,0.0,21.242114539783334,612.3890186663458,30.987101941728774,28.7,21.46722210178154,0.6927792777185372,38.701,19.049070375,0.2375964083776271,-1.24957573691854,749.0940333243558,750.0,25.55718789386375,0.034117462904416904,0.0,0.0,-28.174467394953105,791.8023356669789,31.787198206526153,29.65,21.493729961048686,0.6761756673677475,38.600750000000005,18.95,0.22469167768267231,-1.2174003831696856,54182.0,12.277676486479061,81,attack,1
900.3242620853514,750.0,2113.717246167453,2.34772885190455,0.0,0.0,31.22901544716064,1614.4908459408368,1.2987663346431508,1.0,4.025140465354427,3.0992029574437465,0.0,0.0,21.35834272849336,619.5105383260657,31.565490228597543,29.3,21.708136641177454,0.687717392759211,39.2035475,19.301000000000002,0.23582314907856503,-1.2502060934065942,749.1028567098246,750.0,25.432613319052724,0.033950762690662654,0.0,0.0,-28.313225881240047,799.6404577087394,32.37097916690121,30.15,21.72491341210864,0.6711231470663083,39.0,19.150999999999996,0.22374889596849468,-1.2184754896823238,54715.0,12.276767040700587,82,attack,1
897.0619738199989,750.0,2105.428673253083,2.3470270000270355,0.0,0.0,31.898110562576655,1686.385531084795,1.2946970108449658,1.0,4.033512989161987,3.115410752767222,0.0,0.0,21.628719229166073,634.8385012745604,32.10177068462712,29.8,21.993802039173122,0.6851273798957608,39.699999999999996,19.6,0.2310865946406372,-1.2513506371287981,749.1112686038272,750.0,25.313274873043678,0.033791074749445246,0.0,0.0,-28.447430810148113,807.2579930645363,32.89520151516304,30.7,21.99779590055441,0.6687235489472387,39.4,19.45,0.21966111645525616,-1.2204750984893769,55233.0,12.277104793833065,83,attack,1
897.9185346299724,750.0,2118.4976350655534,2.3593428060136605,0.0,0.0,32.37598961129873,1758.6529041843075,1.2963275871366684,1.0,4.063794547512461,3.134851551287727,0.0,0.0,21.826979550577125,652.5847503096273,32.69414285362147,30.5,22.279530450114766,0.6814532667170659,40.2,19.799999999999997,0.2215063593474106,-1.2519625500431797,749.1176249795635,750.0,25.222726951200556,0.033669915257819025,0.0,0.0,-28.550116775281587,813.1108138445162,33.48888476543654,31.35,22.280749487820973,0.6653177507665665,39.900999999999996,19.699999999999996,0.2107995641841069,-1.221973266798033,55631.0,12.26089177780998,84,attack,1
895.8591894774262,750.0,2124.4920458227034,2.371457558036509,0.0,0.0,32.62211417504395,1790.3674650688538,1.2936544614290792,1.0,4.08317264805797,3.1563085582740196,0.0,0.0,21.968554020390535,661.3315154973778,33.1823280150561,31.0,22.57059845807667,0.6801993653921907,40.849999999999994,20.1,0.21992368537482404,-1.2530399678679094,749.1274883419418,750.0,25.081555287182173,0.033481023827727455,0.0,0.0,-28.711654303344307,822.360718867859,33.95374656525062,31.8,22.57426027808764,0.6648532948994466,40.412499999999994,19.95,0.2120231180275122,-1.2241379161186516,56260.0,12.277185971801122,85,attack,1
896.1570755136529,750.0,2146.175994489836,2.3948658702044012,0.0,0.0,32.673969145786195,1797.7942013396532,1.2953126389753624,1.0,4.129635767819379,3.188138248296616,0.0,0.0,21.979364400400858,661.9885841012313,34.04307842713904,32.0,22.743019140222298,0.6680658797910484,41.05,20.299999999999997,0.20732570751167903,-1.255598576009408,749.1267881410449,750.0,25.091629898198764,0.033494503594596506,0.0,0.0,-28.700125633833586,821.698798989121,34.8131361288624,32.8,22.736414801837956,0.6530987245066944,40.7,20.15,0.20196764691052405,-1.227784311358447,56215.0,12.274239098683704,86,attack,1
897.3602231280842,750.0,2170.2829526545943,2.4185192264141846,0.0,0.0,32.649800278954835,1799.6104504136822,1.2986126010155188,1.0,4.182950884348227,3.221092172582606,0.0,0.0,21.94022570031326,659.9186368863517,35.04587649110315,33.25,22.859130511591637,0.6522630563226097,41.2027425,20.45,0.19030791850701134,-1.2553049708093218,749.1223682123037,750.0,25.154999871168958,0.03357929350207301,0.0,0.0,-28.627527298623082,817.5368631468422,35.81460668036186,33.95,22.826985442216806,0.6373652416720096,40.75,20.200000000000003,0.18912647567064575,-1.2262052366866587,55932.0,12.257732232243658,87,attack,1
899.0509809537448,750.0,2192.0958127763565,2.4382330470858333,0.0,0.0,32.635483313850514,1802.3098736718075,1.3021802950021482,1.0,4.230056978672923,3.248441859324822,0.0,0.0,21.92670944034674,659.353598610495,35.94583805774614,34.3,23.008620597526377,0.6400913663652402,41.4,20.550000000000004,0.17638130246820766,-1.2533813243467524,749.1212982340229,750.0,25.17033423818388,0.033599811268909825,0.0,0.0,-28.610054343285377,816.5367171006058,36.73164990976299,35.0,22.954253558631052,0.6249175742179223,40.900000000000006,20.3,0.1768184451693465,-1.224317905002567,55864.0,12.24763013283909,88,attack,1
899.3967837098863,750.0,2215.035148938493,2.462800833912016,0.0,0.0,32.62511484591221,1805.6978061788634,1.3043423514174701,1.0,4.282385165292918,3.2831757403561372,0.0,0.0,21.89283362043208,657.5217622278548,36.93057588130888,35.5,23.154455715092144,0.6269725061831749,41.599999999999994,20.687892,0.1563082772013432,-1.2500615247870128,749.1169972722614,750.0,25.231807313611412,0.03368206489171555,0.0,0.0,-28.54006117252974,812.5365588225571,37.70332503545474,36.15,23.0789041097389,0.6121185356473573,40.95,20.4,0.16148099101311317,-1.2205635252717215,55592.0,12.235163762296642,89,attack,1
900.6538656069364,750.0,2234.104840777184,2.4805365591493422,0.0,0.0,32.659768336540296,1817.4789310112708,1.3076589595375723,1.0,4.330489834578858,3.3116355017444685,0.0,0.0,21.87659794745651,657.2384437780966,37.90786305142303,36.65,23.307272029346866,0.6148400398547903,41.6,20.700000000000003,0.1345484865012239,-1.2432394176221049,749.1132951991008,750.0,25.28460318584946,0.03375270916681471,0.0,0.0,-28.48022499671985,809.1246449063514,38.70082128442918,37.35,23.20667704073052,0.5996430119705871,40.95,20.449999999999996,0.1414162446453188,-1.2136832681558458,55360.0,12.221472510548764,90,attack,1
903.2091112232393,750.0,2250.592191310673,2.491773126892662,0.0,0.0,32.718470398698585,1830.455741021762,1.3120089382253297,1.0,4.368751785741717,3.3298186151468196,0.0,0.0,21.90716058596662,659.7023029871227,38.69845844637293,37.55,23.506010918964904,0.6074146584298382,41.742979999999996,20.800000000000004,0.12051497536776998,-1.2357467873096453,749.115402834029,750.0,25.254594569244972,0.033712555467024986,0.0,0.0,-28.51428247406168,811.0657064739968,39.50640450731636,38.25,23.38490283040889,0.5919268817813613,41.199999999999996,20.5,0.12886719008345793,-1.20597181599839,55492.0,12.218559872484732,91,attack,1
903.4937282104734,750.0,2260.7225316833897,2.502200581027988,0.0,0.0,32.95826813466223,1861.9537411033687,1.3132839736908313,1.0,4.40077381851774,3.3509689501120454,0.0,0.0,21.996499486713745,665.349177760712,39.46291523342395,38.4,23.730026184204075,0.6013247131855436,41.900000000000006,20.9,0.1045227270547201,-1.2264342441346192,749.117849402043,750.0,25.219711026475316,0.03366587920259284,0.0,0.0,-28.553965177671483,813.3303026437488,40.286619984293566,39.1,23.588017892651635,0.5855050113871015,41.35,20.6,0.11352586628486998,-1.1961164801323332,55646.0,12.225942659362612,92,attack,1
902.6897370409007,750.0,2270.0865956934913,2.514802708553043,0.0,0.0,33.27638642156181,1900.405659515462,1.3135004856289794,1.0,4.436395114730615,3.3775359531795033,0.0,0.0,22.087462103405635,670.6387350548769,40.35922039398204,39.45,23.89107020632947,0.5919606467396448,41.95,20.950000000000003,0.08842152972856633,-1.2188670307267617,749.1170862880115,750.0,25.23062486006762,0.03368048242643775,0.0,0.0,-28.541600402834604,812.6242985603279,41.17960407595597,40.15,23.735482184379297,0.5763892761231771,41.5,20.65,0.09934529330253818,-1.1906342728543533,55598.0,12.220827340240758,93,attack,1
902.5922598105548,750.0,2285.0970560425076,2.531704688584552,0.0,0.0,33.38108870601934,1920.924285621717,1.3149120433017591,1.0,4.4799025482268675,3.406997883278779,0.0,0.0,22.0977529387756,671.8964828705637,41.31132249764305,40.55,24.051261741423456,0.582195395530987,42.050000000000004,21.0,0.06777739813330026,-1.2081076019156476,749.1143289283007,750.0,25.269964571973613,0.03373312136229643,0.0,0.0,-28.496995301230903,810.0800539425909,42.123551253892636,41.25,23.88673021303202,0.5670635428874162,41.65,20.75,0.08162305410833899,-1.1824913160884485,55425.0,12.218671203215361,94,attack,1
903.0156103201562,750.0,2298.351466127559,2.545195719609652,0.0,0.0,33.55742268432389,1947.3072356698742,1.316831683168317,1.0,4.519824638725788,3.432348033919583,0.0,0.0,22.140365527042782,674.849547847372,42.20455793243963,41.6,24.242215989857293,0.574398055031493,42.1,21.049999999999997,0.04713442745414215,-1.1957973656040932,749.113095324131,750.0,25.28755582623977,0.033756659687411004,0.0,0.0,-28.477118909785464,808.9475851518469,43.02233357825034,42.3,24.0642978138915,0.5593443175303966,41.8,20.805389499999997,0.062193639914855034,-1.171347452166981,55348.0,12.214645327471237,95,attack,1
905.2922324823465,750.0,2323.3251955746437,2.5663814536483933,0.0,0.0,33.500902645166725,1943.5254104774756,1.3213108817671555,1.0,4.571253764889823,3.459635297013606,0.0,0.0,22.109459920575365,673.1032611767114,43.16864944885152,42.7,24.371204610075967,0.5645579586396894,42.05,21.000000000000004,0.028439563962835788,-1.1808935183155889,749.1111990011468,750.0,25.31456223606854,0.03379279640969536,0.0,0.0,-28.446632864442066,807.2121760610859,44.00633658975195,43.4,24.166378261690777,0.5491567836464388,41.7875,20.849999999999998,0.04574110785376658,-1.1575442120936323,55230.0,12.202231397644843,96,attack,1
906.3329569285369,750.0,2339.010108553121,2.580740433934754,0.0,0.0,33.780300334426556,1987.1600379110878,1.3227402269183202,1.0,4.599148879121714,3.476985719136002,0.0,0.0,22.257119709684897,685.5025879160048,43.60614703796373,43.25,24.806428020444468,0.5688745671303604,42.55,21.200000000000003,0.009720009649833335,-1.167881694992633,749.120134847896,750.0,25.18716231108064,0.03362232723352808,0.0,0.0,-28.59127260126432,815.4621106696518,44.449136364216464,43.95,24.600773521632853,0.5534589765716477,42.182587500000004,21.049999999999997,0.024560426191983013,-1.141039745007574,55791.0,12.22782508052488,97,attack,1
907.6445101823626,750.0,2365.8277228624333,2.6065576294700383,0.0,0.0,33.68906048019092,1980.2582707564677,1.3264128140839482,1.0,4.657491223167494,3.5113436584100453,0.0,0.0,22.189462867111505,681.4198503889952,44.73030656326807,44.5,24.860606154557185,0.5557888613929685,42.42500000000001,21.150000000000006,-0.010357434313774092,-1.152019467088418,749.1145469317077,750.0,25.266937287433354,0.03372907039507376,0.0,0.0,-28.50060186414541,810.2855157060594,45.57937494052923,45.2,24.632878418987623,0.5404391449230701,42.199999999999996,21.0,0.007736994115981898,-1.1291677820304038,55439.0,12.209072736341133,98,attack,1
908.564362850972,750.0,2386.8722361499276,2.6270810673887683,0.0,0.0,33.684208715001965,1981.5017929774567,1.328581713462923,1.0,4.699990449722656,3.5375998345425215,0.0,0.0,22.200531323010388,682.091560498612,45.49489085592892,45.425,25.116303065609983,0.5520686519536251,42.650000000000006,21.22500000000001,-0.028902884909784658,-1.1388286348149521,749.1164739548109,750.0,25.239480428740244,0.0336923313079653,0.0,0.0,-28.531800680582602,812.0648376775232,46.35450335048596,46.15,24.872552577229524,0.536572517866676,42.35,21.15,-0.010275389320622297,-1.1158173563216889,55560.0,12.215452190258901,99,attack,1
908.8504275802721,750.0,2403.130556286016,2.644143066185404,0.0,0.0,33.754610723811126,1993.0758315810444,1.3296939708492443,1.0,4.73588816642265,3.5616376927677194,0.0,0.0,22.244570138692268,684.9582524827057,46.17050977449606,46.25,25.43208871536763,0.5508297144558703,42.8,21.400000000000006,-0.04828593038859335,-1.1257403425432269,749.1199415550655,750.0,25.18998161344321,0.03362609939491455,0.0,0.0,-28.58818245301464,815.2853447395473,47.02415923342119,46.95,25.18863009709362,0.535652960259446,42.7,21.300000000000004,-0.02986432386514851,-1.1024726067633612,55779.0,12.224240380003643,100,attack,1
910.654180482122,750.0,2422.80813672092,2.660513934541241,0.0,0.0,33.77549810805753,1999.7493470918173,1.3332556680706156,1.0,4.779450598756123,3.584796759703691,0.0,0.0,22.251379308639596,685.6695203192713,47.018366372597555,47.25,25.638664289071297,0.5452904102600551,42.949999999999996,21.5,-0.06593372684935371,-1.1125191456290577,749.1201926429761,750.0,25.186410289118353,0.03362132076597482,0.0,0.0,-28.592296184835323,815.5205474117835,47.88076932825523,47.9,25.377204672521103,0.5300082899366781,42.86669450000001,21.4,-0.045850656450688296,-1.090499266847969,55795.0,12.220781204275447,101,attack,1
911.0924441747139,750.0,2439.0321026685724,2.677041301640798,0.0,0.0,33.95442385163544,2029.0307376473102,1.3345411705906502,1.0,4.814981820601227,3.607967986832643,0.0,0.0,22.329939737848015,692.3173749966942,47.71527726475407,48.05,25.922454468754186,0.5432736841267896,43.2,21.599999999999998,-0.08238665964956798,-1.099466288202817,749.1237719942054,750.0,25.13520469935141,0.03355280614369001,0.0,0.0,-28.65086881147288,818.8734123698518,48.58515486050372,48.75,25.6546022906825,0.528033765958784,43.081635,21.450000000000003,-0.06282737493415153,-1.0771394341323062,56023.0,12.232172738541184,102,attack,1
912.4744210901318,750.0,2462.3926759338874,2.6985881675368724,0.0,0.0,33.89086184307125,2023.2482165778997,1.3373174207338796,1.0,4.859440805776356,3.6337228024066577,0.0,0.0,22.32330142118198,691.9459292996706,48.5018130705539,48.95,26.16227397807212,0.5394081648043707,43.35000000000001,21.621640000000003,-0.10008298150732985,-1.0838605761205502,749.1255968954175,750.0,25.109065816178056,0.03351783188324752,0.0,0.0,-28.680878829752146,820.5939198641997,49.383971795814034,49.6,25.873541615402452,0.5239258948709262,43.15,21.550000000000004,-0.07943798608444431,-1.061296338282132,56140.0,12.239060868409782,103,attack,1
913.1236328543856,750.0,2490.3137565639686,2.7272470747245405,0.0,0.0,33.79674666232114,2013.0033982145935,1.3397669597540924,1.0,4.915135747245014,3.6686497688726125,0.0,0.0,22.274469819171255,688.8161517404416,49.48853285769749,50.1,26.311585648427148,0.5316703512727923,43.39809125000001,21.699999999999996,-0.12156388280459604,-1.0639683268975202,749.1227203929461,750.0,25.150299034686643,0.03357300259361278,0.0,0.0,-28.633666497968246,817.8879419395215,50.37411374671171,50.75,26.01449210429971,0.5164258022504241,43.3,21.65,-0.09955806742642026,-1.0442961991633926,55956.0,12.23808488156992,104,attack,1
914.0314817130911,750.0,2512.139957752,2.7484173226109356,0.0,0.0,33.888258913197376,2031.910606052851,1.342135825188944,1.0,4.960685259094919,3.6961126929135957,0.0,0.0,22.303400620668427,692.4240020296556,50.294135755392894,51.1,26.58916210761775,0.5286732082828697,43.555809,21.75,-0.14513636951994194,-1.0439301756280035,749.1229229786217,750.0,25.147415121198176,0.033569143794463525,0.0,0.0,-28.637003542925726,818.079036610298,51.18817370263896,51.75,26.285111046886442,0.5134996845087938,43.55,21.799999999999997,-0.12374368934235144,-1.0234714224725938,55969.0,12.244715921688679,105,attack,1
914.5450793195033,750.0,2532.935360806563,2.7696123658456235,0.0,0.0,34.00526444347399,2045.531267137325,1.3445553083052186,1.0,5.01161621363061,3.727341064123006,0.0,0.0,22.31032145877742,692.5037099966086,51.34084116089533,52.25,26.698552821737586,0.5200256212801012,43.449999999999996,21.700000000000003,-0.16722255499939528,-1.0190012740297691,749.1190655968837,750.0,25.202602521428876,0.03364298638074032,0.0,0.0,-28.574025999729123,814.4760021507442,52.23955448873018,52.95,26.379190890468266,0.5049658472137074,43.400000000000006,21.700000000000003,-0.1434718758028473,-1.002420016159853,55724.0,12.238470163795018,106,attack,1
913.4724852230466,750.0,2551.143472923681,2.792797280917287,0.0,0.0,34.10967007950049,2059.3948026217413,1.3444602145128546,1.0,5.055919961938187,3.760557513983503,0.0,0.0,22.333100772536806,693.7600002024948,52.230884968860344,53.3,26.920791575194176,0.5154190205899086,43.4,21.700000000000003,-0.19134545650621207,-0.9924905221312001,749.1180673660831,750.0,25.216876254044735,0.033662085260749174,0.0,0.0,-28.55780857602605,813.5494506504085,53.115947246689785,53.95,26.60864343469092,0.500953947241319,43.400000000000006,21.700000000000003,-0.16700734007401807,-0.977970289198685,55661.0,12.24230985108622,107,attack,1
914.9815301530153,750.0,2576.652318952671,2.8160703074757905,0.0,0.0,34.06277424890466,2054.9329716356688,1.347920792079208,1.0,5.107930923882884,3.7894889328057237,0.0,0.0,22.30639874528035,692.0709842324524,53.15745050766869,54.4,27.13145216382163,0.5103979198533524,43.349999999999994,21.65,-0.21707258228748677,-0.9625941419644186,749.1163039637297,750.0,25.242058843883957,0.033695780895867555,0.0,0.0,-28.529213401900794,811.9170166908012,54.0364341969937,55.05,26.81713274507372,0.49627872644797283,43.35,21.650000000000006,-0.1918584109749618,-0.9500239017130738,55550.0,12.234218264446906,108,attack,1
915.5020949846248,750.0,2599.16421102532,2.8390587255499082,0.0,0.0,34.17982608222499,2072.120501160224,1.349673613983348,1.0,5.153029794549668,3.8179821707718773,0.0,0.0,22.34827675031552,695.801199844058,53.98770394639248,55.35,27.360698911236064,0.5067950090710301,43.349999999999994,21.699999999999996,-0.23650191359123415,-0.9395354713011321,749.1172404440506,750.0,25.22871227583919,0.03367792237819075,0.0,0.0,-28.544414709623723,812.7845934224431,54.879087184250764,56.0,27.02596934640637,0.49246390078737134,43.400000000000006,21.700000000000003,-0.2109807045140945,-0.9262367331629466,55609.0,12.237983960335681,109,attack,1
917.2145816072908,750.0,2623.127311627463,2.859884005584383,0.0,0.0,34.143121878174284,2069.6495317535046,1.3533554266777132,1.0,5.203101864118484,3.8445937863428283,0.0,0.0,22.326967076208415,694.4740209254428,54.89157090457067,56.4,27.591151713106154,0.502648243772683,43.3,21.65,-0.2623085746846698,-0.908679920040266,749.1158561225526,750.0,25.248477032929106,0.03370436872557474,0.0,0.0,-28.521994022273365,811.5051061849082,55.786028135802034,57.1,27.252336015067986,0.4885154388250512,43.35,21.65,-0.23704672103372684,-0.8955166723905226,55522.0,12.236074652103817,110,attack,1
918.2790021014064,750.0,2641.9675197773895,2.8770858461659943,0.0,0.0,34.17139745332335,2074.7787945131518,1.3556046482389497,1.0,5.242391228897311,3.8671977377088824,0.0,0.0,22.35187514397857,696.0011912658778,55.59808941183912,57.3,27.938650926130876,0.5025109895265859,43.449999999999996,21.700000000000003,-0.2847389722644326,-0.8869056189685631,749.1183164413403,750.0,25.21338087588622,0.03365740807895538,0.0,0.0,-28.561924080473805,813.7844558648625,56.49681065858434,57.95,27.593976201043226,0.48841652970105304,43.45,21.75,-0.2607171124601485,-0.871095797322524,55677.0,12.241517408553896,111,attack,1
920.0905645465486,750.0,2666.070962944264,2.897617979875919,0.0,0.0,34.14290977071229,2071.5480636411776,1.3592226034163777,1.0,5.290444970764639,3.892257940286761,0.0,0.0,22.34273964675592,695.2864754426456,56.504813744672155,58.3,28.09850673073703,0.49727633574204,43.449999999999996,21.700000000000003,-0.3003501014495429,-0.8662086612281841,749.1182520508786,750.0,25.214315084980292,0.03365865805024837,0.0,0.0,-28.560893414045527,813.7255645073129,57.42144326698758,58.95,27.72564730337081,0.48284483506374504,43.45,21.75,-0.27474010335772725,-0.8515899708651915,55673.0,12.236813212286627,112,attack,1
921.8972491029683,750.0,2697.1106374028927,2.9256087270324937,0.0,0.0,34.07431962369999,2063.292944329383,1.3640136276321988,1.0,5.35759606909217,3.9278171130829977,0.0,0.0,22.26703555244305,690.3480779280128,57.81916337578804,59.65,28.03582296895273,0.48488807744826035,43.05,21.500000000000007,-0.326139217719419,-0.8171684001809805,749.1104053745883,750.0,25.32613437249645,0.03380828004896323,0.0,0.0,-28.434204424273066,806.5048888036366,58.75431178947845,60.35,27.622595981722377,0.47013734210174085,43.05,21.550000000000004,-0.29612173835069117,-0.808396105042235,55182.0,12.21055590234828,113,attack,1
921.3463564768715,750.0,2713.7081465480323,2.9453724188208197,0.0,0.0,34.21322859024311,2079.9943136622987,1.3643523128451163,1.0,5.397605337738757,3.9561668103768612,0.0,0.0,22.312964392528894,692.9734407384564,58.620311510881436,60.65,28.325047612049772,0.4831951056212302,43.050000000000004,21.549999999999997,-0.3487612903932776,-0.7908703190813999,749.1112579584201,750.0,25.3140244157465,0.033792075805582904,0.0,0.0,-28.447905837770232,807.2842392527089,59.54867529604418,61.3,27.92199331455345,0.4688936097359047,43.099999999999994,21.549999999999997,-0.32061011694209096,-0.7806738849380266,55235.0,12.220561469724503,114,attack,1
921.2073971469175,750.0,2727.8799107739974,2.9612006147828893,0.0,0.0,34.30389400470508,2092.644504436687,1.364496573063016,1.0,5.427296751306552,3.977508524717933,0.0,0.0,22.378658357824015,697.0823336070973,59.09083790934189,61.35,28.88128032630197,0.48876071736556,43.349999999999994,21.699999999999996,-0.3737289471168858,-0.7746618630918531,749.1169166248875,750.0,25.233420823697227,0.03368422240067047,0.0,0.0,-28.53925702262721,812.490074382306,60.015860245875984,62.0,28.490749709176864,0.4747203421304724,43.400000000000006,21.700000000000003,-0.34985864920064436,-0.756963437583793,55589.0,12.24234010595795,115,attack,1
921.5894929093253,750.0,2737.874515293562,2.9708178493338577,0.0,0.0,34.498012496188416,2118.5759772308356,1.3655636728262426,1.0,5.455719333249783,3.9952141681964477,0.0,0.0,22.463145369397143,702.364256352777,59.69616868803955,62.15,29.30106669305522,0.4908366372082744,43.550000000000004,21.799999999999997,-0.39212167651687907,-0.7626541875386161,749.1210110324082,750.0,25.17494074145362,0.033605973361711665,0.0,0.0,-28.60590805634058,816.2988477079737,60.629060490492044,62.8,28.90266956772112,0.4767131361412682,43.599999999999994,21.799999999999997,-0.3703056016490383,-0.7406420232511701,55848.0,12.254845270710282,116,attack,1
921.5083846772034,750.0,2748.8431803766007,2.982982277843839,0.0,0.0,34.61901576801948,2140.4409847849934,1.3662827038128404,1.0,5.487993603107179,4.016733570433129,0.0,0.0,22.512829289224484,705.9691402969064,60.37359665296799,63.05,29.705574387091247,0.49202923188163095,43.7,21.85000000000001,-0.41433137784094676,-0.7440219263034034,749.1233176344348,750.0,25.141941211517246,0.033561819021880025,0.0,0.0,-28.64366769913011,818.4605587692247,61.308688211572466,63.7,29.305021244565474,0.4779913271579987,43.75,21.85,-0.3945704850474324,-0.7181240530263766,55995.0,12.263723679288406,117,attack,1
921.9927467619473,750.0,2765.3326520186993,2.999299790297256,0.0,0.0,34.66876886687454,2152.754823868963,1.368164359088879,1.0,5.529684995373992,4.041681804265426,0.0,0.0,22.523309346079202,707.0495514555793,61.24304410266139,64.05,29.948377641544322,0.48900863894586977,43.7,21.849999999999994,-0.4340308677661196,-0.7205957038755955,749.1230034594741,750.0,25.146453549584994,0.033567856591584906,0.0,0.0,-28.638532388188384,818.166382171087,62.17824128321572,64.7,29.538741796159687,0.47506557256281423,43.75,21.85,-0.41400049393227784,-0.6947511225401373,55975.0,12.262024318116024,118,attack,1
922.896225404421,750.0,2775.2520466852784,3.0071117101699483,0.0,0.0,34.80945460518782,2179.698897477373,1.3704781630539584,1.0,5.564142519136891,4.060000858924901,0.0,0.0,22.564896692676747,710.4154559045911,62.06343601412435,65.0,30.222771513590192,0.4869658119913328,43.7,21.85,-0.4530006597499771,-0.6988439518781457,749.1234879696262,750.0,25.139527727351688,0.033558589646532334,0.0,0.0,-28.64648979802667,818.6222090043358,63.010347981716244,65.65,29.8018870267975,0.4729681390657473,43.8,21.89999999999999,-0.4335890395832221,-0.6715226376211296,56006.0,12.265406346180368,119,attack,1
924.2838632231186,750.0,2780.001227554876,3.0077353269596077,0.0,0.0,35.03221520920966,2209.5440649479146,1.371917312479037,1.0,5.577127921608492,4.065207043368155,0.0,0.0,22.700580105548546,719.0465124883212,62.265462688846405,65.5,30.92825491477292,0.49671605379900424,44.25000000000001,22.1,-0.46183257879168776,-0.7206608871512459,749.1334054171742,750.0,24.997084943111677,0.03336800196380431,0.0,0.0,-28.810550519523677,828.0486481423329,63.22068562513461,66.15,30.5116191232268,0.4826208197763726,44.25,22.10000000000001,-0.447021696010655,-0.6852742551149777,56647.0,12.288972932997536,120,attack,1
922.6732308340354,750.0,2785.0147466035073,3.0184193640104184,0.0,0.0,35.263739416502894,2243.9473084282968,1.3681023588879528,1.0,5.5768997749542635,4.076376112301557,0.0,0.0,22.906226825695935,733.7747691359768,62.76033293419415,66.25,31.434333886487728,0.5008630836845217,44.5,22.25,-0.4735070056192719,-0.7274465573901074,749.1510805767717,750.0,24.74114328766999,0.03302557245011483,0.0,0.0,-29.109994604015217,845.3926283549539,63.697437289736015,66.9,31.04834583886153,0.48743477225989673,44.550000000000004,22.250000000000007,-0.4613267190182192,-0.6920824036070887,56976.0,12.309065927046284,121,attack,1
867.194130491746,750.0,2005.7930638525943,2.312968911257738,0.0,0.0,29.96225323769317,1071.3704679011596,1.156275657262643,1.0,2.6743867425589487,2.3129318045925733,0.0,0.0,29.962370401341033,1071.376156233694,63.33391941131573,67.05,31.879896269042597,0.5033621251513243,44.75000000000001,22.35000000000001,-0.485379315372651,-0.7281493966711587,749.9873875447637,750.0,3.0176205206348214,0.004023561690168705,0.0,0.0,-239.25300419737457,57240.00001746905,64.00005541953009,67.5,31.512673822384173,0.49238510210364367,44.8,22.4,-0.4789064406408739,-0.7030514941709618,57245.0,12.324553521265578,122,attack,1
843.5608391122234,750.0,1598.3286143043758,1.8947401778234296,0.0,0.0,30.83138211641978,1095.3733612015972,1.1259189738776787,1.0,2.130787678637392,1.8924875839856692,0.0,0.0,30.8436605834343,1095.9595287996385,63.888062202514995,67.8,32.32420341840799,0.5059506002223922,45.0,22.5,-0.49377051243895664,-0.7361135227060833,749.1467055981368,750.0,24.806258218621824,0.03311268411547764,0.0,0.0,-29.03676180616211,841.1335361877951,64.5039898642265,68.2,31.962985139230046,0.4955195051733771,45.00000000000001,22.5,-0.4889179404913076,-0.7126523801376403,57537.0,12.33579573288833,123,attack,1
830.3609886023626,750.0,1371.5504578611337,1.6517520412052162,0.0,0.0,33.62209046918509,1295.7006061065247,1.1094622874833533,1.0,1.8286960711143712,1.6482724034383274,0.0,0.0,33.62081405188955,1295.6380645473298,64.45624824478853,68.6,32.754218724010975,0.5081620419422914,45.25,22.60000000000001,-0.5012617308815284,-0.7442434021004152,749.1508673619398,750.0,24.74576202993983,0.033031747152719136,0.0,0.0,-29.108084602623606,845.2805892334937,65.03802967640395,68.95,32.395581815422595,0.4981021408029499,45.25,22.64999999999999,-0.4972052416561698,-0.7224111815434342,57819.0,12.345498674685906,124,attack,1
827.8146468144045,750.0,1323.268803680409,1.5985085656222813,0.0,0.0,34.442484032235626,1361.6454214579146,1.1072195290858726,1.0,1.7653510979117988,1.5944002535516002,0.0,0.0,34.38059182462157,1358.3110127175603,65.393112952552,69.65,32.91791950665213,0.5033851122905978,45.2,22.599999999999994,-0.514791651395766,-0.7264368273857404,749.15,750.0,24.758382418889976,0.03304863167441764,0.0,0.0,-29.093176921381996,844.4129433788345,65.97659022572715,70.0,32.55035539002879,0.49336219526749636,45.199999999999996,22.6,-0.5101640024510254,-0.7064503876724166,57760.0,12.341248298019858,125,attack,1
824.7050508890463,750.0,1280.7031372104764,1.5529226307391426,0.0,0.0,36.3847300600483,1524.934160292974,1.104214546145738,1.0,1.710413710364738,1.5489867583568238,0.0,0.0,36.20474616895919,1514.5439049478894,66.1293949835539,70.55,33.24263542282612,0.5026907539543258,45.25000000000001,22.65,-0.5266329684717445,-0.7193238721557846,749.1516303502618,750.0,24.73465496117525,0.03301688731506957,0.0,0.0,-29.121217248882083,846.045294056588,66.70175813365935,70.9,32.87624949784109,0.4928843019694097,45.3,22.650000000000006,-0.5220881873648766,-0.7009737695960161,57871.0,12.347488881991346,126,attack,1
819.029162321863,750.0,1175.638336513657,1.4354047335516646,0.0,0.0,39.53330703640881,1833.9185232363952,1.0978275981925616,1.0,1.5733504056481886,1.4331488917189885,0.0,0.0,39.1057132009337,1806.3182287463192,67.32971690377026,71.8,33.26235180867994,0.4940218574841111,44.962500000000006,22.5,-0.5495721002804497,-0.6750680608689859,749.1467500868961,750.0,24.8056123054204,0.033111819950554566,0.0,0.0,-29.037521481233384,841.1776537730908,67.88038407888426,72.15,32.89851989882302,0.48465429807514676,45.05,22.500000000000007,-0.5435810368845344,-0.6616697150434812,57540.0,12.334680391851627,127,attack,1
821.0083418958221,750.0,1188.1582033908853,1.4471938258839896,0.0,0.0,39.503602051333075,1828.4952552992722,1.1016352902248305,1.0,1.5934618970127474,1.446451390176091,0.0,0.0,38.846657931266776,1785.7987194752097,68.31600142273606,72.9,33.42125562630765,0.4892156292857153,44.849999999999994,22.44999999999999,-0.5680765443445713,-0.6437725920589545,749.1449818010832,750.0,24.83127228914038,0.03314615046801943,0.0,0.0,-29.007372446122123,839.4276562280448,68.87799347195278,73.25,33.040899950656744,0.47970183632180063,44.95,22.450000000000003,-0.5613572446856022,-0.6314925324254466,57421.0,12.322668166984396,128,attack,1
820.4013756262766,750.0,1118.7427181480452,1.3636529037923923,0.0,0.0,40.77007095093818,1989.101088522789,1.1020023392629577,1.0,1.5060179331743107,1.3666195429145525,0.0,0.0,39.68099842099728,1913.7133853367234,69.30873334686683,74.0,33.60059868774118,0.4847960288003176,44.74999999999999,22.4,-0.5898553541695142,-0.6054269270284625,749.1429219838346,750.0,24.861129196912838,0.03318609636072795,0.0,0.0,-28.972370412568058,837.3982473230487,69.87395083501212,74.35,33.202181419081896,0.4751725216952395,44.85,22.400000000000006,-0.5819869030531973,-0.5948572591908521,57283.0,12.309622047251565,129,attack,1
818.3496240601504,750.0,1069.4247591764936,1.3068066847402726,0.0,0.0,42.634295086423045,2203.0682146379354,1.100484857002319,1.0,1.4466190002315678,1.314528765231814,0.0,0.0,40.95770837521202,2079.1288591072957,70.5382551692221,75.25,33.62880259153471,0.476745597277092,44.45,22.25,-0.6187013826945699,-0.5434148207797067,749.1375166889186,750.0,24.939307791895654,0.03329069394645172,0.0,0.0,-28.88111568244486,832.1188430627633,71.09850852896847,75.6,33.2155613805233,0.4671766267359871,44.55,22.25,-0.6093734901928309,-0.5359520678213272,56924.0,12.294850829281105,130,attack,1
817.5942664239382,750.0,1048.0438399483594,1.2818630009874956,0.0,0.0,44.41648204864229,2388.9797143255937,1.1007087435267502,1.0,1.4252569050023232,1.2948538052270733,0.0,0.0,42.07306242337674,2207.566328040921,71.7638856132626,76.55,33.64636549891453,0.4688481568603412,44.2,22.099999999999994,-0.6468130127258798,-0.4802253802502112,749.1322575513883,750.0,25.01513683633386,0.03339215016330797,0.0,0.0,-28.79314711789266,827.0453209526102,72.31642715187614,76.9,33.22466454067549,0.45943454135114203,44.25,22.10000000000001,-0.6356605712231478,-0.47770491313895747,56579.0,12.277094156489817,131,attack,1
816.157727587247,750.0,982.8819693279379,1.2042794377914754,0.0,0.0,43.64240770229862,2308.4585832979483,1.100012419495059,1.0,1.348248717319091,1.225666813778321,0.0,0.0,40.44729339926162,2061.8765810256277,72.86387810652354,77.7,33.749179732372916,0.4631812169403502,44.0,22.0,-0.6718011335455905,-0.4262779916148536,749.1289321008463,750.0,25.062965983778444,0.033456144743325054,0.0,0.0,-28.737934076432406,823.8688549813744,73.42038790506183,78.05,33.307182822853925,0.45365032483787276,44.099999999999994,22.049999999999997,-0.659318586088375,-0.42599325614356287,56363.0,12.262312695044152,132,attack,1
816.5987863644476,750.0,972.7824262801438,1.1912611707531873,0.0,0.0,44.14656189336348,2390.259451171034,1.1018561484918794,1.0,1.344336597770663,1.2200654319628463,0.0,0.0,40.16912736373167,2073.8823830389038,74.14103142474661,78.95,33.678713029394025,0.454252016490734,43.74999999999999,21.89999999999999,-0.6971437388165421,-0.35797842110343403,749.1237551311797,750.0,25.137243091041324,0.03355552793361828,0.0,0.0,-28.652605524551284,818.971803345547,74.70830665227555,79.3,33.20768202851746,0.4444978546104683,43.800000000000004,21.900000000000006,-0.6818300522999896,-0.3632400367574067,56030.0,12.239911117190038,133,attack,1
818.6976001148786,750.0,990.5206408384072,1.209873634293564,0.0,0.0,43.60369148883439,2336.9312199998976,1.1059216312756905,1.0,1.3771219653169324,1.2452256347752326,0.0,0.0,39.11226718533049,1980.8605140017853,75.38380551284554,80.2,33.66441030196215,0.44657350571437615,43.5,21.75,-0.7263494437230253,-0.28076629486165405,749.1187377717148,750.0,25.209020324220333,0.03365156824031078,0.0,0.0,-28.570625366644638,814.2806338411576,75.97341235755954,80.55,33.14854642214299,0.4363177247605179,43.55,21.799999999999997,-0.7084434561700984,-0.28890622356486384,55711.0,12.217293672987982,134,attack,1
820.4588607030008,750.0,1003.0507246341504,1.2225484697364324,0.0,0.0,43.533596002102946,2343.3774540711174,1.109377510398629,1.0,1.403219325195506,1.2648708956532677,0.0,0.0,38.491086894528664,1939.4761197212379,75.80144463913956,80.95,34.35863829571954,0.45327154989310964,43.8,21.89999999999999,-0.7438094463173319,-0.2796796952529461,749.1235517789243,750.0,25.140156207399766,0.033559425741855387,0.0,0.0,-28.649269225536898,818.7806271572954,76.40214448292483,81.3,33.83657157605419,0.4428746314001219,43.85,21.900000000000006,-0.728714305842765,-0.279619034663555,56017.0,12.228461440892856,135,attack,1
820.9561693238828,750.0,989.7226647157283,1.2055730886715146,0.0,0.0,44.626144265699885,2486.3558820560943,1.111228151613076,1.0,1.3976355120867747,1.257739475064545,0.0,0.0,38.60039860603986,1984.7841414471206,76.6628938507044,81.95,34.632201271333784,0.4517465951491156,43.8,21.89999999999999,-0.761502842814157,-0.2507248793486405,749.1234578921998,750.0,25.141501064276895,0.03356122518845859,0.0,0.0,-28.647729264176096,818.6923919935313,77.25908505091857,82.3,34.1062849103759,0.4414533887878393,43.82500000000001,21.900000000000006,-0.7451553981811273,-0.2548000868421392,56011.0,12.222989592654127,136,attack,1
817.3064676616915,750.0,827.7146681625019,1.0127347585179256,0.0,0.0,42.70715295094767,2458.951040232436,1.1074626865671642,1.0,1.2095631856437714,1.0921931730206562,0.0,0.0,34.455113775436466,1727.9512468025562,77.15279691911803,82.75,35.22198490850684,0.45652246341025426,44.05,22.0,-0.7713929368705015,-0.26303252384059483,749.1276474769012,750.0,25.081417877639435,0.033480833289379834,0.0,0.0,-28.71668972095566,822.6482685296411,77.75433427921108,83.1,34.686358261988865,0.44610192580946373,44.05,22.0,-0.7565212729865128,-0.26272327329148126,56280.0,12.236285441182053,137,attack,1
818.0595037771651,750.0,833.6077375191071,1.019006238140566,0.0,0.0,43.01615780022728,2497.382367898285,1.1097884071461817,1.0,1.2324720218808192,1.1105468519446136,0.0,0.0,33.91630313992598,1681.6472765818041,78.51999402818788,84.05,35.11927425746573,0.44726537096854935,43.7,21.849999999999994,-0.8034235622157821,-0.1735187135400471,749.1211199026171,750.0,25.174967727582732,0.0336060045014555,0.0,0.0,-28.609460301953334,816.5012187690434,79.12442897035552,84.4,34.56665882281988,0.4368645596895303,43.650000000000006,21.849999999999994,-0.7864910570827297,-0.17814301001813115,55862.0,12.21240546465781,138,attack,1
819.698333778847,750.0,830.6320307537023,1.0133386839088114,0.0,0.0,42.98220081631935,2535.4126775769655,1.1130713712910987,1.0,1.24415455577639,1.1177670973005462,0.0,0.0,33.10263180197984,1629.4888014597211,79.03314515620595,84.85,35.678343251095605,0.4514351944437836,43.9,21.950000000000003,-0.811302263702353,-0.18800840368734573,749.1250824200303,750.0,25.11822071657121,0.0335300756923362,0.0,0.0,-28.674410220660693,820.2218015027296,79.65996446399359,85.2,35.10421027262069,0.4406756958633573,43.89999999999999,21.950000000000003,-0.795766086994623,-0.1878206348575131,56115.0,12.224417926364534,139,attack,1
818.0214385859052,750.0,796.3570321954027,0.9735160897152606,0.0,0.0,44.42991672858816,2801.42060267622,1.1119314249205814,1.0,1.2202485347853163,1.0974134802175155,0.0,0.0,32.80945668660664,1658.430883471438,79.574783542433,85.65,36.20252682298246,0.45494973673007333,44.1,22.049999999999997,-0.8178397532849142,-0.20271617553550003,749.1286847569525,750.0,25.066519806857123,0.033460899731786016,0.0,0.0,-28.733840001070803,823.6335612071367,80.20186702479279,86.05,35.64001355498129,0.4443788514794038,44.15,22.049999999999997,-0.804181694389249,-0.20019017253513383,56347.0,12.239565077229784,140,attack,1
818.7960819867385,750.0,809.3207457082423,0.9884277215207172,0.0,0.0,44.57914342136092,2811.5924513101595,1.1141805770358915,1.0,1.2532404669048585,1.1248091132937488,0.0,0.0,32.34294442561354,1604.9824332670812,80.52750112060839,86.75,36.42151211248617,0.45228663010338055,44.05,22.0,-0.8371525971152597,-0.1656761955905539,749.1272287700211,750.0,25.087429091575878,0.03348887629243765,0.0,0.0,-28.709775517886644,822.2512102874433,81.16415612312232,87.1,35.847466107865586,0.44166622090528007,44.0,22.0,-0.8232688150274008,-0.16410698220618558,56253.0,12.237540510517306,141,attack,1
819.3209422875503,750.0,823.4479516421476,1.0050371095642625,0.0,0.0,44.183086522980986,2759.3646163790822,1.1160284745522004,1.0,1.2874462504915796,1.1535962386695908,0.0,0.0,31.61454364165491,1526.0520604440644,81.28536202995373,87.65,36.76695716673896,0.45231953513586254,44.10000000000001,22.05000000000001,-0.8478024747700216,-0.15732375490281658,749.1284372725497,750.0,25.07007514211315,0.033465656748246086,0.0,0.0,-28.72974534229453,823.3982674330946,81.93617888031457,88.05,36.17748556603999,0.4415324959061735,44.099999999999994,22.049999999999997,-0.8342722717467395,-0.15464488262444975,56331.0,12.244426300193776,142,attack,1
820.9843269111028,750.0,837.9175679570178,1.0206255350934959,0.0,0.0,43.89530334133158,2726.698208317966,1.1194783939086657,1.0,1.3229585811163034,1.1817633893738542,0.0,0.0,30.975376701225517,1460.5369744336112,82.31414777755806,88.75,36.88752840000122,0.4481310855538998,44.0,22.0,-0.8652844422407628,-0.11692460591582421,749.1265766486987,750.0,25.09678846563786,0.033501399159953905,0.0,0.0,-28.699016779918164,821.6335641340241,82.98606769054099,89.15,36.26230946118503,0.4369686438982615,44.0,22.0,-0.8501330906592846,-0.11649323764690322,56211.0,12.232101885530449,143,attack,1
822.0700652585783,750.0,847.2831756902302,1.0306702694784553,0.0,0.0,43.432798058114045,2680.003431926947,1.1217458423970248,1.0,1.3498654598763224,1.2033612328723553,0.0,0.0,30.340430999969694,1396.6173046153465,82.07276617157848,89.15,38.05888781616954,0.46372127553986603,44.7,22.349999999999994,-0.8483481407213807,-0.2278355844480333,749.1387271068697,750.0,24.921822522513082,0.03326729966125195,0.0,0.0,-28.90147594796,833.2953119705098,82.75102745973967,89.5,37.4534169495123,0.4526036485496724,44.650000000000006,22.349999999999994,-0.8382329075651888,-0.21646117273784027,57004.0,12.265180279209455,144,attack,1
819.2654484293148,750.0,752.296140562424,0.9182568873186541,0.0,0.0,42.54308730147011,2906.995892484861,1.119137305744871,1.0,1.2668256577243007,1.1319662486643065,0.0,0.0,27.91927765829831,1271.3552909393763,82.81179969410752,90.05,38.43151119810627,0.4640825503136707,44.75,22.39999999999999,-0.8577114549387747,-0.22367161282455594,749.139828652522,750.0,24.905899263669863,0.03324599535505689,0.0,0.0,-28.920042182765638,834.368839852944,83.49911024412636,90.45,37.81470782549831,0.45287557813417945,44.75,22.35000000000001,-0.8480853586841901,-0.21093377232010235,57077.0,12.273336864569039,145,attack,1
819.6468606324361,750.0,764.5592061608145,0.932790989488917,0.0,0.0,42.45560839043976,2872.699061630141,1.1208542449022567,1.0,1.301823304569043,1.161456371771664,0.0,0.0,27.560947496691607,1218.5054286203756,83.82289236581045,91.15,38.549751490596655,0.45989526730194613,44.7,22.349999999999994,-0.8716465249441188,-0.192303831723045,749.1384550591373,750.0,24.92575350150362,0.033272559075259285,0.0,0.0,-28.89689613896025,833.0306064658556,84.52046678113922,91.5,37.91465040571395,0.4485854355713831,44.650000000000006,22.299999999999997,-0.8610955247465768,-0.18175158867706553,56986.0,12.26798657611209,146,attack,1
820.9497414322027,750.0,780.7750161795901,0.9510631123623657,0.0,0.0,42.03286670670555,2818.5858165360623,1.1237268822859146,1.0,1.3404625927530978,1.1928722306849986,0.0,0.0,27.149541865774875,1171.2529180377805,84.57652782945505,92.1,38.92167206965849,0.4601947262264346,44.75,22.35000000000001,-0.8823176826922274,-0.18335714603884412,749.1393461302481,750.0,24.912875564201517,0.033255329189277524,0.0,0.0,-28.911905026953157,833.898252287559,85.29588950251556,92.45,38.262350420728794,0.4485837552535325,44.7,22.349999999999994,-0.8725000668284574,-0.16946792624462015,57045.0,12.270964630564185,147,attack,1
823.1949407890127,750.0,792.875581276935,0.9631686760817343,0.0,0.0,41.87725396021598,2818.6543739191234,1.1278642001261299,1.0,1.3750591250133901,1.2191708229231997,0.0,0.0,26.837344625258716,1139.9151265866533,85.34824414809685,93.05,39.29169995960175,0.46036916578415515,44.8,22.39999999999999,-0.8938846833833805,-0.17215945200420624,749.1399341321561,750.0,24.904373979007197,0.03324395462625786,0.0,0.0,-28.921821880423987,834.471780882972,86.08613956975684,93.45,38.60540639849924,0.4484508957126219,44.75,22.35000000000001,-0.8845534312466993,-0.15528058673912293,57084.0,12.2681259564791,148,attack,1
823.7976209246509,750.0,797.680174791473,0.9682962836140956,0.0,0.0,42.13596387589069,2864.7444892849653,1.1298330442704227,1.0,1.4027131065546332,1.241522465348338,0.0,0.0,26.643429056021002,1114.6861238206131,86.21326759167381,94.05,39.552447512018,0.45877448584071345,44.8,22.39999999999999,-0.9051185862031611,-0.1548977325937586,749.1398889297665,750.0,24.905027638118952,0.03324482917829764,0.0,0.0,-28.921059166266186,834.4276632986698,86.96412511098265,94.45,38.84796559851373,0.44671254438466884,44.75,22.35000000000001,-0.8958879018014685,-0.13718932295340158,57081.0,12.269059558819823,149,attack,1
823.923884699415,750.0,811.3554510184475,0.9847456374133968,0.0,0.0,41.94064796233852,2829.251472196556,1.1313517513566849,1.0,1.4413852071335767,1.2740380747235407,0.0,0.0,26.324588549082083,1073.9491865328407,87.51542465529802,95.3,39.49558577262443,0.4512985674032657,44.5,22.25,-0.933353743997848,-0.07554059983755934,749.134963704278,750.0,24.9761469750319,0.03333998302726565,0.0,0.0,-28.838312335709496,829.648258371935,88.26816981887377,95.7,38.78222326052061,0.43936815887427716,44.44999999999999,22.200000000000003,-0.9235130604880666,-0.05916963043677592,56756.0,12.255714799542016,150,attack,1
825.2370458289784,750.0,829.0272188887699,1.0045928295135904,0.0,0.0,41.41675235619438,2758.0730300493224,1.1344576520398943,1.0,1.484216752345509,1.3083051180241985,0.0,0.0,25.934088051255063,1030.8145567457152,88.85433738395709,96.55,39.340619592590485,0.4427540708856105,44.25,22.10000000000001,-0.9573663343370341,0.0007844131709280333,749.1302591719959,750.0,25.043890047494997,0.03343062136506899,0.0,0.0,-28.75992974645868,825.1335590212389,89.61965239488741,96.95,38.59569745558523,0.43066109301029853,44.150000000000006,22.099999999999994,-0.9452213940199091,0.012360090487177011,56449.0,12.240579722400389,151,attack,1
825.3368458399858,750.0,844.4915384138355,1.0232083332646504,0.0,0.0,41.24699316182753,2726.1465016853467,1.1358169238956892,1.0,1.5237588884372233,1.3415532524475413,0.0,0.0,25.72015394800844,1002.0994211738746,89.78205713264585,97.6,39.61475520493415,0.44123242962016895,44.14999999999999,22.099999999999994,-0.9772885483355801,0.043172218085412606,749.129040269647,750.0,25.061411661416585,0.03345406507321595,0.0,0.0,-28.739725051010225,823.9717960076649,90.5532858996984,98.0,38.869475580463046,0.4292442311095914,44.150000000000006,22.049999999999997,-0.9664584466407086,0.058238624482492174,56370.0,12.240395850006161,152,attack,1
827.6273465560254,750.0,864.3531388950094,1.0443747931865828,0.0,0.0,40.87550514374235,2686.1462795690495,1.1399529361807534,1.0,1.566227438447396,1.373940439764832,0.0,0.0,25.51265478490074,981.1068015297125,90.41674062746523,98.45,40.086749506567365,0.44335539224680376,44.3,22.14999999999999,-0.9828142073564745,0.03522467582128552,749.1313363647623,750.0,25.02839523681933,0.03340988959061867,0.0,0.0,-28.777820787724522,826.1629692903897,91.20819588571983,98.9,39.31816886017786,0.4310815325131738,44.25,22.14999999999999,-0.9732100188333102,0.05513844646730881,56519.0,12.23866887621926,153,attack,1
830.0810246713166,750.0,890.3954646594964,1.0726609068217914,0.0,0.0,40.33738796072742,2612.2377854978563,1.1447098489037943,1.0,1.6187448544660217,1.41410930989733,0.0,0.0,25.208913177086767,950.7941828766219,91.9429303035581,99.8,39.84913305509526,0.4334116056942024,43.900000000000006,21.950000000000003,-1.0224372163698632,0.16630830159016075,749.1241771768022,750.0,25.131196006779884,0.03354743682347957,0.0,0.0,-28.65953351998432,819.3688615831053,92.75596342726153,100.25,39.03348827683855,0.4208191779221644,43.900000000000006,21.950000000000003,-1.0110894705436964,0.18595513929932617,56057.0,12.211985775576315,154,attack,1
830.7702410875492,750.0,907.1196949498622,1.091902008625592,0.0,0.0,40.56846605092344,2638.850286159659,1.1465111339257266,1.0,1.6562821516285777,1.4446280569098033,0.0,0.0,25.2712214278338,950.9406576639932,92.0895923635936,100.45,40.772903604167894,0.4427525690762741,44.3,22.14999999999999,-1.0144407818881604,0.09360024678147472,749.1309519595002,750.0,25.033925795692006,0.033417289367380726,0.0,0.0,-28.77143240725543,825.7953227652674,92.92143378585335,100.9,39.96501271000529,0.43009466257385376,44.2375,22.10000000000001,-1.0073631683132107,0.12343688625345584,56494.0,12.23622460921537,155,attack,1
831.3452025247078,750.0,918.6311170262385,1.104993586582869,0.0,0.0,41.02205668572795,2701.346032382142,1.1484061455773413,1.0,1.6912675001957236,1.4727085070983037,0.0,0.0,25.330205138996465,951.5709982812807,92.83518292826834,101.4,41.150787573444994,0.4432671566472948,44.349999999999994,22.150000000000006,-1.021881448659949,0.09569303800808804,749.1319814006117,750.0,25.01911214390806,0.03339746902425815,0.0,0.0,-28.788550075570992,826.7806154536582,93.67995152143703,101.85,40.33444180179263,0.4305557501549602,44.3,22.14999999999999,-1.0158660816776326,0.12817977693724103,56561.0,12.238815213335576,156,attack,1
831.1664086687307,750.0,932.1660413999964,1.1215155372953962,0.0,0.0,41.44252088312954,2743.5773413375596,1.1491345341964536,1.0,1.7266986226910983,1.5026078942954346,0.0,0.0,25.426438296564932,951.7322737243803,93.2088119996407,102.17500000000001,41.86230997074757,0.44912395161638724,44.60000000000001,22.275000000000006,-1.0186299074608656,0.051182845888130046,749.1363636363636,750.0,24.955952932654352,0.03331296429333146,0.0,0.0,-28.861760126589502,831.0011976047907,94.06732538059387,102.6,41.05737929347798,0.43646802040305627,44.5,22.25,-1.0155219687515478,0.08941826323357205,56848.0,12.259484238169222,157,attack,1
831.4616373013218,750.0,939.1790134618853,1.1295518293666347,0.0,0.0,41.86195297565172,2830.9411780143582,1.1507225458961858,1.0,1.75830109536709,1.5279974322548102,0.0,0.0,25.43074649851126,953.3264049323284,94.06184991623877,103.2,42.19390391938219,0.4485761651185414,44.55000000000001,22.299999999999997,-1.0328695488114188,0.07550260683563215,749.1358315878408,750.0,24.96362967467593,0.03332323541615135,0.0,0.0,-28.852842017054623,830.4864924611131,94.92892629563656,103.65,41.39578944098459,0.43607139632092695,44.5,22.25,-1.031444350897058,0.11722473200644457,56813.0,12.262242405334467,158,attack,1
829.3326035204782,750.0,934.8724676811637,1.1272587906380067,0.0,0.0,42.91435311352021,2995.8847378765477,1.1484995395228415,1.0,1.773519222063333,1.5442054271960473,0.0,0.0,25.69765800646738,971.5690636610085,93.67417122270837,103.6,43.56614263320475,0.465081698237043,45.19999999999999,22.599999999999994,-1.0051572160568614,-0.06462401838391152,749.1468835253436,750.0,24.8036748685064,0.0331092278616778,0.0,0.0,-29.03980038721016,841.310006529012,94.53340676739822,104.05,42.83974330854276,0.4531704164005324,45.14999999999999,22.549999999999997,-1.0089650988044208,-0.01662617774077413,57549.0,12.301020529931224,159,attack,1
830.1855045363252,750.0,957.778381942583,1.1536920082428095,0.0,0.0,43.50923057881489,3109.3401519006165,1.1506337003947642,1.0,1.8182701934554266,1.5802337380102869,0.0,0.0,25.913742764860284,998.5898616462005,94.17476757316379,104.45,44.150129957532215,0.4688106070793565,45.349999999999994,22.650000000000006,-1.0024648984935554,-0.09707471124209288,749.1499411316573,750.0,24.759238737565603,0.03304977732517015,0.0,0.0,-29.092165954619993,844.3541199311509,95.0442067918831,104.9,43.425102388501145,0.456893732445876,45.3,22.650000000000006,-1.0077419555748166,-0.04660521272480311,57756.0,12.31568715562056,160,attack,1
830.0573632951026,750.0,965.5888695481633,1.1632796867375976,0.0,0.0,43.98252044297417,3192.9888036435846,1.151573338868995,1.0,1.8501844672218424,1.606657956356458,0.0,0.0,25.95757574412877,999.675766811151,94.93425397512105,105.4,44.50418322237822,0.46878951862876816,45.400000000000006,22.69999999999999,-1.0073046645743962,-0.09864172895668188,749.1506910927742,750.0,24.748327325237803,0.03303517919624129,0.0,0.0,-29.105053150440604,845.104118889974,95.80634493225733,105.85,43.78992925859751,0.4570671106340656,45.349999999999994,22.69999999999999,-1.0132716288696844,-0.04828548964581625,57807.0,12.323557950370555,161,attack,1
831.2094545201378,750.0,987.9053396087984,1.1885155230568474,0.0,0.0,43.74806414751006,3161.5044376437513,1.1545410241236467,1.0,1.89900988948398,1.644818027081733,0.0,0.0,25.803344009980226,984.3135732235012,96.38093933659826,106.65,44.277786488892616,0.4594039733754621,45.099999999999994,22.549999999999983,-1.0341641323176736,-0.015537608352067522,749.1454729000592,750.0,24.82414851697315,0.03313661954182943,0.0,0.0,-29.015736241975418,839.9129496638859,97.27167424259407,107.15,43.52150868755621,0.44742222261965214,45.08749999999999,22.549999999999983,-1.0390646906109149,0.03520360994054128,57454.0,12.311385803997203,162,attack,1
830.6744801643969,750.0,954.605032399839,1.1491926803998065,0.0,0.0,41.53737158392857,3083.7518661613312,1.155010274807565,1.0,1.894657257896209,1.640381301553249,0.0,0.0,24.777079086956093,910.7335080278884,97.27038512406877,107.7,44.553739367977506,0.45804012507145964,45.05,22.549999999999997,-1.0455001835697701,0.0050516474472739326,749.1449966911637,750.0,24.831056327142267,0.03314586153123427,0.0,0.0,-29.007625929912408,839.4423620897262,98.16908577726308,108.15,43.78559908820418,0.4460222761730695,45.05,22.5,-1.0508841687200605,0.05767442455274807,57422.0,12.311078618731047,163,attack,1
831.3946948579043,750.0,977.1243161045514,1.1752833186788065,0.0,0.0,41.411013261722765,3065.205607408546,1.157453672048949,1.0,1.944400243846036,1.67989466084117,0.0,0.0,24.677922417370024,900.9731286256291,98.74513611910825,109.0,44.337226065900325,0.449006683351167,44.75,22.349999999999994,-1.077487427458888,0.1059523306479857,749.1392555970476,750.0,24.914184273308933,0.03325708015855193,0.0,0.0,-28.910379055265494,833.810017119133,99.66019980331002,109.45,43.531559110334285,0.4367998378113674,44.7,22.35000000000001,-1.0821946950219772,0.16022026046669202,57039.0,12.295109661338275,164,attack,1
831.407793758671,750.0,999.2914586734158,1.201926979967036,0.0,0.0,41.36118827246453,3052.6989646748757,1.1587201236324043,1.0,1.9912946816812247,1.7185294714989767,0.0,0.0,24.642005743621898,895.798410053289,99.72467076060805,110.05,44.55852629815273,0.44681547663483145,44.650000000000006,22.349999999999994,-1.093438225081158,0.14217602962816045,749.1378044711378,750.0,24.93515170815119,0.033285133335053674,0.0,0.0,-28.88595254492961,832.3982544279249,100.6415279141949,110.55,43.75363822463097,0.43474735659751224,44.650000000000006,22.299999999999997,-1.0989912005109488,0.1987857507508095,56943.0,12.298068116525716,165,attack,1
831.3904564096246,750.0,1016.7943928344895,1.2230046484121737,0.0,0.0,41.42816760713336,3069.144718282156,1.1599809902663123,1.0,2.034426966978151,1.7538450923330051,0.0,0.0,24.618402774747253,892.2503249695712,100.7889104770231,111.15,44.67085153895463,0.4432119697249656,44.55,22.299999999999983,-1.1099741466812003,0.1860795820526211,749.1358315878408,750.0,24.963629674675925,0.03332323541615134,0.0,0.0,-28.85284201705463,830.4864924611138,101.7119119594107,111.65,43.86606741954041,0.4312775816960914,44.55,22.25,-1.1162666305030131,0.2446359278026402,56813.0,12.295686129086066,166,attack,1
831.7199711455565,750.0,1010.2267523116291,1.2146236562291621,0.0,0.0,41.95398652216564,3251.4592432990494,1.1615672889139117,1.0,2.05488550909199,1.7690628246025664,0.0,0.0,24.6627397571122,902.6214620230639,101.62167736401048,112.15,44.95848928478401,0.44241042315944046,44.599999999999994,22.299999999999983,-1.1162745985121754,0.19338550287349765,749.136196491722,750.0,24.958364859818932,0.03331619133703777,0.0,0.0,-28.858957589125872,830.8394331309653,102.55583124258847,112.6,44.141289888152734,0.43041228717399477,44.500000000000014,22.25,-1.1231284181327026,0.25382255780033613,56837.0,12.292933558391592,167,attack,1
832.2746569430499,750.0,1028.5340454997158,1.235810843114613,0.0,0.0,42.13500775541134,3276.0025276829138,1.16353996018954,1.0,2.0982562263167326,1.8033383451436664,0.0,0.0,24.68708082492767,902.3982122188414,102.56986929904102,113.15,45.19222509861509,0.4405994217157262,44.5,22.25,-1.1305835747180926,0.22682457688330748,749.1351617960506,750.0,24.973290494694766,0.03333616117393466,0.0,0.0,-28.841626767009867,829.8394345674991,103.50955397461644,113.65,44.37778157396629,0.42873126073800893,44.44999999999999,22.25,-1.138477182772995,0.2900698308908156,56769.0,12.294523428533916,168,attack,1
832.5191353026089,750.0,1047.4699345505219,1.2581932235945321,0.0,0.0,42.33514033669809,3295.120847321223,1.1650001760377424,1.0,2.1410925360670285,1.8378473927352126,0.0,0.0,24.73446356834018,903.14508961727,103.37283613486427,114.15,45.51698506468757,0.440318624955828,44.55,22.25,-1.1365459883978195,0.23213275412753331,749.1357250994613,750.0,24.9651658733769,0.03332529078100277,0.0,0.0,-28.85105806434986,830.3835514324873,104.31087697642856,114.65,44.71466131427286,0.42866729348251154,44.5,22.25,-1.1452579245514207,0.2960834284227585,56806.0,12.293422129517255,169,attack,1
832.9289069397846,750.0,1064.9611349866013,1.278573868806298,0.0,0.0,42.55198956340043,3329.4345338458256,1.1668903408087585,1.0,2.1850216492720804,1.8725166991764337,0.0,0.0,24.75020338333479,902.8140156263771,104.53093529270045,115.275,45.557763466192334,0.4358304394639211,44.400000000000006,22.17500000000001,-1.1576200018278298,0.2955516304548955,749.1330390252516,750.0,25.003883747061856,0.03337709384650305,0.0,0.0,-28.80616808719324,827.7953198676308,105.48037355318738,115.8,44.73515536230424,0.42410880674163526,44.35000000000001,22.200000000000003,-1.1665411915023296,0.3620673637040439,56630.0,12.287193787789187,170,attack,1
833.6791260159002,750.0,1081.4490163422904,1.2972005446633488,0.0,0.0,42.83209068624876,3373.029077253221,1.1692193282221082,1.0,2.2279238905670646,1.9054798674554942,0.0,0.0,24.783011983482492,903.6801490167536,105.65722107892415,116.4,45.62071090075072,0.43178034056633785,44.249999999999986,22.150000000000006,-1.1770574295575973,0.35354979979446544,749.130690369531,750.0,25.037688670582614,0.033422324024973575,0.0,0.0,-28.767087498188843,825.5453231284539,106.61237303289836,116.9,44.78600643199812,0.4200826335436515,44.19999999999999,22.10000000000001,-1.1861483083396638,0.42176036287958585,56477.0,12.278394041075423,171,attack,1
835.3247020796704,750.0,1102.6644339984941,1.3200428902117225,0.0,0.0,42.727665205251945,3359.702344764024,1.1727671515086935,1.0,2.2751694113690335,1.9400009698789453,0.0,0.0,24.724952018631537,898.1152694586299,106.8422948179882,117.5,45.59202575954247,0.4267226367349281,44.099999999999994,22.05000000000001,-1.1960494524786154,0.41550440533664323,749.1280657822296,750.0,25.075410982676562,0.033472796078589245,0.0,0.0,-28.723602259681844,823.0453267723996,107.8202777276715,118.05,44.71864655985153,0.41475172854590714,44.10000000000001,22.049999999999997,-1.2048842914607951,0.4858236747113449,56307.0,12.266887662223601,172,attack,1
837.3153284931947,750.0,1127.8200501336537,1.3469478125561631,0.0,0.0,42.378422446199664,3310.687076693868,1.1768672291692681,1.0,2.326830796349446,1.977139594575948,0.0,0.0,24.601834360579524,888.301318509941,108.10555459803619,118.7,45.570341678789276,0.4215356171866593,43.89999999999999,21.950000000000003,-1.224727254661832,0.5088509419702976,749.1242084232683,750.0,25.13074824819951,0.03354683771479482,0.0,0.0,-28.660046638210982,819.398273304428,109.10416899582584,119.25,44.66443566936556,0.40937423455445,43.900000000000006,21.94999999999999,-1.2342026077818664,0.5848380995464613,56059.0,12.257362504346544,173,attack,1
837.9056620629277,750.0,1151.3779433180025,1.3741140506000455,0.0,0.0,42.363715030973474,3291.786958034132,1.1789383408672658,1.0,2.375349009268372,2.014820391303066,0.0,0.0,24.587253449164923,884.5195109112527,109.08127389788253,119.75,45.8005762501931,0.4198757001414354,43.85000000000001,21.900000000000006,-1.2422040970974235,0.5556889812703347,749.1228001214959,750.0,25.15092110943781,0.033573829424706776,0.0,0.0,-28.636947215930064,818.0747458479646,110.09265519074846,120.3,44.89613397611172,0.4078031717767538,43.80000000000001,21.89999999999999,-1.2533994424984618,0.6372639328086054,55969.0,12.255990957712363,174,attack,1
840.3796825850729,750.0,1177.5614111990549,1.401225464633777,0.0,0.0,42.61551304718714,3351.0952007487867,1.1834429511009437,1.0,2.4251931311629042,2.0492691505803253,0.0,0.0,24.66367906238686,897.226012065663,109.95559442792165,120.75,46.087462373221584,0.41914613451917576,43.8,21.900000000000006,-1.252907511939984,0.5790013569028902,749.1225336002287,750.0,25.15473699628168,0.03357893517818752,0.0,0.0,-28.632581899263045,817.8247462180063,110.99272638029024,121.3,45.15946401137441,0.40686867945423943,43.80000000000001,21.89999999999999,-1.2650590116115812,0.6647375391656092,55952.0,12.25351891153648,175,attack,1
841.820965424258,750.0,1198.789027972524,1.4240427326116338,0.0,0.0,42.34948375042664,3317.68043435717,1.1860774539197076,1.0,2.4652752879362647,2.0785112134027237,0.0,0.0,24.64926194679288,895.7819925190582,109.97757376775502,121.45,47.20676647391557,0.42923993371234387,44.14999999999999,22.10000000000001,-1.2342425790293914,0.4711127686827421,749.129024818606,750.0,25.061633689763408,0.03345436214520166,0.0,0.0,-28.739469204332288,823.9570901467642,111.0239012994731,122.0,46.30485589005289,0.41707105720552307,44.150000000000006,22.05000000000001,-1.2491902352604247,0.5604769686906352,56369.0,12.272408860913618,176,attack,1
843.6650582392139,750.0,1217.6115239391702,1.4432404329751525,0.0,0.0,42.13117962555348,3301.834105480037,1.1894762889513406,1.0,2.505799745829466,2.1066411908375366,0.0,0.0,24.60984147278889,893.0969314548512,110.37229797447822,122.25,47.97927168394969,0.43470392992129336,44.349999999999994,22.19999999999999,-1.2300851178351637,0.42900441871686645,749.132226876646,750.0,25.015578443601534,0.03339274102236782,0.0,0.0,-28.79263637165746,827.0159092304924,111.4467752213797,122.8,47.07473007237058,0.4223965204812841,44.30000000000001,22.14999999999999,-1.2476901855184486,0.5246186616570334,56577.0,12.276067715987487,177,attack,1
842.6126173739937,750.0,1234.1887757112502,1.4647167040503208,0.0,0.0,42.647884950198694,3383.788708974385,1.1890315874777584,1.0,2.544689591102174,2.140136240198727,0.0,0.0,24.760685360894204,905.7911832846944,110.81722572144723,123.1,48.691238979785645,0.43938330582446705,44.55000000000001,22.25,-1.2250648088339064,0.3853142351702523,749.1350703803535,750.0,24.97460874844496,0.03333792494291419,0.0,0.0,-28.840097076818267,829.7511994003,111.88522336659443,123.7,47.831642459898795,0.42750634105790136,44.44999999999999,22.249999999999986,-1.244566572739586,0.4812545509422481,56763.0,12.292707053334295,178,attack,1
842.2644938237287,750.0,1242.7501664121714,1.4754868280987485,0.0,0.0,43.12012802363438,3457.421621503269,1.1888149550895604,1.0,2.568588507331729,2.1606293698906422,0.0,0.0,24.966682947048323,919.497400789679,110.11589694756704,123.45,50.38023796993507,0.45752011622739813,45.19999999999999,22.60000000000001,-1.1764929508283308,0.17999948185386305,749.1470317413437,750.0,24.80152269316541,0.033106348476768147,0.0,0.0,-29.042332295233624,841.45706514677,111.18076187414651,124.05,49.58232481808134,0.445961369415755,45.150000000000006,22.549999999999997,-1.1979779515141216,0.27212240486495487,57559.0,12.330326359706168,179,attack,1
843.0417341558397,750.0,1261.391097912959,1.4962380233477097,0.0,0.0,43.25464924938218,3494.60597925405,1.1904573181238585,1.0,2.605151142741464,2.1883616515098083,0.0,0.0,25.062802865767466,929.7231772831968,110.05722427200959,124.1,51.439614979339204,0.4673897176636467,45.599999999999994,22.80000000000001,-1.1487825670971081,0.0665449151368529,749.1540131646966,750.0,24.69993525019001,0.0329704370745457,0.0,0.0,-29.16234472006774,848.4423495720619,111.1261305693042,124.7,50.67063588408947,0.4559740866032274,45.55,22.75,-1.1713667833967654,0.15650418805932853,58034.0,12.352381263943302,180,attack,1
843.0316434981827,750.0,1280.3585649849567,1.5187550489470052,0.0,0.0,43.48319159127022,3515.1052549476626,1.1915663273215855,1.0,2.647910643620404,2.2222100296946152,0.0,0.0,25.118061717264123,931.3265094904617,110.87424137093168,125.05,51.7358986978112,0.4666178370928182,45.599999999999994,22.799999999999997,-1.1520196274366177,0.06755182783474689,749.1542900453035,750.0,24.69589767478499,0.032965035377814575,0.0,0.0,-29.16713494590061,848.7217609523769,111.95820356615505,125.65,50.964073624576585,0.4552062466281213,45.55,22.799999999999983,-1.1752534186794692,0.15841900812981757,58053.0,12.35325327122402,181,attack,1
844.6918168168169,750.0,1296.2422575271996,1.5345741863725284,0.0,0.0,43.444916500068686,3516.5131585807508,1.1942738192738194,1.0,2.6807508336867323,2.244670184025945,0.0,0.0,25.172467712259046,934.7011105090652,110.67912689705895,125.65,52.8658360336869,0.47764955792302777,46.150000000000006,23.049999999999983,-1.1188204739203702,-0.05634112013811077,749.1622986622987,750.0,24.578824672656317,0.03280841109669316,0.0,0.0,-29.306714495829862,856.883514540084,111.7679425620905,126.25,52.120600923803714,0.46632871402145687,46.05000000000001,23.0,-1.1426644811157216,0.031028110687468136,58608.0,12.369964980870163,182,attack,1
845.1493705341953,750.0,1307.9140383658446,1.5475537034822007,0.0,0.0,43.66841674167522,3568.5575147167365,1.195814903028241,1.0,2.7150299675769407,2.270443327559718,0.0,0.0,25.229980175233866,939.011960598604,111.19482631111933,126.5,53.41401068026466,0.48036417207770155,46.249999999999986,23.150000000000006,-1.1110525544481047,-0.09261566691286571,749.164749914937,750.0,24.542879185434817,0.032760322997340045,0.0,0.0,-29.34983684625561,859.412922901823,112.28475857072132,127.1,52.68874146980805,0.46924214951776044,46.150000000000006,23.099999999999994,-1.1354343206200805,-0.006596409530808867,58780.0,12.378765128625615,183,attack,1
846.0933785201879,750.0,1330.8288851951472,1.5729101763244604,0.0,0.0,43.50320360577994,3552.669536495959,1.1989884567083555,1.0,2.7702834842368067,2.3105172270316996,0.0,0.0,25.093654223463034,928.4708818917201,113.26744563200118,128.0,52.72981772277673,0.4655337412136281,45.69999999999999,22.849999999999994,-1.1609179607430038,0.0637391198744619,749.1553957577113,750.0,24.679767150569944,0.03294345511001535,0.0,0.0,-29.186287987274962,849.8394064761502,114.37001079149822,128.6,51.962198569742384,0.45433412316863253,45.60000000000001,22.80000000000001,-1.1855049212264464,0.15548631081759812,58129.0,12.354857509606514,184,attack,1
846.2917837319262,750.0,1341.8982661120742,1.5856212855980387,0.0,0.0,43.79154125447334,3609.132693594242,1.2000959364078667,1.0,2.8030954180723864,2.335726114082701,0.0,0.0,25.178094426032096,934.1833099414367,113.65709267956645,128.8,53.38400895015413,0.46969359933092536,45.95,22.950000000000017,-1.1484378757370013,0.011227145093037905,749.1589118070308,750.0,24.628403236414524,0.032874738387625745,0.0,0.0,-29.247443153319413,853.4129310066501,114.76764631071404,129.4,52.6230580842697,0.4585182303190365,45.79999999999998,22.900000000000006,-1.1733789263852714,0.10155360132472069,58372.0,12.364931071597772,185,attack,1
847.6270438842847,750.0,1363.564685753376,1.6086847341547603,0.0,0.0,43.7562436575144,3602.8848971686734,1.2034321749168662,1.0,2.853139832564063,2.370835591761671,0.0,0.0,25.119725083017787,928.743414680236,115.11745686852522,130.05,53.21255595455113,0.462245756656393,45.625,22.80000000000001,-1.1779351669609548,0.09934180862221842,749.15408604559,750.0,24.69887253835141,0.03296901531796271,0.0,0.0,-29.163605382096495,848.5158788826469,116.24123285859508,130.7,52.42268491608385,0.4509818386033027,45.55,22.799999999999983,-1.203353421285406,0.19403804428748117,58039.0,12.349964227378761,186,attack,1
847.229806833024,750.0,1374.1316647413391,1.6219113794849753,0.0,0.0,44.270001297940055,3680.6986156648572,1.2038564652505672,1.0,2.8868699765758916,2.3980184182298068,0.0,0.0,25.24706664619955,936.4400460107126,115.68601783021286,130.95,53.70696783814809,0.46424770119558767,45.749999999999986,22.89999999999999,-1.1715199307755226,0.06909417553474206,749.1562521482092,750.0,24.667266540002327,0.03292673119828984,0.0,0.0,-29.20114813403847,850.7070523460582,116.82291282018626,131.55,52.92323041768889,0.45302097970411237,45.70000000000002,22.849999999999994,-1.1973040608572192,0.16254040225362587,58188.0,12.356665599912098,187,attack,1
848.3713710936145,750.0,1402.3675223507157,1.6530113699416313,0.0,0.0,43.90347743910897,3618.569163117923,1.2072075196836738,1.0,2.945648627262878,2.440051589501969,0.0,0.0,25.090731074481514,923.5048519293128,117.53616014435556,132.35,53.20606531362056,0.45267826725217103,45.30000000000001,22.650000000000006,-1.2164306379486316,0.2139084717748534,749.1485553744234,750.0,24.77938783981372,0.033076734463472354,0.0,0.0,-29.06839811399723,842.9717689138375,118.68884429463077,133.0,52.385104956933716,0.44136502691772783,45.25,22.599999999999994,-1.2429100962405013,0.3142962286801123,57662.0,12.33727230718454,188,attack,1
850.1652493839159,750.0,1419.00335177463,1.6690912182107307,0.0,0.0,44.27535709111248,3694.01167425957,1.210804900905904,1.0,2.9873751015522303,2.4672638005653313,0.0,0.0,25.167899301618984,932.1467845681512,118.42377051849891,133.35,53.51561169792823,0.4518992383338156,45.30000000000001,22.64999999999999,-1.225803987952996,0.23344190190437475,749.1479643191836,750.0,24.787976858711644,0.03308822561006176,0.0,0.0,-29.058278242874092,842.3835344402902,119.59163745741206,134.0,52.68158062986834,0.44051224441699655,45.2,22.599999999999994,-1.2531685041555636,0.3369864775940976,57622.0,12.335343377670227,189,attack,1
851.9121274588589,750.0,1438.7524570673215,1.688850775441981,0.0,0.0,44.297905304458084,3704.4924961538386,1.2148073093183327,1.0,3.037145647320985,2.5001048512172885,0.0,0.0,25.111866423060157,927.6069966885417,120.02127860822374,134.65,53.197817496941056,0.44323655033363385,44.95000000000002,22.5,-1.2615208369588122,0.35169344941030056,749.1423080954544,750.0,24.870020500168668,0.0331979921991,0.0,0.0,-28.96196310678649,836.7953069988623,121.21301890204744,135.3,52.31506813503773,0.43159611573830753,44.85000000000001,22.44999999999999,-1.2895312401157057,0.46215619303362,57242.0,12.3183239147853,190,attack,1
853.2309337634559,750.0,1456.0026586992499,1.7064578897498135,0.0,0.0,44.44345913236968,3732.485612816131,1.218012553034819,1.0,3.0822155732953846,2.5305285775714617,0.0,0.0,25.10745791392763,926.7186623470693,121.2572974035843,135.8,53.19635073845725,0.4387063861517731,44.80000000000001,22.400000000000006,-1.284744456470996,0.4251564996345625,749.1392405063291,750.0,24.91440241154572,0.03325737201365469,0.0,0.0,-28.91012471882007,833.7953112577308,122.46644550809984,136.45,52.29215461601722,0.4269916906550428,44.7,22.350000000000023,-1.3136866595167467,0.5409277949535243,57038.0,12.306340445537593,191,attack,1
853.9197570106661,750.0,1473.762600983495,1.7258794973227054,0.0,0.0,44.7900739308743,3777.170446162975,1.2206858797767888,1.0,3.1313036685083557,2.5652002045611746,0.0,0.0,25.121765708322993,925.8659554729261,122.99174889139822,137.1,52.67535592965899,0.42828365646033184,44.45000000000002,22.25,-1.3230277778166515,0.5640666327204524,749.1330084057357,750.0,25.00432475861556,0.033377683906664866,0.0,0.0,-28.805657571828455,827.7659081454367,124.227591503108,137.8,51.707287727473194,0.4162303003852373,44.35000000000001,22.19999999999999,-1.352083366248031,0.6865905524724725,56628.0,12.28764863780682,192,attack,1
855.0528955687819,750.0,1490.0867132492158,1.7426836643340162,0.0,0.0,45.11393712557919,3848.488400458068,1.2233800180145176,1.0,3.1725838542621645,2.5932938314711924,0.0,0.0,25.18861950358836,933.7724947917447,123.82772456670415,138.1,53.04287887396448,0.42836028086255495,44.45000000000002,22.25,-1.331670636762824,0.5818892372542424,749.1329012203953,750.0,25.00586848283879,0.03337974936370075,0.0,0.0,-28.803870696796643,827.6629671177792,125.0731975795906,138.8,52.0659481514964,0.41628381746907944,44.35000000000001,22.19999999999999,-1.3613897553415129,0.7068732664331114,56621.0,12.286484434549378,193,attack,1
857.2593128773701,750.0,1508.6239682653186,1.7598221980250746,0.0,0.0,45.33568561903909,3900.302159668278,1.22746371950143,1.0,3.215200156796941,2.619385083009124,0.0,0.0,25.239847037889895,940.3807401156793,124.62065375376137,139.1,53.42325532022571,0.4286870090232796,44.500000000000014,22.25,-1.3367431506424428,0.5879423769368279,749.1332226969387,750.0,25.001238167682416,0.033373554142580926,0.0,0.0,-28.809230989404444,827.971790200861,125.8909024000918,139.75,52.41510701914953,0.41635341410588944,44.35000000000001,22.19999999999999,-1.3671541016879218,0.7162294589126907,56642.0,12.283886373932297,194,attack,1
858.2510234824989,750.0,1525.0126841254548,1.776884201008532,0.0,0.0,45.59770477011808,3938.9945898972437,1.2302879929109438,1.0,3.2602427471593627,2.6499833908363275,0.0,0.0,25.25778686036836,940.2611797152953,125.91612638462158,140.25,53.35086556872573,0.4237016107512786,44.35000000000001,22.150000000000006,-1.361984450316423,0.6735476007951107,749.1298892334958,750.0,25.04920918252815,0.03343773829149751,0.0,0.0,-28.753793112533614,824.7806183583854,127.21082945527691,140.95,52.295775360679535,0.4110953099245767,44.2,22.099999999999994,-1.3929715711155877,0.8080655055430106,56425.0,12.273152022119875,195,attack,1
859.6379344197919,750.0,1540.2922421657895,1.7917918468842369,0.0,0.0,45.86139517977522,3989.407146730531,1.2339396319368832,1.0,3.3078432905677575,2.6807172773724117,0.0,0.0,25.24297464485384,938.5323306286873,127.61966227174777,141.6,52.90335493365575,0.41453921748363226,43.97500000000002,22.0,-1.4052320656935702,0.8349720348806051,749.1236456455384,750.0,25.138811566314406,0.033557626584663026,0.0,0.0,-28.650809104126314,818.8688623210872,128.9392214348214,142.25,51.78209085228971,0.40160077186805015,43.85000000000001,21.94999999999999,-1.4368533992812407,0.9798535393075753,56023.0,12.252810324647477,196,attack,1
860.494561224307,750.0,1560.584904359989,1.8135906659765488,0.0,0.0,45.921037592766154,3994.3581162898477,1.2366181029693744,1.0,3.356542574491923,2.7142919600094597,0.0,0.0,25.219756133447078,935.5971866829227,128.92475846039108,142.75,52.834885811418836,0.4098117882272476,43.80000000000001,21.900000000000006,-1.43376001145686,0.9371784821363254,749.1201906707524,750.0,25.188256614162214,0.033623785512454256,0.0,0.0,-28.59429266480262,815.6335730003854,130.25899813044103,143.45,51.684549437171924,0.3967829491933843,43.7,21.849999999999994,-1.4665825994149515,1.0906872338759221,55803.0,12.244288989582696,197,attack,1
861.5285372216862,750.0,1568.810996803826,1.8209623117802118,0.0,0.0,46.37566749514178,4077.668347038623,1.2389299882062828,1.0,3.38830586239312,2.734864677300042,0.0,0.0,25.32297467699269,942.574359554694,129.39695120355157,143.6,53.55155866052063,0.4138548718685019,43.900000000000006,21.950000000000017,-1.4266063256805388,0.8889382236599599,749.1226903970552,750.0,25.152492146639595,0.033575931511710184,0.0,0.0,-28.635149813190008,817.9718048238362,130.73842104751438,144.3,52.416463325351884,0.40092623809723177,43.80000000000001,21.900000000000006,-1.4606279258879897,1.043212782645984,55962.0,12.245497805936616,198,attack,1
862.554596406495,750.0,1586.373539097255,1.839157249530958,0.0,0.0,46.5432165220056,4110.572041484734,1.2422642325505957,1.0,3.439757987524423,2.7689423050215094,0.0,0.0,25.276757087032536,938.4062296827263,131.26801887985235,145.0,52.93817754399809,0.40328313016174644,43.55,21.75,-1.479743874616903,1.0983401404537538,749.1152120240048,750.0,25.259336272081644,0.03371889379183002,0.0,0.0,-28.513434252192045,811.0159328540778,132.63134291286562,145.65,51.74711092964441,0.39015748308935194,43.39999999999999,21.700000000000003,-1.5151871155287167,1.2671969998557957,55489.0,12.223954519584698,199,attack,1
861.7741697947162,750.0,1579.6125039758458,1.8329773151034758,0.0,0.0,47.72513987631793,4334.79113049661,1.2421020492465742,1.0,3.4588208383138865,2.7846511004566126,0.0,0.0,25.51300223019548,956.2719294912711,131.68171710257903,145.85,53.70187771688465,0.40781574616809796,43.749999999999986,21.849999999999994,-1.4685173626491752,1.0328292787424127,749.1182312900735,750.0,25.216254529750415,0.03366124795324355,0.0,0.0,-28.562388666025104,813.8100463090784,133.059201148063,146.55,52.5120321610766,0.3946516415850362,43.575,21.799999999999983,-1.504594470188444,1.2004316194468991,55679.0,12.232147428933418,200,attack,1
861.8222779369628,750.0,1590.399507464472,1.8453915014492122,0.0,0.0,48.024017964870005,4394.80424899418,1.2430873925501433,1.0,3.492701999718583,2.80969947941749,0.0,0.0,25.583509463757007,961.0224133522472,132.14053228882975,146.7,54.43995043105636,0.411985251520425,43.849999999999994,21.900000000000006,-1.4602217074303083,0.9794327646827306,749.1207736389684,750.0,25.179920446078143,0.03361263141023688,0.0,0.0,-28.603805513218635,816.1776898380369,133.523293556053,147.4,53.26905821129441,0.39894955249086994,43.69999999999999,21.85000000000001,-1.4974034764722524,1.1469941312359708,55840.0,12.242800514342868,201,attack,1
861.7057194244604,750.0,1600.4208933642826,1.8572708260927124,0.0,0.0,48.56482821469277,4491.857430646718,1.2445323741007195,1.0,3.5339599577195084,2.8395886127695915,0.0,0.0,25.637302531175294,964.0728204626799,133.54176229545422,147.9,54.23498690125477,0.40612753620296455,43.64999999999999,21.849999999999994,-1.489713180942755,1.0910549477007443,749.1169784172662,750.0,25.234140675248675,0.03368518055559674,0.0,0.0,-28.54204413392154,812.6482833427243,134.94277123160072,148.6,53.01995955857673,0.3929070010543891,43.500000000000014,21.75,-1.5276542610172807,1.26686785961485,55600.0,12.233087073725962,202,attack,1
863.1866692974118,750.0,1626.102877300601,1.8838368746173555,0.0,0.0,48.894579364781585,4542.268442221198,1.247439507811519,1.0,3.579966069014453,2.8698514409689238,0.0,0.0,25.74979685807756,976.4662997449879,134.03597167214025,148.75,54.924684584723686,0.40977570348855785,43.80000000000001,21.900000000000006,-1.4817005489357895,1.0407837913382716,749.1193700561425,750.0,25.19998631680389,0.03363948033397573,0.0,0.0,-28.580917904388464,814.8688682573938,135.44514338350882,149.45,53.719817693359026,0.3966167878109368,43.650000000000006,21.80000000000001,-1.5204910183864069,1.216499672906167,55751.0,12.232289700919248,203,attack,1
864.5259064107389,750.0,1643.3745112463703,1.9008967794489642,0.0,0.0,48.86375451726683,4543.448711287898,1.25033603957202,1.0,3.621284766046162,2.896249209361108,0.0,0.0,25.743147599258553,975.4798875364792,134.76752496696793,149.75,55.384795775981885,0.41096544430534676,43.85000000000001,21.900000000000006,-1.4833706628918488,1.0320596534117898,749.1200960625123,750.0,25.189609205521585,0.03362559533233984,0.0,0.0,-28.59274974250682,815.545337837623,136.18867187721563,150.45,54.17236313145481,0.3977743698117218,43.69999999999999,21.849999999999994,-1.5229122898808247,1.209657134760941,55797.0,12.232101250724781,204,attack,1
862.647738621772,750.0,1633.234308381116,1.8932806929865587,0.0,0.0,50.444378682497636,4865.428942963115,1.2485375945213297,1.0,3.635947832028098,2.9121652787892742,0.0,0.0,26.056634841791816,1003.0378615813354,134.96340143917416,150.5,56.34620025555613,0.4174924435418179,44.0,22.0,-1.4621842678985482,0.9293047799485752,749.1244114709659,750.0,25.127838400675127,0.03354294429056797,0.0,0.0,-28.66338168278652,819.5894494931025,136.38768539691824,151.2,55.17236226348731,0.4045259812344756,43.900000000000006,21.950000000000017,-1.5024117546299227,1.1025313857484766,56072.0,12.251469320076948,205,attack,1
863.724474771054,750.0,1649.8334617486373,1.9101386031534604,0.0,0.0,50.611804617097754,4902.045392879396,1.251840545878973,1.0,3.685711118006266,2.9442336966473346,0.0,0.0,26.016006266193784,999.3544680158934,136.67089402647588,151.8,55.87107455508822,0.40880009568288095,43.75,21.850000000000023,-1.5063616062713023,1.100101568718931,749.1184054587898,750.0,25.213767069177187,0.03365791960983161,0.0,0.0,-28.565220299748088,813.9718107731387,138.12671892914346,152.5,54.647565319015115,0.39563355839248115,43.55000000000001,21.80000000000001,-1.5485419332017514,1.2881917399603422,55690.0,12.232527722305683,206,attack,1
864.0512388698784,750.0,1661.4583645455532,1.9228701838546407,0.0,0.0,50.8398593393195,4954.224714716355,1.2532382607449344,1.0,3.7208415193036184,2.9689817458109857,0.0,0.0,26.064954804059994,1002.7486081618031,137.1626014080553,152.7,56.61933165503414,0.41278986453889893,43.849999999999994,21.900000000000006,-1.5009382254675332,1.0580284197105554,749.1204113442142,750.0,25.185101414804993,0.033619563735572365,0.0,0.0,-28.597892493100577,815.8394550469378,138.6243201410323,153.4,55.41539209469515,0.3997523092507661,43.64999999999998,21.849999999999994,-1.5442510606361328,1.2467847305319806,55817.0,12.242697572713652,207,attack,1
865.2185914786069,750.0,1675.157108664655,1.936108545473938,0.0,0.0,50.990386283426254,4994.260845202964,1.256036136155873,1.0,3.7609109340202838,2.9942696915796043,0.0,0.0,26.075677106570353,1003.4371583353939,138.1129432803192,153.7,56.81250034638338,0.41134812565013984,43.79999999999998,21.900000000000006,-1.5078853635171388,1.0773117824825285,749.1199698865368,750.0,25.191412999668124,0.03362800888018466,0.0,0.0,-28.590692383256236,815.4276909539859,139.59405740672892,154.45,55.575389623251176,0.3981214577159518,43.69999999999999,21.849999999999994,-1.551684734081532,1.2693918750837225,55789.0,12.240723330052143,208,attack,1
865.534134391875,750.0,1685.4885851701245,1.9473392419749571,0.0,0.0,51.32760052025004,5061.35210610555,1.257393698816293,1.0,3.794741244302457,3.0179419921340593,0.0,0.0,26.146001023040892,1008.0548849240464,138.6358561810872,154.6,57.45112236846791,0.41440305524874327,43.900000000000006,21.950000000000017,-1.4987868395392139,1.0269843885053707,749.1221256660588,750.0,25.160576419458497,0.03358674848521895,0.0,0.0,-28.625904244987822,817.4423938432121,140.1279644835318,155.35,56.22080888194462,0.4012104870655695,43.79999999999998,21.900000000000006,-1.5432375516131387,1.2181673491266771,55926.0,12.250501993976332,209,attack,1
866.0605474694308,750.0,1697.6753601622015,1.960227105509761,0.0,0.0,51.66659342882502,5124.396618791932,1.2594124281647778,1.0,3.834569670229769,3.044729101028107,0.0,0.0,26.18434103687484,1009.9213726963335,139.66172923003003,155.65,57.603415627212826,0.4124495374988308,43.900000000000006,21.94999999999999,-1.5111590342463757,1.0676433970246535,749.1210412302845,750.0,25.176093088796527,0.0336075102729056,0.0,0.0,-28.608175220843943,816.4276894665092,141.1645420525986,156.4,56.35897842873272,0.39924316410655797,43.69999999999999,21.849999999999994,-1.5564909761807004,1.2634481513811489,55857.0,12.243933627211314,210,attack,1
867.2804445790214,750.0,1708.5312838874265,1.9699870953699976,0.0,0.0,52.26436876489686,5241.496045637499,1.261688901554958,1.0,3.8653790275468616,3.063654616271101,0.0,0.0,26.33580152171162,1023.3692704948992,139.830442530145,156.4,58.54787703005025,0.41870622713239536,44.099999999999994,22.05000000000001,-1.4858198350549647,0.9533118160402987,749.1255187645833,750.0,25.11196397217399,0.033521704097849,0.0,0.0,-28.68158931445028,820.6335656027895,141.35761859312828,157.15,57.30807097332041,0.40541197244041777,43.94999999999999,22.0,-1.531309981925816,1.1437270589665598,56143.0,12.25570029725884,211,attack,1
865.7213336176868,750.0,1715.9203586715382,1.9820700865728114,0.0,0.0,52.88218455111057,5347.35794607965,1.260556621880998,1.0,3.8971205404183786,3.0915870598522655,0.0,0.0,26.451659204612966,1030.3594616311625,140.33542875176812,157.3,59.23633604267482,0.42210535550117445,44.20000000000002,22.100000000000023,-1.4783323754207423,0.9093199203875848,749.1274614345632,750.0,25.08408899476365,0.03348440724189733,0.0,0.0,-28.713616947359753,822.4717981997059,141.8533098411886,158.05,58.05090185865578,0.409231916573864,44.10000000000002,22.049999999999983,-1.5245345574460831,1.096876397342581,56268.0,12.267172263845568,212,attack,1
864.6392703786507,750.0,1720.6441920130155,1.9900139294615837,0.0,0.0,53.73020544508362,5490.585261129264,1.2601227864721956,1.0,3.9275451964201444,3.116795631809492,0.0,0.0,26.59818373306139,1039.222119645593,140.9492344849163,158.25,59.80428651826025,0.4242966394021829,44.29999999999998,22.150000000000006,-1.4740293366334054,0.8799030488247013,749.128854820966,750.0,25.06407639111438,0.03345763045945471,0.0,0.0,-28.736654740538356,823.7953256769042,142.4592304921218,159.0,58.65022191384226,0.4116982922850036,44.150000000000006,22.05000000000001,-1.5204063555404148,1.0647539273680477,56358.0,12.275379343032883,213,attack,1
866.001350967008,750.0,1737.6127326106348,2.0064780853636712,0.0,0.0,53.80807585750157,5502.680843017873,1.2633141353811148,1.0,3.971856266526355,3.143997328366892,0.0,0.0,26.58883792285277,1037.4701335702248,142.09556859129563,159.3,59.793275582324476,0.42079620198646533,44.20000000000002,22.100000000000023,-1.4874432896661938,0.9269568399135752,749.1272753128555,750.0,25.086760965472706,0.03348798233917702,0.0,0.0,-28.710543844899224,822.2953278698815,143.62237193170506,160.075,58.605039395977116,0.40804951629572606,44.05000000000001,22.025000000000006,-1.5341930881834656,1.1154239378502977,56256.0,12.26550568018871,214,attack,1
866.6694040064701,750.0,1757.0149493904141,2.0273185383815595,0.0,0.0,54.16447031812106,5552.9880266286145,1.2653797614603886,1.0,4.015673181658707,3.173492499219503,0.0,0.0,26.660992799012735,1043.5294391386994,142.94338461553744,160.3,60.11130859650279,0.42052529229092356,44.20000000000002,22.100000000000023,-1.4912257428498188,0.9325397098255683,749.1273218507262,750.0,25.086092892746993,0.03348708845750221,0.0,0.0,-28.711312151351212,822.339445452329,144.47973999077482,161.05,58.91591475674915,0.4077797673259309,44.05000000000001,22.049999999999983,-1.5382840944515237,1.1215846231551971,56259.0,12.264855144202418,215,attack,1
867.7619294884421,750.0,1775.7883765927097,2.046400419570794,0.0,0.0,54.25683934901781,5566.9764347049095,1.2688320292216513,1.0,4.068861847398355,3.206777377691471,0.0,0.0,26.601558579272904,1037.7867740889835,144.8201454662705,161.65,59.45614365285375,0.4105516084204006,43.85000000000002,21.94999999999999,-1.5386481211207124,1.1166760715405992,749.120915325252,750.0,25.177893980686026,0.033609919928285985,0.0,0.0,-28.60611897099107,816.3100425824941,146.37341493582696,162.4,58.20043744290976,0.39761617550855116,43.69999999999999,21.849999999999994,-1.58716077833267,1.319873783391328,55849.0,12.242415860731526,216,attack,1
868.4606008919212,750.0,1787.8456677467038,2.0586376237569803,0.0,0.0,54.41101550706075,5591.823159638686,1.2700815521560684,1.0,4.096658072749608,3.225507894194032,0.0,0.0,26.693746636387253,1043.6971735111792,144.58498031321332,162.3,60.81484924500165,0.4206166443655414,44.25,22.100000000000023,-1.4974988707448882,0.9384798696566903,749.1276939750902,750.0,25.080750231677747,0.033479939980047946,0.0,0.0,-28.717457862981984,822.692386112144,146.14916872583194,163.05,59.5904492355202,0.40773717534657145,44.10000000000002,22.049999999999983,-1.545357412091031,1.1301136989163751,56283.0,12.261411054019058,217,attack,1
868.1214589235127,750.0,1796.405062259712,2.0693015289442203,0.0,0.0,55.27392554651965,5744.508751732348,1.2704143059490085,1.0,4.127395352045883,3.248857740910505,0.0,0.0,26.870475247764546,1057.7852204075,144.962301286491,163.15,61.56016709052107,0.4246632851727351,44.400000000000006,22.200000000000017,-1.4813554176239765,0.8665866740361903,749.1307365439094,750.0,25.0370245105395,0.03342143539063289,0.0,0.0,-28.767854294531713,825.5894407114058,146.53248679955735,163.9,60.34656057669113,0.4118305905723114,44.25,22.099999999999994,-1.528757478361272,1.052629581103707,56480.0,12.269888921312567,218,attack,1
866.9369213065415,750.0,1806.7750414550515,2.084090545748243,0.0,0.0,56.11960043332224,5894.794193337304,1.2700008851907587,1.0,4.164190630394622,3.2788879747663686,0.0,0.0,27.010737696265085,1069.1474591901733,145.79516872140073,164.15,61.90686643277118,0.42461534888764874,44.400000000000006,22.200000000000017,-1.48498349345286,0.8714954859268924,749.1308134903071,750.0,25.035917694576277,0.03341995449089909,0.0,0.0,-28.769132243019385,825.6629700163385,147.3620003902629,164.9,60.710137588448234,0.4119795973702032,44.25,22.099999999999994,-1.5328331855629989,1.0579530121442868,56485.0,12.272681377531717,219,attack,1
866.3001792273703,750.0,1808.2806685375363,2.0873603768041384,0.0,0.0,57.2181527390098,6098.020827432769,1.2705978386243855,1.0,4.197586229892088,3.3036308596562782,0.0,0.0,27.142945720791282,1077.5579479439623,146.98619187705017,165.25,61.90192034207957,0.4211410578883409,44.29999999999998,22.150000000000006,-1.5025284478619856,0.9328547325234964,749.1287775273721,750.0,25.065186946051917,0.033459116373534416,0.0,0.0,-28.73537534768694,823.7217963724532,148.5650112391532,166.0,60.682943602262874,0.40846053250437436,44.150000000000006,22.05000000000001,-1.5511208601568065,1.1242206123708396,56353.0,12.262877265763487,220,attack,1
866.8708858950076,750.0,1828.8734271864716,2.109741435482906,0.0,0.0,57.210032480219546,6086.957916756006,1.273344530607869,1.0,4.252157275980523,3.3393611656309776,0.0,0.0,27.07157541614925,1070.561963032449,148.8054074507311,166.55,61.31871324944186,0.4120731517753765,43.94999999999999,22.0,-1.5477670925570646,1.106112648556004,749.1227531000965,750.0,25.151594375047992,0.03357473027079085,0.0,0.0,-28.636176914284327,818.0306282661909,150.40293182164172,167.3,60.055392965258406,0.3992966908150187,43.80000000000001,21.900000000000006,-1.598407020385741,1.3121014372062758,55966.0,12.245066833477836,221,attack,1
867.0220250129717,750.0,1840.8631263735545,2.123202263917128,0.0,0.0,57.6524259997353,6158.728424703445,1.27489220089102,1.0,4.292403696690954,3.366875798354559,0.0,0.0,27.119401287638347,1072.4539257336885,149.91294934582308,167.6,61.32247536886715,0.40905389185164304,43.900000000000006,21.950000000000017,-1.5587996920725569,1.1467108419288952,749.1215759245674,750.0,25.168443607144106,0.03359727501651672,0.0,0.0,-28.616912634386846,816.9276887241298,151.53426600966165,168.35,60.00960677789036,0.396013445395012,43.75,21.849999999999994,-1.6096039053510585,1.3560622491470484,55891.0,12.238720280298306,222,attack,1
866.8627520717004,750.0,1852.5972361082854,2.137128665040452,0.0,0.0,57.772982481161435,6186.143430165394,1.2751360386954511,1.0,4.321657959316759,3.3891740396092183,0.0,0.0,27.18864694396668,1077.147665555771,149.85655386971007,168.3,62.552335555103774,0.417414747235471,44.20000000000002,22.100000000000023,-1.5268622355725816,1.0054023728981152,749.1269338834157,750.0,25.091661796898137,0.03349453965942049,0.0,0.0,-28.704908969236573,821.9717989321578,151.47659601732047,169.1,61.2853535537772,0.4045862870246277,44.05000000000001,22.0,-1.5773174571260384,1.2056839299947892,56234.0,12.25511581451624,223,attack,1
863.0488593561225,750.0,1847.5501830072044,2.140724899845843,0.0,0.0,59.44694940924418,6470.652207820464,1.2711250088835193,1.0,4.345841428577956,3.4188938131231366,0.0,0.0,27.433153340526253,1092.0446162737596,150.55338269184927,169.25,63.050287248037655,0.4187902398519213,44.25,22.125,-1.525984882386702,0.9915871578739424,749.1277094733849,750.0,25.08052769487167,0.03347964222616001,0.0,0.0,-28.717713905758202,822.7070919729778,152.1620696715763,170.05,61.823257954427426,0.40629874506745056,44.10000000000002,22.049999999999983,-1.576403283494194,1.1888191350401458,56284.0,12.263836105003989,224,attack,1
859.456120112872,750.0,1818.6558603287992,2.116054348522128,0.0,0.0,62.880440306548344,7110.5191437169005,1.267378919907005,1.0,4.35199367614702,3.433853607464413,0.0,0.0,27.89402484982503,1123.5994814098653,151.2389051088726,170.2,63.52315648047562,0.4200186217610284,44.29999999999998,22.150000000000006,-1.5228629546734416,0.9712144975333192,749.1286847569525,750.0,25.066519806857126,0.03346089973178602,0.0,0.0,-28.733840001070767,823.6335612071362,152.8531627220083,171.0,62.30690868479664,0.40762590433351553,44.099999999999994,22.05000000000001,-1.573275315924431,1.1662406972707835,56347.0,12.265446814504003,225,attack,1
860.075963276736,750.0,1831.3950499869443,2.1293410444929255,0.0,0.0,63.60269765377675,7241.070751242983,1.2692212257630002,1.0,4.388865591315137,3.4579201026808732,0.0,0.0,28.01595972084569,1133.86085916031,151.92722614156264,171.15,63.951645812407484,0.4209360457408646,44.400000000000006,22.19999999999999,-1.517592520996901,0.9445934987186129,749.1298429690546,750.0,25.04987431273972,0.03343862822692874,0.0,0.0,-28.753025941204175,824.7365007755601,153.55468483362873,171.95,62.729554228743616,0.40851605600121516,44.19999999999999,22.099999999999994,-1.5680602971533295,1.138141651225724,56422.0,12.268513922575528,226,attack,1
858.6107577652883,750.0,1828.2786593618036,2.129345157659422,0.0,0.0,64.95626074400914,7497.372417375436,1.2677108476188799,1.0,4.406995518610824,3.476341254702056,0.0,0.0,28.240384966480246,1149.1607004000598,151.87778936753526,171.9,65.12576782183505,0.42880376448089164,44.64999999999998,22.349999999999994,-1.486193461799717,0.8140732639802106,749.1350094258179,750.0,24.975487700263812,0.033339100944443284,0.0,0.0,-28.839077238280645,829.6923759555159,153.50347972191193,172.7,63.950652378983875,0.41660718372532896,44.44999999999999,22.25,-1.535845741023105,0.9975929956170098,56759.0,12.284114812170463,227,attack,1
857.1554870486517,750.0,1839.4616431516092,2.1460069625001448,0.0,0.0,65.62136139291049,7612.639607582893,1.267637574855604,1.0,4.453395572869598,3.5131457612219195,0.0,0.0,28.259090388360594,1148.4986025193202,153.5596953191879,173.15,64.66289782602286,0.42109290261103405,44.400000000000006,22.19999999999999,-1.5223003555504462,0.9470151110392568,749.1301513057653,750.0,25.045441111840223,0.033432696665839666,0.0,0.0,-28.75814003016412,825.0306179945281,155.1913506430318,173.95,63.475792987896725,0.40901630615937185,44.25,22.100000000000023,-1.5736907462257632,1.1410113691847847,56442.0,12.276442597052643,228,attack,1
858.6840869472411,750.0,1862.4169974104846,2.168919892333948,0.0,0.0,65.66401487148818,7612.960826067353,1.271354370486321,1.0,4.505990512381701,3.544244324781029,0.0,0.0,28.238454992816276,1148.055385526182,155.000711187939,174.3,64.43355061310872,0.4156984191832693,44.20000000000002,22.10000000000001,-1.5502503870743403,1.050218610547451,749.1266854032516,750.0,25.09522784250884,0.03349931103976117,0.0,0.0,-28.700810182980913,821.7365051595002,156.65155633016116,175.1,63.20728768432169,0.40348968861250933,44.0,22.0,-1.6030845465701802,1.2539629332158846,56218.0,12.265075441656421,229,attack,1
859.6781348946633,750.0,1874.492694240219,2.1804587300221394,0.0,0.0,65.76178916174634,7632.136798456231,1.2731501954610582,1.0,4.535619390343343,3.5625171378156333,0.0,0.0,28.302444728093484,1152.1605045419712,154.97146885097234,175.05,65.63252487332784,0.4235136013096906,44.44999999999999,22.25,-1.521037618069499,0.9257553856887113,749.1315514832045,750.0,25.025299724479368,0.033405747862217006,0.0,0.0,-28.78139766141774,826.368851344663,156.6304709892806,175.85,64.43749482840833,0.4113982063733836,44.29999999999998,22.150000000000006,-1.573252833046612,1.120879001232126,56533.0,12.277285630325427,230,attack,1
861.0837262693157,750.0,1889.5290051956235,2.1943615325098453,0.0,0.0,65.78821547295871,7633.407404177309,1.275991169977925,1.0,4.573564137327072,3.584322717065664,0.0,0.0,28.317511676214576,1152.3193336068734,155.55244376592313,175.95,66.23736433742668,0.4258201461437747,44.55000000000001,22.25,-1.51534475765591,0.895362756177104,749.1329624724062,750.0,25.004986319701946,0.03337856905558736,0.0,0.0,-28.80489178181633,827.7217905621502,157.22046584215454,176.8,65.04445455197853,0.41371493338075693,44.349999999999994,22.19999999999999,-1.5675897409831394,1.088862251044115,56625.0,12.276540330235207,231,attack,1
862.9079035381095,750.0,1902.339572670302,2.204568488560943,0.0,0.0,65.86677302294552,7656.422838946396,1.2791762013729977,1.0,4.607189733911197,3.601684997708753,0.0,0.0,28.35326029098031,1154.7683622421594,155.88811915744807,176.85,67.06042167189939,0.4301830186569119,44.70000000000002,22.349999999999994,-1.5000224779693916,0.8292906810097311,749.1357859531772,750.0,24.96428801082247,0.033324116240233646,0.0,0.0,-28.85207747940191,830.4423748774116,157.57682973726455,177.65,65.8538862230692,0.417916049795332,44.54999999999998,22.25,-1.55197012311981,1.0193880208618777,56810.0,12.276331705210357,232,attack,1
860.6527865849363,750.0,1901.287042640169,2.2091220434949865,0.0,0.0,67.41036244039837,7931.344296491223,1.277425491439442,1.0,4.637110385110409,3.630043721677396,0.0,0.0,28.52911489276029,1165.041347514301,156.76518817096525,177.85,67.45126365996155,0.43026940130611424,44.650000000000006,22.349999999999994,-1.5084434577584829,0.8506553552714107,749.1352074966533,750.0,24.972631446094876,0.03333527939441618,0.0,0.0,-28.842391581682516,829.88355215111,158.44433051793138,178.65,66.27002151222567,0.41825429345183035,44.5,22.25,-1.560617163787564,1.0408773933389135,56772.0,12.280599567084897,233,attack,1
857.9797234700834,750.0,1898.8406106376083,2.2131532467431536,0.0,0.0,69.13704015743215,8265.258952715869,1.274030309916272,1.0,4.652483013364555,3.6517836170399365,0.0,0.0,28.827533209045765,1188.5693608996012,156.41240751365459,178.5,68.88875010032017,0.4404302139157744,45.05000000000001,22.5,-1.4663700343468118,0.6854382113738788,749.1418133510462,750.0,24.877183848261986,0.033207576195729706,0.0,0.0,-28.953583777627383,836.3100135680876,158.07294505055148,179.35,67.78277571044484,0.4288069390291173,44.89999999999998,22.44999999999999,-1.51676677458772,0.8608329497844656,57209.0,12.309025235786452,234,attack,1
859.1006423235356,750.0,1926.9864548496603,2.243027603422465,0.0,0.0,68.93534981898574,8217.989088509836,1.2764958458423514,1.0,4.70001253247086,3.6819646125595904,0.0,0.0,28.85828046148151,1194.7323162772323,157.07362744617564,179.45,69.32650125495712,0.441363088012424,45.099999999999994,22.55000000000001,-1.4599135754468675,0.6575087473314674,749.143056622216,750.0,24.85917872350791,0.03318348679035291,0.0,0.0,-28.974654442759153,837.5306000773026,158.74656751424283,180.25,68.21057144810418,0.42968218158155946,44.95000000000002,22.44999999999999,-1.5100774389696396,0.8308395928931134,57292.0,12.312161678099399,235,attack,1
859.2388628575425,750.0,1938.4254617961196,2.2559797346101895,0.0,0.0,69.36681954641207,8298.024162410144,1.2780614028953075,1.0,4.740580656705552,3.709196323405345,0.0,0.0,28.883545249693256,1195.313713332521,158.17415863319414,180.5,69.4249859003154,0.4389148423498932,45.05000000000001,22.5,-1.472125885619546,0.6959627066047824,749.1416182949856,750.0,24.88000747324742,0.03321135398921402,0.0,0.0,-28.950282163880637,836.1188373683049,159.8603257230925,181.35,68.28744701842821,0.4271694475132913,44.849999999999994,22.424999999999997,-1.5228591756316958,0.8726075853123985,57196.0,12.308848042876948,236,attack,1
859.6706661295125,750.0,1954.427627447125,2.2734608780435965,0.0,0.0,69.59562374977467,8316.855001979056,1.2800441400571019,1.0,4.78478452000587,3.7379840040456913,0.0,0.0,28.89228131764793,1193.835443897061,159.3289399597194,181.6,69.44112608999367,0.43583498457687203,44.95000000000002,22.450000000000017,-1.4849444258640039,0.7381238623249398,749.1400395859242,750.0,24.90284897454368,0.03324191427320899,0.0,0.0,-28.92360146857643,834.5747219130363,161.02661747210593,182.4,68.28340325739421,0.42405041060508336,44.75,22.400000000000006,-1.5362593490715857,0.9181419505190407,57091.0,12.303228672994793,237,attack,1
860.8795394309585,750.0,1976.211562694542,2.2955726930167466,0.0,0.0,69.31326510929469,8241.210415874573,1.283099011812613,1.0,4.83360988601576,3.767137096604414,0.0,0.0,28.838787981812537,1188.1869023472946,160.5095500480981,182.7,69.4497229303853,0.432682808652657,44.849999999999994,22.400000000000006,-1.4997009562266561,0.7875192110707041,749.1382584733119,750.0,24.92859369900306,0.03327635909265358,0.0,0.0,-28.8935880476655,832.8394302681983,162.22470551919332,183.5,68.26041795037091,0.42077695707263774,44.650000000000006,22.349999999999994,-1.5517868897092997,0.9722656991965755,56973.0,12.295316495551216,238,attack,1
861.846617123939,750.0,1998.4855162725137,2.318841284011351,0.0,0.0,69.00487582910407,8165.286564060826,1.286003592434755,1.0,4.884954795699296,3.798554548709111,0.0,0.0,28.766905867789976,1181.3015988298757,161.9311629240369,183.85,69.17338311681829,0.4271777085258631,44.70000000000002,22.349999999999994,-1.5210410001307981,0.8646105001717195,749.1354207022857,750.0,24.969556575711046,0.03333116534831986,0.0,0.0,-28.845960448701337,830.0894342080427,163.66570830690665,184.65,67.94396995379074,0.41513870349909776,44.5,22.25,-1.5741655110139663,1.0561383274985738,56786.0,12.287936073724039,239,attack,1
862.3800802588081,750.0,2016.2124185116115,2.337962650884199,0.0,0.0,69.013308401294,8161.218043155891,1.2884190429048739,1.0,4.9341151134900265,3.8295887822067223,0.0,0.0,28.720903252688924,1176.6617244786537,163.4268569831213,185.0,68.85542593404483,0.4213225855598276,44.5,22.25,-1.5469001917246172,0.9589689743746406,749.1320734703979,750.0,25.017786830811072,0.03339569578821358,0.0,0.0,-28.790082504569998,826.868850619948,165.17582827957995,185.85,67.5871826423685,0.40918325245488746,44.349999999999994,22.150000000000006,-1.6011757477690831,1.1585097902102177,56567.0,12.280378518345504,240,attack,1
863.126639883386,750.0,2044.8491834420797,2.369118376091777,0.0,0.0,68.79287727199903,8093.019640197186,1.2893127599815124,1.0,4.969152245936036,3.854109258956911,0.0,0.0,28.854311196957863,1190.4340230390549,165.15729025706463,186.25,68.35293143960729,0.41386566304894606,44.25,22.125,-1.584903008452434,1.101720891898136,749.1400789277207,750.0,24.90228001479197,0.03324115304368146,0.0,0.0,-28.924265465957124,834.6131327451599,166.9162925334376,187.1,67.05141886458384,0.4017068546568138,44.05000000000001,22.049999999999983,-1.641010193873202,1.313357973750266,56254.0,12.271364778719622,241,attack,1
863.4287605316351,750.0,2067.310684596846,2.394303709925009,0.0,0.0,68.78293516367346,8050.928170087521,1.2917732500939128,1.0,5.0259934442598135,3.89077064716615,0.0,0.0,28.792552032632145,1182.7734945168236,167.02172387765174,187.5,67.69329964156218,0.4052963774409937,43.94999999999999,22.0,-1.6291086967471557,1.274577627197469,749.1217644849114,750.0,25.165745454367777,0.033593664805175553,0.0,0.0,-28.61999579054061,817.1041590505633,168.7981835750854,188.35,66.33557088492645,0.39298746870352924,43.75,21.900000000000006,-1.687273011235851,1.5014546486263036,55903.0,12.25460514729327,242,attack,1
845.5724291913499,750.0,1517.804772451179,1.7950026751732056,0.0,0.0,34.59742681456868,1496.0946804517826,1.127464573167438,1.0,2.0237381529088965,1.7949461127842945,0.0,0.0,34.59745857333666,1496.0968830703562,168.92998928719695,188.8,66.99181603944147,0.39656556140277177,43.650000000000006,21.849999999999994,-1.6775794682264464,1.4696301471844313,749.9869996578857,750.0,3.0636706738168,0.0040849650396797875,0.0,0.0,-235.65652975889785,55532.00001800629,170.54160046824637,189.65,65.87936623424356,0.3862949922679413,43.44999999999999,21.700000000000017,-1.7313913827362462,1.6761026460208113,55537.0,12.24512916066507,243,attack,1
838.8689266963754,750.0,1397.0512723897534,1.6653987624641262,0.0,0.0,33.744814594666835,1386.842293608165,1.1197250437512403,1.0,1.8623761877918419,1.6632442028380585,0.0,0.0,33.762596971930876,1387.8242379069272,170.09344505248734,189.9,67.03048088258521,0.39408032956179456,43.54999999999998,21.799999999999983,-1.695353053096557,1.5373740786086811,749.1142223104263,750.0,25.273442380428627,0.033737768724347535,0.0,0.0,-28.497441455722967,810.1041695223581,171.7036001367745,190.7,65.92620583588442,0.38395354426680256,43.349999999999994,21.69999999999999,-1.7500307412680167,1.7484109838028221,55427.0,12.240739137136215,244,attack,1
834.3653480582964,750.0,1326.4306376389939,1.5897479931612852,0.0,0.0,35.682649656134714,1569.3902621112318,1.114927129537431,1.0,1.768550594789718,1.5862476999043578,0.0,0.0,35.680494394063416,1569.2774222040398,171.50583350238804,191.05,66.80896383471269,0.38954339027647383,43.45000000000002,21.700000000000017,-1.7239939798584327,1.653332087853972,749.1111432968227,750.0,25.317276185546724,0.03379642181549445,0.0,0.0,-28.447858344445837,807.280644385657,173.115496628768,191.85,65.69968515004565,0.37951359889480746,43.19999999999999,21.599999999999994,-1.7795539152972708,1.8707390150349301,55235.0,12.229161765773553,245,attack,1
834.3084551811825,750.0,1343.8877782962934,1.6107804852636285,0.0,0.0,36.373411527192474,1622.217725195941,1.1160657524293889,1.0,1.792892758024298,1.606440081260114,0.0,0.0,36.306056098935755,1618.1481383715022,172.89457951306494,192.2,66.6037749778042,0.3852276639637001,43.25,21.649999999999977,-1.751964882457318,1.7683301024717855,749.1082372173281,750.0,25.3585781980878,0.03385168783123509,0.0,0.0,-28.401295561947762,804.6335895971137,174.5110114021978,193.0,65.47662691005682,0.37520054685347043,43.05000000000001,21.55000000000001,-1.808735377310202,1.994131201248428,55055.0,12.219381054360534,246,attack,1
833.4382984901277,750.0,1351.6242932405223,1.621744879841915,0.0,0.0,36.8011808335052,1654.4835081442234,1.1161077235772359,1.0,1.8049745288928487,1.6172045858689397,0.0,0.0,36.62803629846818,1643.808739598038,173.54564931106248,193.15,67.2289872403491,0.3873850338930027,43.29999999999998,21.650000000000006,-1.7506428072090676,1.750983594707777,749.1090301974448,750.0,25.34731485297341,0.03383661634180614,0.0,0.0,-28.413978544571684,805.35417673138,175.16705271746153,193.975,66.1192744447905,0.3774641030892872,43.099999999999994,21.525000000000006,-1.807868640119519,1.9768800877551085,55104.0,12.22559018853388,247,attack,1
832.4339302956877,750.0,1350.907377385091,1.6228403579191408,0.0,0.0,38.31786739612079,1790.1013080862285,1.1159977408952613,1.0,1.8065270312964556,1.6187550969836613,0.0,0.0,37.98538253683064,1768.6101991048188,175.0705453381714,194.3,66.84359624030884,0.38180949348842086,43.099999999999994,21.55000000000001,-1.783134020763607,1.8896821600237574,749.1055402721856,750.0,25.39684754604899,0.033902896428747685,0.0,0.0,-28.358286564444693,802.1924168711648,176.7025138205105,195.15,65.70496562391043,0.3718394504033582,42.94999999999999,21.450000000000017,-1.8418970909233883,2.126351084717939,54889.0,12.215152448610418,248,attack,1
830.9634465229396,750.0,1321.6151126578513,1.5904611907876103,0.0,0.0,39.91929147976695,1971.2652931312696,1.1152741967926565,1.0,1.7709006819383528,1.5878612515479775,0.0,0.0,39.349197368210426,1931.9961609290838,176.5463130176253,195.45,66.52515355442056,0.3768141765032448,42.94999999999999,21.5,-1.8155113141615145,2.0294832970993886,749.1022363633039,750.0,25.44365080225743,0.033965525087442966,0.0,0.0,-28.305862170640605,799.2218332233025,178.19132200800922,196.3,65.35596453552385,0.3667741155912535,42.75,21.399999999999977,-1.8759351192576688,2.2778913944598873,54687.0,12.202275521149963,249,attack,1
828.0288399875406,750.0,1288.262465513263,1.555818352332568,0.0,0.0,42.01962166254761,2203.4086487536515,1.1125932169228796,1.0,1.7308132715299496,1.5556568611094834,0.0,0.0,41.113007102680534,2136.629405183305,177.7326317087787,196.55,66.52908364584981,0.37432115310631364,42.900000000000006,21.44999999999999,-1.835786561044201,2.1139153506011743,749.1004269197647,750.0,25.469246793008548,0.03399977610176497,0.0,0.0,-28.277273360012714,797.6041886768836,179.38386210126976,197.4,65.35309987221716,0.3643198396259446,42.64999999999998,21.349999999999994,-1.8972575490315418,2.3689913506415614,54577.0,12.20119560219037,250,attack,1
825.0743832108046,750.0,1236.406425991614,1.4985393452407247,0.0,0.0,45.20733026853186,2571.0469613308505,1.1099257457667717,1.0,1.6674063713333238,1.5022683974065552,0.0,0.0,43.77482091179449,2455.978204874624,179.54648214162572,197.75,65.8202479799281,0.3665916880956169,42.599999999999994,21.30000000000001,-1.8851240355728378,2.3395079489849735,749.095388130378,750.0,25.540388548972626,0.03409497502409852,0.0,0.0,-28.19811354395882,793.1336074379942,181.21094093342916,198.6,64.59808210889335,0.3564800324756579,42.400000000000006,21.200000000000017,-1.9489477732075722,2.612932497858706,54273.0,12.184170883864919,251,attack,1
825.8263314649352,750.0,1222.3593912636168,1.4801651929592397,0.0,0.0,47.5834763649447,2879.8731132044577,1.1121963852970014,1.0,1.654905291942891,1.4879614012600522,0.0,0.0,45.588080632151275,2708.5973448521313,181.0755067160275,198.95,65.43748962701981,0.3613823360971866,42.44999999999999,21.25,-1.9238950247963467,2.5185367744020306,749.0917734983443,750.0,25.591300451854273,0.03416310438484723,0.0,0.0,-28.14173309994906,789.9571418687681,182.7686605014707,199.8,64.14745689579023,0.35097623804751826,42.25,21.100000000000023,-1.989823856873852,2.809177493510334,54057.0,12.162541007005643,252,attack,1
826.6456139051885,750.0,1247.9708912599276,1.5096806542822385,0.0,0.0,48.02801418325878,2943.4745372612374,1.1145252947818522,1.0,1.6951365168532013,1.5209493447925675,0.0,0.0,45.612118727591294,2732.543525165461,181.99344240378852,199.95,65.77485176953807,0.36141330643992947,42.44999999999999,21.200000000000017,-1.9347833398450323,2.558967114101283,749.091201895489,750.0,25.59934212948077,0.03417386569846847,0.0,0.0,-28.132848107905087,789.457142662459,183.70891769788793,200.8,64.47336803601489,0.3509539375875172,42.20000000000002,21.100000000000023,-2.0023624945520035,2.8576300478377847,54023.0,12.15898875496803,253,attack,1
825.0335249397367,750.0,1201.6053370264547,1.456432133608418,0.0,0.0,50.50220484473845,3325.348279669915,1.1136287780456147,1.0,1.642178179139023,1.474619021628551,0.0,0.0,47.18635963169983,3013.027508860513,183.17646080627134,201.0,65.71865694343967,0.35877239168270736,42.38750000000002,21.19999999999999,-1.9533626065405396,2.643274748158553,749.0896347116633,750.0,25.62137727018032,0.03420335308743446,0.0,0.0,-28.108530694074513,788.0894977797286,184.91252272505096,201.9,64.3765606056734,0.3481460295763517,42.14999999999998,21.05000000000001,-2.02172967442895,2.948997733743126,53930.0,12.149140986737498,254,attack,1
823.8310061525992,750.0,1199.6334817533273,1.456164520143246,0.0,0.0,52.4808017279596,3589.9150164863186,1.1131599307372066,1.0,1.6476998161623924,1.4802004372104722,0.0,0.0,48.393303486450144,3189.0410255160373,182.84623315313345,201.75,67.46456382200837,0.368968846984706,42.650000000000006,21.30000000000001,-1.9016710136326542,2.374915963567102,749.095604759975,750.0,25.537334092420608,0.03409088763857221,0.0,0.0,-28.20150321539242,793.3247836077888,184.58175395459233,202.6,66.18406169963293,0.3585623187648028,42.400000000000006,21.200000000000017,-1.9675876835048247,2.65744594417132,54286.0,12.172103207616232,255,attack,1
822.7343886781441,750.0,1200.1114023072416,1.4586863255289653,0.0,0.0,53.351205011031944,3693.172560825284,1.1127626203676686,1.0,1.6568479003675445,1.4889499970983069,0.0,0.0,48.54976416906089,3214.9832449361325,181.94057265962547,202.3,69.74058842009013,0.3833152078209673,43.05000000000001,21.549999999999983,-1.82322198973535,1.9975900539723526,749.1046104464547,750.0,25.410028240975304,0.0339205337767596,0.0,0.0,-28.34350336264191,801.354182868093,183.66338212769915,203.2,68.55588269371862,0.37326919443339257,42.849999999999994,21.44999999999999,-1.8853124990985715,2.2477279212225216,54832.0,12.206180018210187,256,attack,1
820.3630227227607,750.0,1140.9666873839992,1.3908070644105393,0.0,0.0,56.382735088071755,4226.794857498852,1.1106358402367933,1.0,1.5903255482171985,1.4319054820688417,0.0,0.0,50.06135330535671,3543.4496795913624,180.93124443446092,202.85,72.05831801472522,0.3982635406060397,43.599999999999994,21.799999999999983,-1.7461800992342644,1.6480110702008384,749.1139025754868,750.0,25.27799778172243,0.03374386417715057,0.0,0.0,-28.49228057420527,809.8100523192342,182.64245838839858,203.75,70.96543274036074,0.38854838774371453,43.349999999999994,21.650000000000006,-1.804525153038952,1.8688344128857253,55407.0,12.237503061071386,257,attack,1
820.5353189198887,750.0,1119.258279787621,1.3640586260941894,0.0,0.0,57.72011455752596,4477.310163204641,1.1119583744505248,1.0,1.5731976177445275,1.4147990193625049,0.0,0.0,50.18379051766368,3632.0408068376755,180.7558483671154,203.6,73.41473675291095,0.40615414337136974,43.85000000000002,21.900000000000006,-1.7053908527037112,1.4699794422594943,749.1191172512783,750.0,25.203598754146615,0.03364431393317723,0.0,0.0,-28.576801334137233,814.6335744907476,182.47627572141383,204.5,72.34030141739356,0.3964367484561958,43.599999999999994,21.80000000000001,-1.7618230185760941,1.6772733208631543,55735.0,12.252035263260078,258,attack,1
820.1877329108682,750.0,1131.7157900050263,1.3798253065655306,0.0,0.0,57.88693953585773,4455.574953483604,1.1127513637100113,1.0,1.6008240796460267,1.4386179445413017,0.0,0.0,49.55594270001993,3526.1496264099865,182.24219358068245,204.75,73.06231187363309,0.40090777244341536,43.70000000000002,21.849999999999994,-1.7316974059988006,1.5758571447025282,749.1161358849263,750.0,25.246161595563628,0.033701265246062935,0.0,0.0,-28.52838713891521,811.8688727478229,183.9752818475165,205.65,71.96158542328901,0.3911481189246534,43.5,21.75,-1.7895449113619109,1.7918524771973496,55547.0,12.2428705302025,259,attack,1
820.1918391655087,750.0,1153.6144354283451,1.4065178173463322,0.0,0.0,58.22920461283396,4507.596163863628,1.1140026348558951,1.0,1.640711928681549,1.47280794258964,0.0,0.0,49.195095278398064,3492.4426939249,183.55549612110812,205.85,72.89941359611228,0.39715189758204766,43.599999999999994,21.799999999999983,-1.7518644655523392,1.6562128252399297,749.1139665409395,750.0,25.27708650440332,0.03374264482228408,0.0,0.0,-28.49331282528996,809.8688757598335,185.28881272409814,206.75,71.80011934206861,0.3875038016946098,43.349999999999994,21.650000000000006,-1.8107970338514623,1.878168037430802,55411.0,12.233161555918304,260,attack,1
820.6101651749982,750.0,1179.429982631747,1.437259776547161,0.0,0.0,57.98550780012698,4447.135020865639,1.1159317470712362,1.0,1.6864475946881774,1.5112461842888336,0.0,0.0,48.37235714405803,3374.787449225774,185.85731966421372,207.2,71.69215555461655,0.38573759529160295,43.19999999999999,21.600000000000023,-1.815007655674809,1.9276610036470112,749.1068907807611,750.0,25.377691230941117,0.03387726310258749,0.0,0.0,-28.379799210553067,803.4130032313085,187.60801340489704,208.1,70.54432666985478,0.37601979462148816,43.0,21.5,-1.8777142923847798,2.173598732543761,54972.0,12.21115519537443,261,attack,1
820.3114768990389,750.0,1200.9198139884672,1.4639802657988075,0.0,0.0,58.87012956459573,4551.886793594697,1.116712995766792,1.0,1.7261626941739197,1.5457532067034363,0.0,0.0,48.49433996496926,3384.996696405847,186.46743870359674,208.15,72.29979247095206,0.3877341426128436,43.29999999999998,21.650000000000006,-1.807544802790821,1.8866838882941748,749.108010392253,750.0,25.361799055527804,0.03385599767148089,0.0,0.0,-28.39767081221824,804.427707559112,188.22171309158625,209.0,71.1814535683129,0.37817875737682255,43.0,21.5,-1.8703209458853167,2.129791698388777,55041.0,12.221146191461996,262,attack,1
820.6901787990241,750.0,1220.367413309413,1.4870013615799154,0.0,0.0,58.37144904652594,4446.021126322399,1.1184771129966133,1.0,1.7640696795597373,1.5772067743375262,0.0,0.0,47.471648436235185,3235.3784099970276,187.7324093772256,209.2,72.17675541094201,0.38446614332803636,43.20000000000002,21.599999999999994,-1.8268273747956028,1.9673034058996741,749.1060777102072,750.0,25.389225986040046,0.03389269789887075,0.0,0.0,-28.366841738949187,802.6777102425905,189.49979058065983,210.1,71.0415549833199,0.3748898865040241,42.900000000000006,21.450000000000017,-1.8911219890661244,2.2188597390645235,54922.0,12.212382008152746,263,attack,1
821.7362328879491,750.0,1229.7739527968079,1.4965555899547371,0.0,0.0,58.9251712499821,4531.576402450152,1.1211104832388488,1.0,1.7898962268969294,1.5965386584611911,0.0,0.0,47.163921231139675,3211.7006584289593,188.84994195187105,210.25,72.14887728916366,0.38204341787698837,43.150000000000006,21.55000000000001,-1.8372876573054626,2.011281816375968,749.1050511310815,750.0,25.40378219638128,0.033912175813023616,0.0,0.0,-28.350506892818334,801.75124107974,190.6454088815144,211.15,70.974010021884,0.37228281781490025,42.900000000000006,21.44999999999999,-1.9026014283695014,2.268710613636215,54859.0,12.203099002295362,264,attack,1
823.5688498286048,750.0,1252.014274337402,1.5202302449855432,0.0,0.0,57.998261938260654,4402.000909179069,1.1247720808110278,1.0,1.8316139677065488,1.628431216381052,0.0,0.0,45.9240526683896,3060.166929634775,189.7432366277635,211.25,72.47102489802185,0.38194259877728776,43.11249999999998,21.55000000000001,-1.8428832171828227,2.0291726252442457,749.1048063598571,750.0,25.40725165242904,0.033916818363362404,0.0,0.0,-28.346616256341882,801.5306531843061,191.55470233735687,212.2,71.27758656178231,0.3721004271471847,42.900000000000006,21.44999999999999,-1.908767550199606,2.2895610850892103,54844.0,12.20190054059743,265,attack,1
821.4859076360311,750.0,1125.8244465468254,1.3704732315939314,0.0,0.0,51.44210949265963,3330.0441018651672,1.1232921810699588,1.0,1.6967538733071066,1.5105187251378478,0.0,0.0,38.5576413895351,2079.4311603743304,191.18666240871286,212.4,72.1337761192669,0.37729502262590664,43.0,21.5,-1.8700970529398229,2.1486323951768727,749.1020393232739,750.0,25.446439342652724,0.033969256532315154,0.0,0.0,-28.302744794607005,799.0453629086545,193.02317496497486,213.3,70.90273119732579,0.367327556445963,42.75,21.350000000000023,-1.9381377523757168,2.421923971118934,54675.0,12.191629284909743,266,attack,1
820.9756115464371,750.0,1062.7035127955016,1.2944398077717947,0.0,0.0,48.229216122804914,2901.9625471074273,1.1239241737470869,1.0,1.6413409043527731,1.4603662263804273,0.0,0.0,34.7594418107119,1667.090379852813,192.66785613681157,213.55,71.78661260271241,0.37259257481817537,42.85000000000002,21.44999999999999,-1.901140102127486,2.2860903398173766,749.099040243701,750.0,25.48884492411119,0.03402600130927817,0.0,0.0,-28.255422426228897,796.3688964846392,194.5198291629934,214.45,70.52119805484462,0.36253989301909684,42.599999999999994,21.299999999999983,-1.9711671321757331,2.572736284097628,54493.0,12.181150842286634,267,attack,1
820.1383964060565,750.0,1010.0481708808086,1.2315582044530036,0.0,0.0,46.950124635404734,2766.2457481569013,1.1242535726830711,1.0,1.6020838543530236,1.425020025090597,0.0,0.0,32.489166978066336,1455.071682295995,194.9284509525865,214.85,70.5204093420605,0.36177586697805114,42.54999999999998,21.25,-1.9683535487680444,2.602484508873844,749.0923443826144,750.0,25.583266347997316,0.034152353231005836,0.0,0.0,-28.15061528769979,790.4571410760773,196.81041334843133,215.75,69.16745546397892,0.3514420517044772,42.25,21.150000000000006,-2.042796255312709,2.9210479859723293,54091.0,12.16015367202224,268,attack,1
820.4890584960272,750.0,1013.0269921303106,1.2346624024300938,0.0,0.0,47.497170483820554,2810.7321398396152,1.125859557915307,1.0,1.6245707347013953,1.4429603792763679,0.0,0.0,32.27438224737242,1425.3600263788103,195.2441734957881,215.7,71.51861446246156,0.3663034506072182,42.650000000000006,21.349999999999994,-1.9474711425961098,2.4915882224832977,749.0948878196265,750.0,25.547441479933166,0.03410441306613842,0.0,0.0,-28.19028966970893,792.692431662097,197.13353692904153,216.65,70.18231613952125,0.35601408686125013,42.400000000000006,21.19999999999999,-2.020782187744212,2.800294448192324,54243.0,12.163587298383305,269,attack,1
821.4524262519164,750.0,1023.8731280159628,1.2464180460061964,0.0,0.0,47.22335061251263,2772.906451858955,1.1284334189186693,1.0,1.6573277225624725,1.4686978378845077,0.0,0.0,31.677273543590154,1365.8342712823269,196.49432907402746,216.8,71.37531483751276,0.3632436374823965,42.55000000000001,21.299999999999983,-1.9673696165737606,2.582509848408124,749.0931156140902,750.0,25.57240871207646,0.03413782369513937,0.0,0.0,-28.162627906383943,791.1336105934355,198.41229755950644,217.75,69.99476344804219,0.35277432048812324,42.349999999999994,21.150000000000006,-2.042375566298825,2.9023726765813764,54137.0,12.153861126529964,270,attack,1
823.3971094287681,750.0,1043.4421723816838,1.267240509388686,0.0,0.0,46.77313888212617,2710.1375843886767,1.132493815219211,1.0,1.7013122566260765,1.5022706824202499,0.0,0.0,31.087001234075007,1306.2282079629917,198.71799011254734,218.1,70.10113286781466,0.3527669177214991,42.25,21.150000000000006,-2.0348489738577427,2.9128073445383915,749.0867729394914,750.0,25.661565697032707,0.034257133651331415,0.0,0.0,-28.06428705019579,785.6042076357859,200.66309904237272,219.0,68.61932009172726,0.34196282435186237,42.0,21.0,-2.11432106134738,3.267729731225419,53761.0,12.118801084809807,271,attack,1
825.1346478455232,750.0,1059.0790812472776,1.283522736577112,0.0,0.0,46.766343395672656,2725.8828734058457,1.135946281834876,1.0,1.7384839967117767,1.5304280004364563,0.0,0.0,30.805474453971808,1286.4516954883054,199.0121898065597,218.95,71.16579031643236,0.35759513216555067,42.400000000000006,21.19999999999999,-2.013115290760119,2.7921271971644277,749.0893138691547,750.0,25.625886077195066,0.03420938678838396,0.0,0.0,-28.103560031791815,787.8100864605257,200.9732416249374,219.9,69.69450530830761,0.3467849985640063,42.099999999999994,21.05000000000001,-2.0916757993979203,3.1374482067026364,53911.0,12.121019141010716,272,attack,1
826.699234670355,750.0,1067.2094268477754,1.290928286964392,0.0,0.0,46.57711569248924,2705.7222940756456,1.139050253573075,1.0,1.7667465786778465,1.5510699138477493,0.0,0.0,30.379633496210555,1245.866309589772,198.7421174748254,219.7,72.82404686960801,0.3664248313085052,42.650000000000006,21.30000000000001,-1.962987002943347,2.537202764559799,749.0945873674505,750.0,25.551676044158114,0.03411007965489991,0.0,0.0,-28.185594302709465,792.4277261969283,200.71681237242973,220.65,71.39161938613181,0.3556833059587693,42.400000000000006,21.19999999999999,-2.038839185704658,2.8591231618816595,54225.0,12.134546553781588,273,attack,1
827.2216285219295,750.0,1072.3469894361092,1.2963236845634307,0.0,0.0,46.820787298592286,2731.8642484496454,1.14054891948573,1.0,1.7902188554034568,1.5696116359574135,0.0,0.0,30.216927363872582,1227.111826191957,197.41273666290553,220.25,75.62482273150128,0.38307975467983785,43.150000000000006,21.599999999999994,-1.8692459688776883,2.0908227951444003,749.104659432844,750.0,25.409334008498657,0.03391960480894134,0.0,0.0,-28.34428161811716,801.3983004471347,199.39511172617853,221.2,74.27474949928403,0.37250035297396167,42.849999999999994,21.44999999999999,-1.9397981488055471,2.371603377928218,54835.0,12.169871039968477,274,attack,1
828.0853268377808,750.0,1083.6497982521241,1.308620939330335,0.0,0.0,46.68962224856737,2715.4363696617693,1.1427870282847379,1.0,1.822882498011446,1.5951200467750277,0.0,0.0,29.88142271777087,1194.1456824910365,197.63001412053842,221.1,76.68149194300014,0.38800529506733017,43.30000000000001,21.650000000000006,-1.845513628145065,1.9771175942539934,749.1075401730532,750.0,25.368474737613024,0.03386493043676024,0.0,0.0,-28.39016092986727,804.0012376237623,199.61676219112195,222.05,75.35225311624244,0.37748459743123597,43.05000000000001,21.5,-1.914681739759186,2.2475024925348848,55012.0,12.179193978858914,275,attack,1
829.4606483590575,750.0,1098.9944508009937,1.3249506808733622,0.0,0.0,46.674547317648006,2731.41783865549,1.1459263443701369,1.0,1.8618847511347423,1.6247857118235072,0.0,0.0,29.614694902494044,1175.9405728177924,198.96950583839566,222.2,76.49672230930112,0.38446455393738704,43.150000000000006,21.599999999999994,-1.8678263002399265,2.0708347006620107,749.1053446799206,750.0,25.399620724641082,0.03390660726829267,0.0,0.0,-28.355174951929065,802.0159465545054,200.97333498024673,223.15,75.12866071607385,0.37382402358729877,42.900000000000006,21.450000000000017,-1.9383847027970365,2.350516610525509,54877.0,12.169967763251577,276,attack,1
831.0915618735193,750.0,1114.6338620210713,1.3411685464696166,0.0,0.0,46.01231547988248,2665.7747259129096,1.1493165664297431,1.0,1.9005320414726334,1.6536192873095696,0.0,0.0,29.07949838757949,1130.342802400766,199.89091779751462,223.2,76.71652540211262,0.38379195136731964,43.150000000000006,21.599999999999994,-1.8706193455337778,2.0793041931446403,749.1052305449243,750.0,25.401238831735565,0.03390877248748864,0.0,0.0,-28.35335968693144,801.9130055365088,201.9193503582285,224.15,75.30300971163614,0.3729360736256322,42.900000000000006,21.450000000000017,-1.941393708849847,2.3607995847063057,54870.0,12.165941199452558,277,attack,1
830.6896388438632,750.0,1098.9814045411285,1.322974734668255,0.0,0.0,46.8866673919337,2799.166324322245,1.1499626641411842,1.0,1.9068076489567707,1.6581474411439383,0.0,0.0,28.940981848931415,1124.9196644302335,200.65803538522763,224.15,77.09465853423892,0.38420917650385106,43.19999999999999,21.599999999999994,-1.8665143688418377,2.057191287219746,749.1058335002823,750.0,25.392689480773107,0.03389733245317671,0.0,0.0,-28.36295334316186,802.4571223463762,202.69808026333618,225.15,75.6746373075796,0.3733367243008248,42.94999999999999,21.450000000000017,-1.9372268022951975,2.337173970418779,54907.0,12.1626153731842,278,attack,1
830.1660849065224,750.0,1048.6403585044388,1.2631693555904742,0.0,0.0,44.79916845901048,2593.9628341819853,1.1506240976626034,1.0,1.8809996328837213,1.6347646783209344,0.0,0.0,27.145156886851737,969.6931186644589,202.23792011560332,225.3,76.59070606980617,0.37871585124107965,43.04999999999998,21.549999999999983,-1.8968632697633017,2.190401577019763,749.1027613808732,750.0,25.436219174042066,0.03395558057636006,0.0,0.0,-28.314173495435355,799.6924207296139,204.28895497008355,226.3,75.13167558419494,0.3677715987885755,42.80000000000001,21.399999999999977,-1.9693262018078155,2.4825495175722274,54719.0,12.152445182167174,279,attack,1
831.292676665811,750.0,1071.958537096061,1.2895079761745578,0.0,0.0,45.07631191224058,2632.674706201165,1.1534893102057282,1.0,1.9295987776587356,1.672836289496767,0.0,0.0,27.16385751738458,972.7781260208179,203.79337186227053,226.45,76.07873672582828,0.37331310645983373,42.900000000000006,21.450000000000017,-1.9264712611701253,2.3244679212329125,749.0997836370971,750.0,25.478340301437953,0.034011944547271404,0.0,0.0,-28.267130384216877,797.0306601583168,205.8854911961935,227.4,74.54126876674958,0.36205207241008214,42.599999999999994,21.30000000000001,-2.0013920447107045,2.632609995847943,54538.0,12.140087974589326,280,attack,1
832.7718284094027,750.0,1090.9727546529966,1.3100500250311764,0.0,0.0,45.037512121770774,2662.071163144808,1.1565718467026433,1.0,1.9715292741537431,1.7046319083198527,0.0,0.0,27.071338804927557,973.0870965510288,204.2150570941475,227.35,76.8614137570681,0.37637486114274793,43.0,21.5,-1.9082376689425562,2.2356323606199986,749.1018750571664,750.0,25.44876382681359,0.033972367009322345,0.0,0.0,-28.300146718934307,798.898304313208,206.3234351088265,228.3,75.32828186269893,0.3650980404769172,42.70000000000002,21.350000000000023,-1.9823015328742137,2.5363248714539957,54665.0,12.14276385023219,281,attack,1
831.7360471070149,750.0,1053.3086755601323,1.2663977703308666,0.0,0.0,46.0029319097857,2877.799560231416,1.1563894374954282,1.0,1.9595824506950352,1.6945696554780079,0.0,0.0,26.846888300855476,969.6519133947571,205.02698770971742,228.3,77.21243845976787,0.37659646333529156,43.04999999999998,21.5,-1.9067639131241572,2.224429289000321,749.1021871114037,750.0,25.444347851410893,0.03396645783337821,0.0,0.0,-28.305082858819354,799.1777156446291,207.14151745146663,229.3,75.69314777405343,0.36541755947978116,42.75,21.399999999999977,-1.9811793369040798,2.525077310909327,54684.0,12.143469014422864,282,attack,1
832.894071131775,750.0,1077.9345865036673,1.2942036975229274,0.0,0.0,46.15253831978661,2905.317081319949,1.1591953286595522,1.0,2.0086598327883434,1.732805320317395,0.0,0.0,26.86534902691177,973.1634166981096,206.10572949754535,229.35,77.27966106091651,0.3749515418582135,43.0,21.5,-1.9169893970375342,2.266443032331665,749.1013161025792,750.0,25.456671840411317,0.03398294902598379,0.0,0.0,-28.29131147701206,798.3983050893145,208.23912174783547,230.35,75.72190278940407,0.36362957235815924,42.724999999999994,21.349999999999994,-1.992226793113453,2.5726340803177195,54631.0,12.145991487333879,283,attack,1
834.7753840526701,750.0,1095.674732552956,1.3125383827607264,0.0,0.0,45.95763302318733,2894.388592113383,1.162874908558888,1.0,2.0502530579815064,1.7630899444913781,0.0,0.0,26.719954879452136,961.6884482886096,206.78849758457275,230.3,77.80549883680463,0.3762564153501023,43.04999999999998,21.5,-1.9112707838591985,2.2347891999239913,749.1021214337966,750.0,25.445277339403912,0.03396770161416862,0.0,0.0,-28.30404374301328,799.1188922064098,208.9462566315655,231.3,76.21939656405432,0.36477990940250166,42.75,21.350000000000023,-1.9865789310501758,2.5404452655943297,54680.0,12.146458321564948,284,attack,1
835.7434722858452,750.0,1120.2175804018414,1.3403844810632262,0.0,0.0,46.100964733670345,2920.10172691954,1.165478699038021,1.0,2.0997941214832085,1.8016580853999011,0.0,0.0,26.729699459446376,964.2411091893164,208.05603278383433,231.4,77.66741953117716,0.3733004926219655,43.0,21.5,-1.9299332517549803,2.3159753823858393,749.1003939532753,750.0,25.469712889938965,0.03400039980692845,0.0,0.0,-28.276753295913444,797.5747769579517,210.23984760252864,232.4,76.02318951775601,0.3616021909485138,42.64999999999998,21.349999999999994,-2.0067046693626023,2.6317996819090883,54575.0,12.140424268745011,285,attack,1
835.9443619225761,750.0,1133.4984307644256,1.3559496090834433,0.0,0.0,46.36482565193773,2965.286237556658,1.1670059232363243,1.0,2.138182159170236,1.832194778618312,0.0,0.0,26.703766914640127,962.3214842777436,209.13196032470356,232.45,77.70089003317867,0.37154000714447616,42.900000000000006,21.450000000000017,-1.9385677013800104,2.352595376399038,749.0996680787075,750.0,25.479973500862776,0.03401413001051498,0.0,0.0,-28.265309464824536,796.9277191422997,211.3306223998643,233.4,76.02492685537322,0.35974401623407154,42.599999999999994,21.30000000000001,-2.0159581668656976,2.6726941853397355,54531.0,12.137894292313815,286,attack,1
838.444943571994,750.0,1153.2028227755811,1.3754067355485937,0.0,0.0,45.92045561220714,2934.4753271512477,1.1717694276193458,1.0,2.1843418936290213,1.8641396866505497,0.0,0.0,26.454415553119542,945.4512022694745,210.782830881693,233.6,77.17782350864944,0.3661485292033457,42.75,21.349999999999994,-1.9770149395970675,2.5269811122498753,749.0961209197857,750.0,25.530054808462,0.034081146725355685,0.0,0.0,-28.209584634376178,793.7806652440327,213.00090502529594,234.6,75.44182039359242,0.3541854452901642,42.45000000000002,21.25,-2.0572216535400583,2.8671926662723166,54317.0,12.119065125489355,287,attack,1
838.5241081639429,750.0,1164.8593727658956,1.3891781541218966,0.0,0.0,46.17901677534922,2988.695595029626,1.1732024938207843,1.0,2.222056920272378,1.8940097144149222,0.0,0.0,26.41393028042836,944.1874179829514,212.07275294668477,234.7,76.98121720853167,0.3629943787634275,42.650000000000034,21.349999999999994,-1.9962712149494528,2.614890698303972,749.0944036595713,750.0,25.55426487022671,0.03411354396106254,0.0,0.0,-28.182724526669325,792.2659617461288,214.30300470018813,235.65,75.21372380679266,0.3509690585627455,42.35000000000002,21.200000000000017,-2.078007177282026,2.9654809367873343,54214.0,12.113412983417588,288,attack,1
838.8032037463763,750.0,1146.9468534608682,1.3673610786632895,0.0,0.0,47.014071979066884,3182.9032734735983,1.1752211402661117,1.0,2.2360216029521007,1.9026390237039017,0.0,0.0,26.30105418151093,944.7484793837717,214.5130960633043,236.0,75.43083582824002,0.35163743945022297,42.35000000000002,21.150000000000006,-2.069667326928192,2.971763201187831,749.0876384449565,750.0,25.64941791024261,0.034240877293728496,0.0,0.0,-28.07764602729347,786.354206433988,216.77528356764293,237.0,73.52849756175166,0.33919225638474465,42.05000000000001,21.0,-2.156264260830313,3.361436722004,53812.0,12.0846319294786,289,attack,1
839.7780963196009,750.0,1176.8454001888138,1.4013766319298384,0.0,0.0,46.78945009330331,3161.065719718394,1.17785803376957,1.0,2.2908023208266375,1.9448883100922143,0.0,0.0,26.242184861839092,942.3928779370577,215.70181534836667,237.05,75.45298715115399,0.34980228158624693,42.25,21.149999999999977,-2.091097125846089,3.0706969972007627,749.0860249083158,750.0,25.672060021115776,0.034271177364786506,0.0,0.0,-28.0527565463884,784.9571498509376,217.98393096928348,238.05,73.5161850518888,0.3372550661188329,41.95000000000002,21.0,-2.180090075281961,3.4763559836051154,53717.0,12.083772585305635,290,attack,1
840.5036976170912,750.0,1192.3783536742108,1.4186473623551188,0.0,0.0,46.87929797771122,3186.5564726525176,1.1802494957794876,1.0,2.3334098485644907,1.9770479520716986,0.0,0.0,26.17263318179592,937.1153770636217,217.23385420550701,238.2,74.98933799083524,0.3452009736930507,42.14999999999998,21.05000000000001,-2.1259815109129407,3.2426183875020156,749.0831403600508,750.0,25.7124877918096,0.03432527900634735,0.0,0.0,-28.008424799311015,782.4718597386601,219.53490318764474,239.2,72.99230914529335,0.33248612446333453,41.85000000000002,20.900000000000034,-2.2179895288160925,3.6712139576602087,53548.0,12.072663140130121,291,attack,1
840.5826005961252,750.0,1205.0473445175733,1.4335858768227854,0.0,0.0,47.24081635812463,3250.305784117886,1.181445603576751,1.0,2.3699981442655087,2.0060154585962238,0.0,0.0,26.226475935546922,942.0115708384706,217.59002738650628,239.1,75.95579704429852,0.3490775655328075,42.25000000000003,21.099999999999994,-2.1037586351074897,3.1206919353902913,749.085394932936,750.0,25.680894766179172,0.03428300022920395,0.0,0.0,-28.043056771305004,784.4130330786355,219.90007665627792,240.1,73.97506417080982,0.3364030849631716,41.95000000000002,20.950000000000017,-2.1944095578835645,3.5370483100417696,53680.0,12.084217450524582,292,attack,1
841.4294249717032,750.0,1220.2769468011606,1.4502427780466531,0.0,0.0,47.025043772128406,3238.4616485235088,1.183567439185052,1.0,2.407870336721034,2.034417521978282,0.0,0.0,26.13516414050904,934.4877275467541,217.6024636974353,239.95,77.35958684872176,0.35550878208937087,42.400000000000006,21.19999999999999,-2.0677193615700564,2.9306550050664564,749.0890097044143,750.0,25.63015977504281,0.03421510587260693,0.0,0.0,-28.098850172213776,787.5453810005187,219.91888249130687,240.9,75.41699836797625,0.34293098215864837,42.099999999999994,21.05000000000001,-2.1560334698786447,3.327161204280988,53893.0,12.098917240852218,293,attack,1
841.9599023451949,750.0,1233.6596048888098,1.465223701808809,0.0,0.0,47.4429852698443,3304.3584405222377,1.185303691647555,1.0,2.444495344435213,2.0623367341726575,0.0,0.0,26.223410313225394,941.3183162540223,217.77710626341394,240.8,78.51017890199836,0.36050703514737575,42.54999999999998,21.275000000000006,-2.038291156366908,2.779353909960168,749.0919582747651,750.0,25.58870035474296,0.03415962495936592,0.0,0.0,-28.144607055670246,790.118906318083,220.10343523770067,241.8,76.60467474245803,0.3480394327318373,42.24999999999997,21.125,-2.1252190828962094,3.161898415963056,54068.0,12.110955293363775,294,attack,1
843.7296410936694,750.0,1263.0008645346184,1.4969260329617864,0.0,0.0,47.19762446276368,3273.71940193032,1.1886469157638735,1.0,2.4949334917510315,2.09896939003765,0.0,0.0,26.21416079464759,941.6379367758424,217.8466573380772,241.6,79.74771614498647,0.3660727096731424,42.70000000000002,21.349999999999994,-2.0038319140156093,2.6077078076752604,749.095438131034,750.0,25.53968357710571,0.034094031650795116,0.0,0.0,-28.19889581199283,793.1777250156262,220.17360278578013,242.6,77.88667124526341,0.353751177524419,42.400000000000006,21.200000000000017,-2.0884662722279894,2.971635352874955,54276.0,12.121696574626517,295,attack,1
845.1119779630623,750.0,1288.8924907479832,1.5251144515245736,0.0,0.0,46.89204656233317,3237.1766375166653,1.1919358118725851,1.0,2.5472094001006296,2.1370357151186257,0.0,0.0,26.093806180362893,932.3333764772456,219.46566721440476,242.75,79.18384881043761,0.36080289830973766,42.54999999999998,21.30000000000001,-2.0381979590198958,2.7684569337385048,749.0923443826144,750.0,25.583266347997313,0.03415235323100583,0.0,0.0,-28.150615287699793,790.4571410760775,221.81160597448746,243.75,77.258352678344,0.34830617784368856,42.24999999999997,21.149999999999977,-2.125384177499943,3.1514521833863585,54091.0,12.110351487310457,296,attack,1
845.8652629241757,750.0,1302.4886897827134,1.5398299786894902,0.0,0.0,46.88650043949378,3254.280092636581,1.1942234392924547,1.0,2.586741264534085,2.1660446273493505,0.0,0.0,26.020631931585356,926.8784342026656,220.54238573191716,243.8,79.22639376624885,0.35923431907802705,42.54999999999998,21.25,-2.04774513654231,2.810922821881009,749.0915886467084,750.0,25.59390134172153,0.034166584873765414,0.0,0.0,-28.138858850698952,789.7953774195591,222.90638486666916,244.8,77.26972734130382,0.3466465412712269,42.19999999999999,21.100000000000023,-2.1360278190334605,3.200804030979546,54046.0,12.107105020891801,297,attack,1
847.2836091673146,750.0,1332.3049177884407,1.5724426902318938,0.0,0.0,46.78023861986971,3244.0460641993723,1.1973786515605909,1.0,2.64059490866684,2.2053131690841896,0.0,0.0,26.012279429319932,928.2156285751718,221.5915283683165,244.8,79.24402993292712,0.35761308438295675,42.5,21.25,-2.053512050527541,2.83713529733577,749.0911177755563,750.0,25.60052536864126,0.03417544910245715,0.0,0.0,-28.13154125474636,789.3836133674968,223.98070144137142,245.8,77.23643380688777,0.3448352170961701,42.19999999999999,21.100000000000023,-2.1424668306294192,3.2316721509811757,54018.0,12.10388116924153,298,attack,1
847.780579001925,750.0,1345.0043987192405,1.5865006017272618,0.0,0.0,46.92503426111208,3280.2849339966747,1.1992632903894564,1.0,2.6787079501830195,2.2336279044388316,0.0,0.0,25.99242882146065,927.0386671030873,222.43661389649725,245.8,79.61299396457194,0.3579131716220826,42.51249999999999,21.25,-2.0549904193597803,2.8383368509075213,749.091218717607,750.0,25.5991055013359,0.034173549044080126,0.0,0.0,-28.13310947125207,789.4718485214529,224.8294185015364,246.8,77.61217781844343,0.34520472603505425,42.19999999999999,21.100000000000023,-2.1442472188013926,3.2338386702164064,54024.0,12.104258266690048,299,attack,1
1217.0536912751677,750.0,1129.9235246749627,0.9284089377281997,750.0,722.0,1.196100677064965,1.0623553411903917,1.8456375838926173,1.0,1.317027526758062,0.71358945995255,1.0,0.0,1.6517538959968476,2.1977082814279623,0.5744093381991051,0.559962,0.3076097231945603,0.5355235417289383,0.577114125,0.2859610833333333,0.08189547857190341,-1.4302925704089138,585.248322147651,750.0,302.99768324895126,0.517724992592988,0.0,0.0,-1.2953783675395827,-0.32199488491048545,0.7537837617449664,0.7724975000000001,0.1886255928963608,0.2502383342136521,0.31258675,0.17041800000000007,-0.36297464459647505,-0.6725473715399519,298.0,3.5507115414596,2,baseline,0
1521.6791208791208,750.0,1369.640855429176,0.9000851997219312,1500.0,694.0,1.4860263090904486,2.2735264296661306,2.320879120879121,2.0,1.6395869543859618,0.7064508184144058,2.0,1.0,1.7699229580779114,3.3676508407229413,0.7829637881493109,0.6686,0.5290766289158806,0.6757357580565219,0.6559545,0.330975,0.5941187988683737,-0.8396886312103691,642.0967032967033,750.0,257.41611989217097,0.40089930157019177,0.0,0.0,-1.9664402012020288,1.8668870649034792,1.3291646175824177,1.570754,0.6165305439870128,0.4638481462953805,1.166165,0.32501099999999994,-0.5803714201966642,-1.3113282592098492,455.0,4.166178036674282,3,baseline,0
1559.9149606299213,750.0,1363.5559991606674,0.8741220089395382,1500.0,666.0,1.7953714939798493,4.032305227209442,2.393700787401575,2.0,1.7048216953200783,0.7122116950843748,2.0,1.0,1.8190569807944799,4.415174309267018,1.0125629399387008,0.8479736666666667,0.7681169349808612,0.7585868538970644,0.9486779999999999,0.4703844666666668,1.0566399299779852,0.1256617205535,672.6834645669292,750.0,223.25924825481218,0.33189346849568474,0.0,0.0,-2.54129194453932,4.458164747380437,1.8109958850393701,1.843502,0.9805365610390826,0.5414350022213144,1.9171845,0.9527,-0.2653201787817346,-1.4911669722205132,635.0,4.503079857896653,4,baseline,0
1597.8699186991869,750.0,1445.082154392391,0.9043803487888556,1500.0,638.0,2.189471686037614,6.936188398893879,2.4905149051490514,2.0,1.8936613724236107,0.7603493432255847,3.0,1.0,1.9620184645329801,6.040764991279632,1.3803146554598444,0.99985625,1.014018982166829,0.7346288602789732,1.130155125,0.4437829285714286,1.1058350060495539,0.2601244460853085,683.4742547425474,750.0,208.82028946877094,0.3055276596298859,0.0,0.0,-2.8203605644995124,5.95443371378402,2.4877309295392953,2.485913,1.2160916581531076,0.4888356870565244,2.288915,1.1167715,-0.295887942844925,-1.2518067512958144,738.0,4.654874687914619,5,baseline,0
1708.2741738066095,750.0,1659.9157440478427,0.9716916461653179,1500.0,610.0,2.6232556174922403,9.928462326906024,2.6842105263157894,2.0,2.247404681828327,0.8372684108772199,3.0,1.0,2.2190129070290165,7.641850745936354,1.7606947301003357,1.2913810000000001,1.2718509999945267,0.7223574752916131,1.537864,0.6364670000000001,1.0465845614904472,0.13264165702217845,689.9069767441861,750.0,199.4391921029412,0.2890812802678646,0.0,0.0,-3.0175310436363154,7.105493599308879,3.2054201750305995,3.364038,1.4436969063495744,0.4503924064606577,2.3060080000000003,1.2076859999999998,-0.37668046926941845,-1.0668689022633369,817.0,4.815068744343725,6,baseline,0
1815.3226544622426,750.0,1854.7676530832227,1.0217289188365608,1500.0,582.0,2.9774033553023767,13.382656278361704,2.876430205949657,2.0,2.5731082589750627,0.8945491719746239,3.0,1.0,2.419715931280387,9.539782600335094,2.164039281012542,1.6756975,1.5582601334621544,0.7200701702295594,1.9313179166666665,0.8763652857142858,0.9472609536184319,-0.15885642004135114,693.8260869565217,750.0,193.3961134841521,0.27873860196362316,0.0,0.0,-3.1523496668561655,7.937308422128163,3.975555897025172,4.309029499999999,1.6450316092927768,0.41378656266000957,2.85316325,1.3561765000000006,-0.45861897538771085,-0.9229308284271482,874.0,4.80643739956541,7,baseline,0
1871.6185671039354,1500.0,2004.4377053050066,1.070964853916036,1500.0,750.0,3.3890643316112814,17.833881738134842,2.9646821392532794,2.0,2.8436847152438096,0.9591870499682149,3.0,1.0,2.6825729875076676,11.989824388453371,2.3703103940972223,1.70273225,1.8618851967541235,0.7855026925548533,2.367208202380952,1.01812125,0.9498865077754959,-0.12676168658406484,700.4581231079718,750.0,182.52352601804384,0.2605773564423477,0.0,0.0,-3.412799762340574,9.647202217831875,4.445217428859738,4.5784,2.1193596839754028,0.476773007820913,3.7079545000000005,1.9229260000000004,-0.5525685746192428,-0.8613356266638723,991.0,4.97008316025498,8,baseline,0
1925.3384030418251,1500.0,2132.3261712722347,1.1075072142660176,1500.0,750.0,3.6429579873330273,20.554877984050105,3.0722433460076046,2.0,3.0899858961039164,1.0057751122219432,3.0,1.0,2.7925881932968584,12.824400081982018,2.758865539007017,1.948289,2.124064461724722,0.7699050322290172,2.8482848125,1.1171342499999999,0.9590616329293635,-0.15795185305449655,703.3307984790874,750.0,177.53069911285576,0.25241422598975577,0.0,0.0,-3.5411430254016865,10.539693926351022,5.161009239543726,5.4617945,2.3549882934925375,0.4563038320971378,3.950561,2.0761890000000003,-0.5411377059272054,-0.927810158339319,1052.0,5.051854801828804,9,baseline,0
2035.5433364398882,1500.0,2323.1560008974693,1.1412952794022102,1500.0,750.0,3.6850478599580687,20.835584673674404,3.271202236719478,2.0,3.407693744076089,1.0417251815936306,3.0,1.0,2.770268768967365,12.384969155164967,3.2082579579636676,2.4143086666666664,2.3865203420572407,0.7438679723783816,3.3357350000000006,1.4090953333333336,0.9321369057612521,-0.24122755218756975,704.2441752096925,750.0,175.90369523225127,0.24977657100234446,0.0,0.0,-3.5842814421091647,10.847073456248163,6.055131917986952,6.439731,2.449303638328242,0.404500458702231,4.243867999999999,2.106171999999999,-0.5528087931864003,-0.9042508865508507,1073.0,5.032218502684937,10,baseline,0
2053.3873720136517,1500.0,2481.653406118574,1.2085656315714768,1500.0,750.0,4.027957618635253,24.160102781577656,3.304607508532423,2.0,3.684236219124039,1.1148786080075843,3.0,1.0,2.993674169636883,13.95079274148899,3.4520680983820466,2.772705833333333,2.71725254786749,0.7871375854784098,3.6314330178571432,1.7728133333333331,0.8805077348429244,-0.29511329406002007,708.1092150170648,750.0,168.790725133796,0.23836820868053285,0.0,0.0,-3.78112262701775,12.29688832054561,6.499884293515358,7.368748,2.972559457133893,0.457324980399956,5.509567999999998,2.1995575,-0.6313310874793616,-0.7705831452692307,1172.0,5.152975315802241,11,baseline,0
2086.0251968503935,1500.0,2630.709601464809,1.2611111339579277,1500.0,750.0,4.344680815246772,27.307106514637194,3.3566929133858268,2.0,3.9404442483306052,1.1739066843490191,3.0,1.0,3.204962188273359,15.46558851106536,3.7363577948000506,2.7917166666666664,3.0161117530221198,0.8072331180969047,4.054689857142858,1.7919143939393938,0.8882549684689224,-0.3266537622810284,711.3417322834646,750.0,162.53248176440073,0.2284872015629651,0.0,0.0,-3.9664900059880415,13.733042967603012,6.9725154574803145,8.0831575,3.3884068840124066,0.4859662061239644,5.52474575,2.4833784999999997,-0.5563386479978023,-0.9945754546892767,1270.0,5.330373886836598,12,baseline,0
2141.4992805755396,1500.0,2791.037682727046,1.303310119243626,1500.0,750.0,4.413201295839986,27.44731920093372,3.4287769784172664,2.0,4.194073321033363,1.2231980520848456,3.0,1.0,3.271174552897538,15.51956815361078,3.9292915014668965,2.6670142500000003,3.33950986061179,0.849901275933606,4.448597875,1.839532916666667,0.9149705219949413,-0.30827615514017825,714.6791366906475,750.0,155.73727853161733,0.2179121658045952,0.0,0.0,-4.182417206225022,15.492613686927118,7.3243175561151075,8.315321999999998,3.86504592620202,0.5277004849380232,6.20150875,3.040154499999998,-0.4682264325906994,-1.1692078109507302,1390.0,5.389021137109208,13,baseline,0
2181.3247106875424,1500.0,2960.0047810239803,1.3569757709713022,1500.0,750.0,4.490335123520374,27.67900889919789,3.4962559564329476,2.0,4.468574897192372,1.278102905758488,3.0,1.0,3.3232730773769856,15.48267251913872,4.286451293839009,3.14199375,3.6060803478473513,0.8412740751377331,4.9639714999999995,2.1421514423076924,0.9249019582743578,-0.3133836237913008,716.5786249149081,750.0,151.70116841625824,0.21170205632950936,0.0,0.0,-4.318735687203853,16.65147793592812,7.911243915588835,9.243491,4.139831338510693,0.5232845027509894,8.00263,3.303977999999999,-0.4039631315236346,-1.2666148421923797,1469.0,5.5538274918185335,14,baseline,0
2199.4146658014274,1500.0,2987.8079007748925,1.3584559324951981,1500.0,750.0,4.606888820219692,29.68828929717879,3.536015574302401,2.0,4.580893872035973,1.295495954635242,3.0,1.0,3.358287063511652,15.88221339579021,4.609483076177102,3.438849333333333,3.8712488134895553,0.8398444575048087,5.312539,2.296195666666667,0.9394803055518708,-0.2723677210832194,718.1401687216094,750.0,148.28266700430814,0.20648151080070087,0.0,0.0,-4.439361327538663,17.70792899644584,8.5202134256976,9.656809,4.411178417023853,0.5177309765174907,8.110958,3.8024510000000005,-0.3711545318708646,-1.2901155684229761,1541.0,5.564221510735389,15,baseline,0
2233.6296296296296,1500.0,3056.5079584164064,1.368404106872106,1500.0,750.0,4.730678319800317,31.11217337028745,3.59320987654321,2.0,4.734358607571635,1.3175847696729168,3.0,1.0,3.422956487301456,16.22081280421087,4.873962966830038,3.4964115,4.10180664266164,0.8415752582809224,5.7041445625,2.2649185,0.9724257018659929,-0.1516814555488497,719.6938271604938,750.0,144.78464241053138,0.2011753289336522,0.0,0.0,-4.568078791434575,18.867343844754387,9.076637390740741,10.2457005,4.727455355548101,0.5208377455257465,8.6904955,4.296826,-0.3521910522315856,-1.2825472633898065,1620.0,5.6230414639644675,16,baseline,0
2305.0602836879434,1500.0,3197.6095494730507,1.3872129818475236,1500.0,750.0,4.7858668324315445,31.455049540788607,3.701536643026005,2.0,4.964785926258507,1.3412769898178818,3.0,1.0,3.4699405517188016,16.383351511882843,5.160562436729036,3.7485435000000003,4.372035501476007,0.8472013574255236,5.62076445,2.53437575,0.9699246606393122,-0.15322180714959055,720.983451536643,750.0,141.8026371610112,0.19667946172521034,0.0,0.0,-4.682331135487827,19.92422486235872,9.667512238770685,10.649771000000001,5.016451053639036,0.5188978229084636,8.90078075,4.279586500000001,-0.3367768736601428,-1.2779748044152497,1692.0,5.716568971417158,17,baseline,0
2239.789090909091,1500.0,3216.391717951898,1.4360243698867294,1500.0,750.0,5.063814675975531,34.8877321032014,3.572987012987013,2.0,5.0187697216859695,1.4046425871249624,3.0,1.0,3.691086224600921,18.263182496423006,5.063692121330701,3.570592,4.6604395944727415,0.9203639326413101,6.20689375,2.710957125,1.0411531375633614,0.023262833834581276,724.4955844155844,750.0,133.28057937166042,0.18396327353626513,0.0,0.0,-5.0344256604713005,23.34544173081187,9.440276341818182,10.309317,5.749844577298988,0.6090758754411184,10.247891,5.027882999999999,-0.21099658300065294,-1.4055625552450906,1925.0,5.9339439087960555,18,baseline,0
2255.2361516034985,1500.0,3280.764662286112,1.4547322061831314,1500.0,750.0,5.280310984152831,38.37582653507778,3.5879494655004858,2.0,5.1444905355281,1.4338246915109467,3.0,1.0,3.8430696865212726,19.985381000645862,5.247876008361498,3.5577986,4.8879173417526385,0.9314086944822375,6.363280906249999,2.557899988888889,1.0894634304164086,0.12089509404761545,726.1438289601555,750.0,129.054401684272,0.17772567435996675,0.0,0.0,-5.224832699390888,25.298876736624266,9.790313663265305,10.401005000000001,6.086005595323313,0.6216354046100586,11.674687500000001,5.634532000000002,-0.13658838511943103,-1.4563708090624838,2058.0,5.991725386548279,19,baseline,0
2209.256298870547,1500.0,3204.145017900366,1.4503274335071228,1500.0,750.0,5.580163647551483,43.52026210345461,3.4939183318853173,2.0,5.08329468164469,1.4548979680649103,2.0,1.0,4.049571004246852,22.26949991111156,5.246093937229416,3.2675804,5.111614094230219,0.9743657195985669,6.45887325,2.4562566777777777,1.1647373472892981,0.31043358041721847,728.6724587315377,750.0,122.24410324948913,0.16776276059930942,0.0,0.0,-5.557281696251588,28.883379851492958,9.697572106429192,9.3282805,6.571852437448433,0.6776801827636318,13.610398,6.6871805,-0.003215515995505476,-1.5104165868717576,2302.0,6.138213876383373,20,baseline,0
2229.4518828451883,1500.0,3285.6072582121133,1.473728714888916,1500.0,750.0,5.677003393113081,44.92685548260135,3.528451882845188,2.0,5.238718313658453,1.4847073128950201,2.0,1.0,4.112757925951418,22.795546493413823,5.633632416079814,3.6082567,5.324865482995331,0.9451922116531452,6.828632000000001,2.60828295,1.179074724045463,0.339677908343881,729.4577405857741,750.0,120.03968875013703,0.16456016856266675,0.0,0.0,-5.672419582733809,30.17634392258195,10.322465386192468,9.749967,6.7290388515030815,0.6518829174766695,13.780790000000001,6.5174365000000005,0.036725984609653387,-1.5116484053458517,2390.0,6.177540094149085,21,baseline,0
2237.7238895558226,1500.0,3382.8821208506433,1.5117513544184977,1500.0,750.0,5.781100983508833,46.48178196004548,3.5418167266906764,2.0,5.405019681363491,1.5260585452183215,2.0,1.0,4.194005102864232,23.59596899774776,5.941743980081222,3.901577,5.5479919466354435,0.9337312353467649,7.054548428571428,2.73801,1.1953225516365713,0.39620014265384373,730.3537414965987,750.0,117.46754090502324,0.16083650186321433,0.0,0.0,-5.811881969549284,31.777972027972055,10.847403541016407,10.556537,6.946590788006702,0.6403920313040925,13.996800499999999,6.794601,0.06912846280787052,-1.491750880190448,2499.0,6.218392874097683,22,baseline,0
2229.2232716282583,1500.0,3400.220038827887,1.525293622268852,1500.0,750.0,6.015721428823548,50.9937497549373,3.5243672081601813,2.0,5.47095149690422,1.552321643510073,2.0,1.0,4.345204936632472,25.543629524240174,6.161367775017458,4.2076435,5.767575424838908,0.9360868617881792,7.34858525,2.8434350624999993,1.2261447016847975,0.4971284897639192,731.4522100491122,750.0,114.2255830909991,0.15616274244810827,0.0,0.0,-5.996068495028714,33.95283739707591,11.216517402720061,10.492162,7.230414520096824,0.6446220569624769,14.351193999999998,6.849724,0.10769681879324948,-1.4630272773784894,2647.0,6.264577722051273,23,baseline,0
2200.731847591661,1500.0,3411.8037570078623,1.5503041684708296,1500.0,750.0,6.213677216566655,54.77240742228072,3.483465132997843,2.0,5.536388331489377,1.5893336434014496,2.0,1.0,4.465448081306754,26.973549412402928,6.463910555648374,4.455427125,5.987434769786994,0.9262867606599197,7.4551609999999995,2.9098848333333334,1.2296327125452782,0.5332358022309851,732.352264557872,750.0,111.49090735562723,0.15223672097598462,0.0,0.0,-6.159287294391941,35.936819974858025,11.650172604601007,10.858554,7.485439134712558,0.642517444913763,14.561606,6.5958995,0.13577152467888703,-1.433263981450657,2782.0,6.390180923710497,24,baseline,0
2198.876997915219,1500.0,3430.8041082531704,1.5602528524814967,1500.0,750.0,6.376997232681937,58.66308091463058,3.485753995830438,2.0,5.6178669826692165,1.611664790283294,2.0,1.0,4.55436210035272,28.295608897445998,6.839619426378988,4.7493681,6.210407328333452,0.908004808627393,7.538307324999998,3.0287661,1.222589341493397,0.5373634586505207,732.9409312022237,750.0,109.66146015691739,0.14961841464774328,0.0,0.0,-6.272776793416208,37.34772870002094,12.242159604933983,11.5740065,7.680367167869053,0.627370285613138,14.699641249999999,7.005482,0.14619977592151592,-1.4045477231947,2878.0,6.42908169057564,25,baseline,0
2173.467369808833,1500.0,3408.4356809911196,1.5682019101537779,1500.0,750.0,6.6034437755631314,63.53365297049291,3.445286750164799,2.0,5.637986148001064,1.6364345138271525,2.0,1.0,4.689819675427312,30.03100037956694,7.0451682035133185,4.737686500000001,6.431899949941872,0.9129519358720749,7.108901625,3.1189111666666673,1.2391149617721482,0.6198381344838477,733.8180619644035,750.0,106.87143745226243,0.14563751288183285,0.0,0.0,-6.452950763732874,39.64057355916068,12.586221666446933,11.426252,7.993360866308129,0.6350882002672245,14.45306575,7.0883,0.16065247992438975,-1.3639206152198484,3034.0,6.516389877385809,26,baseline,0
2177.7665369649803,1500.0,3468.5329750014926,1.5927019338975492,1500.0,750.0,6.794112437171279,67.24393863959905,3.4636835278858626,2.0,5.776111763640926,1.6676211083194734,2.0,1.0,4.784335231089539,31.201399731924596,7.5332223556719216,5.233813833333333,6.640259179887929,0.881463318932613,7.352722083333333,3.2792908333333344,1.227053933870312,0.595672513095904,734.0804150453956,750.0,106.02125801978356,0.14442730775377952,0.0,0.0,-6.5096457350280374,40.37548759556873,13.373524150453958,11.807824499999999,8.099614025419966,0.605645447998464,15.091446000000001,7.090492499999998,0.16176598512088752,-1.3486588377648627,3084.0,6.549531487256236,27,baseline,0
2171.8477157360408,1500.0,3481.1101622300143,1.6028334477632855,1500.0,750.0,7.022734815836513,72.69959411222442,3.4647842639593907,2.0,5.858529159511696,1.6908784828111774,2.0,1.0,4.891775697421264,32.79479369688236,7.974731389514017,5.567107166666666,6.873402252240431,0.8618976510328956,8.003999875,3.3365846874999994,1.2041640625965122,0.5524533332510808,734.4238578680203,750.0,104.89689421319254,0.14282882165307195,0.0,0.0,-6.585969212129017,41.3749904631113,14.07330592036802,12.3877565,8.262966796015212,0.5871375810893432,15.113598499999998,6.956571500000001,0.15503286625590573,-1.320029464980668,3152.0,6.5851577023660335,28,baseline,0
2152.3703927492447,1500.0,3455.4664288713543,1.6054236949699219,1500.0,750.0,7.29611537294399,79.58111078094046,3.4317220543806646,2.0,5.871948501967238,1.711079279999257,2.0,1.0,5.047489252638772,35.12738433401155,8.153133655211342,5.7206019999999995,7.136331694712117,0.8752869751068901,8.515977750000001,3.5794277499999994,1.2001022035525408,0.5767649116107307,735.1673716012085,750.0,102.41655549134063,0.13931052906806163,0.0,0.0,-6.759988557328063,43.69744529520633,14.37541819123867,12.4361455,8.644910940528918,0.601367614181666,15.499228000000002,6.8802175000000005,0.1406829925778028,-1.2678147820200858,3310.0,6.653088414582642,29,baseline,0
2137.016919988529,1500.0,3494.343836176738,1.6351502898701873,1500.0,750.0,7.408087904950726,81.8921380090865,3.4017780326928593,2.0,5.945940118549347,1.7478918557900498,2.0,1.0,5.148575710796184,36.3501464434961,8.34339993483743,5.910621,7.391639600732078,0.8859265597312042,9.520808625,3.832649000000001,1.1938491122775006,0.5838184344458686,735.920275308288,750.0,99.83647920485633,0.13566208535704952,0.0,0.0,-6.949769825044328,46.29930062109666,14.621549526813881,12.74521,9.031605236267362,0.6176913889806726,16.129706000000002,7.283633,0.14233099999625298,-1.2427273736601105,3487.0,6.765959295604667,30,baseline,0
1455.2406864796985,750.0,2615.293398275722,1.797155221520263,750.0,0.0,10.099668097567339,153.7719274610703,2.218361936654109,1.0,4.4625984500767135,2.0116638211019437,1.0,0.0,7.26654288656434,72.25430633300282,4.833705614083453,0.999,6.615712527615918,1.3686626898296044,5.176846500000001,0.09999999999999998,2.0703930581313994,3.735711494652681,743.1529636280983,750.0,69.96004419403964,0.09413949431418843,0.0,0.0,-10.119847302776286,100.4128306031976,8.104533960792521,0.999,9.655708365869312,1.1913958794646233,12.5784255,0.2993229999999999,1.0741863308885133,-0.2902447384287643,7167.0,9.802481276430408,31,baseline,0
1418.0847651775487,750.0,2603.3101720298564,1.8357930611460407,750.0,0.0,10.487240608143694,164.84057690293218,2.1528573246786307,1.0,4.43488976334995,2.060001706807009,1.0,0.0,7.582771018078832,78.32644247261183,4.8211781516616465,1.999,6.089923525771979,1.2631608569936483,3.560075666666667,1.0,2.2491709265496875,4.667453751388713,743.7541762122947,750.0,66.84658499168688,0.0898772566657917,0.0,0.0,-10.60931937128171,110.55922303801492,7.851318243858979,1.999,9.213899569390701,1.173548095136442,10.757608,1.0,1.2561267235955487,0.19939460841841594,7857.0,9.993825375313635,32,baseline,0
1421.048678720445,750.0,2638.2978938593697,1.8565851637362434,146.0,0.0,10.572579211327401,169.1310304649306,2.1634846377544568,1.0,4.524523508677682,2.0913129817153755,1.0,0.0,7.616768277430856,79.19220423414689,5.243543530057185,2.999,5.986295946991249,1.1416508536024235,3.4022799999999997,1.0827825,2.272786100638541,4.866333920439057,743.7951547335794,750.0,66.62928351362802,0.08958015266648789,0.0,0.0,-10.645283044352352,111.32353551866969,8.307821376533065,2.999,9.08450291549552,1.0934879920692966,11.537913999999999,1.5958520000000003,1.288262237435975,0.3425017158700201,7909.0,9.994062864927786,33,baseline,0
1440.8358132375577,750.0,2725.8977360022595,1.8918864390781405,750.0,0.0,10.560163321922671,168.65491772296414,2.202283222165213,1.0,4.6864213225606095,2.1279830293367414,1.0,0.0,7.583966840478442,78.39694890089555,5.692018803230089,3.999,5.833849300327839,1.0249174329883213,3.3239885048076925,1.64192725,2.209255946983686,4.719661838775223,743.7051353635349,750.0,67.10706486245412,0.09023342944869021,0.0,0.0,-10.566933814851426,109.66147143405509,8.906392602103644,3.999,9.036483959100496,1.0146065149840942,11.301027249999999,2.0,1.2841664525881977,0.4077821161686823,7796.0,9.980621341268543,34,baseline,0
1473.9287322824216,750.0,2838.3667949156134,1.9257150856407552,750.0,0.0,10.293191572059511,160.046367397483,2.2644058815737185,1.0,4.891107877000472,2.159996101759481,1.0,0.0,7.407646242810878,74.37050899571705,6.072222652454886,4.899,5.7272179237834235,0.9431831228171478,3.5395134285714285,1.9,2.0787325301409423,4.249286293509227,743.4990897564484,750.0,68.18708659354066,0.09171105591518214,0.0,0.0,-10.39363579001595,106.02892985303848,9.508556296198172,4.999,9.079139388403274,0.9548388951573444,12.271792999999999,2.9999999999999996,1.2469153776850073,0.39429695571751466,7549.0,9.930484819220123,35,baseline,0
1491.405384006334,750.0,2895.359364600448,1.9413630899083245,750.0,0.0,10.348028957455162,163.55248523724148,2.295328582739509,1.0,5.005922259796967,2.1809174936611138,1.0,0.0,7.431917754970032,75.31230586831823,6.367216813886706,4.999,5.7125561189040015,0.8971825973390902,3.6521561041666666,1.9999999999999996,1.9514090141441998,3.8461960172364114,743.5238922612241,750.0,68.05844609535609,0.09153498200088095,0.0,0.0,-10.414120430287849,106.45510634640765,9.94864466165215,5.999,9.179588350594598,0.922697378666871,12.010578249999998,3.9999999999999996,1.2240777475187283,0.4183706937634155,7578.0,9.904314478290535,36,baseline,0
1540.3342072581759,750.0,3009.40339604565,1.9537340545091477,750.0,0.0,10.147470670391964,158.0805513455416,2.383744997930178,1.0,5.227352211591062,2.1929158597626874,1.0,0.0,7.26587320792249,71.96057834909215,6.829306169425568,5.899,5.914477717762821,0.8660437196741327,4.367324999999999,2.9,1.7627561163677963,3.1372479531742483,743.2280272545208,750.0,69.58170139386615,0.09362093306801209,0.0,0.0,-10.177736906732639,101.58741926699585,10.72338205616117,6.999,9.430345257414855,0.879418937796458,13.222994000000002,4.47853,1.1228085825284448,0.24381624832337945,7247.0,9.724212913794915,37,baseline,0
1492.711093990755,750.0,2950.5904790193254,1.9766654719038348,750.0,0.0,10.567300044792095,172.09151524317014,2.305855161787365,1.0,5.156929369240995,2.2364498233460783,1.0,0.0,7.552871234124484,77.62218047021638,6.5383621140964365,5.243394892857143,5.763995256246268,0.8815656208179927,6.0,2.7556051071428564,1.6246189149772627,2.7062122085848888,743.6983821263482,750.0,67.14419291701633,0.09028417236170494,0.0,0.0,-10.561326211291789,109.54272270391009,10.197366471237803,6.999,9.405630360470589,0.9223587665501336,12.704861499999998,5.0,1.195915524841182,0.5753290967588445,7788.0,9.914530453990025,38,baseline,0
1561.7181594083813,750.0,3115.184668528024,1.9947162999680654,750.0,0.0,10.211339328767375,160.60793192303288,2.427964941112024,1.0,5.451984196999884,2.2454954372211153,1.0,0.0,7.2931004035536455,72.18354774669635,7.084413338141583,5.85077875,5.967459262383114,0.8423364049433805,6.480940416666668,3.1482212500000006,1.4837105615060762,2.088994942787603,743.2788979485775,750.0,69.32300420151422,0.09326647694807853,0.0,0.0,-10.217376029890978,102.3957646709175,11.117303335250616,7.999,9.656987262849539,0.8686447577830566,14.248780749999996,5.6697595,1.0921444016898534,0.3489606843582602,7302.0,9.698610396403513,39,baseline,0
1503.6250314149283,750.0,3039.62023942735,2.02152809106073,750.0,0.0,10.671835080171638,176.24039700580173,2.3303593867805983,1.0,5.34554286262152,2.293870590495662,1.0,0.0,7.623341303949792,78.82519516043733,6.829624334900423,4.999,6.202835339924055,0.9082249675471342,7.899999999999999,3.7279610689655174,1.502639509216127,2.0707861354325505,743.8328788640362,750.0,66.43065111344896,0.08930857051506014,0.0,0.0,-10.67900558653667,112.04218748504395,10.665939106056797,7.899,9.943010119647864,0.9322207843847141,13.821866999999997,5.9,1.1241516462301746,0.41279383568416783,7958.0,9.944581371461563,40,baseline,0
1537.7938144329896,750.0,3121.1846447067965,2.0296509294112552,750.0,0.0,10.577531503423156,174.3457208774027,2.392783505154639,1.0,5.515988894950067,2.3052603309356163,1.0,0.0,7.534737420665581,77.08034007488382,7.144851670267006,5.0771421,6.261532641974219,0.876369857758044,8.0,3.0781420999999995,1.4404979402355484,1.8044483198806578,743.6754651747548,750.0,67.26600873674003,0.09045075693190084,0.0,0.0,-10.541792713582721,109.13034852671342,11.189733100773195,7.999,10.08541866481717,0.9013100289336019,14.632878,6.0,1.0961503022943826,0.38461301541100434,7760.0,9.841086562332272,41,baseline,0
1555.2329087600729,750.0,3193.6334509059507,2.053475998943535,750.0,0.0,10.608152519926314,176.01242252198128,2.4276059266961267,1.0,5.660359018562682,2.3316630414830963,1.0,0.0,7.529874040566476,77.10070467972393,7.4268500376174424,5.3460055,6.35713871166035,0.8559670222854993,7.7791109999999986,3.3470055000000003,1.3775408478614688,1.5334394862522398,743.6211581071211,750.0,67.5519021770071,0.090841823743907,0.0,0.0,-10.495652556765,108.15962599901022,11.636435937093838,8.340993000000001,10.287754443814215,0.8840984043077669,15.528361499999997,5.341993,1.081730773986403,0.3764074857510269,7694.0,9.79950412734771,42,baseline,0
1583.6481262327416,750.0,3304.362486988318,2.086550940358762,750.0,0.0,10.529664600377624,172.75252105386954,2.478369493754109,1.0,5.8466901663768,2.359087368171454,1.0,0.0,7.479351003807269,75.94714814851535,7.625749133628509,5.999,6.443352519054876,0.8449468250457617,7.783164,3.8999454,1.3338986369160957,1.3852513778894657,743.5464550555785,750.0,67.94302179996578,0.091376969573323,0.0,0.0,-10.433113085873174,106.85070167327336,11.991126850361601,8.735371,10.443849042324395,0.8709647702550535,14.572223,5.736371,1.0673873188782925,0.392901577445151,7605.0,9.745855033271608,43,baseline,0
1597.7065217391305,750.0,3362.142903340569,2.1043557484392186,750.0,0.0,10.62491108381215,176.38165185411708,2.4998706004140785,1.0,5.946361344029922,2.378667657055916,1.0,0.0,7.546762849245899,77.53944768262355,7.670219573404216,5.899,6.5687312398843725,0.8563941588661746,8.305093000000001,3.9,1.291339789881117,1.2063636932748665,743.6491212591757,750.0,67.40550858834669,0.0906415494369348,0.0,0.0,-10.519432101748086,108.6592802180509,12.120122945134577,7.999,10.722934280592035,0.8847215765989057,15.728086750000001,6.0,1.0659992940941343,0.3957588445733946,7728.0,9.739520027504412,44,baseline,0
1571.5979650080656,750.0,3357.388780721867,2.1362898498692298,750.0,0.0,10.80375956130729,183.0709539397279,2.4581213550068246,1.0,5.952375578609498,2.4215141235746565,1.0,0.0,7.689298082016831,80.46005394876546,7.564960643546397,5.999,6.656320801500081,0.8798883583325092,8.38789175,3.9999999999999996,1.318469800408946,1.2513029370005562,743.9099198963202,750.0,66.0192645477508,0.08874631562508535,0.0,0.0,-10.748289368607878,113.52655055450006,11.907430133391241,7.999,10.865159826422602,0.9124689126627022,15.693812500000002,6.0,1.108441304508262,0.5059886414312644,8059.0,9.850370070020805,45,baseline,0
1565.7471542746428,750.0,3378.3698915675586,2.1576727010771046,750.0,0.0,10.907999812722945,187.43765417040376,2.449624606442238,1.0,6.003727991717507,2.450876749004062,1.0,0.0,7.77196586785003,82.22425129018633,7.72218484249139,5.801281666666666,6.757450216687028,0.875069731496726,7.9827685,3.802281666666666,1.3482083348947205,1.3238784856802202,744.056635462845,750.0,65.2260927023893,0.08766280628868393,0.0,0.0,-10.88356285049082,116.45275095077555,12.060341063453622,7.999,10.941378364928234,0.9072196472190845,14.802818499999999,6.0,1.1234780079111164,0.5539104745330778,8258.0,9.916645635726763,46,baseline,0
1569.0773888821607,750.0,3428.0781642417674,2.184773159394001,750.0,0.0,10.991211512533505,190.17377048047268,2.46215332445198,1.0,6.114490627160565,2.483391495743472,1.0,0.0,7.802340727310437,82.67805391311471,8.00911952086918,5.999,6.837399545085623,0.8537017742424203,7.899999999999999,3.4460666666666664,1.3860227301210535,1.447765602450752,744.0558752212822,750.0,65.23044387781536,0.08766874377332996,0.0,0.0,-10.882882533599423,116.43790935323076,12.419911272496062,7.999,11.042267091608315,0.8890777759468744,14.766287,5.672896,1.146702641187177,0.631022051238086,8257.0,9.896361273793286,47,baseline,0
1609.3062420382166,750.0,3586.7399213510403,2.228749151440789,750.0,0.0,10.786238130594224,182.30026813711422,2.5434394904458597,1.0,6.400693504760246,2.5165503361899195,1.0,0.0,7.628936979681973,78.8411147070528,8.13776576166411,6.0977785,6.555829304763373,0.805605555230771,8.0,3.1987785000000004,1.304119526908457,1.2669016057780373,743.7476486199574,750.0,66.88610595917656,0.0899311830878194,0.0,0.0,-10.604341768705227,110.45277391798022,12.771642575796177,8.999,11.099946413671404,0.8691087577652039,14.6784305,6.0,1.2134954997763896,0.9040131999248908,7850.0,9.838459214308354,48,baseline,0
1610.5029652996845,750.0,3634.211979309824,2.2565695671560375,750.0,0.0,10.87409519727437,185.02616183264226,2.549652996845426,1.0,6.497286126447437,2.5483021158119343,1.0,0.0,7.679466981662036,79.73539263097538,8.191819713920058,6.470988,6.685156686849753,0.8160771257563093,7.535495399999999,3.5280120000000004,1.2769377561547264,1.2321338336284846,743.8067804030129,750.0,66.57201803119082,0.08950176280339964,0.0,0.0,-10.656212062975738,111.55554339854606,12.76510123154574,8.724393,11.210192957047278,0.8781906820561753,14.860707,5.725392999999999,1.228101620266819,1.0053561415089964,7925.0,9.805850816466275,49,baseline,0
1665.0922155688622,750.0,3812.466046620308,2.289642586142184,750.0,0.0,10.598829920068502,175.17819215421324,2.653226879574185,1.0,6.811327784950203,2.567186333512251,1.0,0.0,7.475525539261662,75.41154424340678,8.176540610997721,6.3816145,6.580231083907868,0.8047695715052448,8.0,3.776364944444445,1.1963407677258409,0.9788096510486963,743.4688542914171,750.0,68.34816579555124,0.09193144460730947,0.0,0.0,-10.369461641158352,105.52636227024479,12.916528017831006,8.999,11.38822901825034,0.8816788073799028,14.990605500000001,6.0,1.2915412502693975,1.2623079589088748,7515.0,9.687643956400198,50,baseline,0
1665.417050994861,750.0,3850.762112921816,2.312190877727298,750.0,0.0,10.745855483073887,180.27196926221703,2.6581894847806034,1.0,6.898959643244379,2.59536036943348,1.0,0.0,7.549481257758439,76.93558419454848,8.294665993393982,6.899,6.70313662811709,0.8081261660753531,8.899999999999999,4.0,1.191738354233373,0.9915976095673451,743.5325018925741,750.0,68.01753199941201,0.09147889544341561,0.0,0.0,-10.421795666153246,106.61443437939656,13.122054595203585,8.999,11.612937571585437,0.8849938466061736,15.542533,6.1000000000000005,1.298701341439035,1.2954159979250228,7589.0,9.720838236897535,51,baseline,0
1700.6174386920982,750.0,3959.913446639081,2.3285151360582015,750.0,0.0,10.631756411011608,177.21163927104914,2.729019073569482,1.0,7.121024814282757,2.6093715808913904,1.0,0.0,7.441476209614265,74.79772514980712,8.462014708354374,6.999,6.7373870884592355,0.7961918432743388,8.527840249999999,4.000000000000001,1.1754850089201736,0.8980235049697125,743.3130632990986,750.0,69.15138233156227,0.09303130234876114,0.0,0.0,-10.244620142023384,102.95280964137125,13.551272581607629,9.725184500000001,11.861879148611449,0.8753332262470244,16.483172500000002,6.449483000000001,1.297764118207356,1.2916224749681477,7340.0,9.651418895517198,52,baseline,0
1686.91732547233,750.0,4001.5752043126436,2.372122891791522,750.0,0.0,10.683311872784422,179.10066153714146,2.7120460940640494,1.0,7.20229119097461,2.6556669544586717,1.0,0.0,7.4896506805381575,75.69420035807303,8.314661484733055,6.899,6.732207521299513,0.8096790871956531,8.563609,4.0,1.1336555676474722,0.7815265250934003,743.4232376579806,750.0,68.58480565150016,0.0922553966265086,0.0,0.0,-10.332515366913242,104.76142975217553,13.283393190539996,9.494751,11.966506331800527,0.9008621637672133,16.358021,6.495751,1.3662869520848013,1.5863436372501178,7463.0,9.749608211025574,53,baseline,0
1699.5677863213275,750.0,4050.617001982199,2.383321827221531,750.0,0.0,10.779175645686994,182.96381557254375,2.7409955483609876,1.0,7.326064037350088,2.6727748761689156,1.0,0.0,7.5112946123943996,76.18879335157514,8.350448314223039,6.856523,6.779349582663769,0.8118545648760833,8.858341333333332,4.282212666666666,1.0926391666151525,0.6169296802873832,743.3788439728005,750.0,68.81392906232138,0.092569124908859,0.0,0.0,-10.29687186557737,104.02610260178632,13.442227604748412,9.999,12.227666761919249,0.9096458653623656,16.271246,7.0,1.3801303264757985,1.638457981510883,7413.0,9.739869432466213,54,baseline,0
1696.2099140779908,750.0,4053.0558568245983,2.389477754601923,750.0,0.0,10.912001763784255,188.96634195884218,2.7357567746199605,1.0,7.360554537003061,2.6905003417292304,1.0,0.0,7.5955218318898305,78.07293320026425,8.433432624702577,6.729319333333333,6.948075286575813,0.823872745034333,9.09061125,4.269680666666668,1.1189959639761875,0.6550304349668452,743.5118476236255,750.0,68.12576467905461,0.09162700620951057,0.0,0.0,-10.404837857350344,106.2611747120865,13.558479977924653,9.999,12.435872635237244,0.9172025666213918,15.577969,7.0,1.3849917581552686,1.6590662371186866,7565.0,9.784774187822354,55,baseline,0
1657.7307547406756,750.0,4004.5573952093105,2.415686252883543,750.0,0.0,11.209789729283074,200.2845899600695,2.669094562350873,1.0,7.295067946707526,2.733162042892257,1.0,0.0,7.8025335624493595,82.43671849105257,8.06084531513311,5.999,6.905959902783152,0.8567289946400756,9.34285375,3.9999999999999996,1.1347651904334861,0.6428093313136407,743.8361035862291,750.0,66.41680118454703,0.08928956374170895,0.0,0.0,-10.68237611073473,112.11369114325771,12.958572088408891,8.999,12.533110564858069,0.967167561313998,15.6484915,6.599080000000001,1.471472034289872,1.9773851455985394,7963.0,9.935840189071893,56,baseline,0
1657.3190964078508,750.0,4038.8483024787183,2.436976868988418,750.0,0.0,11.302442161928886,203.7696916444738,2.668929761757808,1.0,7.3633883281262325,2.7589292283497806,1.0,0.0,7.869811493412664,83.84509128785673,8.152711875911336,5.999,6.978015032129959,0.8559133621228254,9.361176,3.9999999999999996,1.1583286426393253,0.6842423988817781,743.9410772332633,750.0,65.85379703461076,0.08852017861350363,0.0,0.0,-10.776938085901465,114.14291684528516,13.148228140723367,8.999,12.739455775077785,0.9689104599288545,16.445316000000002,6.899999999999999,1.4765081232394777,1.9813577730223155,8101.0,9.955194585970196,57,baseline,0
1687.7658988482724,750.0,4166.3080797394005,2.4685343403267477,750.0,0.0,11.199018396693624,198.75451232408614,2.7243365047571357,1.0,7.573153412009898,2.779815708810544,1.0,0.0,7.8060394573578105,82.3033490454724,8.48964959331256,5.999,7.089230465857787,0.8350439423839228,9.450646916666665,3.9999999999999996,1.1681032258966781,0.6928783715886899,743.8553390430474,750.0,66.31427151884819,0.0891494192999407,0.0,0.0,-10.699564277497133,112.48117358540927,13.705132073860792,9.488714,12.977906111894361,0.9469376903449593,16.224818499999998,6.589714,1.4626693906720716,1.912901003734084,7988.0,9.913475740980841,58,baseline,0
1684.186614076174,750.0,4205.440898224736,2.4970159856849024,750.0,0.0,11.291595599394178,202.06966380698617,2.720448662640207,1.0,7.648234978255868,2.811387358007787,1.0,0.0,7.870514423928787,83.64742939900452,8.178726856241685,5.999,7.0411622808386785,0.8609117781534834,9.0,3.9999999999999996,1.1948040852955415,0.7934738365898046,743.949986107252,750.0,65.80605434133403,0.0884549439750202,0.0,0.0,-10.785117066060893,114.31923893003511,13.366378373351413,8.999,13.136750350580572,0.9828204756474161,15.995908000000002,6.578899999999999,1.5097484116940485,2.1021912417026964,8113.0,9.956252875545676,59,baseline,0
1675.5382003395587,750.0,4259.451346779788,2.542139203938521,750.0,0.0,11.446972493443244,206.60317081510902,2.709313606597138,1.0,7.736208611848004,2.855412748457931,1.0,0.0,7.963248449793138,85.55834786309843,8.09295022657944,5.999,6.920608840025004,0.8551404180512381,8.724280631578946,3.9999999999999996,1.2310809065736301,0.8979303075633509,744.0475422427036,750.0,65.27791891404375,0.0877335320768394,0.0,0.0,-10.875406655214018,116.27495044164328,13.268755609143826,7.999,13.273731507404653,1.000375008659998,15.215858999999998,6.0,1.5826601358241368,2.330887239582415,8246.0,10.045109921725267,60,baseline,0
1665.3925200143387,750.0,4291.00423607266,2.5765723002260845,750.0,0.0,11.557733984164374,210.9542233909918,2.6967379615246743,1.0,7.804137810606847,2.8939177339256816,1.0,0.0,8.032962554060338,87.09901199571817,8.225292262977325,5.999,6.922587222732877,0.841622036203136,8.607455,3.8999999999999995,1.2429372138126242,0.9563913238857387,744.1350025170957,750.0,64.80066064667406,0.08708186072081099,0.0,0.0,-10.958245492586025,118.0836162456335,13.37269160700203,8.314315,13.335589846971825,0.9972255577919124,16.288969,6.315315,1.6292777025218226,2.5379600103440305,8369.0,10.123833340030671,61,baseline,0
1682.2194794085299,750.0,4423.912204727631,2.6298067873302022,750.0,0.0,11.42459211942954,205.25751847717476,2.7381156055236464,1.0,8.036241550937687,2.9349533433599526,1.0,0.0,7.939760786713693,84.91635387855317,8.237150598011718,6.570716666666667,6.703361333470674,0.8137961366262662,8.319792999999999,3.6671376666666666,1.2031434178425024,0.8676444335121909,744.0016675010742,750.0,65.52713309168948,0.08807390622090894,0.0,0.0,-10.83272643360132,115.34840909563954,13.433985609434194,8.657239,13.480888831451843,1.0034913854593317,14.754249,5.7582390000000006,1.7244893797677876,2.873472354995111,8183.0,10.134707653018104,62,baseline,0
1651.734193548387,750.0,4401.399585158403,2.6647142151262035,0.0,0.0,11.650658141317187,213.48282167184885,2.6853958944281526,1.0,8.003901041454146,2.9805292612762235,0.0,0.0,8.104284929918068,88.38778307117957,7.817534171403412,5.926965666666667,6.687359692807084,0.8554308233495784,8.413313342105262,3.9279656666666667,1.187998822713254,0.7661397129707206,744.242282735186,750.0,64.21032132972569,0.08627609962409621,0.0,0.0,-11.062415975258682,120.37749825819407,12.813521748269794,7.999,13.625582366309557,1.0633752869814588,15.560138,6.0,1.7996783753550059,3.2033581964641584,8525.0,10.252060063582748,63,baseline,0
1671.9004237288136,750.0,4464.023128784376,2.670029306427433,750.0,0.0,11.615281270423266,213.04093856294352,2.7217514124293785,1.0,8.13170062930534,2.987672052697551,1.0,0.0,8.082047932616476,87.97207755233471,8.066165514442874,5.999,6.794584141956265,0.8423561517291235,8.084461166666667,3.9999999999999996,1.209620809849334,0.8241850646589888,744.2226084333804,750.0,64.31916311317174,0.08642462938416538,0.0,0.0,-11.043122649809826,119.95099366945107,13.195212592396423,8.3649695,13.845659399398365,1.0492941513785654,16.30588625,6.3659695,1.7939110596220402,3.1601268500803696,8496.0,10.202093609292723,64,baseline,0
1649.1723903434206,750.0,4433.42757253262,2.6882741904316085,0.0,0.0,11.857198475671698,222.45345969160377,2.680720843250595,1.0,8.094488959461271,3.0195195370085743,0.0,0.0,8.246820194809672,91.57990566628398,7.997745092661444,5.999,7.024449835972657,0.8783037912046158,8.321337,3.9999999999999996,1.2430324314907049,0.8954081231375941,744.436711741166,750.0,63.12566016013899,0.08479654370147077,0.0,0.0,-11.258733904995692,124.75952785217687,13.05623131372549,7.6588,14.06247668117193,1.0770701240861607,15.798297499999999,5.659800000000001,1.7900372154525774,3.1544542348782203,8823.0,10.261422466623902,65,baseline,0
1697.341726618705,750.0,4617.915430320506,2.720675134476256,750.0,0.0,11.54427998011104,212.03097766012218,2.7808153477218225,1.0,8.439979446197393,3.035073671148942,1.0,0.0,8.015619882703634,86.76031466862192,8.361993013037047,6.212944416666667,7.026616900916089,0.8403040865928739,8.37289075,3.950181638888889,1.231080665413905,0.8296323234081693,744.1145011263717,750.0,64.91346861217683,0.08723586022570025,0.0,0.0,-10.938760975694285,117.65689444903359,13.61177309148681,7.999,14.188175013848756,1.0423458368346181,16.184894999999997,6.0,1.8053307008787678,3.234602784874019,8340.0,10.16769720763207,66,baseline,0
1672.442200557103,750.0,4589.845919365005,2.7443973357262172,0.0,0.0,11.743856669999458,220.41841210803088,2.738741875580316,1.0,8.413322519510865,3.0719662172354796,0.0,0.0,8.1526948440549,89.81178427037958,8.25826073080947,5.999,6.979471366685892,0.8451502797250345,8.621553874999998,3.6060990499999996,1.242138160006434,0.9052541940651921,744.3030148699401,750.0,63.873923390871,0.08581709614871352,0.0,0.0,-11.122726867850222,121.71545670820156,13.365944754294333,7.999,14.228507352258653,1.0645343530757292,15.176638999999998,5.3593795,1.8813879402264608,3.5799443513363096,8616.0,10.25122437909636,67,baseline,0
1664.899977163736,750.0,4615.2773185282895,2.7721048602515515,0.0,0.0,11.813896045767908,223.50132102533337,2.7280200959123087,1.0,8.468148507742034,3.1041371434289613,0.0,0.0,8.210766092866441,91.09060769020975,8.111919961007521,5.999,6.919196628766485,0.8529665802948951,8.345718,3.9999999999999996,1.237347948112621,0.9002334742571603,744.3953662533751,750.0,63.358276574676694,0.08511374391483113,0.0,0.0,-11.216199998526072,123.80354087797717,13.151143344370862,7.999,14.377775174241009,1.0932718774140036,14.866015499999996,6.0,1.9521307034631727,3.8609950029094176,8758.0,10.308120696550674,68,baseline,0
1711.7734986159585,750.0,4768.103426714592,2.7854756663599516,0.0,0.0,11.575524547042985,215.5957797449227,2.8259718377662777,1.0,8.781403802770452,3.1073925385298615,0.0,0.0,8.013437037165453,86.8312406407816,8.504748640502532,6.644575,6.9385944089587435,0.8158494392079708,8.631178,4.0310950000000005,1.1825089383760263,0.7630224293784953,744.0924857104485,750.0,65.0340720966153,0.08740052257686991,0.0,0.0,-10.917899681440959,117.20090108100746,13.810433918642437,7.999,14.651290492027288,1.0608856013024903,15.652223000000001,5.729046,1.9483032513801855,3.814054494015034,8309.0,10.18822735465486,69,baseline,0
1679.2188614146062,750.0,4720.371864262236,2.8110521938073663,0.0,0.0,11.862771689743521,226.72269234517216,2.7660724554341574,1.0,8.706987876464035,3.147780116662708,0.0,0.0,8.210520245831749,91.16309405510061,8.339643839057025,6.368041,7.220966990416259,0.8658603568414192,8.831743499999998,4.28809,1.2007412455927107,0.7951973755449231,744.3547227470632,750.0,63.585979564008575,0.08542429787956826,0.0,0.0,-11.174822304601225,122.87702720822553,13.4854456426682,7.999,14.820415874443446,1.0989934086828674,16.5951305,6.0,1.9512730231457054,3.8859848654299025,8695.0,10.266942077539404,70,baseline,0
1692.2432432432433,750.0,4814.568606511093,2.8450807091324553,0.0,0.0,11.830748378495638,226.6011675303734,2.8027027027027027,1.0,8.904215045379578,3.1770101897689913,0.0,0.0,8.153261558080263,90.13340198125425,8.353871937791721,6.721247999999999,7.197119984957005,0.8615310407618608,8.8648140625,4.461892000000001,1.2249777696039796,0.8475579676662406,744.2319822578244,750.0,64.26809612561605,0.08635492381104316,0.0,0.0,-11.052428849418092,120.15653922130572,13.520985420916569,7.999,14.94304957340043,1.1051745940265545,15.023552500000001,6.0,2.0135970126334626,4.171967915210576,8510.0,10.25148362676955,71,baseline,0
1698.8378789652347,750.0,4859.472382368966,2.860468584164652,0.0,0.0,11.856167378669777,228.24336751079244,2.8171602481563855,1.0,9.001582731196955,3.195268262459616,0.0,0.0,8.169198075476002,90.53001427022652,8.204829900132335,5.999,7.060345499009602,0.8605108923581374,8.505067,3.9721907499999998,1.244335045744145,0.895815208109322,744.2542464916046,750.0,64.14502814967798,0.08618698308011812,0.0,0.0,-11.074358711869191,120.64176826745295,13.429573583167503,7.999,15.13965632323964,1.127337084046774,15.405527000000001,5.6604,2.0705039640852188,4.372899996715441,8543.0,10.283176172559468,72,baseline,0
1661.4920923882125,750.0,4839.679973376717,2.9128516443434935,0.0,0.0,12.076780777203922,236.93527643223408,2.7594720673569233,1.0,8.987111819394164,3.2568228994621413,0.0,0.0,8.306804018136818,93.52535729432476,7.87418350829543,5.899,6.924558463898211,0.879400188807285,8.038394,3.9,1.3166432430396866,1.144357690792896,744.4150518160153,750.0,63.24823786956595,0.08496367411603327,0.0,0.0,-11.236496009696879,124.25919021522161,12.807463269427693,7.445636,14.975340499858472,1.1692667146354934,14.516321,5.446636,2.216291786967378,5.1587889866252805,8789.0,10.397985259407292,73,baseline,0
1644.279848248159,750.0,4838.014687988659,2.9423304634811123,0.0,0.0,12.240568417703443,243.93972026960571,2.73343003793796,1.0,9.006730630375282,3.295028775336706,0.0,0.0,8.405551047897834,95.76761445365703,7.599706631393399,4.999,6.783559221090577,0.8926080374035199,8.04758725,3.117688333333333,1.3349196633003924,1.1827749618365555,744.5228472167771,750.0,62.63968152359824,0.0841339950248161,0.0,0.0,-11.349132153632251,126.80314562694196,12.361785574648517,6.899,15.017662329342965,1.2148457226228795,13.0,4.9,2.3331481304359913,5.704555409310252,8962.0,10.42589813304457,74,baseline,0
1666.207650273224,750.0,4928.572371007862,2.957958073352788,0.0,0.0,12.166565347443232,241.57448825687686,2.781193078324226,1.0,9.197857101599572,3.3071623733299487,0.0,0.0,8.334729337527762,94.16967020459327,7.85325798834043,5.999,6.761979729741125,0.8610413333906127,8.100000000000001,3.9999999999999996,1.2930906849295682,1.0701595407266131,744.4118427443838,750.0,63.266431259485735,0.0849884803366974,0.0,0.0,-11.233221367579837,124.18559168773895,12.717142185678508,6.999,15.1338536805848,1.190035737559645,13.643007499999998,5.0,2.3552795950606007,5.834616358535239,8784.0,10.359007027727689,75,baseline,0
1648.6176668914363,750.0,4933.8257288301165,2.992704632441025,0.0,0.0,12.303669155986444,247.9189501450705,2.7580355135985615,1.0,9.23787226236666,3.3494391993210764,0.0,0.0,8.409116209747241,95.89876001445437,7.81216689822015,5.999,6.874182858327705,0.8799329235904898,8.127781971153848,3.9999999999999996,1.3257830028669393,1.179741396571548,744.4834232411778,750.0,62.86314576984613,0.08443861046115114,0.0,0.0,-11.307591206654369,125.86194388904269,12.449890889413352,6.999,14.954951851361981,1.2012114792169613,13.0,5.0,2.4444877713782485,6.515393370471928,8898.0,10.383301348751914,76,baseline,0
1650.7472527472528,750.0,4948.253672916568,2.9975840727170358,0.0,0.0,12.377629906450275,252.44205454727987,2.7613497613497615,1.0,9.28558562195441,3.3626981094258666,0.0,0.0,8.460602202323766,97.25734682007787,7.861760644120032,5.999,6.860430913784446,0.8726328903075292,8.255498000000001,3.9999999999999996,1.3506135418529035,1.2812827165783611,744.5513793565742,750.0,62.477795533961164,0.08391334334502633,0.0,0.0,-11.379537029318309,127.49418360229325,12.430532964146966,6.999,14.928090907626634,1.200921227648348,11.367631,5.0,2.522723366809748,7.007593645975605,9009.0,10.399398708272534,77,baseline,0
1654.1407894736842,750.0,4953.8402532519885,2.994811738381837,0.0,0.0,12.49486514599935,258.69031306217363,2.7663377192982455,1.0,9.324645857062341,3.370754695644241,0.0,0.0,8.526947472797804,98.94689453911923,7.894352402874175,5.999,6.957069894570282,0.8812717674013832,7.92646825,3.7147764999999997,1.3814163421132661,1.370507040495501,744.6176816239316,750.0,62.099445344830116,0.08339775817490375,0.0,0.0,-11.451030949398763,129.12642612997254,12.54009671754386,6.999,15.115396551905398,1.2053652290224077,12.0,5.0,2.51755181326998,6.974289169797901,9120.0,10.396375214616311,78,baseline,0
1642.4521853434112,750.0,4994.035043105164,3.0405969121475453,0.0,0.0,12.68982385050789,269.9827673515975,2.757476174827473,1.0,9.42331621061289,3.417369947431179,0.0,0.0,8.596395892059661,101.50816986846257,7.6615130840310375,5.899,6.732238168447828,0.8787086956073852,7.386724000000001,3.9,1.3872094995565376,1.4505745378029538,744.6229750509921,750.0,62.06920295497997,0.08335655094543577,0.0,0.0,-11.456807250662033,129.25874114400796,12.172677229817067,6.999,15.07227277629064,1.238205243738082,11.899999999999999,4.8999999999999995,2.6648337909060884,7.803818493254287,9129.0,10.474281998589085,79,baseline,0
1644.0547031354236,750.0,5037.921205081601,3.0643269931795083,0.0,0.0,12.757640273575781,274.32291225934074,2.775517011340894,1.0,9.562347455742369,3.4452490893300833,0.0,0.0,8.582787507360438,101.28214435995149,7.65550599503133,5.77615325,6.607198931887065,0.8630649543185454,7.1000000000000005,3.77715325,1.390016061616316,1.498998232863344,744.5422531687792,750.0,62.52991907260599,0.08398437940422862,0.0,0.0,-11.369837968329545,127.27351222563041,12.08361186791194,6.999,15.04347993836465,1.244948952582021,11.761752249999999,4.2915735,2.7873742437865254,8.544187137096749,8994.0,10.451715641175415,80,baseline,0
1633.5782922035378,750.0,5062.282264904427,3.098891732991813,0.0,0.0,12.913677076497242,281.289008483741,2.7583533522603187,1.0,9.605190755441114,3.482219110024533,0.0,0.0,8.677312151370284,103.71272740604928,7.610006002621167,5.8163168333333335,6.608928736099035,0.8684524997513374,7.886095,3.7257924166666667,1.3898362257346513,1.5283906060734074,744.6399774601712,750.0,61.97186762894875,0.0832239330479184,0.0,0.0,-11.475401376623113,129.6851315579064,11.910656400960907,7.3273065,14.924049381601836,1.2529997406690214,11.0,4.4283065,2.876333362132774,9.263250720801922,9158.0,10.470507881806926,81,baseline,0
1639.386433260394,750.0,5116.297225331432,3.1208610255217226,0.0,0.0,12.931900009613,282.72163508996033,2.774507658643326,1.0,9.7225642733092,3.5042484900053665,0.0,0.0,8.677957129808687,103.78795031576954,7.9210043897854865,5.999,6.597557155931142,0.8329192651930615,8.0,3.6110644999999995,1.3912018271260782,1.5497253883114315,744.6294097240753,750.0,62.03253899191489,0.08330659275853909,0.0,0.0,-11.4638615934493,129.42040981742292,12.307856333260393,7.318578499999999,15.01649516739919,1.2200739723309129,10.4100425,4.5804215,2.899709588150603,9.400443798495617,9140.0,10.471474548456614,82,baseline,0
1614.4447561501943,750.0,5103.863042890791,3.1613736075190735,0.0,0.0,13.240963508293673,294.92258244541233,2.740289167026327,1.0,9.741190568993574,3.554803882089713,0.0,0.0,8.8116676742807,106.6925734065154,7.85422450699979,5.999,6.543779861899207,0.8331541651333372,7.899999999999999,3.48613,1.365481688685379,1.5416862833636245,744.7035712985737,750.0,61.60600516544599,0.08272554012064261,0.0,0.0,-11.5456642295352,131.30264675399258,12.12996228895123,7.320064,14.889333078332,1.227483872055743,10.3035215,4.3357015,2.9731404864430546,10.033882023414344,9268.0,10.515972829403522,83,baseline,0
1633.7646292476386,750.0,5176.256491546879,3.168300010222761,0.0,0.0,13.167617671665745,292.7069801909511,2.7768971881446096,1.0,9.884945130695025,3.5597087183842318,0.0,0.0,8.772108345927473,105.84716838214877,7.880671394317734,5.999,6.627517618955895,0.8409838816188414,7.999999999999999,3.9999999999999996,1.3263119572680844,1.4127505642883333,744.6707844140805,750.0,61.79504349967556,0.08298303732742374,0.0,0.0,-11.50930701793439,130.46442395330672,12.212003835305612,7.601393,15.125818054046112,1.2386024650857457,10.830803499999998,4.885611000000001,2.976067430407586,10.02741686806367,9211.0,10.44824381607695,84,baseline,0
1587.9040712731794,750.0,5098.746773617024,3.210991687633155,0.0,0.0,13.539732093239895,309.99327219683073,2.6952242826064436,1.0,9.761070581428086,3.621617185783346,0.0,0.0,9.004443840562473,111.53029250583066,7.700590212363358,5.899,6.593349105818943,0.8562134750701665,7.855871,3.9,1.343100469320969,1.489451159354573,744.9147927191182,750.0,60.37410435891103,0.08104833592917524,0.0,0.0,-11.788291843527757,136.96410686931455,11.716317369418832,7.379597,14.862480981768325,1.2685283705749901,11.313559999999999,4.653902,3.147035250284264,11.359475680591538,9653.0,10.552270346619217,85,baseline,0
1595.363075958625,750.0,5168.633068805418,3.2397848155659985,0.0,0.0,13.544120738817547,311.8378270783463,2.7170619579981192,1.0,9.908302827600776,3.6466974183029044,0.0,0.0,8.984692642471193,111.41169190437616,7.7442698310886,5.999,6.483121868636215,0.8371508237755828,7.441921499999999,3.6438849722222217,1.3659093389910917,1.5446194023849342,744.8712146430715,750.0,60.63045966546513,0.08139723817159202,0.0,0.0,-11.73703441605663,135.7582504015328,11.764366124020476,7.32329,14.956421917556664,1.271332578388448,11.0,4.575709999999999,3.2370189431149328,11.882573121491559,9571.0,10.558175421664933,86,baseline,0
1610.3937125748503,750.0,5241.8970704072435,3.2550406956234332,0.0,0.0,13.52572851329126,312.3356001112603,2.7580196749358428,1.0,10.096642710588302,3.6608305598194004,0.0,0.0,8.919955552479193,109.89670486112878,7.869033570535081,6.27230635,6.452034058204528,0.8199271232446654,7.611581249999999,3.6233861249999997,1.3229946382139859,1.4631936703082644,744.7511012457843,750.0,61.33123700634838,0.08235132100342839,0.0,0.0,-11.599031010092146,132.53778167895317,11.88863354384089,7.613731,14.891815359709392,1.252609503421388,10.32176325,4.614730999999999,3.3232629985500535,12.687850418750811,9352.0,10.509882208071867,87,baseline,0
1626.007121277514,750.0,5310.5770521717595,3.2660232434894683,0.0,0.0,13.469556257207685,310.8699491059175,2.7915407854984893,1.0,10.245314606450668,3.670128933696073,0.0,0.0,8.878764564946644,108.96778347878852,8.057613632350137,6.2408210833333335,6.42285382957231,0.7971161342094506,8.0,3.6581789166666656,1.295048228353127,1.4024708563679598,744.7035179699456,750.0,61.60661825361553,0.08272636930943278,0.0,0.0,-11.545660162432144,131.30252179082464,12.194381231873113,7.999,15.037166572781894,1.2331225575823757,10.452401749999998,5.0,3.3324031725672865,12.742441760439766,9268.0,10.473359361764304,88,baseline,0
1642.020284422886,750.0,5421.941978054613,3.301994518271277,0.0,0.0,13.368223162973285,305.73442979894907,2.8337559254767943,1.0,10.467705000140782,3.6939331669432804,0.0,0.0,8.79443010647064,106.80664352212875,8.043415415503578,6.428972,6.3349582075553075,0.7875955524247521,8.0,3.5700280000000006,1.197711775605423,1.099737882320082,744.5884811332323,750.0,62.267115259320434,0.08362621345491741,0.0,0.0,-11.419515698660067,128.40558121425047,12.151766747326645,8.621784,14.995139909502244,1.2339884579171283,10.4889885,4.861902,3.4535302133531793,13.79937448147842,9071.0,10.443174083412591,89,baseline,0
1665.2193642592385,750.0,5516.309988589721,3.3126626479290393,0.0,0.0,13.264487706459875,301.9741692154984,2.8843086600022465,1.0,10.668063307886596,3.6986552291800447,0.0,0.0,8.71541961267688,104.96836479871425,8.113901030002328,6.2447915,6.46780183154148,0.7971260442573607,8.0,3.7542085000000007,1.183111122928974,0.9502823444727726,744.4863554107854,750.0,62.84749615633355,0.08441725721307031,0.0,0.0,-11.310829545289872,125.93509779967607,12.39259175783444,7.999,15.33689388113513,1.2375856625341781,11.305013,5.000000000000001,3.3928036083314628,13.314195619724554,8903.0,10.412983114107655,90,baseline,0
1667.6104240282687,750.0,5524.0647731236095,3.3125631103814497,0.0,0.0,13.355833287707604,307.0720256005118,2.883613074204947,1.0,10.691750560840608,3.7077618549043634,0.0,0.0,8.784392540543177,106.71287375357674,8.238822648659198,6.899,6.6114946527284255,0.8024805162912922,8.41765875,4.1000000000000005,1.1670303386512615,0.9204945017372594,744.5794980196482,750.0,62.3184963450132,0.08369622922839157,0.0,0.0,-11.409852344216967,128.18496213331747,12.51505984860866,7.999,15.408056044102155,1.2311611954308888,11.471512749999999,5.000000000000001,3.392193000092889,13.456841218747222,9056.0,10.388155226210486,91,baseline,0
1636.107970784376,750.0,5452.129407477719,3.3323775110415736,0.0,0.0,13.688343527723449,322.9217408167443,2.82131893722875,1.0,10.574181526413035,3.7479568108664667,0.0,0.0,8.99144602137936,111.7833104117142,8.097055479451884,6.037963636363636,6.803175413910617,0.8402036309588368,9.0,4.038963636363636,1.1842575261276704,0.9146340660109793,744.803836966877,750.0,61.02488294193685,0.0819341683180007,0.0,0.0,-11.659092138187814,133.93466578610054,12.290290801524293,7.999,15.457759116149754,1.2577211854281445,12.561316,5.1,3.3735747853364653,13.530883140562228,9447.0,10.460747379414798,92,baseline,0
1633.4826892535734,750.0,5487.382510636868,3.359314761483239,0.0,0.0,13.81444632456514,328.19531987680944,2.8249867654843834,1.0,10.670053794379106,3.777027887261474,0.0,0.0,9.029579109145054,112.5833570906087,8.329880893724983,6.727392,6.779316468137967,0.8138551504673881,9.0,4.171607999999999,1.185570479550975,0.9006574293672296,744.8027277332833,750.0,61.03140061890817,0.081943041219317,0.0,0.0,-11.657830158911663,133.90523526302707,12.509727252091052,8.324206,15.481797986723189,1.2375807781209094,12.578543,5.362781999999999,3.431812320728903,13.95045742543017,9445.0,10.466525809854248,93,baseline,0
1635.8721004469037,750.0,5545.418207896956,3.389884946617773,0.0,0.0,13.837100112937797,329.0268072901835,2.8384762715471377,1.0,10.79998072371937,3.804851508528814,0.0,0.0,9.02338889984451,112.32504792407863,8.268777762034949,6.488412,6.737523615696749,0.8148149351203076,8.899999999999999,3.61464225,1.1561687932967897,0.7994375680430661,744.7767270537416,750.0,61.1828136333854,0.08214920178214775,0.0,0.0,-11.628148866860737,133.2140713646507,12.38209150776761,7.999,15.512339818529792,1.2528044885469063,12.079968000000001,5.0,3.5270343711558625,14.696523288156161,9398.0,10.493766682243129,94,baseline,0
1653.013304488913,750.0,5633.164872928813,3.407815809849457,0.0,0.0,13.807664780924275,327.23435089921213,2.879394267171444,1.0,10.989274108949731,3.816522882691219,0.0,0.0,8.972743231870101,110.9805245059904,8.353685749496648,6.505869,6.693569233676994,0.8012713710328779,8.466877499999999,4.009594,1.1415201274155484,0.7226626677188843,744.6902758247701,750.0,61.68338836154893,0.08283093033977441,0.0,0.0,-11.530999207195688,130.96415980140293,12.554268515521905,8.457931,15.707080458537963,1.2511346590299521,11.596948999999999,5.458931,3.551927589252121,14.781648691389464,9245.0,10.473000398698233,95,baseline,0
1675.971135837832,750.0,5714.772611037275,3.409827585234881,0.0,0.0,13.752280410056942,325.5640217556799,2.929822628621791,1.0,11.179646638198752,3.815810052452812,0.0,0.0,8.908356835085245,109.44354693579487,8.702501539550324,6.899,6.876428322665355,0.7901668608059417,8.964680640000001,3.9,1.111459180220368,0.616712361066269,744.5919930410195,750.0,62.24742963940556,0.08359938089742036,0.0,0.0,-11.42337374169158,128.49367646680082,13.053992369395173,8.789281,15.92994591224372,1.2203121820103988,12.494179,5.790281,3.4899826741563866,14.347448542766553,9077.0,10.412639019362496,96,baseline,0
1646.8066945606695,750.0,5618.06942952241,3.4114929506168803,0.0,0.0,14.136346286322008,344.50066176412463,2.8627615062761507,1.0,11.004838908560716,3.8441340238906916,0.0,0.0,9.155363565852884,115.63334182570036,8.368757924687198,5.999,6.998344576888956,0.8362465063357098,8.899999999999999,3.9999999999999996,1.1407618459291529,0.6931512555118884,744.8652137342018,750.0,60.666245217673286,0.08144593692802181,0.0,0.0,-11.73013403831018,135.59625986209835,12.581006860251046,7.999,15.951925888471585,1.2679371425247974,12.731737250000002,5.5742295,3.50682142695255,14.666209925780528,9560.0,10.488375728647577,97,baseline,0
1677.9749514143814,750.0,5748.909465879464,3.4260996929862704,0.0,0.0,13.959837260541773,336.2218069806633,2.932951846253509,1.0,11.2785321052713,3.845454237401906,0.0,0.0,9.020324466698208,112.21985360769376,8.642852222328376,6.999,7.041985888046568,0.8147756905820916,9.0,4.300267249999999,1.1239529546670533,0.6138783828397161,744.6999964745129,750.0,61.62746191471056,0.08275474984082364,0.0,0.0,-11.541832222113271,131.21409553791187,12.98912960526884,7.999,16.192928961181043,1.2466523511023118,12.999999999999998,5.636705000000001,3.507385830975707,14.545076978250844,9262.0,10.407462927933802,98,baseline,0
1680.5215993139673,750.0,5785.410788253587,3.442628045135119,0.0,0.0,13.964188183012698,337.4296612116421,2.938471433165398,1.0,11.35347298240533,3.863734339651236,0.0,0.0,9.039142455321883,112.76082532590523,8.659549326598695,6.999,7.004484111231132,0.8088739779697471,8.899999999999999,3.9999999999999996,1.1117451704494097,0.596243636920561,744.7380526239997,750.0,61.407484839331374,0.08245514597108218,0.0,0.0,-11.584434544751186,132.1993255741132,13.04183288530389,7.999,16.285535581820394,1.2487152476989374,12.54728,5.000000000000001,3.5427701726713723,14.811661177556186,9329.0,10.422153016818552,99,baseline,0
1666.5550199119682,750.0,5785.55248114788,3.4715640420041387,0.0,0.0,14.072330849468958,342.9757027383822,2.911234542024733,1.0,11.349656143573347,3.898571544043229,0.0,0.0,9.12923790111265,115.01533484779655,8.464569553610627,6.899,6.988396114454562,0.8256056105621589,8.7126295,4.1000000000000005,1.1335136840312483,0.6412222133420027,744.8555040871935,750.0,60.72330169826987,0.08152359936265108,0.0,0.0,-11.718844359380178,135.33151544517236,12.72686671284846,8.899,16.267891342344043,1.2782322396698573,12.43265475,5.571967999999998,3.6270729008807643,15.54356794455224,9542.0,10.467644389644216,100,baseline,0
1669.3387398627574,750.0,5818.308827505254,3.4853973543941112,0.0,0.0,14.12458349857499,345.7806599288015,2.9164067373674363,1.0,11.417896044128772,3.91505611951624,0.0,0.0,9.165124315639494,115.92870587921477,8.511941239423141,6.9089715,6.895192663654096,0.8100611211598762,9.0,4.04566425,1.1141260164773172,0.6346709530350068,744.896147693372,750.0,60.48471499793872,0.08119885595493315,0.0,0.0,-11.76643088981822,136.44909581935636,12.783646929611146,8.7632705,16.28651610624665,1.2740117273202927,12.30813125,5.7642705,3.6968818072087184,16.11097177658192,9618.0,10.451456448195247,101,baseline,0
1656.9529232333502,750.0,5805.208615332843,3.503544689733644,0.0,0.0,14.342757660768955,357.69466014068456,2.8914082358922215,1.0,11.401397643504543,3.9431988544455177,0.0,0.0,9.288900436672078,119.38496827737926,8.552045951747019,6.70333,6.993082689959454,0.8177087365311574,8.899999999999999,4.29567,1.1487217154446427,0.7092307094876684,745.0087522553505,750.0,59.818506963271005,0.08029235466319504,0.0,0.0,-11.901256898213312,139.64011618819438,12.78036203548551,7.999,16.34746200576709,1.2791078969732854,11.7289035,5.000000000000001,3.7153777577256237,16.320242869056493,9835.0,10.481772392865127,102,baseline,0
1651.7662233776623,750.0,5814.940810711646,3.5204381397391664,0.0,0.0,14.43639942931664,362.85911019216735,2.87981201879812,1.0,11.42137069855436,3.9660125813771105,0.0,0.0,9.360652679093832,121.26973958249815,8.646984444538415,6.999,7.14800823247173,0.826647518371163,9.0,4.348573999999999,1.1748409341914194,0.7475402563994229,745.0915918116926,750.0,59.32349537712185,0.07961906432587244,0.0,0.0,-12.0033734528137,142.08117411383847,12.885390788121185,7.999,16.434540462150913,1.2754398164859406,12.437308,5.000000000000001,3.707779809488493,16.378188931587854,10001.0,10.527230477180003,103,baseline,0
1678.4349974266597,750.0,5944.897828614124,3.5419291409728184,0.0,0.0,14.241430040787016,353.8845669821116,2.9421513124035,1.0,11.68879131529491,3.972872253720395,0.0,0.0,9.225290949520588,117.83856102101365,8.710804572393561,6.899,7.023482363693102,0.8062954811260544,9.623043749999999,4.0,1.165962442668525,0.7340638571826594,744.9470861871016,750.0,60.18439047618142,0.08079015488767943,0.0,0.0,-11.826887444219832,137.8754571642045,13.064520497066392,7.999,16.684504449702683,1.277085098794797,12.0,5.000000000000001,3.7523954230028966,16.50073415272847,9715.0,10.520247262873347,104,baseline,0
1678.0612182430364,750.0,5976.984859077286,3.5618395765890525,0.0,0.0,14.263856865467709,355.72324505983596,2.942250790735639,1.0,11.752581960195156,3.994418829693544,0.0,0.0,9.254510719799093,118.63564749655846,8.44988149078669,6.612694,6.9601114595118885,0.8236933816291779,9.0,3.7136940000000003,1.177171715865359,0.7703243798487605,744.991416813639,750.0,59.92169421919232,0.08043273099102273,0.0,0.0,-11.88023166388565,139.14009298621605,12.790421595959595,7.999,16.82593605087782,1.3155106674664279,11.338199999999999,5.0,3.79693014625118,16.81912884689526,9801.0,10.5472331312453,105,baseline,0
1694.232198142415,750.0,6057.915330921218,3.575611027557627,0.0,0.0,14.20636862671316,353.26581603777765,2.9787409700722396,1.0,11.92315271886865,4.002749093882941,0.0,0.0,9.207058963976541,117.44253145295293,8.592625153655002,6.384461,6.969605552870946,0.8111148139525579,9.0,3.7044883181818182,1.1701260334201171,0.7322402282271185,744.9340362560118,750.0,60.2615890278542,0.08089520158150496,0.0,0.0,-11.811334183217836,137.50779820980756,13.013147686584107,7.999,16.967103321982982,1.3038431385417382,11.704779749999998,5.000000000000001,3.8178852463070263,16.97530536886016,9690.0,10.539399757626745,106,baseline,0
1688.3392357875116,750.0,6108.62284368223,3.6181252642825155,0.0,0.0,14.218245186618036,354.4889386583753,2.980221600911256,1.0,12.043220732557673,4.041048735730001,0.0,0.0,9.200826995508827,117.29747969233303,8.506953899289204,6.561005,6.968988388637591,0.8192107858042915,8.883021999999999,3.8808,1.1701970273979314,0.7192385470622487,744.9167182006371,750.0,60.36381312470089,0.08103431115160233,0.0,0.0,-11.79077323132873,137.02251243722193,12.816045037485761,7.999,17.015653534973588,1.3276836563233319,12.0,5.000000000000001,3.9190658621716556,17.785180612590864,9657.0,10.57656070592388,107,baseline,0
1708.400928465921,750.0,6205.899321749716,3.6325778207826063,0.0,0.0,14.103821193855797,349.9965681723944,3.02774847014138,1.0,12.253829225044361,4.047175432796824,0.0,0.0,9.117115649200676,115.2711304443305,8.39709291656809,6.4498695,6.977222507098808,0.8309092892532162,8.899999999999999,3.8061430000000005,1.1903507095159152,0.7588550611887128,744.8207095574155,750.0,60.927154143032055,0.08180110107200961,0.0,0.0,-11.678617030296188,134.39026830212862,12.71661359210804,7.999,17.236075194253345,1.355398201683984,12.0,5.000000000000001,3.971216688765756,18.08066773315629,9478.0,10.541602310276106,108,baseline,0
1690.9786443825442,750.0,6187.702430404354,3.659243391961213,0.0,0.0,14.276658936655064,358.7563653853776,2.994738471061591,1.0,12.227901939901805,4.083128479518678,0.0,0.0,9.226550045795836,118.026654648082,8.493684349167413,6.830595,7.141205997956891,0.8407665866058351,8.421237,3.9315949999999997,1.2320865520508948,0.8644835543565428,744.9355848399063,750.0,60.25255664226167,0.08088290835939932,0.0,0.0,-11.813200291346032,137.55187434931918,12.779714250593212,7.999,17.28942095227633,1.3528800889639443,11.755578,5.000000000000001,3.971153329068169,18.212712172205464,9693.0,10.577215819557626,109,baseline,0
1709.545388223033,750.0,6272.678280688871,3.669208389494083,0.0,0.0,14.210151746374367,355.5297997691884,3.0339760291818654,1.0,12.39979711971773,4.086979264322477,0.0,0.0,9.180019484259564,116.83159815548755,8.323277033869156,6.258487000000001,6.972921028731095,0.8377614971070674,8.439735999999998,3.757723333333334,1.2252544394187719,0.893349347786168,744.8838523852385,750.0,60.55736292168186,0.0812977254477559,0.0,0.0,-11.752045899305916,136.1107512417507,12.65350652965086,7.999,17.47292935168991,1.3808764638280886,11.100000000000001,5.267901,4.031653605137105,18.561635784464556,9595.0,10.572585671191788,110,baseline,0
1706.7511591962905,750.0,6294.255937905184,3.687858012570005,0.0,0.0,14.34352090795775,362.81029608687294,3.028541988665636,1.0,12.444187997907633,4.10896994147025,0.0,0.0,9.249881557655455,118.85391125538762,8.230271603750284,6.309109,6.936548703303082,0.8428092093755822,8.299270499999999,4.088340333333333,1.236949581345837,0.9346294010844454,744.9418345702735,750.0,60.21570278529067,0.08083275766090738,0.0,0.0,-11.820666016226209,137.7283123641552,12.528972581658936,7.999,17.534711443463824,1.399533068587982,11.75219,5.000000000000001,4.085636385897153,19.028416079703813,9705.0,10.600100806181885,111,baseline,0
1721.7131895479054,750.0,6355.496100070018,3.691379109280606,0.0,0.0,14.326343242893145,362.5781131473603,3.0601410203235173,1.0,12.582449436615708,4.111722091580438,0.0,0.0,9.227470878822158,118.30824830786594,8.489894101847534,6.388778875,6.9851754828111865,0.8227635585337987,8.899999999999999,3.6102211250000007,1.2430819090295193,0.9871103745364951,744.9098347603247,750.0,60.404562880239205,0.08108976423928464,0.0,0.0,-11.78266180554464,136.83128255382186,12.89765401099129,7.999,17.66380819705993,1.3695365205181464,11.7059075,5.0,4.075622993849748,18.972461222073694,9644.0,10.561632848905859,112,baseline,0
1784.047197640118,750.0,6590.600223233178,3.6941849027038183,0.0,0.0,13.909740708952201,341.8043500478207,3.191521905386212,1.0,13.03395988781784,4.083932454237871,0.0,0.0,8.968974288923919,111.75721499790447,8.78447540442649,6.999,6.979538524913171,0.7945310566179271,8.787672333333335,4.000000000000001,1.2101277182181938,0.9300912187820578,744.636773667708,750.0,61.991819405097445,0.08325108508911906,0.0,0.0,-11.47217859571336,129.61103415424256,13.524591845405876,8.899,18.136976828684837,1.3410369078787192,12.404216,5.2853629999999985,4.007419756051758,18.15630710880004,9153.0,10.455854007605538,113,baseline,0
1791.5316664830927,750.0,6667.255883597373,3.7215395118779466,0.0,0.0,13.891942856995765,340.78009462877935,3.2154422293204097,1.0,13.19600931558371,4.103948500537269,0.0,0.0,8.942765099792288,111.07073178050483,8.818533417241843,6.999,6.926684238024011,0.7854689561510396,8.2727125,3.9999999999999996,1.163099727544482,0.852472546826712,744.5930535668393,750.0,62.24211612647746,0.08359212569646975,0.0,0.0,-11.424653007712838,128.52284493620778,13.554839056063443,8.899,18.304244280197388,1.3503844792616264,12.269188999999999,5.125640999999999,4.050951280347382,18.407509719773373,9079.0,10.486325680551127,114,baseline,0
1763.9360477510127,750.0,6608.088694967501,3.746217842417075,0.0,0.0,14.139650713338689,353.43007437156325,3.159027925815391,1.0,13.092665855519787,4.144523620233708,0.0,0.0,9.099873820294007,115.02188794514097,8.468914374685719,6.899,6.87956968645794,0.8123319450508958,9.0,4.1000000000000005,1.1419084037432414,0.8091525953533871,744.7676698210264,750.0,61.236314082147274,0.08222203589592288,0.0,0.0,-11.618017907673888,132.97849094146892,13.089850303560011,8.497283,18.271783015955645,1.395874100331485,12.0,5.5982829999999995,4.1184550911725,19.133256387974228,9382.0,10.586665431998949,115,baseline,0
1753.2574174676138,750.0,6586.814609992188,3.756901037102762,0.0,0.0,14.298204610847057,362.19745670173995,3.1357083159214376,1.0,13.066957315093251,4.167146940532154,0.0,0.0,9.19820913310443,117.58032530835591,8.382810932558053,6.8987805,6.95548636975161,0.8297319867655791,9.0,4.219849860465116,1.18178841546703,0.8748310814902882,744.8715236249406,750.0,60.62996984765055,0.08139654682003805,0.0,0.0,-11.737645123755378,135.77246428052325,12.98499961397827,7.999,18.353106324403072,1.4134083072783514,13.0,6.0,4.1267771515290805,19.29826197087542,9572.0,10.623004058573713,116,baseline,0
1752.7004281090112,750.0,6627.861757143883,3.781514314054618,0.0,0.0,14.382482511609917,367.65638674211334,3.141484807350945,1.0,13.165452971146665,4.1908377020764345,0.0,0.0,9.224119578133601,118.52446694785341,8.183192916125869,6.4632194,6.885949470313571,0.8414746592059514,8.029609974358975,4.0258986,1.221103771663414,0.9403778876502686,744.8741955664792,750.0,60.61431914523272,0.08137524363981402,0.0,0.0,-11.740776433230325,135.84598000802265,12.788639347916883,7.999,18.510973919973683,1.4474545271298858,13.321360999999998,5.1,4.166786275408665,19.568886596676748,9577.0,10.650378308776736,117,baseline,0
1767.576788922947,750.0,6724.207193450591,3.80419523247299,0.0,0.0,14.433616806630088,372.09074941440076,3.178205263714195,1.0,13.358336276412224,4.203106837977187,0.0,0.0,9.208256547428318,118.81747828896974,8.260676575074015,6.720549,6.803790425929026,0.8236359775250085,8.207039499999999,3.8519240000000003,1.217641906231651,0.9477028281000215,744.8113432664695,750.0,60.982169739536154,0.08187599489568823,0.0,0.0,-11.667905743098222,134.14016894639343,12.88964382454286,7.999,18.56513790505252,1.4403142676218166,12.43101,5.0,4.231827708121441,20.130324114782468,9461.0,10.613712593777702,118,baseline,0
1769.4515218073423,750.0,6744.954868042155,3.8118901732627095,0.0,0.0,14.497070589861925,375.6022514484922,3.1790607677021234,1.0,13.402163028724853,4.21576182653852,0.0,0.0,9.254202994223794,120.0006047502733,8.202272094398067,5.999,6.71158862105159,0.8182596899748578,8.3949585,3.9999999999999996,1.1859324176461083,0.8792289506917381,744.8656068640195,750.0,60.664780013789915,0.08144392687050821,0.0,0.0,-11.730751624818689,135.61067728103072,12.844468314716035,7.999,18.641192662852603,1.4513012299228614,11.100000000000001,5.0,4.268910377296579,20.46346858633889,9561.0,10.643084040946446,119,baseline,0
1732.4958250497018,750.0,6633.535205300616,3.828889576175639,0.0,0.0,14.916627691693149,398.16533980730895,3.0957256461232605,1.0,13.183642555609353,4.258659862872237,0.0,0.0,9.513066411127834,127.02930604361336,8.121754447526396,5.999,6.876723528706756,0.8467041909646957,8.420479624999999,3.9999999999999996,1.2256230403626984,0.9763417205375489,745.1202799867461,750.0,59.15165228579904,0.07938537424702923,0.0,0.0,-12.03945290202787,142.9485746793524,12.624686030815107,7.6515865000000005,18.52847298853149,1.4676383193456104,12.44636375,5.2839945,4.292721889267,20.97162762924251,10060.0,10.706104516332635,120,baseline,0
1711.5458515283842,750.0,6611.660492360316,3.862975967869166,0.0,0.0,15.075976979963574,406.7182950327219,3.044347404172732,1.0,13.090313441278123,4.299875048207671,0.0,0.0,9.67025432519195,131.46010234067856,7.9389104794135905,5.999,6.66353456264931,0.8393512661376569,8.100000000000001,3.9999999999999996,1.2605914117071935,1.0830294443592434,745.3063529298543,750.0,58.02041239567587,0.07784773625985254,0.0,0.0,-12.280593445437123,148.81312939114915,12.269142669286753,6.999,18.366157498333994,1.4969389462158469,11.490117999999999,5.0,4.450433650707602,22.37414856556021,10305.0,10.779753618879008,121,baseline,0
1392.6653291296454,750.0,4795.055326369179,3.443077978659724,0.0,0.0,13.321542382915565,214.46991712453203,1.8569790770994554,1.0,6.393387850324983,3.4428970843932496,0.0,0.0,13.321621539110819,214.47176933556085,7.811509056357005,5.999,6.643315155652565,0.8504522119508056,8.100000000000001,3.8999999999999995,1.2858959299988122,1.1518277386544344,749.931021305054,750.0,7.056759857800928,0.009409878585260453,0.0,0.0,-102.29369528738074,10462.000095547493,10.586088700582785,6.999,13.638877532626406,1.2883774091063076,10.899999999999999,4.746504000000001,4.855652228067733,32.71457514784233,10467.0,10.828006692562845,122,baseline,0
1252.430711610487,750.0,3762.4368661534877,3.0041077971614185,0.0,0.0,13.73130113002325,219.22374722345901,1.6762172284644195,1.0,5.015167623309359,2.991955659532117,0.0,0.0,13.739356122091273,219.40540479443473,7.874051963143028,5.999,6.6507137954085405,0.8446367672628139,7.7918185,3.5484819431818178,1.3298803328537558,1.3085384567233556,745.4029962546816,750.0,57.42738249899066,0.07704206018427308,0.0,0.0,-12.412301614511014,152.06523136959268,10.341521530805244,6.999,12.526311689876206,1.2112638988917566,10.24686825,4.3203605,4.747965927093912,33.92725867582039,10680.0,10.842884412167894,123,baseline,0
1167.1703771849127,750.0,3130.977929215522,2.682537177448847,0.0,0.0,15.213406279555043,271.0640844372356,1.5685372585096595,1.0,4.173209775353809,2.6605742086859765,0.0,0.0,15.220482256107871,271.2595287640554,7.888025195940869,5.999,6.591118473965058,0.835585372794804,7.42284675,3.8999999999999995,1.3489257199556648,1.410792183932247,745.4833486660533,750.0,56.92646242159293,0.07636181616055614,0.0,0.0,-12.524345743670688,154.85923630700213,10.108192942502301,6.899,11.595251951430148,1.147114228763398,10.0,4.1000000000000005,4.603275052882953,34.311846925436754,10870.0,10.859224266080123,124,baseline,0
1155.7145243619489,750.0,3003.246069019165,2.5986054563753176,0.0,0.0,15.400253616520141,278.11283497385784,1.5595359628770302,1.0,4.004609382248303,2.56782111959804,0.0,0.0,15.383818468740078,277.74834036690413,8.205402842726778,5.999,6.611456807278458,0.8057443289501398,8.0,3.1673264999999997,1.3627488982047338,1.4943384095730963,745.4435266821346,750.0,57.17527688085489,0.07669967587663426,0.0,0.0,-12.468449516210022,153.46223333827797,10.405156946542922,6.999,11.426499983526053,1.0981573889015166,9.6662125,3.9999999999999996,4.588342701250679,34.52547067563142,10775.0,10.833382918392225,125,baseline,0
1133.6746584637656,750.0,2878.154837908075,2.538783782825526,0.0,0.0,16.46223885961345,318.581434409228,1.5356916674206098,1.0,3.8414375574338457,2.5014380418473134,0.0,0.0,16.39573721243006,316.86786363805976,8.188026214040555,6.899,6.647230207029064,0.8118232689131618,7.9021144,3.9,1.3525713399619368,1.5593319878675285,745.5581290147471,750.0,56.456183306197225,0.07572338240185766,0.0,0.0,-12.63132249237995,157.55030790650355,10.280036524925357,6.999,11.08460609329608,1.0782652441379885,9.0,4.000000000000001,4.464434903308282,34.07568059566157,11053.0,10.856968398018205,126,baseline,0
1111.4450564839883,750.0,2678.2586028293676,2.4097085026424345,0.0,0.0,17.562226431326852,367.71322570187436,1.5130239940248342,1.0,3.581270758777358,2.3669623039160976,0.0,0.0,17.39325945595822,362.88778580349066,8.406426802835659,6.999,6.46259297859402,0.7687681258836461,7.1422558333333335,3.8999999999999995,1.3096512613843827,1.5508679523824753,745.416300998973,750.0,57.34475025849764,0.07692983126562541,0.0,0.0,-12.43065143338583,152.5210950583372,10.36165198431519,7.999,10.451900329518603,1.008709841378578,8.6527595,4.1,4.561403707653716,36.780461094089944,10711.0,10.83283052878122,127,baseline,0
1132.2318173095375,750.0,2737.860153041021,2.418109181516249,0.0,0.0,17.410919581944686,361.2415552132688,1.5479754365764729,1.0,3.668099268489834,2.3696107714746826,0.0,0.0,17.14434210372089,353.597247504533,8.526370073205165,6.999,6.4613431992649,0.7578070320417143,7.1000000000000005,3.7325598999999996,1.2251255604715412,1.4163535732272496,745.289195931683,750.0,58.12924274713045,0.07799555268537513,0.0,0.0,-12.258518401197351,148.271273392494,10.534452017559008,7.999,10.454718057769725,0.9924311241195668,8.9561155,4.000000000000001,4.553806260677171,36.842247438956896,10422.0,10.769029888813007,128,baseline,0
1128.5472782159898,750.0,2582.805704211246,2.2886109904887206,0.0,0.0,17.600511382242825,372.98805396210656,1.5501022494887526,1.0,3.472825833651496,2.240385003503406,0.0,0.0,17.153733419670342,359.71003209852074,8.547027871809972,7.091944,6.5007336765032,0.7605841204688344,8.002549333333333,3.97296,1.1320054893323146,1.1831948463601716,745.2190086668614,750.0,58.55781642444076,0.07857799619094005,0.0,0.0,-12.16640340838199,146.0213718954889,10.54728966978284,8.482329,10.233793372477528,0.9702770752373044,9.415198,4.5166710000000005,4.401168131696791,36.08131763163685,10269.0,10.723697993506837,129,baseline,0
1128.5712572456525,750.0,2486.7192307033674,2.203422437651264,0.0,0.0,18.25634241543681,407.0972662410611,1.5579652208674795,1.0,3.359407186871125,2.156278678031463,0.0,0.0,17.561433964112265,385.1483446636125,8.561055961212714,7.899,6.489939858560264,0.7580770278764692,9.0,4.1266614,1.0671370349139566,0.9653995539925915,745.0933439936039,750.0,59.317201244267466,0.07961042964943821,0.0,0.0,-12.006410839487053,142.15390124655224,10.575016318009194,8.5746795,10.045081076624854,0.9498879977630046,9.7279325,4.6756795,4.245825451274598,34.67585220095726,10006.0,10.666047897235535,130,baseline,0
1144.725361640129,750.0,2510.3669855100356,2.1929862564705087,0.0,0.0,18.27330298507577,408.5736981476987,1.5886148402539286,1.0,3.407196940921766,2.144759607292319,0.0,0.0,17.355479571285056,379.2689642817248,8.594399656543223,7.899,6.286111467670846,0.7314194962861664,8.682818000000001,4.117595,0.9655225467653785,0.6294640231251676,744.8906233739203,750.0,60.521601057163274,0.08124897690755684,0.0,0.0,-11.760780189465844,136.3159506649321,10.65528425257571,8.999,9.767621492337655,0.9166927189179886,9.714278,5.0,4.326406672275042,36.56826045244469,9609.0,10.60699943194987,131,baseline,0
1146.5771176407277,750.0,2388.9983487819213,2.0835915107896805,0.0,0.0,17.38465613700038,364.98131250921176,1.6003659455386934,1.0,3.2692004843189917,2.042783085601436,0.0,0.0,16.16094146323125,327.6672076831519,8.718239076142202,7.899,6.366634676862681,0.7302661261360935,8.100000000000001,4.1000000000000005,0.9381574823669568,0.4731093399069475,744.7157464212679,750.0,61.541106164581066,0.0826370416636373,0.0,0.0,-11.560264954288197,131.6397258133439,10.840384222903886,8.999,9.724323085610813,0.8970459797047575,9.565213,4.899999999999999,4.173330511193388,34.795140727102755,9291.0,10.546304131964376,132,baseline,0
1167.3000112828613,750.0,2411.17736609935,2.0656021098204813,0.0,0.0,17.13151975925485,358.7683687966273,1.6389484373237053,1.0,3.323008031303407,2.027524451427929,0.0,0.0,15.639804528005374,313.0401615025611,9.1129847252178,7.899,6.6283565007430685,0.7273529694832942,9.100000000000001,4.427449999999999,0.9282930592533934,0.42183560056262737,744.460566399639,750.0,62.998299459968536,0.08462274874361846,0.0,0.0,-11.284767031704149,125.34596695983674,11.347098071646167,9.899,9.790187352690499,0.8627921686121638,9.899999999999999,4.8999999999999995,3.9645987279399293,32.57833397844365,8863.0,10.410231252601509,133,baseline,0
1197.257008244994,750.0,2495.5410774820434,2.0843821003312786,0.0,0.0,16.56657133305979,335.7881899070527,1.690341578327444,1.0,3.459489739695785,2.0466216911725468,0.0,0.0,14.90670847481432,286.16273018046815,9.113030823420676,7.427045416666667,6.856040152985003,0.7523336951044695,9.100000000000001,4.528045416666667,0.9613666081904757,0.4234809606025376,744.2171967020024,750.0,64.35637627439077,0.08647526093133291,0.0,0.0,-11.039067681110362,119.86101526813536,11.548217961484099,9.796402,10.15114467860535,0.879022608722982,10.0,4.947037999999999,3.822813401667564,30.32058754720154,8490.0,10.287241798142826,134,baseline,0
1183.6206934998327,750.0,2459.968809840807,2.0783421778196165,0.0,0.0,16.826175395977636,346.076538850296,1.674545657263909,1.0,3.4327230848384627,2.0499429621090735,0.0,0.0,14.910737419096826,287.4910218852433,8.354061930162013,6.999,6.964419999132704,0.8336567357716058,10.3038188,5.0,1.0288690530470739,0.46674128356378697,744.5260341175159,750.0,62.62778189167271,0.08411765206559257,0.0,0.0,-11.353620498087235,126.90469841458668,10.700584944252425,7.999,10.262862886938239,0.9590936327691788,11.177634000000001,5.675547999999999,3.6575162671891936,28.63699614716833,8969.0,10.383296073714579,135,baseline,0
1181.0286526684165,750.0,2411.1946362710282,2.04160553668463,0.0,0.0,17.326013187153876,371.68710624275457,1.676509186351706,1.0,3.3952438649652286,2.025186555854015,0.0,0.0,15.031851887977714,298.1239716483003,8.318553642784462,6.899,7.071476850222212,0.8500849010399821,10.0,4.9,1.1125397506932053,0.6460905768971399,744.6307961504812,750.0,62.03012840043856,0.08330320035259862,0.0,0.0,-11.466389166718752,129.47808052264534,10.616116996062994,8.297991,10.087427890176484,0.9501993896560695,12.0,5.9070205,3.517944214523461,27.93288594150412,9144.0,10.387944960783132,136,baseline,0
1144.7445606694562,750.0,2001.5796262009449,1.7484945506361738,0.0,0.0,16.62131294184394,359.0158980844518,1.6306485355648535,1.0,2.909456878586723,1.7842329693558967,0.0,0.0,13.517386492486732,255.53924379221309,8.098001499328625,5.999,7.019263387703291,0.866789588552834,8.69013725,3.9999999999999996,1.2023475913982817,0.8770238967705937,744.8644351464435,750.0,60.67539697358969,0.08145830853323081,0.0,0.0,-11.730106530702766,135.59539922163566,10.333463205020921,8.479449500000001,9.793824900299885,0.947777594595892,12.0,5.519550499999999,3.1591454492712443,23.768742785867264,9560.0,10.459193825620083,137,baseline,0
1165.6686494822648,750.0,2053.4682065183033,1.761622573816631,0.0,0.0,16.296217475629287,349.4304443757704,1.6714033928178014,1.0,3.0201788187163814,1.8069718128456673,0.0,0.0,12.948339312247944,238.03946365818572,8.20716734580098,5.899,6.756811982622115,0.8232818581528122,8.24468725,3.9,1.199342074685988,0.88531021136501,744.5917602996254,750.0,62.253514013376815,0.08360757845121179,0.0,0.0,-11.423989984668724,128.50754716981135,10.551131639237717,8.698892,9.645489774910562,0.9141663761487687,11.19371525,5.564036999999999,3.3410128834129464,25.876329049843868,9078.0,10.37840567630524,138,baseline,0
1157.9076564651064,750.0,2010.0344814171492,1.735919501174593,0.0,0.0,16.412682654680122,361.2546205068156,1.6635603092237636,1.0,2.995392188381316,1.8005912811054026,0.0,0.0,12.748382198688054,234.8951780329233,8.061130746485066,5.470354333333333,6.733122638539481,0.8352578379249532,8.24293475,3.571354333333333,1.254508712843743,1.070021063568328,744.8008048289738,750.0,61.047418316047285,0.0819647587922054,0.0,0.0,-11.656538954258965,133.87490039215666,10.416990350206502,7.999,9.649759091004023,0.9263480877480826,11.0,5.0,3.2305294796929247,24.417238047717856,9443.0,10.460535644746088,139,baseline,0
1129.0011092064133,750.0,1879.6621848917614,1.6648895820952698,0.0,0.0,17.300767598994778,417.3034816577934,1.6259957648482404,1.0,2.8676534572529224,1.763629106082309,0.0,0.0,12.887700567512596,249.56176312165445,7.882938980613601,5.899,6.660951477339098,0.8449832598882574,8.639527999999999,3.9,1.300718203960435,1.2511025330636611,745.0493092669154,750.0,59.5809480501312,0.07996913400101711,0.0,0.0,-11.951783948363383,140.8451395483567,10.084672442270847,6.899,9.31595875095286,0.9237740545646428,10.5186,4.9,2.9527387376120307,20.990372841293826,9917.0,10.566939050874634,140,baseline,0
1126.3424248457097,750.0,1892.4008718374364,1.6801292662812235,0.0,0.0,17.47081524305686,425.0937323044434,1.627513438184352,1.0,2.9197262614730994,1.7939798179057345,0.0,0.0,12.780484519978055,244.6228378636824,7.81948258355959,5.999,6.4824669310614915,0.829014818025279,8.0,3.6800254,1.3165949485379975,1.3366496963355354,745.1128807485567,750.0,59.199798690234395,0.07945077882798239,0.0,0.0,-12.030881476875734,142.74210911063167,10.006311014732232,6.999,9.143342574029056,0.9137575836456979,10.49278825,4.762934500000001,2.979656163873154,21.36534540677324,10046.0,10.581016680511155,141,baseline,0
1126.031705646345,750.0,1912.9698224518459,1.6988596438799175,0.0,0.0,17.37999971191581,420.9676120305765,1.6314707897054506,1.0,2.97949608275238,1.826263823755193,0.0,0.0,12.5566634363134,234.9919323468272,7.783054668914613,6.103908333333333,6.3338543091068145,0.8138005678418423,7.795066,3.226931333333333,1.2982686938694263,1.3456989642059787,745.1956160093943,750.0,58.69994153053434,0.07877118473251236,0.0,0.0,-12.136148920152152,145.28611061211024,9.977945841080341,7.659559,9.091412696102417,0.9111507359232232,10.3766915,4.760559,3.0769521452026996,22.641675222693983,10219.0,10.6270289385352,142,baseline,0
1138.3961238010481,750.0,1963.6499996647651,1.7249268146734682,0.0,0.0,17.161641592208845,411.3937076219252,1.6558884603975081,1.0,3.0843075101847286,1.8626299922667002,0.0,0.0,12.260741974504533,223.4851840378331,8.015885250189921,6.899,6.270164752004006,0.7822173791541547,7.321192,3.6194700000000006,1.2783191128485432,1.315997600744562,745.1452585780678,750.0,59.004701442861325,0.07918550210660635,0.0,0.0,-12.071758685973514,143.72735777237716,10.269438321665183,7.999,8.947049680265991,0.8712306749426226,10.899999999999999,5.0,3.039311112267565,23.372780690932768,10113.0,10.58435183594666,143,baseline,0
1119.8834260695064,750.0,1933.9650201991908,1.726934228312401,0.0,0.0,17.520393981261137,431.39663237776057,1.626562072425431,1.0,3.0606259025413274,1.8816533069515797,0.0,0.0,12.433998432392393,229.4443949403576,7.7680225269066,5.999,6.335663828381256,0.8156083232812481,7.0,3.7703870000000004,1.2601280996339035,1.3138750046199412,745.5216637781629,750.0,56.68600582904531,0.07603535696303089,0.0,0.0,-12.578824652185498,156.22682963042953,9.904808636778254,7.999,8.993241254775931,0.9079671889250321,10.654203500000001,5.0,2.9588194546503943,22.51968717376332,10963.0,10.692144127680047,144,baseline,0
1100.1218836565097,750.0,1732.3505780874543,1.5746896810466002,0.0,0.0,17.146451348248117,460.1856435582284,1.603431328746314,1.0,2.8760164580945053,1.7936636303240978,0.0,0.0,11.589729715821061,211.4936153400966,7.952171526272535,6.362748,6.424217543442121,0.8078570139260288,7.999999999999999,4.069134999999999,1.256357708959261,1.3186637901352487,745.6129032258065,750.0,56.10915480437753,0.07525239244335483,0.0,0.0,-12.711398147739848,159.57964287036404,10.054533329103744,7.999,8.802887805589233,0.87551430956109,10.861502,5.0,2.467185344085366,16.211172596747545,11191.0,10.715026960114429,145,baseline,0
1106.9786926688334,750.0,1772.3970547022207,1.6011121681385925,0.0,0.0,16.857185947485977,444.4720623446624,1.6199891657638137,1.0,2.971599260790367,1.8343327990031826,0.0,0.0,11.319148353034041,199.2195953521379,8.225265307733732,6.899,6.443083454367218,0.7833283442309352,8.0,3.97102425,1.232660715696223,1.2370425593587013,745.5673528349585,750.0,56.397897941946695,0.0756442697329736,0.0,0.0,-12.644703644876682,157.88853026675775,10.387511282412424,7.999,8.819262698579864,0.8490255710732335,11.373144,5.0,2.463316202835263,16.531673009947806,11076.0,10.70472360590132,146,baseline,0
1113.4583668723728,750.0,1812.2649472318303,1.6276000981719294,0.0,0.0,16.75784779448127,441.3526109631472,1.633217064663268,1.0,3.056672222348284,1.87156520004798,0.0,0.0,11.223998687194243,195.05539478717645,8.327175855088205,6.999,6.585209968171568,0.7908095232728592,8.638382,3.9999999999999996,1.2245071021867036,1.2041247878555579,745.6089795188266,750.0,56.13408702865954,0.07528622719228151,0.0,0.0,-12.705612521559607,159.43258954801217,10.560850531526697,7.999,9.033650636385149,0.8553904450609838,10.50994,5.0,2.3787337134056856,15.4253988158756,11181.0,10.6977796543386,147,baseline,0
1116.397377978563,750.0,1834.3038266873168,1.6430563729992376,0.0,0.0,16.828276754745563,444.8807878653644,1.6415980157675614,1.0,3.1229550747008856,1.9023872133767699,0.0,0.0,11.1857977254554,191.91317187947817,8.22755119825187,6.899,6.46305926024924,0.7855386255903778,8.899999999999999,3.999999999999999,1.1771007825403368,1.0434883107675086,745.650987687129,750.0,55.866564077230606,0.0749232080420336,0.0,0.0,-12.767958566203946,161.02076594830066,10.469847727876694,7.999,8.938877933109309,0.8537734421207415,10.268236,5.0,2.202990157430538,12.938055758769407,11289.0,10.702833923471985,148,baseline,0
1124.5023280802293,750.0,1883.5154628356513,1.674976934953281,0.0,0.0,16.603495703947384,433.3283792358122,1.6600107449856734,1.0,3.229908982350509,1.9457157082307828,0.0,0.0,10.997681751352394,183.88722308560895,8.475189011792141,6.6283425000000005,6.522436200303802,0.7695918275366681,8.221331999999999,3.7293425000000004,1.1492983924371243,0.9456616831400435,745.6038681948424,750.0,56.16654866088411,0.07533028067151414,0.0,0.0,-12.698087267134898,159.24142024377335,10.766621197797278,8.8897455,9.023214573387472,0.8380730042990194,11.0,5.1092545000000005,2.213420014084513,13.062182705997653,11168.0,10.692284366701506,149,baseline,0
1140.4786356474187,750.0,1959.3644962231347,1.7180194656700927,0.0,0.0,16.094618502255667,406.9436262461334,1.6931133561961256,1.0,3.3805627486251884,1.9966547049278567,0.0,0.0,10.652398582756346,170.7060057722422,8.633469038754262,6.999,6.555912128293608,0.7593601249816461,7.9199364999999995,3.9999999999999996,1.1465149772282277,0.8574836826031347,745.4494392436741,750.0,57.1384044480617,0.07664960417172462,0.0,0.0,-12.476702585130234,153.66810739779544,11.01738513912318,8.420109,9.147771362003265,0.8303033112202967,11.444861,5.4211089999999995,2.2490456395707534,13.28964911871379,10789.0,10.640339273592335,150,baseline,0
1151.93143072431,750.0,2009.1313110972565,1.7441414111202411,0.0,0.0,15.985157177081254,401.5257585264078,1.7174343034755581,1.0,3.493913529546418,2.034379727059028,0.0,0.0,10.516535129215224,165.16386668282794,8.965215310493845,7.269944,6.676803824641045,0.7447455073193614,8.0,3.729056000000001,1.117407527433952,0.7932008940442765,745.375718187812,750.0,57.59641903904447,0.07727165996106668,0.0,0.0,-12.374926224014928,151.13879904981232,11.393617046434962,8.290556,9.17750009196589,0.8054948709055927,11.586973999999998,4.716557,2.20596153911471,13.350088112740583,10617.0,10.586381778350857,151,baseline,0
1164.069742384171,750.0,2081.8596117591824,1.7884320294205525,0.0,0.0,15.731261739937871,388.2571668076249,1.747379762954256,1.0,3.6492765524578754,2.0884278448367315,0.0,0.0,10.279145462666946,156.49527353748647,8.995266904611213,7.899,6.690126704318822,0.7437385433098472,8.216023499999999,4.1000000000000005,1.028432602785293,0.5464726992372895,745.1909099813889,750.0,58.72849092757329,0.07880999370891417,0.0,0.0,-12.130088968935365,145.1390583942877,11.475454671956117,8.999,9.271763029970533,0.8079647643617122,11.793105,5.0,2.244782584221702,13.962382730915735,10209.0,10.560322655393577,152,baseline,0
1171.4008308376003,750.0,2119.085808251602,1.8090185293247294,0.0,0.0,15.6729810233194,386.5435810013203,1.7608926673751328,1.0,3.729673398661777,2.1180583392521015,0.0,0.0,10.252660458406732,154.93006228566762,8.955100711074639,7.899,6.952036775261865,0.7763214507084644,9.3435405,4.653802499999999,1.0374784555618466,0.5322264452027063,745.2568833929089,750.0,58.32694947596105,0.07826422107021364,0.0,0.0,-12.215858590024055,147.22720109146454,11.472640707854312,8.999,9.580331681432224,0.8350589829657448,12.5854615,5.5661130000000005,2.1291429283203676,12.560979589854659,10351.0,10.544454984168402,153,baseline,0
1198.7793360912117,750.0,2207.201361385762,1.8412073806532667,0.0,0.0,15.260911082883641,367.7206491866015,1.8129351225910604,1.0,3.906525379740562,2.154807048008054,0.0,0.0,9.961931216142947,145.61024561967596,8.9530330052412,7.622344,7.1356431994332326,0.7970084769324486,9.76857025,4.6233439999999995,1.004930840379839,0.379432746709651,745.0463121783877,750.0,59.59885556090925,0.07999349112493748,0.0,0.0,-11.948092252023638,140.75690846286713,11.636723871960447,9.355596,9.922721400831476,0.8527074724820971,13.672166999999998,6.356596,2.0641253539659554,11.768549829580502,9911.0,10.444074070520536,154,baseline,0
1177.4603053435114,750.0,2190.426118994996,1.8602972083682794,0.0,0.0,15.701576452688416,388.0355094887248,1.7791984732824428,1.0,3.8990734031762533,2.191477489289238,0.0,0.0,10.221668967715878,152.04445142407675,8.490407853356128,6.899,7.267129413471474,0.855922299492231,9.860395583333334,4.9,1.0866603784992939,0.5004400932663602,745.3152671755726,750.0,57.96921922538177,0.07777811857398335,0.0,0.0,-12.293257419605217,149.1241779846785,11.063017226145037,8.433965,10.097121230292101,0.9126914497095556,13.4488165,6.434965,2.020495484309751,10.867197683246022,10480.0,10.561361647515435,155,baseline,0
1179.5541170871013,750.0,2230.5597172485095,1.891019398717252,0.0,0.0,15.773624645865103,389.05313957972055,1.7878153260352214,1.0,3.991376238846903,2.232543921467798,0.0,0.0,10.227601239609855,150.77582990752472,8.525609149765312,6.578133,7.217353416563683,0.8465498816307288,9.383046,4.579133000000001,1.1232316635711084,0.5803058865214488,745.3264159923846,750.0,57.90064996200041,0.0776849561744126,0.0,0.0,-12.308200900205351,149.49180939981605,11.062641850642553,8.610942,10.031867601049678,0.9068238614691295,13.0,5.864073000000001,2.018817606078379,10.44345620250797,10505.0,10.58392897244833,156,baseline,0
1166.0055207949945,750.0,2243.725651048345,1.9242839000612533,0.0,0.0,16.013734050790227,398.78810726226976,1.7686786897313214,1.0,4.029501739436923,2.2782553794714637,0.0,0.0,10.374841590625872,153.82735710120267,8.299842127632493,5.999,7.240449824639272,0.8723599453215853,9.100000000000001,4.000000000000001,1.1946012205486716,0.7577557573053211,745.4825174825174,750.0,56.931667192579354,0.0763688830488429,0.0,0.0,-12.52317155149051,154.82982570806115,10.748625371089437,7.56853,10.045298525062968,0.9345658796595324,12.899999999999999,5.56953,2.0521299747767685,10.576549807011844,10868.0,10.680235400697395,157,baseline,0
1160.4369732502748,750.0,2236.8001144247514,1.927549850604712,0.0,0.0,16.30364630234561,419.37780971276726,1.766397947966288,1.0,4.073440806533756,2.3060719761499056,0.0,0.0,10.42980436017752,155.7742062048996,7.995499347319142,5.666252999999999,7.02119749488184,0.8781437143429971,8.976734624999999,3.667252999999999,1.2512508140245822,0.9354521853311137,745.5023818248443,750.0,56.8071452654765,0.07619981726473321,0.0,0.0,-12.551321850756755,155.5356802012841,10.37706774725174,6.999,9.903652356092573,0.9543786932214502,12.0,5.0,2.115643762442116,10.594092621212017,10916.0,10.705464596783248,158,baseline,0
1125.7216005425569,750.0,2142.3969158579525,1.9031321019561098,0.0,0.0,17.131578616569332,475.6181261116466,1.709393014581214,1.0,3.9655369310354347,2.319850904507736,0.0,0.0,10.843428504254428,169.57895437166192,7.38265585416721,4.999,6.887679971103166,0.9329542250320866,8.636928750000001,3.4696664999999998,1.3713288897656322,1.2936029195718382,745.8379111563241,750.0,54.659904515021736,0.0732865729904755,0.0,0.0,-13.056660611555118,168.47638632533497,9.551401993472362,5.999,9.718285682511985,1.0174721668246896,12.37067175,4.588661,2.0944376038423593,9.156808453315378,11796.0,10.836338294941898,159,baseline,0
1118.6267914837213,750.0,2169.0248915909083,1.9390067430031448,0.0,0.0,17.325073373211342,486.227612660292,1.7006875983762737,1.0,4.0229396096287635,2.3654783003472555,0.0,0.0,10.960392654830962,172.8254820561875,7.277744082728685,4.999,6.684648583419989,0.9185055846197984,7.899999999999999,2.9999999999999996,1.4189206746611054,1.4471127728703008,745.9327313395742,750.0,54.03725842852648,0.07244253557755044,0.0,0.0,-13.210615849865096,172.52037113270688,9.377529544942423,5.999,9.583430842735686,1.0219568807335095,11.322307,3.9999999999999996,2.252752129501256,10.353368563416216,12071.0,10.902543151303847,160,baseline,0
1114.2184105202973,750.0,2200.8887253949742,1.9752758567032145,0.0,0.0,18.050587653625556,532.9359158929886,1.6972964142775464,1.0,4.0929750431708785,2.411467442422573,0.0,0.0,11.249672003669124,184.93013130993015,7.304117405418431,4.999,6.57168164298458,0.8997228930232548,7.0,2.9999999999999996,1.488450100008296,1.6898586410383922,745.9898717634567,750.0,53.658470517810734,0.07192922122517115,0.0,0.0,-13.306002512500301,175.0497028626644,9.344226017397697,5.899,9.403115938703273,1.006302279203856,10.0,3.9,2.2377019153464315,9.608890781242637,12243.0,10.925221580414838,161,baseline,0
1128.55700270636,750.0,2269.2527537013157,2.010755990401447,0.0,0.0,17.912001825371057,524.996003055408,1.729533152909337,1.0,4.246018661945364,2.455008540774669,0.0,0.0,11.084386231735303,179.0005664405574,7.802307030189587,5.424662,6.578871390622842,0.8431956554858856,7.0,2.8488583529411766,1.4909013760022165,1.7097721321787036,745.8477672530447,750.0,54.5955218540575,0.0731992830857866,0.0,0.0,-13.072418950658829,168.88813722154396,9.954736697733424,5.999,9.42773044062664,0.9470597492320638,9.825321249999998,3.0999999999999996,2.1690064427449096,8.737670378874206,11824.0,10.896330898566717,162,baseline,0
1125.9011800662195,750.0,2219.110890076175,1.9709641746229087,0.0,0.0,17.266554977858128,518.4424675353266,1.7324900246200865,1.0,4.258181062027114,2.457838718558209,0.0,0.0,10.748402900563265,169.22543292560368,7.872211962291271,5.899,6.523085362091904,0.8286216622898588,6.2154065,2.9,1.4889268956360882,1.7919582721060427,745.8319042363528,750.0,54.69910528572038,0.0733397230328006,0.0,0.0,-13.047083763891342,168.2263947419971,10.029811019016893,6.899,9.36657004631047,0.9338730339535916,9.518106,3.9,2.099888619406511,7.54222358434199,11779.0,10.908389218488658,163,baseline,0
1131.8200739657693,750.0,2282.6687992258558,2.0168124348843213,0.0,0.0,17.235288921854245,518.1977534055649,1.7491184312376364,1.0,4.386947285049447,2.5080904795825307,0.0,0.0,10.699044081657693,168.0251116623312,8.03790087682132,5.999,6.50256274270652,0.8089876750605106,6.6046249999999995,3.000000000000001,1.4700421616460364,1.8017293680130217,745.7774146383418,750.0,55.053395935044165,0.07382014372444065,0.0,0.0,-12.961141036941397,165.99117697948634,10.220643927324332,6.899,9.369489165256528,0.9167220022417288,9.6833995,3.9,2.1255662886452797,7.866071296368498,11627.0,10.89066519779317,164,baseline,0
1129.9711909457258,750.0,2317.6709175146457,2.0510885021545358,0.0,0.0,17.288044087452818,523.2109860804977,1.7516076481179799,1.0,4.472034411058841,2.55310281150224,0.0,0.0,10.711796118738427,168.17762765406232,8.031473603626628,6.899,6.325218291838706,0.7875538916024751,6.726750666666668,3.12787,1.4139381859398403,1.7460889971253737,745.7904484266484,750.0,54.96886310913812,0.07370550698940004,0.0,0.0,-12.981547306818324,166.5205704791619,10.17561008076824,6.999,9.279099000591502,0.9118960855358312,8.7275665,3.9999999999999996,2.250596786232213,8.946237692968515,11663.0,10.916377057941187,165,baseline,0
1138.8406486867618,750.0,2382.9922636244523,2.0924720823517906,0.0,0.0,17.153626186084857,516.7721133274467,1.7761325577295963,1.0,4.620856624441864,2.601639502824404,0.0,0.0,10.580340647024393,163.86958478001637,8.294296652428951,6.999,6.247916433383531,0.7532786317154275,6.0,3.000000000000001,1.3361068948706154,1.5525424255069638,745.6728362418473,750.0,55.726904518341456,0.07473371941400224,0.0,0.0,-12.80074101817212,161.85897061431422,10.466087437863566,7.999,9.272607866813443,0.8859669787649178,9.550808,3.9999999999999996,2.3365486734814707,9.756823693827771,11346.0,10.901055609908745,166,baseline,0
1142.9303522313903,750.0,2357.4612263236904,2.0626464436097276,0.0,0.0,17.10663148402441,540.8036352438371,1.7891935054564811,1.0,4.663450516363033,2.606453970540898,0.0,0.0,10.495052232398733,163.29487490816646,8.490042664905998,7.899,6.256788099404156,0.7369560255882921,7.1000000000000005,3.6843200000000005,1.22285086389542,1.300758607874637,745.6440422322776,750.0,55.910885704140334,0.0749833466606354,0.0,0.0,-12.75758871428028,160.7560698027315,10.698030556472363,8.320547,9.299630412965437,0.8692843382597288,9.0,4.321546999999999,2.2376026430361984,8.528983228794567,11271.0,10.886019485701485,167,baseline,0
1146.719206588152,750.0,2395.756045091544,2.089226404622337,0.0,0.0,17.14759580427527,545.3574675861995,1.7996103781103339,1.0,4.753533300101922,2.6414235869729374,0.0,0.0,10.50589362021508,163.53801362454897,8.631839881509931,7.999,6.470436594350431,0.7496010912123854,7.201935000000001,3.9999999999999996,1.134625206104411,1.0428510726808824,745.6525281147614,750.0,55.85672913221252,0.07490986354386203,0.0,0.0,-12.770261834364383,161.07958731822362,10.862170532188081,8.999,9.521298809804314,0.876555821103127,10.0,5.0,2.174949001332917,8.196020082158615,11293.0,10.881580738039442,168,baseline,0
1150.560353982301,750.0,2432.0517232913608,2.113797607290728,0.0,0.0,17.257950332189765,552.8388242004661,1.8104424778761061,1.0,4.843515579312736,2.675321441305793,0.0,0.0,10.53248757975008,164.1036407325965,8.898702215137785,7.999,6.593947589997195,0.7410010393178548,7.480455,3.9999999999999996,1.0989760301438707,0.9270484666232535,745.655221238938,750.0,55.83953046905168,0.07488652781948192,0.0,0.0,-12.77429155449684,161.18252471928935,11.1475445119469,8.999,9.613735784211109,0.8624083782673396,10.0,5.0,2.1474940339162947,8.11865745347245,11300.0,10.87079816237459,169,baseline,0
1160.5127646043427,750.0,2499.020153759438,2.1533758438335115,0.0,0.0,17.150597628498673,547.0264887658591,1.8371036613064413,1.0,4.997163971425294,2.7201317359912074,0.0,0.0,10.418001631326819,160.3949336281905,8.985985140876297,7.999,6.734282306250098,0.7494205922527691,8.100000000000001,4.000000000000001,1.0785574511107476,0.8030262208573489,745.5395657308985,750.0,56.57329819289569,0.07588235526766898,0.0,0.0,-12.60451757701027,156.8738633491608,11.303324201962386,9.475253,9.83503568546691,0.8701011764096296,10.470350999999999,5.423746999999999,2.135287653123214,7.9774074440698595,11007.0,10.856894719623659,170,baseline,0
1180.6905695611579,750.0,2584.4497129237957,2.1889305966798656,0.0,0.0,16.864542871194715,529.3049056399982,1.8782446311858076,1.0,5.1700064293807335,2.7525735165374656,0.0,0.0,10.256494541585475,155.27690977037295,9.164422505224772,7.899,6.746398956818943,0.7361510180235276,9.0,4.122810833333333,1.0276514938803354,0.6547881686212365,745.415873015873,750.0,57.34741024957519,0.0769334439009914,0.0,0.0,-12.430059926499055,152.5063897763578,11.551664407563026,8.999,9.914556006622647,0.8582794354838994,10.5716235,5.0,2.1486836185618494,8.128396661392777,10710.0,10.826656824315702,171,baseline,0
1200.9138064018512,750.0,2670.8852682894294,2.2240441021257564,0.0,0.0,16.641844978258863,515.3248262308772,1.9215194755109912,1.0,5.3528425113681815,2.785734196081825,0.0,0.0,10.098933540654464,150.33917912986104,9.525369381859054,7.999,6.900755019495278,0.7244606211951925,9.31840175,4.8999999999999995,0.9832294158335937,0.5223773624497037,745.266486694948,750.0,58.26826287129629,0.07818446678006416,0.0,0.0,-12.228491777140288,147.53601114358779,12.022502852005399,9.899,10.119911292760857,0.8417474645117524,10.0,4.9710990000000015,2.122206186644443,7.953239834470951,10372.0,10.770815404508438,172,baseline,0
1221.9259185303515,750.0,2771.8104054615706,2.2683948048137923,0.0,0.0,16.49170629803608,505.736288503272,1.9675519169329074,1.0,5.55552547074447,2.8235724927678802,0.0,0.0,9.960057701866456,146.5949144095632,9.390462712353706,7.999,7.07612017879169,0.753543291267494,10.0,5.0,0.9351368017237934,0.3457367194955445,745.0982428115016,750.0,59.287785137925766,0.07957042673220298,0.0,0.0,-12.012533171312862,142.3009531918919,11.98863516783147,9.519559000000001,10.457186865718215,0.8722583279352335,10.821175749999998,5.520559,2.096905520821417,7.727226325621986,10016.0,10.727584647830959,173,baseline,0
1219.8105263157895,750.0,2795.0972279782077,2.2914191734516987,0.0,0.0,16.791857250443993,522.5307145626781,1.9695134061569017,1.0,5.630633695321759,2.8588958459078357,0.0,0.0,10.051176044534747,148.9111721688219,9.139463392372884,7.273876333333334,7.102232881875296,0.7770951725461576,10.899999999999999,4.906443,0.9245088297964542,0.2380698024021748,745.1245283018868,750.0,59.129690864730826,0.0793554481416487,0.0,0.0,-12.045540001776166,143.09503393438968,11.700584917974181,8.999,10.561603177208543,0.9026559997854501,12.0,6.0,2.133369416874571,7.925537562328527,10070.0,10.742360149543748,174,baseline,0
1233.8940105989402,750.0,2862.7931149706246,2.320128868751868,0.0,0.0,16.60160276522123,512.3407665502333,1.9973002699730027,1.0,5.763000216343877,2.8853950019351746,0.0,0.0,9.978719155811529,146.76101009670887,9.015904801246698,7.5895019999999995,7.085610451953137,0.7859012054977949,10.0,4.6905019999999995,0.958248488775935,0.2664371414831761,745.0908909109089,750.0,59.33192572532237,0.07963045374610107,0.0,0.0,-12.0033485027752,142.08037527907572,11.646044510348965,8.899,10.71335355083606,0.9199134986403243,12.734145999999999,5.999999999999999,2.178573664339744,8.052454666029702,10001.0,10.7525850570594,175,baseline,0
1214.6502435369052,750.0,2835.6763164698577,2.334562012034619,0.0,0.0,17.079887803673074,544.6505803362298,1.9556013488197828,1.0,5.698206180498573,2.913787201025135,0.0,0.0,10.300914342810707,156.9448175078007,8.53995956278407,6.999,7.147371645850387,0.8369327270585235,9.100000000000001,4.8999999999999995,1.046890265399414,0.43627477776859847,745.4012738853503,750.0,57.43807076233941,0.07705657714125924,0.0,0.0,-12.409931919894252,152.00641025641022,11.042698988572498,7.999,10.776351362029958,0.9758802058429584,13.2447265,5.8999999999999995,2.2094405200330622,8.120236028232634,10676.0,10.834325729176808,176,baseline,0
1210.602314474651,750.0,2848.3662031073522,2.3528504522506384,0.0,0.0,17.32764573310046,560.4095389682343,1.9497612049963262,1.0,5.738976266171721,2.9434252007196617,0.0,0.0,10.422219825662584,160.40681529848888,8.09859718531085,5.899,7.219846047856075,0.8914934133224154,10.0,4.1000000000000005,1.1487382770351826,0.6235102397427936,745.4908155767818,750.0,56.879683626062494,0.07629830232322182,0.0,0.0,-12.534908524471339,155.1239317168642,10.578288786645848,6.999,10.965979764211061,1.0366496874290896,12.4445715,5.1,2.2558090529531274,8.159776625395466,10888.0,10.851353915404175,177,baseline,0
1194.1697088415992,750.0,2842.435034811609,2.3802605389889724,0.0,0.0,17.722608630846455,585.0957124480341,1.9235152702341733,1.0,5.7451074338372194,2.9867750585301027,0.0,0.0,10.61762765775248,166.08617214786872,7.742178155522413,4.999,6.973653535071393,0.9007353479843603,9.0,3.3523729999999996,1.2437243788564334,0.8822562432169652,745.6285281809278,750.0,56.009757074149086,0.07511750819244169,0.0,0.0,-12.734514370730139,160.16785625833236,10.094032767963673,6.487218,10.784567799517355,1.0684102228937966,11.462088000000001,4.488218,2.459063690419487,9.502769328892251,11231.0,10.912560650373752,178,baseline,0
1168.8246688741722,750.0,2781.6923750226224,2.3799056001290477,0.0,0.0,18.408787772128814,632.2890234135193,1.8719370860927151,1.0,5.635557690779864,3.010548662478254,0.0,0.0,11.023192417359759,178.84000832455388,7.139286080191206,3.999,6.79201336813448,0.9513575015546337,8.0,3.0,1.4334790275928297,1.4601008527215988,745.935761589404,750.0,54.01723890196691,0.07241540315330851,0.0,0.0,-13.215624080201065,172.6527198291904,9.341837925827814,4.999,10.632043672347573,1.1381104828368587,10.609909250000001,3.9999999999999996,2.601965780481495,10.168000762216186,12080.0,11.008251517629471,179,baseline,0
1150.190588051053,750.0,2744.0199037498137,2.3857088836028764,0.0,0.0,19.044125858049316,674.4844715556376,1.8353300446323702,1.0,5.572668258155504,3.0363303180555463,0.0,0.0,11.367876621981804,189.70178101121277,6.997619398072368,4.73405,6.561278965643995,0.9376444462600277,7.7205449999999995,2.7350499999999998,1.5674585657318205,1.9893545013182976,746.155665178921,750.0,52.54360884639048,0.07041909791543434,0.0,0.0,-13.594637788319943,182.81417659561657,9.126789853887715,4.999,10.481647211434034,1.1484484007231954,9.436634000000002,3.0,2.774842040715101,11.325419394761798,12771.0,11.074741389826203,180,baseline,0
1149.7534419007159,750.0,2786.099971127007,2.423215160392269,0.0,0.0,19.036143019418127,675.6704209302371,1.8413972150106208,1.0,5.673201400298632,3.0809221139535126,0.0,0.0,11.344742240251623,188.8074837477992,7.04419714796976,4.999,6.256213969725303,0.8881372622469028,6.0,2.9999999999999996,1.6076229066503667,2.219709156756738,746.1375186846038,750.0,52.66680878697902,0.07058592748402127,0.0,0.0,-13.562147656567333,181.931849058535,9.130790478483203,4.999,10.19583723830315,1.1166434343586944,8.899999999999999,2.9999999999999996,2.9191123027096313,12.535005378094558,12711.0,11.087390139010266,181,baseline,0
1145.0922670690306,750.0,2759.7874333343675,2.4101004894551408,0.0,0.0,19.486721969775022,712.4454395904235,1.827536778574123,1.0,5.63888630702374,3.0855118064563936,0.0,0.0,11.595131792984006,197.4521283759159,6.988095901939488,4.999,6.257100360657793,0.8953941743875018,6.1000000000000005,2.9999999999999996,1.6714873715828928,2.605330255778605,746.2960392304791,750.0,51.580426037518976,0.06911523487476176,0.0,0.0,-13.853939049304714,189.9316271818502,9.019509110298001,5.899,10.158519613045252,1.1262829815701154,8.0,3.1000000000000005,2.9368915085954512,12.379451175821556,13255.0,11.094211547671021,182,baseline,0
1139.7454303263523,750.0,2778.814511010772,2.4381010329781203,0.0,0.0,19.84334845123612,744.6280437493493,1.8195811440834753,1.0,5.679689437857195,3.1214268494291635,0.0,0.0,11.755344339884815,204.57061738177094,7.1503846020320845,5.797525,5.995527308738624,0.8384901851342011,5.899999999999999,2.798525,1.6588408761519877,2.7141137830970967,746.3667579368016,750.0,51.0881622466443,0.06844913938539875,0.0,0.0,-13.990198207228525,193.72564587754022,9.117012750314512,5.999,9.952123049022264,1.0915991149270843,7.899999999999999,3.0999999999999996,3.1557654912258175,14.251504809000515,13513.0,11.127506598550875,183,baseline,0
1172.6182924875861,750.0,2939.138848835833,2.506475353203607,0.0,0.0,19.061829359549336,684.7102179783129,1.8934006086817234,1.0,6.004570821637024,3.17131556528742,0.0,0.0,11.2885761048515,188.2432648890712,7.732296613372336,5.999,5.916442447111224,0.7651597892506153,5.1000000000000005,2.9999999999999996,1.6307059618930737,2.662680159307129,746.0679160659939,750.0,53.13664758232615,0.07122226601368274,0.0,0.0,-13.43961022429118,178.6231229808721,9.853897927999359,6.999,10.084105071779673,1.0233620386026316,7.442483749999999,3.0999999999999996,3.2376257156651307,14.773923841111152,12486.0,11.04881456957697,184,baseline,0
1167.4746889914718,750.0,2950.909557796989,2.5276004573136786,0.0,0.0,19.294007237282916,699.704756365938,1.8841248728581488,1.0,6.03169126382712,3.201322455171065,0.0,0.0,11.424897467176919,192.41388479318246,7.817126788239194,6.999,5.905166988111616,0.7554139964821721,5.687051,2.9999999999999996,1.5423296741825918,2.5858647140466493,746.1586730302794,750.0,52.52315945609162,0.0703914078258797,0.0,0.0,-13.60004526494098,182.9612312084436,9.908758577263125,6.999,10.051849393567023,1.0144408419266806,7.439674999999999,3.000000000000001,3.2713807674880493,15.29799935635673,12781.0,11.07949213975943,185,baseline,0
1193.0045278669631,750.0,3073.3929023785413,2.576178740807988,0.0,0.0,18.916224918239756,673.4879596778587,1.9407261052111633,1.0,6.282903495300147,3.2373983523123306,0.0,0.0,11.161407616161595,184.15299929103386,8.117767720015031,6.999,5.895897278041895,0.7262953907273141,6.0,3.000000000000001,1.4994463294440576,2.5307820002381805,745.9581789742323,750.0,53.86890070717915,0.07221437102714567,0.0,0.0,-13.25284809187354,173.63798254627625,10.300156507203425,7.999,10.204113896990588,0.9906756164194525,6.050000000000001,3.000000000000001,3.344198978514689,15.777525352858579,12147.0,11.021889389127633,186,baseline,0
1182.9756097560976,750.0,3070.1789187464306,2.5953019600965663,0.0,0.0,19.295743218703088,698.5963053884877,1.923780487804878,1.0,6.291942650640718,3.270613612377425,0.0,0.0,11.340178481167852,189.6635992298158,8.285643657042016,7.608202,6.117358808628166,0.7383082186293382,6.999999999999999,3.390798,1.4072788980524593,2.3365050936448046,746.060975609756,750.0,53.18326519318987,0.07128541356786978,0.0,0.0,-13.427568777987616,178.29960328758804,10.435811626203465,7.999,10.277213569967156,0.9848025182978501,7.000000000000001,3.3375025000000003,3.262119707966977,15.450854111649782,12464.0,11.049952649678719,187,baseline,0
1208.068585944115,750.0,3185.57621031732,2.6369166845173506,0.0,0.0,18.873869955115534,669.8637000267382,1.9820491109229466,1.0,6.547450683261945,3.3033745971173776,0.0,0.0,11.050504557210134,180.06880907086745,8.463778843550278,7.899,6.015263398952925,0.7107065898274013,7.066458000000001,3.9,1.2620477101652936,1.9283496423455606,745.8428450465707,750.0,54.627684730996336,0.0732428890265554,0.0,0.0,-13.064542156738861,168.68226176520687,10.732615497967824,8.899,10.437331203556985,0.9724872008629444,7.416647500000001,3.999999999999999,3.338932996494381,16.035470913300742,11810.0,11.009420806711889,188,baseline,0
1219.0294367874767,750.0,3234.3707042684764,2.653234291693606,0.0,0.0,18.837442520284867,668.1752008149225,2.0040837161817255,1.0,6.656767816741473,3.3216016691280044,0.0,0.0,11.022793953501857,179.07109880577295,8.462529146932042,7.999,5.9706409624439685,0.705538599486955,7.785173375,4.000000000000001,1.0962861586396508,1.4181892927353612,745.8230389654585,750.0,54.756906993135,0.07341809535555387,0.0,0.0,-13.032987382219893,167.85876010510313,10.769802708865068,8.899,10.54023259620202,0.9786839073222688,8.525495000000001,4.100000000000001,3.380071798476783,16.512803674452616,11754.0,10.989328240742752,189,baseline,0
1242.9162465729194,750.0,3325.3636312004137,2.6754527027620774,0.0,0.0,18.63585172660036,654.3978857254649,2.0567789864685593,1.0,6.868906952190152,3.3396427119201086,0.0,0.0,10.84151268063263,173.1371452544261,8.620219250143789,7.999,6.101466499371605,0.7078087369146475,8.0,4.000000000000001,1.0431616754814637,1.1584623193876507,745.6579110285663,750.0,55.822347682081876,0.07486321388997282,0.0,0.0,-12.77832000401689,161.28546212505822,11.058000302025293,8.999,10.837281664530417,0.980039913956735,9.625331000000001,5.0,3.3326863580157515,15.98177650476292,11307.0,10.928182572773455,190,baseline,0
1258.5807856300462,750.0,3404.763183249556,2.705240078446875,0.0,0.0,18.4782891149311,643.2534311665065,2.0939853034564093,1.0,7.048107980966871,3.365882257785193,0.0,0.0,10.71735996197205,169.01516855635748,8.566267859575733,7.386071,6.1853961583686035,0.7220642944820256,8.100000000000001,4.387071000000001,0.98521285201921,0.8390706758325095,745.546040097977,750.0,56.532479960212314,0.07582694685466107,0.0,0.0,-12.613847485513288,157.1091483877897,11.068248658804317,9.218848,11.076019269638675,1.0007020632688963,10.0,4.780152000000001,3.336412476141642,15.933964541306384,11023.0,10.886072458505511,191,baseline,0
1288.4008023688987,750.0,3526.4640084546577,2.7370861629166776,0.0,0.0,18.101209465384215,618.4459830831129,2.162097621549336,1.0,7.320063775941469,3.385630557558261,0.0,0.0,10.45693269726121,160.89537958981919,9.129817815876248,7.999,6.308416483648915,0.6909684958531076,9.0,4.000000000000001,0.9701069918577091,0.7283800700757106,745.3103448275862,750.0,57.99946697036629,0.07781921634776638,0.0,0.0,-12.286676531342474,148.9624201858419,11.83450359891107,9.899,11.35288733672336,0.9593040588342019,10.0,4.999999999999999,3.2876322099618185,15.315728568478551,10469.0,10.815830925776773,192,baseline,0
1297.423076923077,750.0,3580.1630317742292,2.759441461658612,0.0,0.0,18.081302968065955,617.0607887009539,2.1834615384615383,1.0,7.442587661201885,3.408618622357742,0.0,0.0,10.428806980576576,159.88371508089787,9.149138954996738,7.899,6.489630555787639,0.7093159900302282,9.0,4.1000000000000005,0.9520182912713386,0.6240597354801114,745.2792307692308,750.0,58.190288901888145,0.07807850601421933,0.0,0.0,-12.24531575603401,147.94775796497476,11.883881298173078,8.999,11.524026686053459,0.9697191007642477,10.0,5.0,3.248226326810316,15.17475465232441,10400.0,10.79724166002056,193,baseline,0
1310.863038679336,750.0,3615.277628466627,2.7579369635053066,0.0,0.0,18.18846578028892,623.775282089885,2.206929647758902,1.0,7.530683051575563,3.412289584864129,0.0,0.0,10.457973695188464,160.61153665619912,9.05675095676722,7.999,6.610264990339519,0.7298715645261635,9.0,4.6432329999999995,0.9192817102117706,0.48241398438027616,745.2878395239467,750.0,58.13755591146268,0.07800684893583947,0.0,0.0,-12.256718877777919,148.22715764887747,11.867788785584029,8.999,11.77072823526611,0.9918215135041989,10.577925,5.0,3.196010446315818,14.764752712705974,10419.0,10.779638295122512,194,baseline,0
1327.7621354424123,750.0,3682.947891472242,2.773800964165226,0.0,0.0,18.156232997047887,623.4810867816657,2.249826989619377,1.0,7.71715569760138,3.430110729939709,0.0,0.0,10.348605622788654,157.29441943507604,9.16319951521169,7.92355,6.604372617738126,0.7207496253654966,9.499876,4.92455,0.8920107775708686,0.3576187581386563,745.146218487395,750.0,58.998907253683385,0.07917762418958235,0.0,0.0,-12.07297677416425,143.75676818950936,12.097856098467622,8.999,11.941737429082778,0.9870953441573322,11.0,5.1000000000000005,3.186380568297924,14.398568861154299,10115.0,10.737527514821275,195,baseline,0
1360.9644994840041,750.0,3809.0966596853905,2.7988214689873034,0.0,0.0,17.796956629395524,598.5465464822261,2.321981424148607,1.0,7.986129732666637,3.439359871535098,0.0,0.0,10.12881002112841,150.5739813471237,9.283930798527678,7.999,6.7517524689142085,0.7272514859745569,9.851712500000001,4.796260500000001,0.8869051487104892,0.2860386968407975,744.9333333333333,750.0,60.26991141707629,0.08090644990658175,0.0,0.0,-11.811310983028473,137.5070671378091,12.413225764189887,9.899,12.309542922728312,0.991647389370724,11.100000000000001,5.899999999999999,3.130336380893176,13.778720995860798,9690.0,10.66248310112998,196,baseline,0
1383.0148933890496,750.0,3920.957148168886,2.835079482449145,0.0,0.0,17.568574781360812,581.7210343576693,2.37790635379835,1.0,8.235628604789975,3.4633948438023174,0.0,0.0,9.957886030794453,145.29534761893174,9.239900506296888,7.922597666666667,6.856982494909113,0.7421056633928209,9.302509703703704,4.874307066666667,0.9141506602323209,0.30091966007975834,744.7395264116576,750.0,61.403496223013185,0.08244962707816876,0.0,0.0,-11.58694694255313,132.25733944954123,12.491508349726777,9.338227,12.645201004807639,1.0123037707519302,11.314519,5.660773000000001,3.1273443091825692,13.534250434626195,9333.0,10.618951301615724,197,baseline,0
1389.3933921172845,750.0,3938.7139894124025,2.834844336930544,0.0,0.0,17.68261871862639,592.0987763254592,2.388930202910868,1.0,8.296194830741445,3.4727656842517556,0.0,0.0,10.005487961886091,146.7926694283936,9.011063519730403,7.908294333333333,6.811886155841427,0.755946969070442,9.420881999999999,4.695899768115941,0.929588732404317,0.3087073516797889,744.7842345692128,750.0,61.143915739829495,0.08209614664466611,0.0,0.0,-11.637600577728557,133.43374720674794,12.275220878359715,8.999,12.78800684821452,1.0417740727385858,12.390154999999998,5.370281,3.1799987957729914,13.853118726302853,9413.0,10.608835178504469,198,baseline,0
1425.4201661801033,750.0,4065.179443090959,2.8519166064452324,0.0,0.0,17.416861051395728,575.2248336181697,2.474960700651246,1.0,8.607211581053159,3.4777164658769366,0.0,0.0,9.76864572663712,139.88313327551634,8.974419516814015,7.899,6.82854340501957,0.7608897034761924,9.67547321590909,4.9,0.9510519579686243,0.3044352908268517,744.4873119245452,750.0,62.84720407990374,0.08441675643529757,0.0,0.0,-11.31274866174093,125.97828228372123,12.385820343476308,8.999,13.05764690799431,1.05424158803271,12.14480425,5.4055875,3.2138229601067656,13.924386181640486,8906.0,10.523675501476541,199,baseline,0
1419.9377132166833,750.0,4069.539365989977,2.8659985069140586,0.0,0.0,17.613738390963647,588.565732999258,2.463519313304721,1.0,8.62815122601584,3.502368006379252,0.0,0.0,9.872458877977934,142.7607804161395,8.739066542595447,6.999,6.970481220539031,0.797623085550833,9.28121925,4.4854519999999996,1.0204169005554293,0.457533998740844,744.5971167602069,750.0,62.22291018449546,0.0835658758057399,0.0,0.0,-11.42978095064456,128.6398925797173,12.18286015637724,8.999,13.289987946822238,1.0908758515023635,12.0,5.899999999999999,3.1738421318913193,13.612803628697701,9087.0,10.533360263641951,200,baseline,0
1410.0765726681127,750.0,4075.879237964042,2.890537519002789,0.0,0.0,17.867890201716627,604.2771362274818,2.449349240780911,1.0,8.664832468220368,3.537605958331125,0.0,0.0,9.971787109492892,145.38986503234972,8.574828591430837,6.899,7.016427221290675,0.8182585979972202,9.071861375000001,4.4203244999999995,1.0915784240977262,0.583726452237955,744.675054229935,750.0,61.77585125704744,0.08295678887878091,0.0,0.0,-11.515019121306217,130.59566536404782,11.944287947396965,8.390603,13.376291979032585,1.1198902804371607,11.8736085,5.4916030000000005,3.2389338494444972,14.051879158484827,9220.0,10.565927594175959,201,baseline,0
1428.0713807718046,750.0,4166.4726220692255,2.917552076295686,0.0,0.0,17.675950898478334,593.499815417555,2.496877091233549,1.0,8.881449691549701,3.557023180168607,0.0,0.0,9.83768473654127,141.56069543254313,8.726149039669616,6.899,6.965326892366124,0.7982131477128473,9.159657999999999,4.0,1.1165584432352695,0.6302874541914867,744.52420254294,750.0,62.63817850326251,0.08413182310168069,0.0,0.0,-11.35167755634601,126.8605833432496,12.216916633281283,8.7377905,13.569930005773973,1.1107491696232759,12.100000000000001,5.738790499999999,3.2887763839333046,14.229139949885276,8966.0,10.534835453784726,202,baseline,0
1428.3407030731814,750.0,4171.585659777844,2.920581658705354,0.0,0.0,17.989429627279183,612.9800167474391,2.4993367234136636,1.0,8.930811608043841,3.5732726704571003,0.0,0.0,9.93054286633625,144.0213141428062,8.51623811267637,6.5635425000000005,7.029848154935099,0.8254640208416919,9.186797875,4.01491545,1.1599721671195893,0.7363133159237929,744.5726287862038,750.0,62.362694442017805,0.08375636174496631,0.0,0.0,-11.403376071789207,128.03698583465476,11.997976328543004,8.761479999999999,13.67378968566962,1.139674667730414,11.76890675,5.538213999999999,3.2673258665257765,13.955848579437326,9046.0,10.502301837538056,203,baseline,0
1439.3090665475659,750.0,4224.496154598444,2.9350861832140307,0.0,0.0,17.970114868977806,613.5692157251309,2.5273559624832513,1.0,9.070380717656873,3.5888813654665324,0.0,0.0,9.890321743463053,142.88580774996979,8.381601580045439,5.999,6.941575992175339,0.828192073541356,8.664182375,3.9999999999999996,1.2207024664492008,0.8994182770346186,744.5180884323358,750.0,62.67287130344209,0.08417911166591892,0.0,0.0,-11.34519868129324,126.71353311801772,11.886918835864227,7.899,13.805249095535514,1.1613816234601904,11.318074999999999,4.999999999999999,3.3582932560014256,14.49030014347214,8956.0,10.488074928126656,204,baseline,0
1403.2876451953537,750.0,4141.788866214356,2.951489582620655,0.0,0.0,18.66683744408585,664.0007405092874,2.453326293558606,1.0,8.92040877635378,3.636046619552804,0.0,0.0,10.215768759254342,152.82032503570161,8.090924949313724,5.999,7.026556409073865,0.8684490899485924,8.83227475,3.9999999999999996,1.2790305223009364,1.0817926127885897,744.8156282998945,750.0,60.96096011015071,0.08184704750261394,0.0,0.0,-11.673557229314282,134.2719383860755,11.436434455966209,6.999,13.770643054364223,1.2041028265746143,11.899999999999999,5.0,3.4003573268408225,14.995598052161373,9470.0,10.589847973112194,205,baseline,0
1419.0721112076455,750.0,4223.964800925405,2.9765681162818187,0.0,0.0,18.568714337167364,657.3423312244564,2.4981537793223283,1.0,9.132757040057525,3.655802583352158,0.0,0.0,10.099195224285738,149.24951595526775,7.988017407967515,6.122232666666666,6.951839472391187,0.8702834655138821,9.05183525,4.1232326666666665,1.2679760664719457,1.0477007440354598,744.6681146828845,750.0,61.815792463759266,0.08301119820348882,0.0,0.0,-11.507354367135294,130.41920453082756,11.413767576998262,6.999,13.94499878548182,1.2217699976285352,12.0,5.0,3.4555937865748354,15.344764267943386,9208.0,10.545086123871416,206,baseline,0
1413.331330472103,750.0,4227.068984137577,2.9908549347204985,0.0,0.0,18.806569642810903,674.9763626221886,2.490343347639485,1.0,9.170424628387991,3.6823936896413647,0.0,0.0,10.183622445716486,151.67828804924213,7.575150459004097,4.999,6.875744490593513,0.9076710129791224,8.663689499999998,3.146098743589744,1.3151321112496148,1.1151775047118662,744.7321888412017,750.0,61.44599109988869,0.0825075000390385,0.0,0.0,-11.578694800867043,132.06617329162546,10.978030188197424,6.999,14.074039439388521,1.2820186498047386,11.420046,5.0,3.528963793105203,15.85033330919422,9320.0,10.580165677248605,207,baseline,0
1403.4794607791105,750.0,4199.11319077331,2.991930632488391,0.0,0.0,19.30015654932927,712.1725328610049,2.4777624456002547,1.0,9.18633598552841,3.707512801253616,0.0,0.0,10.310605746228044,155.4780780412956,7.670931928749605,5.359128,6.772569868311914,0.8828874941425627,8.379204916666666,3.399875999999999,1.340676849319338,1.212205564190823,744.7886636238192,750.0,61.118138361511654,0.08206104811549797,0.0,0.0,-11.642653822972873,133.55138804158474,11.068975190107208,6.999,14.005804909720302,1.2653208331551649,11.529509,5.0,3.5805375474097554,16.23469915977798,9421.0,10.597882207169611,208,baseline,0
1388.4671866874676,750.0,4179.023473048322,3.009810756146436,0.0,0.0,19.700863018556774,741.2054147363785,2.452418096723869,1.0,9.181092405120001,3.743689714810382,0.0,0.0,10.454526177892596,159.6469647054696,7.60906804509135,4.999,6.754568819226523,0.8876998837701197,7.086283520833334,3.0,1.4136127695722587,1.4271048057495008,744.8938117524701,750.0,60.50284915850968,0.08122345521460032,0.0,0.0,-11.764530652765595,136.4041814798613,10.93845113447738,6.352483,13.986288079308661,1.2786351474592845,10.899999999999999,4.353483000000001,3.64028621423624,16.67887781852556,9615.0,10.650072006684661,209,baseline,0
1400.6999163529904,750.0,4244.629672164894,3.03036333665005,0.0,0.0,19.733605255927543,741.7937572392473,2.4788791300711,1.0,9.316671587385553,3.7584210840963146,0.0,0.0,10.447316301006804,159.61912885294515,7.7464948245997,5.13984125,6.873570460184671,0.8873136322710785,7.899999999999999,3.14084125,1.4273539547471148,1.4683567271835072,744.866583019657,750.0,60.66279823675742,0.08144115955750499,0.0,0.0,-11.732613508225102,135.65421973338613,11.128609849226265,6.390954499999999,14.161754080071741,1.2725537395900675,11.0,4.391954499999999,3.6271795593053704,16.554914263075062,9564.0,10.610461101108328,210,baseline,0
1377.8478542268247,750.0,4191.2227729532915,3.0418618137669373,0.0,0.0,20.306838167862626,785.2184466781223,2.425868764313452,1.0,9.200941767722863,3.7928439918417567,0.0,0.0,10.730887901050732,168.63492716086913,7.732458967182122,5.899,6.8429439705860755,0.8849635025066023,7.727569000000001,3.559561714285714,1.4594831392572531,1.6699206133823878,745.1114208901722,750.0,59.20857971259389,0.07946271933646969,0.0,0.0,-12.029047905515828,142.69799351319477,11.022976778253511,6.899,14.061274061357354,1.275633102039904,10.899999999999999,4.5718890000000005,3.6943849362966836,17.280304742092316,10043.0,10.689061823403911,211,baseline,0
1366.6329388560157,750.0,4210.133250241938,3.080661332344416,0.0,0.0,20.420148290688676,794.8437567887524,2.411834319526627,1.0,9.255789700849771,3.8376556904897234,0.0,0.0,10.783530117670685,170.1810926865155,7.50185686409276,5.899,6.399841019213225,0.8531009235654341,6.95730375,3.2782045,1.467000220297591,1.8073556051362623,745.1581854043393,750.0,58.92662360502515,0.07907934819645075,0.0,0.0,-12.08819252199499,144.12439844881567,10.669856419230769,6.899,13.907636678407938,1.3034511554758665,10.0,4.1947944999999995,3.9682807163921496,19.420431695215882,10140.0,10.751973304330013,212,baseline,0
1358.5044533620437,750.0,4204.121504424521,3.0946689162631076,0.0,0.0,20.833027837972075,824.5290461721426,2.4030537339727904,1.0,9.29579929737236,3.8683276890376916,0.0,0.0,10.88449643449948,173.04915941702998,7.628746319312195,5.999,6.261463456148278,0.8207722729352481,6.899999999999999,3.000000000000001,1.43475995577794,1.7522829173391843,745.1946755407654,750.0,58.7056480792851,0.07877894194115675,0.0,0.0,-12.134937171963612,145.25670016750414,10.74573276000783,6.999,13.769095727646972,1.2813547512451762,10.0,3.9999999999999996,4.066728930487089,20.311176273686147,10217.0,10.780523639988324,213,baseline,0
1378.6454271356783,750.0,4299.0576700199645,3.1183200447353863,0.0,0.0,20.598834281237362,805.1454401986224,2.452462311557789,1.0,9.515874146456154,3.880130635080679,0.0,0.0,10.743818090302513,168.4022959186901,8.109971303370934,6.451136916666666,6.315286910973825,0.7787064435541045,6.299831625,3.452136916666666,1.4076797091998279,1.6815486983780694,745.0657286432161,750.0,59.482744437152625,0.07983556638079735,0.0,0.0,-11.972067933732367,141.3304106099027,11.35798768723618,7.899,13.883929026907357,1.2223933859789058,9.899999999999999,3.999999999999999,4.017125479435621,19.770882831700344,9950.0,10.723164826997479,214,baseline,0
1382.7874522421073,750.0,4335.892638583588,3.1356175756101905,0.0,0.0,20.760010438881764,818.5780322983157,2.4649105167906695,1.0,9.613516095179866,3.900148110730093,0.0,0.0,10.773177876706292,169.6665010042187,8.276328770934642,6.899,6.251652694503241,0.7553654364793008,6.899999999999999,3.1000000000000005,1.3171587225720243,1.5150995254693287,745.0637442187814,750.0,59.4946220502509,0.07985172075797696,0.0,0.0,-11.969611099236486,141.27158986696526,11.550024942388898,7.999,13.917579745052734,1.204982657134778,9.050318999999998,3.9999999999999996,4.073887932302954,20.331337621540097,9946.0,10.71309812514748,215,baseline,0
1414.6408055113936,750.0,4486.783182141693,3.1716766296160372,0.0,0.0,20.30276059530099,781.6675029470551,2.5480657127715953,1.0,9.963616654150739,3.9102667581178907,0.0,0.0,10.499782929291701,160.976289347082,8.635260464979595,6.999,6.385842426810588,0.739507795127715,7.3459255,3.525353,1.2273483734524906,1.2119059595095525,744.7963963963964,750.0,61.07310628532306,0.08199973386125066,0.0,0.0,-11.651491729737035,133.75725952813056,12.05056493810281,7.999,14.135829234375784,1.1730428662045176,9.0,4.000000000000001,4.000647316312391,19.527055238621582,9435.0,10.612367400012758,216,baseline,0
1383.1299697275479,750.0,4420.608318890203,3.19609032820031,0.0,0.0,21.149808379643236,842.6535748140204,2.481029263370333,1.0,9.827256385315069,3.9609594817778637,0.0,0.0,10.838359785915706,171.78346009057168,8.51955173605936,6.999,6.575221871761063,0.7717802620918612,8.239846916666666,3.9999999999999996,1.1734098564121254,1.0992998884132996,745.0458123107971,750.0,59.60184171604591,0.07999755280979004,0.0,0.0,-11.947476858418732,140.742203282451,11.809949070938446,7.999,14.055024164553425,1.1901003196651871,9.3635315,4.8999999999999995,3.9706206558970463,19.71001322520892,9910.0,10.672814294917623,217,baseline,0
1377.147254493099,750.0,4403.732176504071,3.197720622930043,0.0,0.0,21.582000831312364,874.30378081449,2.469466785820673,1.0,9.831094452547294,3.9810595991798876,0.0,0.0,10.971694088357966,175.7073479748745,8.628219567276235,7.554021,6.789683064421207,0.7869158882061901,8.899999999999999,4.444979000000001,1.1706371802641518,1.0698249517259688,745.1250124118757,750.0,59.126775107741075,0.07935148347302845,0.0,0.0,-12.046150386620727,143.10973913708256,11.890668916989377,8.433179,14.104119952578753,1.1861502537024473,10.4817615,5.097793000000001,3.920277962774456,19.484831372045146,10071.0,10.673641881113022,218,baseline,0
1375.7297513232797,750.0,4443.98518441001,3.230274826967617,0.0,0.0,21.682424917132646,880.0813459947385,2.4778787576151005,1.0,9.948756903321307,4.015029739750766,0.0,0.0,10.965436948604161,175.21107769368427,8.512832356988808,7.703449,6.700769934521589,0.787137541716117,8.8353,4.704449,1.1222031712087193,0.9272588314257098,745.0967741935484,750.0,59.296605374582896,0.07958242127509177,0.0,0.0,-12.010696799388342,142.25683760683745,11.740447170478376,8.899,14.135583955667778,1.2040072878324455,11.504389999999999,5.899999999999999,4.01626107854697,20.317953255295183,10013.0,10.69560758891368,219,baseline,0
1399.6870425729305,750.0,4549.383604590796,3.2502862898752243,0.0,0.0,21.39383681955482,857.3971678112077,2.5373672817235335,1.0,10.200564229642854,4.02013705430694,0.0,0.0,10.795456804525733,169.7632734166554,8.565118703369645,7.354054,6.689416749987719,0.7810068933844434,8.899999999999999,4.355053999999999,1.1200228604701963,0.8454871972806979,744.9390784455211,750.0,60.23597293439519,0.08086026720479045,0.0,0.0,-11.818156530257594,137.66882377367023,11.900745165343778,8.999,14.39082072109224,1.20923694450662,11.100000000000001,5.602188999999999,4.042116776417506,20.307795340656995,9701.0,10.644213471938285,220,baseline,0
1434.575819893928,750.0,4697.1027641922665,3.2742101874682152,0.0,0.0,20.95210208135929,821.3654818640356,2.6246347007251867,1.0,10.546472406395766,4.018262961882572,0.0,0.0,10.540271799218665,161.68345967748166,8.62827565008329,6.999,6.5922726115124455,0.7640312941843495,8.347737166666665,4.000000000000001,1.080686329680047,0.6400047617688327,744.6860049788938,750.0,61.71276903651561,0.08287085915931064,0.0,0.0,-11.527144561231195,130.87506173552194,12.121719420824764,8.899,14.668651051974194,1.2101130658719814,11.638330999999999,4.999999999999999,4.084163270364083,20.375531444619504,9239.0,10.57523268229453,221,baseline,0
1442.2714584020223,750.0,4754.724634726117,3.2966919001462855,0.0,0.0,21.01558694605966,823.3021788450111,2.6531486976590832,1.0,10.714179425490387,4.038288330745911,0.0,0.0,10.49406401272743,159.9729932116906,9.01504107761245,7.216201666666667,6.831764029661532,0.7578184026944956,8.0,4.217201666666666,1.0982951713030396,0.6712591123724185,744.6042422244203,750.0,62.18217519511392,0.08351036922560602,0.0,0.0,-11.437497678671185,128.81635314960877,12.64121632509067,8.999,14.885814705572477,1.1775618993266224,11.3562545,5.0,3.9937642817917327,19.66496930356061,9099.0,10.538774866137407,222,baseline,0
1415.2441885263383,750.0,4709.132828998617,3.3274348463512364,0.0,0.0,21.61155245845625,862.841077263277,2.602473875026658,1.0,10.646904791465277,4.091070766793467,0.0,0.0,10.704752958254366,165.81684518740963,8.743701202572685,6.899,6.91899420053087,0.7913118301086356,9.14216275,4.1000000000000005,1.103649201678805,0.6829959884012404,744.764768607379,750.0,61.25707647070744,0.08225023397018477,0.0,0.0,-11.615466787008755,132.91906868010352,12.241427785348689,8.5929675,14.828709820676103,1.2113545969224306,10.921653749999999,5.045285499999999,4.0052574145585735,20.01007949799976,9378.0,10.5884029172713,223,baseline,0
1402.429416737109,750.0,4727.32878245854,3.3708140502765116,0.0,0.0,21.786506169104744,874.1650944566554,2.5859044801352495,1.0,10.700635935834923,4.138063110233388,0.0,0.0,10.766892541044024,167.45384386380795,8.515583706837601,6.999,6.864914651034985,0.8061590241339288,9.0,4.1,1.1481592245330385,0.7763646585038417,744.8123415046492,750.0,60.98014130008963,0.08187316173749114,0.0,0.0,-11.66977753474395,134.18370771041486,11.888795786031276,7.999,14.82800553217325,1.2472251857160668,10.899999999999999,5.1,4.125472601997798,21.03537583493817,9464.0,10.635587735935038,224,baseline,0
1408.977588953797,750.0,4756.070561348059,3.3755473462708276,0.0,0.0,21.989241593984143,887.8037050273042,2.6054168879447688,1.0,10.810613791599046,4.149283687236243,0.0,0.0,10.778018089514465,167.55547309109144,8.550388953992785,6.999,6.826512802936828,0.7983862301081688,8.899999999999999,3.9999999999999996,1.152345733567607,0.8074107100225616,744.7853425385024,750.0,61.137468337841085,0.08208736779037851,0.0,0.0,-11.638864094681162,133.4631574144583,11.980378132023366,7.999,14.91834421986316,1.2452314989947317,11.100000000000001,5.0,4.146589619654729,21.193307431171135,9415.0,10.621026260596484,225,baseline,0
1410.4585729499468,750.0,4790.053195430815,3.3960963386627596,0.0,0.0,22.153644675039857,897.0106658210481,2.6164004259850904,1.0,10.916598700701682,4.172373078784956,0.0,0.0,10.793954605125238,167.7100523587238,8.669601677097775,7.4411570000000005,6.780075136022055,0.7820515161535938,8.73236,4.339101250000001,1.17515121983577,0.9047780135188148,744.771458998935,750.0,61.218207763451275,0.08219730633305433,0.0,0.0,-11.623060262516827,133.09552986609793,12.127934895633652,8.7842705,14.949776415809845,1.2326728783143555,11.0,5.214729500000001,4.195652922099213,21.645258100229686,9390.0,10.626256453624661,226,baseline,0
1383.6987618950168,750.0,4721.709091875733,3.4123822481485866,0.0,0.0,22.82503788156862,946.6857453281295,2.558682083290699,1.0,10.793389045684414,4.2183392443203145,0.0,0.0,11.052075280434565,175.36180768373956,8.477544106260689,6.999,6.727517727342605,0.793569180297666,7.681992000000001,3.9999999999999996,1.1730132634429928,0.9659649352130395,744.9763634503223,750.0,60.015236937664675,0.08055992093454749,0.0,0.0,-11.862866219125658,138.72759493287262,11.830652251816227,8.899,14.798720907578769,1.2508795451499208,10.717189,4.999999999999999,4.271806751538569,22.68632084388952,9773.0,10.676170896591596,227,baseline,0
1397.4842968167784,750.0,4840.427083433946,3.4636718956052537,0.0,0.0,22.62019046269807,924.2665204533668,2.613009688065581,1.0,11.096492714395971,4.24663282538793,0.0,0.0,10.868538185912483,169.19583618301726,8.727859659679277,6.999,6.587777683808881,0.7547987640363779,7.999999999999999,4.000000000000001,1.1425962454289558,0.8943173396887931,744.7731289257958,750.0,61.20850214103493,0.08218409038107674,0.0,0.0,-11.624957856541993,133.13964516637748,12.135248877887788,8.999,14.915146174323603,1.2290762492313774,10.159497,5.0,4.374887793229648,23.356750368331245,9393.0,10.650230301618667,228,baseline,0
1410.5071095191577,750.0,4901.1127696525655,3.474716813957327,0.0,0.0,22.77108372499239,935.8319055282005,2.652230543796809,1.0,11.284436887359139,4.254696830089615,0.0,0.0,10.818931039572805,167.9440458614007,8.914758232786795,6.999,6.677833206839786,0.7490761984189294,8.100000000000001,4.000000000000001,1.0866574204478552,0.7284196325350538,744.6710083577553,750.0,61.79914088219615,0.08298851464418307,0.0,0.0,-11.51054863483455,130.49272987489147,12.379905555627914,8.999,15.103904727085485,1.2200339218435508,10.0,4.899999999999999,4.358388873608913,23.130907751845317,9213.0,10.613336225411315,229,baseline,0
1385.1518771331057,750.0,4826.205360676023,3.484242732042481,0.0,0.0,23.88442210069648,1012.2286356454265,2.612094709897611,1.0,11.234869368391358,4.301095716713788,0.0,0.0,11.052126938113817,174.28881825388316,8.606805053695545,6.999,6.919488068668763,0.8039554777295332,9.333399625,4.30477975,1.0742183226208741,0.6417246916215853,744.7636518771332,750.0,61.26356178876678,0.08225906518713093,0.0,0.0,-11.61420072518101,132.88965848479498,11.966436232935154,7.999,15.042158685371163,1.25702910980052,10.793023,5.000000000000001,4.31324131388095,23.29049023213966,9376.0,10.636909998309967,230,baseline,0
1373.578748027354,750.0,4792.7998459694945,3.4892792661888565,0.0,0.0,24.501495876236596,1060.2778973872767,2.5932667017359283,1.0,11.23003960306781,4.330460725674857,0.0,0.0,11.189859828433006,178.36370497479757,8.449664854291974,6.999,7.001051685559554,0.8285596892051165,10.429616500000002,5.0,1.0791319243579502,0.6124130625920401,744.8347185691741,750.0,60.84942942046911,0.0816952109017699,0.0,0.0,-11.695581107601145,134.78661744447703,11.728529817885324,7.999,15.030907991098871,1.2815679564694984,11.899999999999999,6.0,4.35846287783691,23.950751253247066,9505.0,10.616427548496189,231,baseline,0
1388.1167347794194,750.0,4832.42900960457,3.4812843102655004,0.0,0.0,24.459678467216392,1057.6749904434441,2.6165775961437703,1.0,11.314421925153628,4.324130093381701,0.0,0.0,11.198813905076275,178.61215147473686,8.36242819165905,6.721643,7.251088843416677,0.867103271589123,9.812230870370371,4.722643,1.1355816332556163,0.6711544355101173,744.855286597506,750.0,60.729029307299555,0.08153131272613953,0.0,0.0,-11.719445894542982,135.34541207512035,11.738309285863982,7.999,15.31529193587898,1.3047272450320104,12.3134445,6.0,4.250468921757912,23.007568585611754,9543.0,10.574489537925036,232,baseline,0
1388.790178100959,750.0,4871.422470447155,3.507673475274984,0.0,0.0,24.57156810384883,1064.7077602416402,2.6288333860259248,1.0,11.436393677477694,4.350368394691755,0.0,0.0,11.189592524402794,178.1058659749442,7.994895216253056,5.899,7.021886362588638,0.8782962343663542,8.702219,3.9,1.2129406387428698,0.8399238680575682,744.8260090631258,750.0,60.900338867763026,0.08176451698345778,0.0,0.0,-11.685518198371751,134.55133556447745,11.326878430603859,6.999,15.338030176362427,1.354126847068555,12.0,5.0,4.417078807255431,24.368901723203514,9489.0,10.610363750704277,233,baseline,0
1349.2897795591182,750.0,4777.458690693024,3.540721024548236,0.0,0.0,25.545825006633347,1144.1725919875857,2.5445891783567136,1.0,11.246193556959808,4.4196499979704225,0.0,0.0,11.534837663649837,189.1873520804481,7.693663598851775,4.999,6.831807908657415,0.8879785060627051,8.440925,3.3918325833333336,1.2639192892627555,0.959464424824044,745.0805611222445,750.0,59.393888497618214,0.07971472025542957,0.0,0.0,-11.990478149499307,141.77156625362022,10.796416541082165,5.999,14.960288950257283,1.3856717081386116,11.313379999999999,4.000000000000001,4.619793784511011,26.660600169735698,9980.0,10.721518434731582,234,baseline,0
1347.0054256683436,750.0,4789.822214989676,3.5559041735953736,0.0,0.0,25.6395023356377,1153.1815292005158,2.5365492749334124,1.0,11.265451539614448,4.441250816982524,0.0,0.0,11.611360247937982,191.60347948582066,7.88004682835278,5.608315666666667,6.780450592565753,0.8604581597369919,8.0,3.609315666666667,1.314122440405588,1.103070758619805,745.156752490875,750.0,58.9352836181654,0.07909112199702854,0.0,0.0,-12.086367643477265,144.08028281329416,10.954472145901153,5.999,14.871056966758285,1.3575329571970844,11.611267999999999,3.9999999999999996,4.7161138229177295,27.723536760619048,10137.0,10.73639002576562,235,baseline,0
1355.9562667726866,750.0,4854.273703452327,3.579963323600392,0.0,0.0,25.515559476323716,1140.1926411806087,2.5606798528973265,1.0,11.410965719395548,4.456225055422063,0.0,0.0,11.563831589485504,189.85693002658854,8.02835887881731,5.999,6.710658439606225,0.8358692655496736,8.0,3.0999999999999996,1.3455093910875688,1.2055750770740268,745.1201669814134,750.0,59.15595210230543,0.0793911569216473,0.0,0.0,-12.040045145940086,142.96268711627536,11.155155262299969,6.899,14.954376415390302,1.3405798542249074,10.0,3.9,4.781327859658326,28.241354151939635,10061.0,10.715834654200581,236,baseline,0
1371.464817252202,750.0,4945.261728762569,3.605824711326279,0.0,0.0,25.243449144518955,1114.975698130258,2.6021059026020046,1.0,11.619260578075158,4.4653296264599955,0.0,0.0,11.450186288210427,186.0017031306167,8.37145300297671,5.999,6.599002225069224,0.7882744157702086,7.0,2.9999999999999996,1.3278791511846206,1.20483883845933,745.0292598967297,750.0,59.70063732814618,0.08013193647779877,0.0,0.0,-11.92715106003995,140.25693240901228,11.587890215348787,6.999,15.04234678049908,1.298109189934737,10.265404,3.9999999999999996,4.848714756833284,28.72613865638824,9877.0,10.679491388047682,237,baseline,0
1382.5641287685232,750.0,4995.472075717704,3.613193754829491,0.0,0.0,25.255182485816427,1115.0749638588477,2.630965763924374,1.0,11.762851797466032,4.470925452074469,0.0,0.0,11.410609014089045,184.6100523513458,8.583240086279618,6.999,6.5476945924361285,0.7628464923057056,7.274573,3.0999999999999996,1.3055717720311737,1.2587470990148564,744.9825242718447,750.0,59.97868298858792,0.08051018786945618,0.0,0.0,-11.870301464924701,138.90405686819352,11.872259808277974,7.999,15.13217317342191,1.274582380927256,9.0,3.9999999999999996,4.884560838387903,29.017139729390188,9785.0,10.639135426674223,238,baseline,0
1395.9493644509273,750.0,5075.060186703747,3.6355618018422424,0.0,0.0,25.16484945698631,1102.9494294811032,2.671077307772453,1.0,11.969314586526998,4.481081304422753,0.0,0.0,11.319861184624608,181.42811181159803,9.032228153820677,7.899,6.570889944233327,0.7274937958087129,6.3399275,3.1000000000000005,1.2554013445638728,1.2178212067967422,744.8847676599291,750.0,60.55602486655021,0.08129582922844322,0.0,0.0,-11.753901232592685,136.15419418554393,12.43248296030423,8.324715,15.262134626269106,1.2276014915926041,9.0,3.7590324999999996,4.880948881417935,28.88217074715157,9598.0,10.615224939575391,239,baseline,0
1399.1039295683918,750.0,5143.658889660136,3.6763951418869207,0.0,0.0,25.384013190805966,1110.6757957189548,2.7071075799871163,1.0,12.214983342896241,4.512189849120948,0.0,0.0,11.226376074914642,177.8487883848231,9.412853954331146,7.999,6.4166974132087375,0.6816952057623519,6.000000000000001,3.000000000000001,1.1862319875681253,1.1307990690401368,744.728795361821,750.0,61.46563389755074,0.08253425177105998,0.0,0.0,-11.574884136222854,131.97794276698357,12.862989374060554,8.999,15.1876832146439,1.1807273389552286,8.779810000000001,3.5600710000000007,4.992595199674366,30.004859686672376,9314.0,10.589707687106948,240,baseline,0
1424.6845310596834,750.0,5291.820556788731,3.7143805813997735,0.0,0.0,24.869531036243472,1066.5445403380988,2.7621525855387,1.0,12.464859713946945,4.512733937729198,0.0,0.0,11.114372037002237,174.8768367561494,9.660004216834116,8.999,6.5236416760474,0.6753249304673078,7.000000000000001,3.2137124999999997,1.0874510733051101,0.9574661697140971,744.6435610674343,750.0,61.95690011027072,0.08320343228571872,0.0,0.0,-11.48035361467281,129.7985191179311,13.189117131657623,9.999,15.377739814970763,1.1659415608691368,8.412359,4.000000000000001,4.990703851642916,29.92852343230738,9031.0,10.556756886158034,241,baseline,0
1454.2173713235295,750.0,5436.452736504048,3.738404480449961,0.0,0.0,24.372016535826877,1024.4227400942661,2.8415670955882355,1.0,12.801360477737362,4.505035442454453,0.0,0.0,10.899730927448593,168.11211360853096,9.989742661165305,8.999,6.703882556107295,0.6710766016194141,7.713287625,3.8999999999999986,0.9890999846631611,0.7725878388893448,744.359375,750.0,63.56661544875089,0.08539774950607815,0.0,0.0,-11.180692018643033,123.00787401574809,13.703288940602024,10.899,15.737574512356817,1.148452359179797,8.56647375,4.0,4.890782362260327,28.752730666653164,8704.0,10.481429791862233,242,baseline,0
1393.7700738622825,750.0,4371.392423889784,3.1363798849376923,0.0,0.0,12.538612116366007,191.68710673444303,1.8585894686680962,1.0,5.828490917340257,3.1359754349178974,0.0,0.0,12.538706024855985,191.6894495226375,10.132223649034131,9.999,6.791624449805828,0.6702995003918265,8.0,4.0,0.919418048710994,0.6137720713590915,749.9139861806052,750.0,7.880011372195023,0.01050788692757791,0.0,0.0,-91.6024023655872,8389.000119146918,12.93292497807958,10.999,12.566449380395749,0.9716633632140462,8.363482750000001,4.1000000000000005,4.9557150915905535,35.63607863328263,8394.0,10.45520522691086,243,baseline,0
1319.6059372755567,750.0,3974.054242782867,3.0115461976381024,0.0,0.0,13.784768548053638,237.72188318744824,1.76765621259277,1.0,5.29690669900874,2.996570634761225,0.0,0.0,13.794702072099518,237.96980474741838,10.044094009131582,9.589938499999999,6.988323257611608,0.6957644214857187,9.178485583333334,4.409061500000002,0.8639053692569993,0.43987709457308455,744.1230548240364,750.0,64.87384628989132,0.08718161044644976,0.0,0.0,-10.94811160840241,117.86114779003566,12.689097037945894,10.999,12.033242771016686,0.9483135588790976,9.0,4.899999999999999,4.685963306393449,34.649693578319216,8354.0,10.434449829272312,244,baseline,0
1311.5179873602333,750.0,3909.399565048947,2.980820394936113,0.0,0.0,14.055982802125135,248.85396019529568,1.76507049100632,1.0,5.210457507309532,2.9519826736998436,0.0,0.0,14.063646924839913,249.0784554064166,10.053545378720088,9.299777,7.047479422005677,0.7009944409186014,10.0,4.760982560606061,0.8379303082246337,0.34093220615941,744.0330578512396,750.0,65.36457628408759,0.08785170980555604,0.0,0.0,-10.863164057185791,116.00833333333334,12.699794065994164,11.999,11.964224558713772,0.9420802019735105,10.562411,5.000000000000001,4.6330002604083385,34.50278380678231,8228.0,10.42387407918368,245,baseline,0
1270.1847478474785,750.0,3485.6586986757916,2.7442139457136223,0.0,0.0,13.841479222308843,240.92710076595841,1.7183271832718328,1.0,4.647116436525335,2.704442135214815,0.0,0.0,13.82998285881121,240.72237331409218,9.924208584701201,8.899,6.991621882386154,0.704501706379306,10.508485499999999,5.100000000000001,0.7813066095347543,0.17275987112055713,743.9611316113161,750.0,65.7540496487777,0.08838371637287501,0.0,0.0,-10.79663179704748,114.56725816101678,12.523233987699875,11.570914,11.608608343687399,0.9269656987236039,11.0,5.5719140000000005,4.524548793143144,34.44288989807679,8130.0,10.41481691517856,246,baseline,0
1228.930254930255,750.0,3254.4486064506173,2.6481963426275286,0.0,0.0,14.878142065980496,285.4413952110213,1.6707551707551707,1.0,4.342986911372519,2.5994155142488746,0.0,0.0,14.819794280468694,284.0155149704496,9.224146570101771,7.90657675,7.043696838323494,0.7636150168248876,10.863716750000002,5.24391995,0.8183029607178913,0.09563053541915068,744.0962000962,750.0,65.02067884326817,0.08738208693292884,0.0,0.0,-10.92256206528254,117.30236206994927,11.699002806758054,10.395018499999999,11.415247959900292,0.9757453817607559,12.0,6.236496499999999,4.326674926163255,33.181673917529835,8316.0,10.485315530732354,247,baseline,0
1217.4085095917364,750.0,3157.4869655932366,2.593613352228098,0.0,0.0,15.21167585590626,302.7140656544493,1.6642892277422527,1.0,4.220169020396605,2.535718521786995,0.0,0.0,15.07828962493401,299.19088530142847,9.321029745839411,7.542550666666667,7.03178423740299,0.7543999353227832,11.39376925,5.396216416666667,0.8166475343703925,0.013688199828058245,743.9626168224299,750.0,65.74603150436383,0.08837276231052371,0.0,0.0,-10.797993694839805,114.59666783380023,11.766091164412199,9.999,11.193069282841458,0.9512988745740891,12.744318999999999,6.0,4.264667954752414,33.041455503137335,8132.0,10.474303011274827,248,baseline,0
1206.6572393943186,750.0,3086.0519368034898,2.557521586123772,0.0,0.0,16.083357966773296,340.4521168640404,1.6589913652859467,1.0,4.1340289553448475,2.4918929910357304,0.0,0.0,15.835525151632098,333.3328195306315,9.23971738010546,7.2654285,7.104990711740132,0.7689619086226895,11.393690999999999,4.6335714999999995,0.8420928380672571,-0.008576481265623048,743.8560880991115,750.0,66.31860024906752,0.08915514883872432,0.0,0.0,-10.701555423860171,112.52328848995111,11.667046403829309,9.899,10.987074167818482,0.9417185624814479,12.999999999999998,6.5269439999999985,4.030388187254391,31.025743337639078,7991.0,10.425913509322081,249,baseline,0
1201.4927427427428,750.0,3113.1921125393087,2.5911035512645526,0.0,0.0,16.16701719507492,339.6436499140791,1.6604104104104105,1.0,4.180702393645829,2.5178729110789346,0.0,0.0,15.804081097668607,329.13394881866725,9.0404184058588,6.999,7.1040885874841235,0.785814136974036,10.899999999999999,5.0,0.8566117738307998,-0.08137589330214601,743.8568568568569,750.0,66.31448666522424,0.08914952662456317,0.0,0.0,-10.702242442086074,112.5379932891885,11.421227300300302,8.999,10.932425900335227,0.9572023752690552,12.999999999999998,6.1000000000000005,4.011205204625294,31.020026452728715,7992.0,10.455686712771897,250,baseline,0
1203.3084303441217,750.0,3113.13668839011,2.587147741913365,0.0,0.0,16.78612172040596,367.9731399455949,1.6726365613406677,1.0,4.194169167219937,2.5075197231478583,0.0,0.0,16.2589308663781,351.88818008066363,8.964288673840018,6.999,7.070963499909986,0.7887924806063846,10.370675,4.510413999999999,0.8972875960313658,-0.04851068085521293,743.7193296661123,750.0,67.04623152142057,0.0901499111923318,0.0,0.0,-10.581335344784689,109.96465767878968,11.370756058334399,8.801755,10.850555289879251,0.954250995642998,13.251775,5.802754999999999,3.954243134359965,30.452890824555126,7817.0,10.388746885010118,251,baseline,0
1221.2866613630338,750.0,3115.5344494367105,2.5510263462302745,0.0,0.0,16.978532532060164,376.8945735670074,1.7079024131530098,1.0,4.2139718642239385,2.4673376135375316,0.0,0.0,16.264159059755027,354.627126369093,8.862170547758065,6.650456,7.362328750705877,0.8307590912441178,10.510276499999998,4.651456,0.9537636199592083,0.009345233912959827,743.4903208697958,750.0,68.2467025549895,0.09179232148597297,0.0,0.0,-10.388496662799696,105.92086291300036,11.420406228851762,8.997174999999999,11.085695990655811,0.9706919148505978,14.226338750000004,6.351269500000002,3.592816197519199,26.344996021054122,7542.0,10.259702202961982,252,baseline,0
1198.8742736397253,750.0,3000.3712769971385,2.5026571534379114,0.0,0.0,18.127312006558583,429.7066132917706,1.6864764923402007,1.0,4.081313231770969,2.420023789425981,0.0,0.0,17.09750946238268,395.1770154563147,8.380963522326171,5.999,7.296545467046579,0.8706093813210385,9.654830375,3.9999999999999996,1.0612634266256311,0.1824733914201513,743.5161119915479,750.0,68.11260043777754,0.091608775303247,0.0,0.0,-10.40970715294908,106.36200301015928,10.887160559957739,7.4139985,10.863929715766796,0.9978662164424777,14.234203500000001,5.414998499999999,3.3701304395664113,23.914834264203755,7572.0,10.272324717165299,253,baseline,0
1205.051169004676,750.0,3037.77306106431,2.5208664488275536,0.0,0.0,17.994135412356272,421.7249714361629,1.7046092184368737,1.0,4.151375672095969,2.4353826244720063,0.0,0.0,16.76255111538738,380.6039453438678,8.536853243442222,5.999,7.372997735194453,0.8636669185871491,9.297692,3.9999999999999996,1.1017558576594628,0.2720450261364151,743.4407481629927,750.0,68.50369363514656,0.09214412016615445,0.0,0.0,-10.348076997154601,105.08269753904005,11.108528780093522,7.999,10.953194071984273,0.9860166263972229,14.579399999999998,5.803368,3.3703573278768086,23.97353476598325,7485.0,10.241620332310402,254,baseline,0
1171.2432432432433,750.0,2950.5174734607617,2.519132973002773,0.0,0.0,19.079741542348867,473.2433156036743,1.6620993086109366,1.0,4.054960614681479,2.4396620548926915,0.0,0.0,17.51532020936928,417.67409149357786,8.19270819278066,5.999,7.382994614114876,0.9011665545003426,9.340447999999999,3.9999999999999996,1.195115495286134,0.5009511331112848,743.8282840980515,750.0,66.46720096432844,0.08935825967538326,0.0,0.0,-10.676793334158315,111.9939159003275,10.584540261345067,6.999,10.792948327422598,1.0196898552919338,13.999999999999998,5.0,3.2875575517239746,23.08998376440566,7955.0,10.369238530067483,255,baseline,0
1141.8599112771421,750.0,2879.9370187270424,2.5221456592743534,0.0,0.0,20.254748534505644,534.3354514967717,1.6235115573196357,1.0,3.9790019828346153,2.4508615075114197,0.0,0.0,18.34469855932998,461.9023862730226,7.987728034021345,5.6359055,7.325243669620571,0.9170622282607621,8.578951,3.6369054999999997,1.293957164647172,0.7967116962424554,744.2685033854775,750.0,64.07254093793208,0.08608793821918205,0.0,0.0,-11.089571232382712,120.97859011809021,10.215806818701845,6.999,10.598726865540714,1.037483093957676,12.398288249999998,5.0,3.294825229567009,23.245065894591068,8566.0,10.50416042734223,256,baseline,0
1118.8289114532154,750.0,2799.9351481833587,2.502558809055624,0.0,0.0,21.48378960794451,599.6341689407352,1.5935145758270552,1.0,3.891918648149967,2.442348948160709,0.0,0.0,19.1628488717815,506.2229377517381,7.6454512874825085,4.999,7.134963518090079,0.9332298709131501,8.0,3.0,1.3951035707867474,1.160765052131005,744.6395894748335,750.0,61.97969343399415,0.08323448593124912,0.0,0.0,-11.476003502778708,129.69865639578921,9.740655887760672,5.999,10.312865296991223,1.0587444434773168,11.0,3.9999999999999996,3.2967741955366328,23.267355278147864,9159.0,10.616529971514552,257,baseline,0
1116.026943884587,750.0,2780.627710905391,2.491541737537967,0.0,0.0,21.81783052552289,615.71394875314,1.5939323220536756,1.0,3.8882170702856205,2.4393865514163813,0.0,0.0,19.175681330790976,507.72414432172195,7.557351394724501,4.999,7.221261429492047,0.9555280748931345,7.899999999999999,3.0,1.4806294034723906,1.4180156783168414,744.7919804815954,750.0,61.09882670709828,0.08203475374102541,0.0,0.0,-11.646442318351761,133.63961867469484,9.648800561578446,5.999,10.367887200534698,1.07452601329741,10.95,3.9999999999999996,3.2040518856198856,21.910587403635425,9427.0,10.648351641149361,258,baseline,0
1124.4136210823121,750.0,2858.6935588678525,2.5423860982012982,0.0,0.0,21.637192622142738,605.109342387739,1.6146838737664029,1.0,4.018015657191909,2.4884224847180194,0.0,0.0,18.776006135782495,488.89006851048424,7.813286689956346,4.999,7.127115025856598,0.9121788702593246,7.0,2.9999999999999996,1.5391363402638016,1.625225846035561,744.6756317102266,750.0,61.77252631656901,0.08295225959617054,0.0,0.0,-11.51565762058933,130.61037043463725,9.95215588135777,5.999,10.346147548730745,1.0395885747841827,10.647001,3.9999999999999996,3.3477085190200917,23.35778978415353,9221.0,10.615390579711134,259,baseline,0
1132.0013357079251,750.0,2918.953915195734,2.578578154565775,0.0,0.0,21.320791541965114,587.2858807584009,1.635240427426536,1.0,4.127957841296739,2.524373646872909,0.0,0.0,18.228307582145238,463.11913587699644,8.136116827327498,5.999,6.965217617516035,0.8560862344209881,7.0,2.9999999999999996,1.5544170397240744,1.7882284217406346,744.5351736420303,750.0,62.57587636886423,0.08404690414122795,0.0,0.0,-11.36333022477439,127.12527379727115,10.268678694011577,6.318159,10.200364450185765,0.9933473189821733,9.40500775,3.3191589999999995,3.5914353409579833,26.268467856829265,8984.0,10.568416503792593,260,baseline,0
1138.8127897301795,750.0,2852.1987177462497,2.5045369559135575,0.0,0.0,21.334794567144353,600.5253027401908,1.6607631047188873,1.0,4.092590242006352,2.4642829735184257,0.0,0.0,17.607955135696805,447.217545654194,8.354053786121451,6.685159,6.796314129975199,0.8135348782726157,6.0,3.0000879999999994,1.5022704471083521,1.7808579722445073,744.1642695827885,750.0,64.64782758704509,0.08687306046457931,0.0,0.0,-10.987662937461504,118.72873682726534,10.517850424581004,6.999,9.899646672670112,0.9412233748384458,9.727841,3.30455,3.534935063448503,25.789602142599502,8413.0,10.4872884490242,261,baseline,0
1130.1048803378696,750.0,2855.7691612548306,2.526994804589319,0.0,0.0,21.60611571167406,615.6311875777998,1.655091506335054,1.0,4.128166759763112,2.494222672258348,0.0,0.0,17.529524434191874,445.5100183250803,8.195144921128366,6.999,6.4634709662024985,0.7886951394280606,6.1000000000000005,3.072828833333333,1.4448610367125707,1.8632254004716584,744.2402627874237,750.0,64.22893191329061,0.08630133993655786,0.0,0.0,-11.061689871069314,120.36098280371748,10.242164980525576,7.999,9.53014344883357,0.9304813451993947,8.0,3.8636299999999997,3.7708647039756764,29.35702986108261,8524.0,10.568020589052912,262,baseline,0
1133.607548071181,750.0,2911.091442919054,2.5679887610771814,0.0,0.0,21.451961038844395,600.2096529675512,1.6703690433536367,1.0,4.2376018717842845,2.5369255307056924,0.0,0.0,17.13019167713529,422.74289107535094,8.293414212535003,6.999,6.573595681085869,0.7926284052170298,7.05627,3.5284696666666666,1.3874382240761987,1.705511200988572,744.1363907798877,750.0,64.80080203079952,0.08708188825826059,0.0,0.0,-10.96086405261135,118.14054077982786,10.340269958198972,7.999,9.522441290289994,0.9209083833192857,8.512443000000001,4.000000000000001,3.6409474112026543,28.13526377890676,8373.0,10.51974365922104,263,baseline,0
1124.3788503516857,750.0,2714.6716337571693,2.414374508118921,0.0,0.0,22.51475657239581,693.4476664220244,1.6685665777346592,1.0,4.045628555855209,2.424613203836184,0.0,0.0,17.034803480840793,446.01219554758853,8.652385921187973,7.7917889166666665,6.576237750876727,0.7600490559225783,6.813352,3.7927889166666664,1.3572846090691058,1.6863832870211644,744.0460829493088,750.0,65.29378976864926,0.08775503462074898,0.0,0.0,-10.87534003485838,116.27302087379343,10.722817683967984,8.999,9.322255283707193,0.8693848537260114,8.74021225,4.359235,3.415415798441789,25.476579910855012,8246.0,10.479630685600824,264,baseline,0
1138.700544015826,750.0,2781.8381174879146,2.4429935790469353,0.0,0.0,22.29142654932249,683.4603577584011,1.6991839762611276,1.0,4.17488479283116,2.4569939754361076,0.0,0.0,16.615123528456287,427.9461398469785,8.506334773974775,7.7445889999999995,6.608898555073917,0.7769384500706362,7.232948222222222,3.7455889999999994,1.2907901642386348,1.4965477593854688,743.9297725024728,750.0,65.92311120800431,0.08861469676935828,0.0,0.0,-10.767992165375155,113.94965527358077,10.612913705365974,8.8125,9.439179248233504,0.8894050691716243,9.798658249999999,4.8134999999999994,3.444261912008105,25.98914124072222,8088.0,10.46456885247658,265,baseline,0
1142.4372348390316,750.0,2828.412159258533,2.4757702856709267,0.0,0.0,22.361513276118124,687.5555554421742,1.7141252807586724,1.0,4.2774103390558755,2.4953895652030127,0.0,0.0,16.394520041940247,418.121907022249,8.6409033826909,7.80212925,6.65132285455211,0.7697485505827742,8.263398375000001,4.19687075,1.1886414675279304,1.2517597188151095,743.8737209882705,750.0,66.22418102127894,0.08902610638442378,0.0,0.0,-10.717345704109007,112.86149894138379,10.77872495183429,8.999,9.416393682527183,0.8736092371412381,10.29171575,5.0,3.323752786135589,25.009154507890802,8014.0,10.447992077610515,266,baseline,0
1147.5454663044884,750.0,2534.241741394195,2.2084020335641865,0.0,0.0,17.10048732362907,342.6873878119728,1.7365153279006598,1.0,4.00481991526911,2.3062393121002223,0.0,0.0,11.855874612746923,180.710426401291,8.730336623859602,7.37203075,6.650231078384696,0.7617382198310573,8.69463,4.37303075,1.1208802654316263,1.0333644462527571,743.6494632001035,750.0,67.41482219718782,0.09065403195086773,0.0,0.0,-10.52140913945472,108.70005027980136,10.961302386107878,9.5784,9.443793525642581,0.8615576135926553,10.03185,5.144375,3.257685652285545,24.284777712363883,7731.0,10.374018896349844,267,baseline,0
1170.621595465229,750.0,2640.3872459730583,2.2555429151498907,0.0,0.0,16.59697635669624,321.3567190267567,1.7906815982303332,1.0,4.214802969648776,2.3537422698787522,0.0,0.0,11.317878935609592,163.72047092817724,8.875370690662225,7.607332,6.566041743933919,0.7398047893190591,9.375207583333335,4.608332000000001,1.020461629419097,0.6734462776356165,743.2122217613714,750.0,69.67569127660653,0.0937493884471908,0.0,0.0,-10.167454825964462,101.37713763802803,11.243300184294208,9.493098,9.509675915833702,0.8458082377910526,10.352217,5.019171,3.4079658898406904,26.09358867098581,7233.0,10.27525122761833,268,baseline,0
1177.3926330150068,750.0,2668.1187332834306,2.2661248749714433,0.0,0.0,16.573872733075138,320.78489418049867,1.8057298772169168,1.0,4.291038273012484,2.376345613567657,0.0,0.0,11.194172406102751,159.74122583245997,8.667907679824168,7.6444399999999995,6.761102222196599,0.7800154860825365,9.653721749999999,4.645439999999999,0.9626975982727629,0.44366314683824415,743.3020463847204,750.0,69.21748281756196,0.0931216093837258,0.0,0.0,-10.237357152052525,102.80348145868106,11.057244475443383,8.999,9.749558223605195,0.8817348884034916,11.0,5.353470499999999,3.256707824474722,24.516829410896698,7330.0,10.256817420773617,269,baseline,0
1189.84059365123,750.0,2714.6235502414906,2.2815018790972688,0.0,0.0,16.419176875966805,315.23901918686414,1.833173010856122,1.0,4.401729144711474,2.401153147381214,0.0,0.0,10.971458170966782,153.06521196317922,8.740780678694144,6.999,6.9704376320120796,0.7974616785663875,10.0,4.759465,1.0117444691840847,0.4730922997697409,743.2532637075718,750.0,69.46671974790223,0.09346305376633161,0.0,0.0,-10.199222447617299,102.02413853598043,11.2025827039989,8.999,9.962136480827857,0.8892714067865574,12.0,5.899999999999999,3.161647456091722,23.308937748846024,7277.0,10.197704124457818,270,baseline,0
1243.2651766837814,750.0,2886.4905673292683,2.321701453127271,0.0,0.0,15.605547946415628,284.7957753536494,1.938840229537904,1.0,4.713030804234957,2.4308505324124843,0.0,0.0,10.323206207039824,135.08182925300883,8.978825053232395,6.999,7.130682229753741,0.7941665181667261,10.214270749999999,4.20611625,1.0111236038317148,0.3739113457496259,742.5859257022048,750.0,72.7873144532406,0.0980187099350306,0.0,0.0,-9.71559201924815,92.39272828447828,11.717801867411657,9.899,10.28824813647494,0.8780015443926864,12.692082249999999,6.313929999999999,3.166446976027969,22.901927085342127,6622.0,9.895683451230727,271,baseline,0
1243.8054943440575,750.0,2890.5210964413163,2.3239333718859982,0.0,0.0,15.700841389990977,289.0509959631476,1.9416776847363009,1.0,4.755114402192696,2.448972061415274,0.0,0.0,10.302778252988682,134.26060498948678,8.424246815521537,6.911494,7.119234866564721,0.8450885904064026,9.488895499999998,4.7734689999999995,1.0278327471672903,0.29022136787823394,742.7874247098575,750.0,71.80151890570916,0.09666496297208554,0.0,0.0,-9.854594445960306,95.11303169435165,11.154983379462319,7.999,10.455029684032313,0.9372519284323896,13.005567499999998,6.0,3.1306299752034783,22.375363400080353,6807.0,9.918736814513089,272,baseline,0
1232.990198823859,750.0,2859.8503151184213,2.319442861627297,0.0,0.0,15.980850229331908,300.3636308082503,1.9232707924950994,1.0,4.742958234428999,2.4660896702309194,0.0,0.0,10.399607561763933,136.51383747194637,8.248275007109767,6.134855166666667,7.133257950777977,0.8648181522353852,9.683389625,4.135855166666667,1.1064567111381642,0.4708024444792036,743.1257350882106,750.0,70.11393405190225,0.09435002818679072,0.0,0.0,-10.101436750819516,100.03902443080715,10.895617523522823,7.999,10.442652080112083,0.9584268223042135,13.56187,6.0,3.1565374858173816,22.63666894718195,7142.0,9.987089005066291,273,baseline,0
1195.704955527319,750.0,2759.408891429921,2.3077673791299054,0.0,0.0,16.637024409521523,326.79829814496077,1.8561626429479035,1.0,4.615938027852846,2.4868176532860007,0.0,0.0,10.747335356217418,145.46762545064644,7.63437331524658,5.64086875,7.032337223691123,0.9211413868964027,8.480552999999999,3.74186875,1.2560552833972245,0.8520692279707829,743.7616264294791,750.0,66.82206531611219,0.0898433892548341,0.0,0.0,-10.618098221035938,110.74400983156656,10.108818080559084,6.899,10.388822409917278,1.027699017543573,12.927541,5.0,3.2019687146828386,22.835499907609474,7870.0,10.20825832817371,274,baseline,0
1197.9792483866886,750.0,2758.1081887853425,2.3023004718150752,0.0,0.0,16.82224120026993,336.04802396381297,1.8665063899784893,1.0,4.668488220520994,2.5011905909278975,0.0,0.0,10.700382868457028,144.40968459454712,7.641236163764352,5.217265666666667,7.0823039162628305,0.926853164131735,8.0,3.218265666666667,1.336620823992709,1.0179082921787428,743.7876755662406,750.0,66.68362067482505,0.08965410810828406,0.0,0.0,-10.640924172258782,111.2292672397613,10.140797832595215,6.999,10.42413090130629,1.0279399188691414,12.900110000000002,5.0,3.146411000334502,21.89851502671744,7903.0,10.198622553961867,275,baseline,0
1214.7830920372285,750.0,2819.605102001748,2.321077005832526,0.0,0.0,16.53760183332646,326.3411466316119,1.9033092037228543,1.0,4.809661447272737,2.526999521604312,0.0,0.0,10.443506194137905,137.3661225098296,7.768341621311822,4.999,6.865933263487418,0.8838351347282772,8.0,3.0,1.3475232980962122,1.0511074377963823,743.6535677352637,750.0,67.39322586617085,0.09062449074427414,0.0,0.0,-10.524902560371071,108.77357390530551,10.355851832083763,6.999,10.308863558649241,0.9954626356000048,12.688752249999999,4.271806,3.2279158049559706,22.71667246846874,7736.0,10.1500921299034,276,baseline,0
1224.7623058699658,750.0,2780.677506413295,2.27038135733459,0.0,0.0,16.457489763674385,329.5143295915514,1.9305080284285339,1.0,4.8468151707238665,2.5106423280038137,0.0,0.0,10.153887042503769,130.5716928236842,8.049977931176311,5.75090725,6.964439211510394,0.8651500999199271,7.834958875,3.2480927500000005,1.3800210371921162,1.1477200977354087,743.5382995525138,750.0,67.9970157463692,0.09145058941454944,0.0,0.0,-10.428054692133895,106.74432466213571,10.769777707423005,6.743361,10.406892396003668,0.9663052180576374,12.369608000000001,3.9345594999999998,3.116118709692184,21.26014912127402,7598.0,10.094466458421676,277,baseline,0
1240.6205327265427,750.0,2839.8596401867744,2.289063871888001,0.0,0.0,16.263038949440457,323.06896987419293,1.9656003212421362,1.0,4.985458163934856,2.53635396273458,0.0,0.0,9.973521099442715,125.73193955893859,8.324475423388588,5.899,7.076108184867953,0.8500365278257412,7.50582725,3.334651,1.3524613342860896,1.0769139501932754,743.428456699237,750.0,68.56725954708301,0.09223114736758418,0.0,0.0,-10.338125193872218,104.87683252417538,11.151229042430733,6.999,10.558404481364104,0.9468377379021706,12.653922,4.240236,3.090676405232048,20.945614018438672,7471.0,10.006893436083969,278,baseline,0
1253.1226519337017,750.0,2799.0734699055115,2.2336787748479714,0.0,0.0,16.13745309227094,325.50657965357306,2.001381215469613,1.0,5.0424987528361696,2.5195093837497495,0.0,0.0,9.648605661591054,118.20220281774617,8.730271824943394,6.3605835,6.895141679171509,0.7897969063771065,7.0,3.3615834999999996,1.323766420767117,1.0688409990940402,743.2187845303868,750.0,69.64231964700379,0.09370365913316933,0.0,0.0,-10.172515399424269,101.48006955152394,11.656174695441988,7.999,10.320191545786294,0.8853840831522442,11.410658250000001,4.301118,3.085882002636011,20.98843205662584,7240.0,9.946194286634267,279,baseline,0
1271.6553094832482,750.0,2877.408871173791,2.2627270532476755,0.0,0.0,15.817803974457698,314.32644294761053,2.044718909710392,1.0,5.216724316891226,2.551316120820787,0.0,0.0,9.424734665013881,112.54134583766835,9.07393865226567,6.999,7.067243096750887,0.7788506587474302,7.788376124999999,3.1871242499999997,1.2781116239766774,0.9743968177518978,743.0300965360591,750.0,70.59526008641589,0.09500996045183739,0.0,0.0,-10.029854585214068,98.59798300053964,12.171613832481544,8.641516500000002,10.545821333407552,0.8664275320060392,11.650691249999998,4.642516500000001,3.011742405118929,20.146976437265874,7044.0,9.881835343205674,280,baseline,0
1279.093139352446,750.0,2915.173514349987,2.279094011735395,0.0,0.0,15.708793039081794,312.5338801132303,2.0657538154328914,1.0,5.326759527589693,2.5786032623027917,0.0,0.0,9.317858432907673,109.97514225031456,9.090582438429728,7.612379,6.948973065595462,0.7644145039837295,7.341574625,3.6120565000000004,1.2182129290421422,0.9465555925027687,742.9972899728997,750.0,70.75958374554463,0.0952353187561768,0.0,0.0,-10.005635172922817,98.11273521363032,12.203796007987448,8.776854,10.472672354723365,0.8581487553437428,11.099999999999998,4.777854,3.021131221168608,20.314550726090246,7011.0,9.896511205717132,281,baseline,0
1268.6379504504505,750.0,2798.2544039115196,2.2057155100223462,0.0,0.0,16.230302640814184,345.58297407454916,2.0564470720720722,1.0,5.268339438548564,2.561864834790129,0.0,0.0,9.342328626602892,112.06314435021976,9.04009093694329,7.999,6.944864537121801,0.7682294996326725,7.380756000000001,3.7296055000000004,1.1433593715448525,0.8417272565104446,743.0889639639639,750.0,70.29939970530779,0.09460428443224324,0.0,0.0,-10.073740755917985,99.48025281744304,12.059300779842342,8.999,10.320241773995358,0.8557910580724631,11.099999999999998,4.759456999999999,2.892700846239057,19.14389655531159,7104.0,9.911356415723874,282,baseline,0
1269.492054641762,750.0,2845.345150899206,2.241325686518089,0.0,0.0,16.28510669630037,348.6369298687307,2.0632840814050737,1.0,5.36996558566998,2.6026302602078393,0.0,0.0,9.366010401681761,112.55574904397763,9.114884356285716,7.999,6.94004490810108,0.7613969236280168,8.338531,4.079768249999999,1.1066757333251138,0.785352340814577,743.1563981042653,750.0,69.95888565302535,0.09413750030476098,0.0,0.0,-10.124700952521533,100.50956937799045,12.169078381377197,9.899,10.37706889685533,0.8527407394084793,11.457808,5.670186,2.900082776662432,19.31187106317128,7174.0,9.96598209086322,283,baseline,0
1273.4259693666345,750.0,2847.939683528176,2.2364391429402524,0.0,0.0,16.475649296790618,360.34273778874353,2.07396163929902,1.0,5.428618497755026,2.617511527161056,0.0,0.0,9.393935419312404,113.4411548957248,9.037347730303983,7.999,6.9610150446355465,0.7702497737576159,9.0,4.649386000000001,1.0423892114075337,0.693518505712921,743.2253346212226,750.0,69.60899591635334,0.09365799667180193,0.0,0.0,-10.177573457513526,101.58300148308383,12.112965672692146,9.999,10.423747793579969,0.8605446490350085,11.7385225,5.766537,2.784897634405346,18.16651697926404,7247.0,9.973905369904122,284,baseline,0
1282.6668524453114,750.0,2916.5326550925656,2.2738037156978117,0.0,0.0,16.479260497543592,360.2891063353385,2.099205796293716,1.0,5.5758961622440095,2.6561932003468245,0.0,0.0,9.35831033444572,112.44232042717542,9.204208903562968,8.441544,7.020162701380098,0.7627122303430748,9.3424415,4.8050049999999995,0.9867599912004267,0.5277014984512949,743.1592587432075,750.0,69.94440253845781,0.09411764936730273,0.0,0.0,-10.126879232358265,100.5536829867691,12.360726717988017,10.999,10.478953656383615,0.8477619395252917,12.68116,6.59033,2.6859205891091174,17.096699240108034,7177.0,9.954753183412105,285,baseline,0
1286.523542600897,750.0,2964.4453158788206,2.3042293574245503,0.0,0.0,16.364062711146293,357.70199550462155,2.1158912556053813,1.0,5.699490058757774,2.693659252883997,0.0,0.0,9.276524454311275,110.42525094114076,9.496571183543725,8.668852000000001,7.034652583713929,0.740757105670311,9.286474250000001,4.669852000000001,0.9725578432345621,0.4585321720753277,743.1199551569507,750.0,70.1431205439225,0.0943900376475665,0.0,0.0,-10.097068747752855,99.9507972968475,12.663637367853138,10.999,10.346577936197075,0.8170304972931428,12.248093250000002,6.3507560000000005,2.5657984154114093,15.630173995194799,7136.0,9.972449387080012,286,baseline,0
1311.920926864591,750.0,3045.2095893603027,2.321183790122293,0.0,0.0,16.202156387452842,352.1751279646475,2.1727733526430124,1.0,5.8931947079116584,2.7122915055742185,0.0,0.0,9.120620493669463,106.73725440680805,9.46554663843159,7.999,7.158333188986127,0.7562514308388891,9.792456333333334,5.0,0.9132195059295185,0.24191008017341087,742.8897900072411,750.0,71.29527704294847,0.09597019369757867,0.0,0.0,-9.92743992828745,96.55406352975592,12.727869923099204,11.766214,10.514673498147339,0.8261141543460276,13.092407999999999,6.767214,2.447444814904128,14.303078645614654,6905.0,9.869154882556119,287,baseline,0
1324.564049586777,750.0,3107.2046607914403,2.34583194505452,510.0,0.0,16.05369867853904,348.1759798350726,2.207497048406139,1.0,6.051923342519625,2.7415317936163244,1.0,0.0,9.001041769133067,103.962381116282,9.629887394321644,7.841335333333333,7.311898850538294,0.759292248302906,10.2182695,5.157664666666667,0.8542177697241435,0.0711329168984487,742.7544273907911,750.0,71.96391527295857,0.09688789809810941,0.0,0.0,-9.831439160835073,94.65719597320144,12.927005118506491,11.999,10.62692155873547,0.8220714280929472,12.741862999999999,6.809123999999999,2.417367238294394,14.23185704093654,6776.0,9.774916746334728,288,baseline,0
1384.9352448453608,750.0,3299.3048956978564,2.3822809824341284,750.0,0.0,15.423135438862667,321.1930978311877,2.339078608247423,1.0,6.441064591242896,2.7536759852927415,1.0,0.0,8.609154137152789,94.95155863493412,10.100826505940075,8.3125605,7.46089065596763,0.7386416004254743,11.556713333333335,5.59780905,0.7214760400462658,-0.23612500368387979,742.0914948453608,750.0,75.14916012749927,0.10126670450947436,0.0,0.0,-9.397084258727583,86.30519256562567,13.76819038659794,12.999,10.829546510721114,0.7865628093916159,13.0755425,7.000000000000001,2.2821148262352566,12.999201928689875,6208.0,9.518112197119715,289,baseline,0
1390.5746569814366,750.0,3349.461582217956,2.4086887858928305,750.0,0.0,15.362765138038917,320.6672578903465,2.358353510895884,1.0,6.567590531723393,2.78482021519688,1.0,0.0,8.565757780754588,94.00910235680499,9.662487955757722,8.1667155,7.514169178151477,0.7776640149573385,12.0,5.5895165,0.7206661611568862,-0.38309029669048567,742.0748991121873,750.0,75.22709363599525,0.10137399031552793,0.0,0.0,-9.386907882434667,86.11403959331409,13.376800286037124,12.546638,11.116712519618638,0.8310442169957792,14.999999999999998,7.0993590000000015,2.248325779876327,12.492347334975477,6195.0,9.550046968856574,290,baseline,0
1416.5356729018374,750.0,3452.333900296961,2.4371669322133616,750.0,0.0,15.170508335352311,315.4243287574499,2.416818407548419,1.0,6.781481196047645,2.80595396611807,1.0,0.0,8.446491524515688,91.84091487596281,9.625916460185808,7.880897999999999,7.528056826588573,0.7820613089388124,11.685664,5.401183999999999,0.7583088976581868,-0.4293291467621323,741.8728687303427,750.0,76.1691441071669,0.10267142433382748,0.0,0.0,-9.2655069941147,83.84961985798847,13.467919659327926,11.87984,11.295821938099577,0.8387206208403577,15.612993999999999,7.836919,2.285933639364185,12.54545136335549,6041.0,9.477781982637977,291,baseline,0
1402.1626359357247,750.0,3454.6423334186898,2.4637957430047015,750.0,0.0,15.359482753881409,324.9683412670672,2.398149651030677,1.0,6.828199200261978,2.847278191053404,1.0,0.0,8.518410302560302,93.36892806694453,9.58566956483724,7.431615,7.689154855078636,0.8021510446473641,11.799446,4.6634018,0.8144169371310344,-0.39798946024296944,742.031163772115,750.0,75.43207146636088,0.10165620414498765,0.0,0.0,-9.360240462958789,85.6141015244109,13.36568864892063,10.801648,11.413092096523714,0.8539097682367005,15.916910999999999,7.802648,2.183362902594486,11.269267919459606,6161.0,9.532228610463696,292,baseline,0
1377.1886209029067,750.0,3359.629903442936,2.4394842162145585,750.0,0.0,15.935747792707417,356.2374954331883,2.350030921459493,1.0,6.734329596437441,2.865634462484037,1.0,0.0,8.736449397358834,98.78035015550708,9.107513194379404,6.315502,7.798317209015811,0.8562509921839533,10.759003499999999,4.416502,0.9141363968018876,-0.24655214841904938,742.4094001236858,750.0,73.63963541610268,0.09919006333141023,0.0,0.0,-9.59834736081288,90.12827205882357,12.759412155534942,9.899,11.575773466762804,0.9072340736121857,16.3888065,7.865426500000002,2.0811844549379614,9.893611339092264,6468.0,9.65566847914285,293,baseline,0
1367.312547070342,750.0,3367.2883516218267,2.46270566216679,678.0,0.0,16.06941835956312,363.8948624296762,2.3336345835216146,1.0,6.7708162219719545,2.901403788657575,1.0,0.0,8.820423165212686,100.61319821667233,8.904300424813904,6.2755745,7.771362091674321,0.8727650372192759,10.055049499999999,4.276574500000001,1.000672229811152,-0.0956269468719455,742.604910378069,750.0,72.69502979239917,0.09789193254241918,0.0,0.0,-9.728448049003788,92.64270144216559,12.47765878144299,9.613995,11.588131544157324,0.928710405303871,17.5493925,7.614994999999999,2.0732746744477746,9.29403437344684,6639.0,9.733625950283917,294,baseline,0
1352.1383376473973,750.0,3346.405881234574,2.4748990455052313,0.0,0.0,16.42197315855458,383.83751498594677,2.299827437446074,1.0,6.743075142718331,2.9319917803078392,0.0,0.0,9.018946224891376,105.71850817562178,8.84901822166569,5.999,7.77145813838001,0.8782282897047933,9.736308625,3.9999999999999996,1.09053047253452,0.12317566906364208,742.9398907103825,750.0,71.0461382759294,0.0956283801210306,0.0,0.0,-9.96366303079694,97.27458099126969,12.271664432413,8.2779205,11.578476325915648,0.9435131142710811,16.778897750000002,5.941582500000001,2.155874807951654,9.648285037940935,6954.0,9.812065562550789,295,baseline,0
1385.5426508199187,750.0,3460.4767761433604,2.497560630194649,734.0,0.0,16.034946466695484,368.48599861386225,2.3773130735670227,1.0,7.003209077773973,2.94585057207718,1.0,0.0,8.78812905448764,100.41927892319109,9.19324194802101,6.764126,7.738635701433472,0.8417743974528306,9.740246249999998,3.886963,1.0783254942701035,0.09489715381912278,742.613810741688,750.0,72.6517229853613,0.09783244256230592,0.0,0.0,-9.734492072897927,92.76033591731262,12.836767359861593,8.999,11.674861863531122,0.9094861296650468,16.542356,6.0,2.189785736730398,9.87008117566889,6647.0,9.709095074413886,296,baseline,0
1399.3897583953806,750.0,3554.5485701632,2.5400704477350518,750.0,0.0,16.01473005446773,371.3895135171322,2.411183710682267,1.0,7.181830313740042,2.97854961524598,1.0,0.0,8.765958748650522,100.89220392946226,9.40023577697171,6.504014,7.701280431902498,0.8192646029973802,9.3270605,3.564726333333333,1.0846520303507194,0.1266129948004,742.539735602492,750.0,73.01133713417414,0.09832650514646628,0.0,0.0,-9.684516117073331,91.78985242185308,13.108071837410728,9.391354,11.728201666835604,0.8947312627142503,15.427851,6.06793,2.2593556653885543,10.280694583946648,6581.0,9.682408120856238,297,baseline,0
1412.1412628038527,750.0,3617.089848263831,2.5614221066538208,750.0,0.0,16.00612956959178,371.786504267528,2.4416755847729705,1.0,7.325725825127693,3.0002863078179347,1.0,0.0,8.740628813646513,100.33048971564192,9.897264445497257,6.999,7.79864448942052,0.7879595955394018,9.260185,3.6335195,1.0763333303143836,0.1465589392385791,742.4941140498395,750.0,73.23190105493019,0.09862960482675899,0.0,0.0,-9.654101804203838,91.20168164593188,13.739332485094025,9.720079,11.82749633590449,0.8608494152635355,15.487352999999999,5.721079,2.255576004481998,10.206857257811025,6541.0,9.653530320052935,298,baseline,0
1418.2197097020626,750.0,3657.278164705927,2.578781087081523,750.0,0.0,16.08005056505821,376.4470621798096,2.4595874713521773,1.0,7.43718858229254,3.0237544583864255,1.0,0.0,8.747702304184509,100.50918273197635,9.75177723304555,6.999,7.741097616174535,0.7938140331941252,8.796410999999999,3.9999999999999996,1.063983082966976,0.22649004107825865,742.4987012987013,750.0,73.20975467881009,0.09859916865949962,0.0,0.0,-9.657147544055858,91.26049868766408,13.575448969289532,9.763059,11.866349031713318,0.8741036159140997,14.31654,5.764059,2.2546081473888084,9.920681115253037,6545.0,9.638036453509386,299,baseline,0
