CB_mean,CB_median,CB_std,CB_CV,CB_IQR,CB_MAD,CB_skew,CB_kurt,CP_mean,CP_median,CP_std,CP_CV,CP_IQR,CP_MAD,CP_skew,CP_kurt,APIT_mean,APIT_median,APIT_std,APIT_CV,APIT_IQR,APIT_MAD,APIT_skew,APIT_kurt,APS_mean,APS_median,APS_std,APS_CV,APS_IQR,APS_MAD,APS_skew,APS_kurt,Time_mean,Time_median,Time_std,Time_CV,Time_IQR,Time_MAD,Time_skew,Time_kurt,TNFE,PSE,t,source,label
1217.0536912751677,750.0,1129.9235246749627,0.9284089377281997,750.0,722.0,1.196100677064965,1.0623553411903917,1.8456375838926173,1.0,1.317027526758062,0.71358945995255,1.0,0.0,1.6517538959968476,2.1977082814279623,0.5744093381991051,0.559962,0.3076097231945603,0.5355235417289383,0.577114125,0.2859610833333333,0.08189547857190341,-1.4302925704089138,585.248322147651,750.0,302.99768324895126,0.517724992592988,0.0,0.0,-1.2953783675395827,-0.32199488491048545,0.7537837617449664,0.7724975000000001,0.1886255928963608,0.2502383342136521,0.31258675,0.17041800000000007,-0.36297464459647505,-0.6725473715399519,298.0,3.5507115414596,2,attack,0
1521.6791208791208,750.0,1369.640855429176,0.9000851997219312,1500.0,694.0,1.4860263090904486,2.2735264296661306,2.320879120879121,2.0,1.6395869543859618,0.7064508184144058,2.0,1.0,1.7699229580779114,3.3676508407229413,0.7829637881493109,0.6686,0.5290766289158806,0.6757357580565219,0.6559545,0.330975,0.5941187988683737,-0.8396886312103691,642.0967032967033,750.0,257.41611989217097,0.40089930157019177,0.0,0.0,-1.9664402012020288,1.8668870649034792,1.3291646175824177,1.570754,0.6165305439870128,0.4638481462953805,1.166165,0.32501099999999994,-0.5803714201966642,-1.3113282592098492,455.0,4.166178036674282,3,attack,0
1559.9149606299213,750.0,1363.5559991606674,0.8741220089395382,1500.0,666.0,1.7953714939798493,4.032305227209442,2.393700787401575,2.0,1.7048216953200783,0.7122116950843748,2.0,1.0,1.8190569807944799,4.415174309267018,1.0125629399387008,0.8479736666666667,0.7681169349808612,0.7585868538970644,0.9486779999999999,0.4703844666666668,1.0566399299779852,0.1256617205535,672.6834645669292,750.0,223.25924825481218,0.33189346849568474,0.0,0.0,-2.54129194453932,4.458164747380437,1.8109958850393701,1.843502,0.9805365610390826,0.5414350022213144,1.9171845,0.9527,-0.2653201787817346,-1.4911669722205132,635.0,4.503079857896653,4,attack,0
1597.8699186991869,750.0,1445.082154392391,0.9043803487888556,1500.0,638.0,2.189471686037614,6.936188398893879,2.4905149051490514,2.0,1.8936613724236107,0.7603493432255847,3.0,1.0,1.9620184645329801,6.040764991279632,1.3803146554598444,0.99985625,1.014018982166829,0.7346288602789732,1.130155125,0.4437829285714286,1.1058350060495539,0.2601244460853085,683.4742547425474,750.0,208.82028946877094,0.3055276596298859,0.0,0.0,-2.8203605644995124,5.95443371378402,2.4877309295392953,2.485913,1.2160916581531076,0.4888356870565244,2.288915,1.1167715,-0.295887942844925,-1.2518067512958144,738.0,4.654874687914619,5,attack,0
1708.2741738066095,750.0,1659.9157440478427,0.9716916461653179,1500.0,610.0,2.6232556174922403,9.928462326906024,2.6842105263157894,2.0,2.247404681828327,0.8372684108772199,3.0,1.0,2.2190129070290165,7.641850745936354,1.7606947301003357,1.2913810000000001,1.2718509999945267,0.7223574752916131,1.537864,0.6364670000000001,1.0465845614904472,0.13264165702217845,689.9069767441861,750.0,199.4391921029412,0.2890812802678646,0.0,0.0,-3.0175310436363154,7.105493599308879,3.2054201750305995,3.364038,1.4436969063495744,0.4503924064606577,2.3060080000000003,1.2076859999999998,-0.37668046926941845,-1.0668689022633369,817.0,4.815068744343725,6,attack,0
1815.3226544622426,750.0,1854.7676530832227,1.0217289188365608,1500.0,582.0,2.9774033553023767,13.382656278361704,2.876430205949657,2.0,2.5731082589750627,0.8945491719746239,3.0,1.0,2.419715931280387,9.539782600335094,2.164039281012542,1.6756975,1.5582601334621544,0.7200701702295594,1.9313179166666665,0.8763652857142858,0.9472609536184319,-0.15885642004135114,693.8260869565217,750.0,193.3961134841521,0.27873860196362316,0.0,0.0,-3.1523496668561655,7.937308422128163,3.975555897025172,4.309029499999999,1.6450316092927768,0.41378656266000957,2.85316325,1.3561765000000006,-0.45861897538771085,-0.9229308284271482,874.0,4.80643739956541,7,attack,0
1871.6185671039354,1500.0,2004.4377053050066,1.070964853916036,1500.0,750.0,3.3890643316112814,17.833881738134842,2.9646821392532794,2.0,2.8436847152438096,0.9591870499682149,3.0,1.0,2.6825729875076676,11.989824388453371,2.3703103940972223,1.70273225,1.8618851967541235,0.7855026925548533,2.367208202380952,1.01812125,0.9498865077754959,-0.12676168658406484,700.4581231079718,750.0,182.52352601804384,0.2605773564423477,0.0,0.0,-3.412799762340574,9.647202217831875,4.445217428859738,4.5784,2.1193596839754028,0.476773007820913,3.7079545000000005,1.9229260000000004,-0.5525685746192428,-0.8613356266638723,991.0,4.97008316025498,8,attack,0
1925.3384030418251,1500.0,2132.3261712722347,1.1075072142660176,1500.0,750.0,3.6429579873330273,20.554877984050105,3.0722433460076046,2.0,3.0899858961039164,1.0057751122219432,3.0,1.0,2.7925881932968584,12.824400081982018,2.758865539007017,1.948289,2.124064461724722,0.7699050322290172,2.8482848125,1.1171342499999999,0.9590616329293635,-0.15795185305449655,703.3307984790874,750.0,177.53069911285576,0.25241422598975577,0.0,0.0,-3.5411430254016865,10.539693926351022,5.161009239543726,5.4617945,2.3549882934925375,0.4563038320971378,3.950561,2.0761890000000003,-0.5411377059272054,-0.927810158339319,1052.0,5.051854801828804,9,attack,0
2016.65564738292,1500.0,2311.208005818509,1.1460598187984343,1500.0,750.0,3.709497070557354,21.097066005295808,3.237832874196511,2.0,3.393587818043371,1.0481046891234347,3.0,1.0,2.7888418838983156,12.524603021436135,3.1611210182690685,2.3633075,2.4001676559329805,0.7592773709268611,3.2164215000000005,1.3634241666666664,0.9266990710140657,-0.22567185042701388,704.9164370982553,750.0,174.69345944008356,0.24782151507091865,0.0,0.0,-3.616808987706931,11.08130725355764,5.9661676290174475,6.414097,2.5380550227680736,0.4254079302807084,4.2828870000000006,2.1298239999999993,-0.5838295286248127,-0.822332789101186,1089.0,5.142244055327732,10,attack,1
1773.8404825737266,750.0,2263.6110345138713,1.2761074384938604,1500.0,0.0,4.5007125587666215,29.97617019816532,2.8103217158176945,1.0,3.399586105305122,1.209678623685963,2.0,0.0,3.3655870341201872,17.242221779390245,2.8242786939033233,1.8143205,2.694655527653709,0.9541039747495786,3.411913875,1.3628528333333332,1.1378801907643725,0.24474459180338437,717.0938337801608,750.0,150.58365195278063,0.20999155878803025,0.0,0.0,-4.35762885977879,16.988929279577,5.218407769436997,5.8062755,3.60184478311975,0.6902191132350598,7.582554999999999,3.4384474999999997,-0.15224148511166644,-1.5330149739687848,1492.0,6.711954096888852,11,attack,1
1638.351832460733,750.0,2235.926854394716,1.364741571434294,750.0,0.0,5.242353196069073,39.615826289932315,2.567015706806283,1.0,3.4002557641350157,1.3245948418310993,1.0,0.0,3.9142919024075273,22.53163329914099,2.8278399996838033,1.6619717,2.7925399478757917,0.9875169557641315,3.2872759375,1.0119717000000001,1.4061934886556,0.9824208805978989,724.2952879581152,750.0,133.78366818518853,0.1847087374575396,0.0,0.0,-5.01249954507132,23.12515168934022,4.979630696858639,4.3155595,3.9530886556165834,0.793851772604414,7.6228785,3.557066,0.23417091061767048,-1.5833037110638273,1910.0,7.714588380916592,12,attack,1
1573.0570212765958,750.0,2252.8866489281672,1.4321710010867017,750.0,0.0,5.640163397942879,44.78886490186853,2.4365957446808513,1.0,3.4394490383841227,1.4115796786941475,1.0,0.0,4.253834038339749,25.723356268223746,2.9471128455485047,2.0,2.880893786192906,0.9775308707789658,2.481203125,1.019443275,1.5755428410423367,1.6708300490559047,729.108085106383,750.0,121.02681705006273,0.16599297075742056,0.0,0.0,-5.620375605940248,29.58862195184821,4.955234639574468,2.75,4.155576892864545,0.8386236364422505,7.91115525,2.3,0.4881917606812702,-1.3739392016575716,2350.0,8.30109246430534,13,attack,1
1514.8657693706803,750.0,2278.5426736630347,1.5041218302857344,750.0,0.0,6.047639604084316,50.31804122881674,2.3339396144052382,1.0,3.49585023617482,1.4978323409047039,1.0,0.0,4.57372158951007,28.89629688096832,3.2334656059110602,2.45,2.9735770507922274,0.919625384403739,2.5806776666666664,1.2999999999999998,1.6232426561569642,2.0546942055483104,732.1404146962532,750.0,112.14123149887105,0.15316902229116208,0.0,0.0,-6.11979037700701,35.451834258507596,5.170468283739542,3.328896,4.289522656329271,0.8296197599392048,7.723898,2.428896,0.6416040559033505,-1.13621851808055,2749.0,8.816136976249236,14,attack,1
1461.0945558739254,750.0,2214.649376934439,1.5157467858812117,750.0,0.0,6.444301895087674,58.13514788505058,2.244189748487743,1.0,3.449997875821682,1.5373022170458084,1.0,0.0,4.830475342682277,32.31750853305362,3.5476642535462957,2.8,3.0821327564235417,0.8687780286261864,3.093159333333333,1.5356444999999999,1.6035134833671663,2.271281307148776,734.3693091372174,750.0,105.0763546478518,0.14308380448428873,0.0,0.0,-6.573682733754381,41.21330468406042,5.466300187519898,3.8,4.4260702234472795,0.8097012735510637,7.60399,2.4,0.7321307593140867,-0.9134378308128541,3141.0,9.162668256201218,15,attack,1
1492.7317676143387,750.0,2286.3032984063047,1.531623663412912,750.0,0.0,6.528295784526873,59.458136425043,2.2982076637824473,1.0,3.5919507942305744,1.5629356958625977,1.0,0.0,4.864276460512969,32.394047226892695,4.187830657065717,3.5,3.1553029778745145,0.7534456945031625,3.396748464285714,1.6676358333333334,1.551633152001946,2.3160661600909958,734.8281829419036,750.0,103.55610982989496,0.1409256098688341,0.0,0.0,-6.6790493291023285,42.60969994058229,6.291765319221261,4.7232305,4.474832467984597,0.7112204986912087,7.446538250000001,2.4732304999999997,0.735497685947153,-0.8634464431325886,3236.0,9.146968110179284,16,attack,1
1545.3935912938332,750.0,2415.376108336575,1.562952067320517,750.0,0.0,6.523880067864148,58.819554326695645,2.38180169286578,1.0,3.7988568438154737,1.5949509378527207,1.0,0.0,4.87031137002623,32.077807268483184,4.837869299560317,4.257455,3.3051537171015237,0.6831837555846967,3.5500000000000003,1.7797492500000003,1.3812373771755113,1.9971270709334217,735.1584038694075,750.0,102.4468614969935,0.13935345220537262,0.0,0.0,-6.757813735066274,43.66804647785037,7.143116900846433,5.695565,4.53671990847254,0.6351176904209639,7.053010249999999,2.5455650000000003,0.7144293427667403,-0.8224301936904332,3308.0,9.139492220369524,17,attack,1
1559.8966393674104,750.0,2484.8759514830285,1.5929747451028087,750.0,0.0,6.712983006247413,61.768828389855145,2.398757413160124,1.0,3.9160548523354977,1.632534757725453,1.0,0.0,5.020877270346787,33.743207758653845,5.26280918767625,4.85,3.58113503343679,0.6804607398312327,3.8500000000000005,1.9574841999999997,1.1089803221029229,1.478355365178241,736.1349901157865,750.0,99.08732833875786,0.1346048342616786,0.0,0.0,-7.006647488344991,47.09310902593116,7.642059293419938,6.45,4.774360995876128,0.6247479655106849,6.501163000000001,2.6500000000000004,0.621121562229365,-0.7194147476386772,3541.0,9.093090016186258,18,attack,1
1593.1616766467066,750.0,2566.5910857198696,1.611004785855784,750.0,0.0,6.879932336108799,65.62391073277972,2.4496461622210126,1.0,4.058941906605781,1.6569502849855153,1.0,0.0,5.1323959721912225,35.57784687820885,5.798619712903637,5.6,3.8345756796076564,0.6612911122753223,4.917271250000001,2.3117308999999997,0.9077190726327649,1.0319413095748784,736.6369080021775,750.0,97.31176801746848,0.13210275912102523,0.0,0.0,-7.144807150966017,49.04826922449514,8.343077169025586,7.25,4.934550657114841,0.5914545145806392,6.524986999999999,2.5999999999999996,0.5543631219883938,-0.6770467967708722,3674.0,9.04212997035291,19,attack,1
1607.3782542113322,750.0,2558.923810959975,1.5919860830862884,750.0,0.0,7.078682317183209,70.55809300283327,2.4652884124553345,1.0,4.085257150877256,1.6571112451741472,1.0,0.0,5.261320424808839,37.56295294951515,6.175729515952557,6.2,4.178429764870138,0.6765888554666807,6.042233214285714,2.8353455,0.7203701669765968,0.5492037351843764,737.4691168963757,750.0,94.28825255279709,0.12785383196737424,0.0,0.0,-7.391570157719253,52.635309396485845,8.79117176850434,7.877946,5.236639791727139,0.5956702848746703,6.764148,2.527946,0.4499950501410935,-0.6471458229382279,3918.0,8.988091720781895,20,attack,1
1632.648527209186,750.0,2639.55448475015,1.616731611709562,750.0,0.0,7.151054171977117,71.8424198986545,2.5084872690963556,1.0,4.232249396689544,1.6871719656819895,1.0,0.0,5.304494589279364,37.94127473349778,6.789910502853408,7.0,4.444188201853862,0.6545282445160693,6.622704964285713,3.0999999999999996,0.6040398033000021,0.2535225194027566,737.7443834248627,750.0,93.26497214716974,0.1264190880236888,0.0,0.0,-7.478571545050227,53.929032354434895,9.587292130054918,8.75,5.354513918011748,0.558501174823498,6.3939182500000005,2.5,0.41154008470644077,-0.642513249648565,4006.0,8.96555939941392,21,attack,1
1653.4804374240584,750.0,2734.523350264356,1.653798429284379,750.0,0.0,7.234430227790467,73.32328080536914,2.5436208991494533,1.0,4.391168648745576,1.7263455612484995,1.0,0.0,5.367353614194667,38.68675636985663,7.339105274902303,7.8,4.748324698212936,0.646989588015706,7.3245905,3.3500000000000005,0.4980159554098727,-0.014638142190859682,738.0690157958687,750.0,92.04250220036133,0.12470717538672287,0.0,0.0,-7.58495276532146,55.53150845215768,10.318265236695018,9.6,5.529227497869955,0.5358679362308183,6.201005000000001,2.55,0.34558180002181565,-0.6263112241159292,4115.0,8.93591326591515,22,attack,1
1668.4855735397607,750.0,2773.7776951398864,1.6624523095247405,750.0,0.0,7.43793609078965,78.50312886361029,2.567440769411213,1.0,4.48162931929559,1.7455628860810506,1.0,0.0,5.490839858711205,40.81223056593706,7.806038118806288,8.55,5.088340988629748,0.6518468025887459,7.946496,3.6999999999999993,0.4198850087192575,-0.25552062981194634,738.4832277738682,750.0,90.45702573464696,0.12249029136020664,0.0,0.0,-7.727055470496384,57.70738624412815,10.94490301782782,10.5,5.778201298289751,0.527935358484019,6.328804,3.1349470000000004,0.26245050473716625,-0.6189917373488654,4263.0,8.894661439999199,23,attack,1
1667.675306957708,750.0,2802.21881684583,1.6803143904300155,750.0,0.0,7.620666671388697,82.9130198609601,2.5709413369713507,1.0,4.56316804095588,1.77490165774511,1.0,0.0,5.593529921466513,42.3497078140728,8.314369978584306,9.353344,5.417801990370825,0.6516190648630864,8.847464375000001,3.9966559999999998,0.35465725775320484,-0.44854549793299237,738.8367439745339,750.0,89.08003460538413,0.12056795406003051,0.0,0.0,-7.85443664282971,59.69217497622602,11.594993221009549,11.35,6.019097955322606,0.5191118132278251,6.622152749999999,3.768078,0.1910682000361771,-0.6206353040299186,4398.0,8.91406761444183,24,attack,1
1677.8744993324433,750.0,2832.191893480957,1.6879640846843842,750.0,0.0,7.769236364085727,87.56800772978997,2.5919003115264796,1.0,4.65129258755623,1.7945491834201321,1.0,0.0,5.66773102455817,43.81443120618533,8.875038876083384,10.15138325,5.730837614239612,0.6457253533483868,9.68565975,4.27679925,0.30154379584286095,-0.5958082499847972,739.0752113929684,750.0,88.13822308265857,0.11925474122794685,0.0,0.0,-7.943777379415914,61.103599053719975,12.334876578326657,12.3,6.209342714381809,0.5033972310101675,7.138110749999999,3.974247,0.134875267403282,-0.6156303607192881,4494.0,8.898987730413342,25,attack,1
1678.774193548387,750.0,2835.40499896421,1.6889734246933343,750.0,0.0,7.969081164550036,93.04917906814393,2.595483870967742,1.0,4.700631510108602,1.8110809944490014,1.0,0.0,5.779197541069361,45.60957139468953,9.288395769776217,10.35678,6.097414339085729,0.6564550531886555,10.39078125,4.79322,0.27086288811375037,-0.7326186941025674,739.4417204301076,750.0,86.66949049109702,0.11720935957019626,0.0,0.0,-8.086853134693483,63.39719362210181,12.903784201290321,13.1,6.528156635182048,0.5059102456571818,7.465537000000001,4.321317,0.05460685272190439,-0.6215942658750677,4650.0,8.894203826272857,26,attack,1
1686.8578723404255,750.0,2890.348145895331,1.7134509037712389,750.0,0.0,8.177342013550117,97.99108093367141,2.616595744680851,1.0,4.82301895240948,1.843241915459795,1.0,0.0,5.878964715632408,47.13405807868029,9.928608030828128,10.4350345,6.372866377957203,0.6418690674633927,11.022629,5.274412833333334,0.23829017281324258,-0.8231825649770759,739.5540425531915,750.0,86.21405482643307,0.11657573330110252,0.0,0.0,-8.132178523766925,64.13232754241596,13.76084010212766,14.025,6.638083426797438,0.4823894019211137,7.4769067499999995,4.347025,0.027707745938554747,-0.6204993269441919,4700.0,8.897164209147086,27,attack,1
1689.9463087248323,750.0,2909.284904953634,1.721525050786298,750.0,0.0,8.415270407867789,105.01128971969956,2.6294043624161074,1.0,4.904160281641972,1.865122136306048,1.0,0.0,5.985942288354875,49.11625506197034,10.52524189172571,10.7949545,6.681312520099778,0.6347894508108369,11.549070874999998,5.6550455,0.2046351002330786,-0.9080431290893163,739.7030201342282,750.0,85.60602589030248,0.11573026411973851,0.0,0.0,-8.193419014302263,65.1321151439299,14.5568498869547,14.9,6.8053037568677235,0.4674983811550039,8.278299,4.421787500000001,-0.017157945979171037,-0.605577045167307,4768.0,8.895826487395082,28,attack,1
1692.3154689403166,750.0,2908.041330862741,1.718380162703163,750.0,0.0,8.66691744286416,112.97269890133519,2.6339829476248475,1.0,4.946918217301949,1.8781132283953297,1.0,0.0,6.121206756259795,51.66902639315766,10.891366707013713,11.315268,7.090497086477627,0.65101995711076,12.481048062500001,6.08504325,0.19013038370135463,-0.9982943291463284,740.0332927324401,750.0,84.24148261646994,0.11383471992918505,0.0,0.0,-8.333977081828092,67.45517400043589,15.072398338002435,15.75,7.204829960268621,0.47801483205913514,8.839457750000001,4.4649225,-0.10752695190005658,-0.5916095631762279,4926.0,8.886127990262752,29,attack,1
1697.7813051146384,750.0,2959.726261365672,1.7432906419981014,750.0,0.0,8.746460310222655,114.78151328098282,2.641191456006271,1.0,5.040498762914566,1.9084185477929239,1.0,0.0,6.196894482065106,52.68630502867616,11.243079673285935,11.304292,7.493350174651813,0.6664855531048447,13.325610124999999,6.623192,0.1859193072229386,-1.075773473149538,740.3789927493631,750.0,82.78770110616081,0.11181800391004142,0.0,0.0,-8.488676169393344,70.05762310882646,15.533087046835195,16.55535,7.629186076512935,0.49115710570020604,9.167491500000002,5.1158850000000005,-0.16869565179407967,-0.6298092696315236,5103.0,8.905270089993012,30,attack,1
1326.8418053339412,750.0,2379.3119192958175,1.7932144659076288,0.0,0.0,11.113358034325643,186.31508570330334,1.996238887622521,1.0,4.0605862381673665,2.034118393016299,0.0,0.0,8.038236686419891,88.41653147980836,7.344361424223399,2.585442,8.000644572807586,1.0893587761652923,13.78637225,1.586442,0.9263383024122182,-0.5292789667242399,744.4070310374493,750.0,63.2849712415599,0.08501393539145144,0.0,0.0,-11.226884784273464,124.04479769440897,10.02646499851835,7.363227,9.628398910166126,0.9602984612811148,17.401,6.3642270000000005,0.5240325872143873,-1.1407297280586333,8774.0,10.650474599882811,31,attack,1
1307.2901587301587,750.0,2386.7701642537622,1.825738645942352,0.0,0.0,11.450132909352348,196.62146831272375,1.960952380952381,1.0,4.066544253017984,2.073759818197612,0.0,0.0,8.31547419853522,94.20760518162072,7.316246314773074,1.999,7.8312602075444415,1.0703931866989558,11.42680175,1.0183664598214288,1.0354705170158651,-0.40215171699628227,744.8070436507936,750.0,60.99735842798341,0.08189686033176441,0.0,0.0,-11.661201526989325,133.98549844651237,9.859136336402118,3.430043,9.487745022775572,0.9623302385772589,16.701,2.7868329999999997,0.6443408177098474,-1.0254484580688712,9450.0,10.766921439776972,32,attack,1
1310.2655444502893,750.0,2419.5175043361733,1.8465856135683252,0.0,0.0,11.539987894815761,201.59440156806207,1.9706470278800632,1.0,4.149783849675767,2.105797634465227,0.0,0.0,8.350385431240271,95.18747380136982,7.8178893967619425,2.999,7.91158959820618,1.0119853577722713,11.725983999999999,2.0,1.0440852623471524,-0.41446330625413896,744.8370203879936,750.0,60.822720830399426,0.08165910013269241,0.0,0.0,-11.695815148696349,134.79387078261507,10.393212751604418,3.709306,9.480531240951565,0.9121848525123322,16.501,2.710306,0.6502587043804315,-1.015197129954223,9505.0,10.764355997477855,33,attack,1
1325.2348307430275,750.0,2496.6246412962682,1.8839111253184242,0.0,0.0,11.542179354780199,201.56885302954535,2.0003193527783694,1.0,4.292789194912163,2.146051923633913,0.0,0.0,8.326416331931231,94.50280566547555,8.388634184264614,3.999,7.9845701360929615,0.951831962236523,11.315403,2.1631374999999995,1.0136038682628916,-0.5016315682781065,744.7759458477877,750.0,61.17918163700685,0.08214441132005924,0.0,0.0,-11.625809655954148,133.1611094834129,11.083368390781349,4.63992,9.519323996515876,0.8588836589094724,17.401,3.64092,0.6283176563534895,-1.0255446088747846,9394.0,10.759444215686308,34,attack,1
1349.670711708757,750.0,2593.0309800533255,1.9212323106355376,0.0,0.0,11.281623394388738,192.33104259113037,2.0464633213075327,1.0,4.468947719928614,2.1837419089794876,0.0,0.0,8.157401627767992,90.19891267538574,8.948678226782762,4.999,8.136655695504375,0.9092578243736532,12.215465,2.9999999999999996,0.9613547964571849,-0.6248507421703042,744.6348123506535,750.0,61.99434241736344,0.08325469262128708,0.0,0.0,-11.46851709061376,129.52841208152157,11.815012290040452,5.72199,9.635111805649554,0.8154974001822698,17.301000000000002,4.72299,0.579083768079394,-1.0651438967645308,9147.0,10.732245783469054,35,attack,1
1364.2287581699347,750.0,2645.5006782719297,1.9391914020495922,0.0,0.0,11.338885817101257,196.4286490149741,2.0722222222222224,1.0,4.574404453858451,2.2074874040067587,0.0,0.0,8.182631590907048,91.29606956847599,9.354424395711707,5.999,8.328734795888735,0.8903524624889616,12.45741725,3.6816889999999995,0.9415504010752714,-0.6453591159248182,744.6540365528928,750.0,61.884349757230055,0.08310483354619459,0.0,0.0,-11.489643711209123,130.01336413629252,12.342445662636164,6.544302999999999,9.822539237430297,0.7958341082404529,18.101000000000003,5.545303,0.5577674129345211,-1.069229782954495,9180.0,10.709645547989286,36,attack,1
1399.7233898305085,750.0,2740.0720900009305,1.9575811263200538,0.0,0.0,11.158313166564845,191.20094725858365,2.136497175141243,1.0,4.759897347471539,2.227897795913006,0.0,0.0,8.032119696336748,87.94021584543744,10.023277738925847,6.999,8.66209458160102,0.8641978010807172,13.582094708333337,4.246785269230769,0.8621522859566537,-0.7700418900233754,744.4546342953122,750.0,63.01947344863499,0.08465186533265137,0.0,0.0,-11.276473963245701,125.16019247212193,13.248551895367234,8.3370255,10.070805311433936,0.7601438550393953,18.251,6.438025499999999,0.47064845694606844,-1.1288118412848882,8850.0,10.582045720412854,37,attack,1
1368.5034071550256,750.0,2701.2635975433022,1.9738815288439395,0.0,0.0,11.554347256146505,205.7945488712714,2.0863500851788754,1.0,4.721333407874219,2.2629631725825297,0.0,0.0,8.297326407207532,93.68535996623821,9.765394945086213,6.999,8.857787683067356,0.9070588268961359,11.721337,4.82611975,0.9221096676783872,-0.6241027374644195,744.7745954003407,750.0,61.18835755208239,0.08215688065889472,0.0,0.0,-11.624501275946578,133.13036614777607,12.837459922380749,7.999,10.343855237180179,0.8057556011642744,19.501,7.0,0.5358572724395302,-1.0465221367631365,9392.0,10.706780391195187,38,attack,1
1418.3040646754996,750.0,2837.8059119605637,2.000844517504671,0.0,0.0,11.222641128825886,194.045058968307,2.1744891084662026,1.0,4.966730137194906,2.2840906021820633,0.0,0.0,8.058059508777584,88.12951405764848,10.567712183708716,7.565032499999999,9.211190628282502,0.8716352667593048,13.778686250000002,5.047886833333333,0.8443750800705367,-0.7734106220013315,744.4893906153732,750.0,62.82380780853048,0.08438509480518205,0.0,0.0,-11.312911460292401,125.98317120821616,13.915886196609028,9.2993625,10.578298631486593,0.760159897977915,20.701,7.3003625,0.44240789418255716,-1.1309701280247957,8906.0,10.55741986917469,39,attack,1
1379.741530740276,750.0,2786.912328126173,2.0198800036343796,0.0,0.0,11.651241029266945,210.11022397674336,2.11051861145964,1.0,4.901157924320621,2.3222528802676456,0.0,0.0,8.361152442042949,94.83280369474268,10.282158211711023,6.999,9.570865077417997,0.9308225841649774,12.430402416666666,5.0,0.9129023819186604,-0.6417117873047373,744.8684703053116,750.0,60.640772487007894,0.08141138322333882,0.0,0.0,-11.732773821285877,135.65921243611893,13.51474016300711,9.999,11.06168871295144,0.8184906686722528,22.251,8.423022,0.4987110705471341,-1.1152554220697832,9564.0,10.72216448800872,40,attack,1
1406.1630516080777,750.0,2857.5049866840786,2.0321291925685694,0.0,0.0,11.563973515651728,208.42559629686806,2.1587776471845284,1.0,5.049790094608183,2.339189541449118,0.0,0.0,8.27796764801401,93.0500340508318,10.788169584457593,6.999,9.857865965366052,0.9137663148684815,13.272326999999999,5.0,0.9000600803754543,-0.6704008462798772,744.7560219848378,750.0,61.29704276104798,0.08230486354133287,0.0,0.0,-11.603584660980426,132.6443251897832,14.185881758200662,10.999,11.287580714363452,0.795691160180315,22.201,9.0,0.469657769413222,-1.1422919550006438,9359.0,10.645960551655758,41,attack,1
1420.0992785614299,750.0,2922.6516152159365,2.058061474530571,0.0,0.0,11.602081626770703,210.5762793866076,2.186712609023366,1.0,5.179872589213145,2.368794402995001,0.0,0.0,8.276370222752636,93.15406476777977,11.214938843088396,6.999,10.149788873235313,0.9050240055023109,13.720289,5.0,0.8945044659798816,-0.678901624155082,744.7153214683095,750.0,61.53296232196196,0.0826261533073352,0.0,0.0,-11.557864041555598,131.58530832706947,14.748269905566923,11.487043,11.570487547796354,0.7845318550502609,23.051000000000002,8.588042999999999,0.4568820174487823,-1.1543145572392277,9287.0,10.614504333392087,42,attack,1
1442.5931484502446,750.0,3021.568663482975,2.094539729880874,0.0,0.0,11.526722759491786,207.04769761291868,2.226862425231104,1.0,5.346246923755269,2.400798030080568,0.0,0.0,8.228505786028082,91.93209203532071,11.588479573055446,7.430617,10.465470501521493,0.9030926305341143,13.74003466666667,5.307095,0.8951230269842548,-0.6725663899019918,744.6624024684801,750.0,61.838238251291045,0.08304197720511144,0.0,0.0,-11.499181349190703,130.2321998432123,15.248631561718327,11.999,11.838461464968352,0.7763622209017625,23.388756500000003,9.275737,0.4441092095038768,-1.1599668661083113,9195.0,10.573013541815795,43,attack,1
1456.427221983684,750.0,3078.6864524683792,2.1138622005946477,454.0,0.0,11.61359795506541,210.77020805587793,2.248497209102619,1.0,5.444869177562429,2.421559233215811,1.0,0.0,8.289466840062202,93.55793123544966,11.739861318477294,7.18054475,10.79035994967087,0.9191215855921561,13.7647025,5.1815447500000005,0.9136992277512546,-0.626349252828708,744.7316883953316,750.0,61.43877482521702,0.08249786571805308,0.0,0.0,-11.57628548285283,132.01138128002242,15.485160973915844,12.469472,12.22801858439816,0.7896604113444985,22.40008,9.764257,0.45241800645501706,-1.1609495513204104,9316.0,10.5598800351874,44,attack,1
1575.2087830294008,750.0,3356.778781188191,2.131005627541335,750.0,0.0,10.803826161907256,183.11355205130528,2.462845800769135,1.0,5.951152547011633,2.416372370999888,1.0,0.0,7.689805999309091,80.48352569783373,7.579475334657455,5.999,6.663611693496279,0.8791652982926993,8.435237,3.9999999999999996,1.3117555170244235,1.2259762467624027,743.9114308949813,750.0,66.01114376393778,0.08873521903611753,0.0,0.0,-10.749657418239039,113.55596101422141,11.987288048381094,7.999,10.931705695195603,0.9119415209741248,16.325027000000002,6.0,1.0911260053708398,0.43470391248338647,8061.0,9.863143562204842,45,attack,1
1569.8679428156045,750.0,3378.9345848249995,2.1523686755236118,750.0,0.0,10.904247460710053,187.34940470000046,2.455294402713836,1.0,6.00459201181278,2.4455690548456865,1.0,0.0,7.76960695804565,82.18712296580004,7.728720371007256,5.805944083333333,6.763420151597853,0.8751021937563516,8.001470333333334,3.8069440833333332,1.3453621763729733,1.3099786145018886,744.0537552280317,750.0,65.24176425666622,0.0876842080269744,0.0,0.0,-10.880860244300871,116.39392990006696,12.135855586988127,7.999,11.015604017234617,0.9076907629854606,15.4097445,6.0,1.1076103756014628,0.48179221500940406,8254.0,9.927781287856115,46,attack,1
1571.8062174912302,750.0,3425.9174448790645,2.1796054798327447,750.0,0.0,10.996375236930094,190.39227512821788,2.4653441393492197,1.0,6.110498386229606,2.478557978458376,1.0,0.0,7.806658684141104,82.78195765446732,8.019905414719183,5.999,6.838561694247837,0.8526985470049074,7.949999999999999,3.4505519999999996,1.3816737843891784,1.434714237874445,744.0630654048781,750.0,65.1913070369972,0.08761529777253986,0.0,0.0,-10.889636531664141,116.58496183038851,12.49413921495101,7.999,11.11117248632954,0.8893107636445611,14.828624999999999,5.687066,1.1323728144325818,0.5630815788562491,8267.0,9.911968929169765,47,attack,1
1611.4675819984745,750.0,3583.050182242926,2.223470221969577,750.0,0.0,10.795827632143913,182.6602027666361,2.5455123315535215,1.0,6.39398680001311,2.5118663621287083,1.0,0.0,7.636457150916807,79.00795240558081,8.14966057403974,6.138935666666667,6.55454295557631,0.8042718952560329,8.0,3.2399356666666668,1.299140932049744,1.2556731350822918,743.7603663446054,750.0,66.8186396017005,0.08983893552986329,0.0,0.0,-10.615429568254784,110.68805591003597,12.848503652809558,8.999,11.172556660810182,0.8695609202996257,14.724357750000001,6.0,1.198611410386081,0.8273049491408728,7866.0,9.85641644751781,48,attack,1
1611.773304818216,750.0,3628.7848065377793,2.2514238172886554,750.0,0.0,10.888963037164707,185.56718419617033,2.550132092087055,1.0,6.487465995367499,2.543972532049541,1.0,0.0,7.690893034737753,79.98389238369123,8.20639687329431,6.507629,6.6814384801946325,0.8141744279925972,7.630355,3.5086289999999996,1.2709971619483027,1.2207495809491125,743.8254792670622,750.0,66.47231181396653,0.08936546766247623,0.0,0.0,-10.672758624697899,111.90846657557522,12.841571867278903,8.899,11.283180180711192,0.878644787205639,14.874583000000001,5.899999999999999,1.214974373560009,0.9309647757523765,7949.0,9.828000469023875,49,attack,1
1667.1867781760254,750.0,3807.8574908570445,2.2840017331609395,750.0,0.0,10.6103347632228,175.59117226318247,2.6549847338377806,1.0,6.802989961612048,2.5623461690411777,1.0,0.0,7.48436728226929,75.60063514994071,8.191796566836748,6.393681,6.580669775999236,0.8033243650898368,8.0,3.7844139166666664,1.1893156192749372,0.9608896122121551,743.4844603743528,750.0,68.26720319496846,0.09182061876665876,0.0,0.0,-10.38221667748415,105.79105215666766,13.004213668790655,8.999,11.474558714633588,0.8823723607504121,15.006518999999999,6.0,1.2750981390068643,1.1693576755626989,7533.0,9.705064538060261,50,attack,1
1667.7758779429173,750.0,3847.116045348927,2.3067344337022493,750.0,0.0,10.754801273119961,180.6026006334003,2.6605287386557936,1.0,6.892332810332812,2.5905876189915156,1.0,0.0,7.556348193572815,77.0854294063649,8.313999877706204,6.899,6.710731794332574,0.8071604393845668,9.0,4.0,1.1829888271837832,0.9618934877153702,743.5444110039123,750.0,67.95544580695758,0.0913939299405211,0.0,0.0,-10.431667836953691,106.82030443688946,13.216008133105353,8.999,11.706529970950236,0.8857841076554758,15.557916999999998,6.1000000000000005,1.2809122768789745,1.196837388848948,7603.0,9.744142945824242,51,attack,1
1701.6950027159153,750.0,3953.490155747667,2.323266007973152,750.0,0.0,10.648051780436305,177.78290529447943,2.7289516567083107,1.0,7.1094014335563624,2.6051767593903787,1.0,0.0,7.453702477475106,75.0528178455778,8.49410856495398,6.999,6.750579388792803,0.7947366503702531,8.598376499999999,4.000000000000001,1.161983364213114,0.8516957419874185,743.3348566832407,750.0,69.03965677476616,0.09287827168877971,0.0,0.0,-10.2618301427173,103.3057274868069,13.65525098614883,9.899,11.95453885736103,0.8754536163038735,16.512179,6.5709535,1.2787171320965887,1.191258258877128,7364.0,9.67577140865225,52,attack,1
1688.246593641464,750.0,3995.450846572577,2.366627518527722,750.0,0.0,10.698569960201093,179.64259007560173,2.712396473417045,1.0,7.1911776700363,2.651226596300997,1.0,0.0,7.501176759765323,75.93705476836841,8.34433237691194,6.899,6.744457610563143,0.8082680921513248,8.5759365,4.0011552,1.1225347425327965,0.7422323361002738,743.4434441145484,750.0,68.48033188573474,0.09211236231600076,0.0,0.0,-10.348868815680833,105.09964339068968,13.387976475287203,9.512535,12.067729990650731,0.9013856584620157,16.39013075,6.513534999999999,1.347509045467175,1.4761411614617845,7486.0,9.773901570980133,53,attack,1
1699.08,750.0,4040.779062539514,2.378215894801607,750.0,0.0,10.804537444681374,183.85409638079287,2.737986577181208,1.0,7.30819664678009,2.669186440754568,1.0,0.0,7.530164146592588,76.58131177670447,8.387015149843675,6.899,6.790577832406729,0.8096536981375666,8.904196916666667,4.299717083333334,1.079839150653837,0.5767920477888686,743.4117275664927,750.0,68.64441419004737,0.09233700740066363,0.0,0.0,-10.323257697029877,104.57018447301624,13.546368825100672,9.999,12.324136055060173,0.9097741405227525,16.3279545,7.0,1.3627492717594982,1.5332361194627033,7450.0,9.771322120594808,54,attack,1
1698.5920844327177,750.0,4048.973028507819,2.3837230054325036,750.0,0.0,10.921664955009305,189.33467990917237,2.737994722955145,1.0,7.353024771314938,2.685551111427543,1.0,0.0,7.6029159660445975,78.2351755030088,8.454514092199869,6.7683465,6.959836434589391,0.8232095137212597,9.087390875,4.240066000000001,1.1130265677960898,0.6302042574607967,743.5246869752938,750.0,68.05893532733613,0.09153554215422793,0.0,0.0,-10.415432016766221,106.48174899011795,13.663382262005277,9.999,12.551631011837197,0.9186327931950199,15.651799999999998,7.0,1.36718956659863,1.54512064696888,7580.0,9.801027542541116,55,attack,1
1659.3625547902318,750.0,3999.08702253732,2.410014020741154,750.0,0.0,11.223651548614555,200.81770115528516,2.670006261740764,1.0,7.284963339497273,2.7284442901447337,1.0,0.0,7.813097063551615,82.67111123057714,8.093250251396988,6.0571976,6.9205451689729145,0.8551008499679531,9.32109852631579,4.0581976,1.1233258471761092,0.6040925248972244,743.8530861436622,750.0,66.32603037573513,0.0891654973424758,0.0,0.0,-10.69750762019348,112.43720250002038,13.069735635942392,8.999,12.6488372918481,0.9677959558006054,15.727523,6.605504000000001,1.4532990611383692,1.8589865248759159,7985.0,9.956548511731176,56,attack,1
1660.605821410952,750.0,4036.9638095028754,2.4310187026038634,750.0,0.0,11.306116315181674,203.9403785001084,2.672915638875185,1.0,7.359811102971524,2.7534767636993873,1.0,0.0,7.872897619809759,83.92187142880444,8.176187212599622,5.999,6.996492108352024,0.8557157421212579,9.53361675,3.9999999999999996,1.150336411037996,0.649635279880826,743.9463081729978,750.0,65.82560416196411,0.08848165981711811,0.0,0.0,-10.781712743166128,114.2458524577888,13.260340488529847,8.999,12.869593726029402,0.9705326750215472,16.5295855,7.0,1.457471794749664,1.8561518806325257,8108.0,9.970332538620386,57,attack,1
1691.779196395043,750.0,4165.804815006136,2.462380920561568,750.0,0.0,11.198843887397182,198.78359325990255,2.729628238828389,1.0,7.572109202621569,2.774044133523351,1.0,0.0,7.806238375555247,82.31789582086064,8.502044556813207,5.999,7.10513421797019,0.8356971279662858,9.425937999999999,3.9999999999999996,1.1654091205605848,0.6723908118565083,743.8561081832347,750.0,66.31015667217594,0.08914379534252839,0.0,0.0,-10.700251432313362,112.49587863309578,13.813336527600452,9.489427,13.116958130746028,0.9495865176771022,16.93916,6.590426999999999,1.4443147187124405,1.7872169330650882,7989.0,9.926840633605538,58,attack,1
1688.3001848428835,750.0,4204.714712384001,2.490501837370408,750.0,0.0,11.291783205257333,202.11659587338045,2.7258163894023415,1.0,7.6467523095172805,2.805307187691353,1.0,0.0,7.871086627558598,83.6711675409743,8.192793961514331,5.999,7.053601892206837,0.8609519445187012,9.0,3.9999999999999996,1.1924796709955199,0.7765043960925859,743.9514771766034,750.0,65.79801318817353,0.0884439579821602,0.0,0.0,-10.786480434137335,114.34864907588597,13.479097628589033,8.999,13.280901318208155,0.98529602530955,16.332583,6.592931,1.4920032989129157,1.9730597253721909,8115.0,9.969087834349281,59,attack,1
1678.890127195639,750.0,4257.025319540727,2.535618770152349,750.0,0.0,11.451734146191122,206.81626753422444,2.7132646880678375,1.0,7.731630483629663,2.8495673561194246,1.0,0.0,7.967200531800219,85.65521389528685,8.10962821498575,5.999,6.929404251330089,0.8544663291130005,8.717020625,3.9999999999999996,1.2273905822476914,0.8805807972845954,744.0540318998586,750.0,65.24262036076101,0.08768532601613795,0.0,0.0,-10.881489571676699,116.40729633962106,13.381138857177467,7.999,13.417284108928387,1.0027012089282321,15.711554500000002,6.0,1.5651096807038267,2.1995737213819506,8255.0,10.057972720429868,60,attack,1
1668.6367434642473,750.0,4288.88804724727,2.570294621670103,750.0,0.0,11.561567074085081,211.13709233992964,2.700608809836457,1.0,7.800095245674786,2.8882729024893994,1.0,0.0,8.036311268370875,87.18375908059403,8.243201499565146,5.999,6.929452699716085,0.8406263877064797,8.720118,3.8999999999999995,1.2365689521990892,0.9319525015403762,744.1406035651872,750.0,64.76996442475243,0.08703995470001058,0.0,0.0,-10.963611850479756,118.20125722160054,13.479562680195775,8.327819,13.466984698702957,0.9990668850472948,16.539082,6.328818999999999,1.6119650804898633,2.4110170831546442,8377.0,10.135182742367531,61,attack,1
1685.1309233023937,750.0,4422.539027403485,2.624448324013023,750.0,0.0,11.42631113119875,205.3588700101315,2.741695163654128,1.0,8.033535941014707,2.930134628937967,1.0,0.0,7.941614404821514,84.96693345423105,8.25149121717105,6.6108038125,6.707709984057479,0.8129088194505959,8.389282875,3.7118038125000004,1.197989612996941,0.8540294542830242,744.005330381203,750.0,65.50729057134095,0.08804680275311635,0.0,0.0,-10.836119557315985,115.42193443945678,13.51963627479238,8.740287,13.583336668008487,1.0047116943031136,14.8127255,5.841287,1.7093547402259401,2.76678111118013,8188.0,10.140640360972057,62,attack,1
1652.448707451164,750.0,4395.432042414614,2.6599506675123323,0.0,0.0,11.664857989398458,214.04223775038133,2.6849923967715523,1.0,7.992851851858513,2.976862005817654,0.0,0.0,8.115241901678303,88.63782561414058,7.836829713480805,5.999,6.686888077230284,0.8532644349446042,8.475514,3.9999999999999996,1.1802360265697718,0.7502539387531768,744.258446639076,750.0,64.12085137704507,0.08615401231467665,0.0,0.0,-11.078355900581023,120.73042175786873,12.888756635863842,7.999,13.71325912137317,1.0639706768312387,15.56658,6.0,1.7879392993417975,3.1114878673165283,8549.0,10.261809910283404,63,attack,1
1671.5870559268378,750.0,4455.688860193743,2.665544007651588,750.0,0.0,11.635598328862502,213.8229924080921,2.7194278344471803,1.0,8.116339487682218,2.9845761615263275,1.0,0.0,8.09741869812452,88.31735621047501,8.099317421351468,5.999,6.803299256930925,0.8399842731186244,8.051906333333335,3.9999999999999996,1.1962553371873175,0.785390813452838,744.2449620412709,750.0,64.19561419180792,0.08625602787519851,0.0,0.0,-11.06507232731072,120.43626308477909,13.28003573232501,8.486082,13.93003420160569,1.0489455361703972,16.327104000000002,6.487081999999999,1.780697738275772,3.067645702012694,8529.0,10.215004236428438,64,attack,1
1650.905160706202,750.0,4430.33973965328,2.6835822221054353,0.0,0.0,11.863386359897081,222.73148277784625,2.6823223177908555,1.0,8.08858602855781,3.0155160604336024,0.0,0.0,8.25214288793721,91.71020731067883,8.013697641680086,5.999,7.026017416787169,0.8767509994692227,8.281957333333335,3.9999999999999996,1.2379005471019573,0.8828603332616276,744.4448967510534,750.0,63.0795665362092,0.08473369461125256,0.0,0.0,-11.267220422383467,124.95069539161432,13.128756842123133,7.795368,14.149656870943389,1.0777606014870147,15.8074015,5.796367999999999,1.779523394602282,3.0717865300870697,8836.0,10.269088277166746,65,attack,1
1698.8725314183123,750.0,4613.950274651152,2.7158896205115353,750.0,0.0,11.552320302998742,212.36840369329119,2.7819269898264514,1.0,8.432480242322484,3.031165186275625,1.0,0.0,8.022204580555508,86.91409143742695,8.377466244332213,6.287028,7.028646435272407,0.8389943009352795,8.408228,3.9960410000000004,1.2253413791507504,0.8150740692426415,744.1250675516385,750.0,64.8556503969774,0.08715692190073511,0.0,0.0,-10.948838624248001,117.87747069797567,13.686804567205265,7.999,14.281337330077465,1.0434383906011744,16.219632500000003,6.0,1.793994071175284,3.145331378309211,8355.0,10.176479404982988,66,attack,1
1675.1000232072406,750.0,4589.446576935593,2.7398044972552626,0.0,0.0,11.74251128834538,220.417128357922,2.7421675562775585,1.0,8.412264750102205,3.067742790131212,0.0,0.0,8.152675285421005,89.82364310233451,8.266248989323248,5.999,6.982917392754799,0.8447504305488487,8.6279684375,3.6137501666666667,1.240979793968603,0.9021113510894794,744.3043369829895,750.0,63.86657022673494,0.08580706446722554,0.0,0.0,-11.124048865537334,121.74486698649264,13.429698422255745,7.999,14.314210211815197,1.0658623717189089,15.215529,5.363293499999999,1.8705252118878612,3.493934242574782,8618.0,10.256256003011103,67,attack,1
1667.2214106368408,750.0,4614.389262535418,2.767712334484012,0.0,0.0,11.813860784937726,223.54849445498118,2.7308833599634785,1.0,8.466197021491412,3.1001679330620093,0.0,0.0,8.211695171956384,91.12328782863604,8.118670739386427,5.999,6.920382519406636,0.8524033972499354,8.3857065,3.9999999999999996,1.2359302140235917,0.898409189786018,744.3979248627094,750.0,63.34392600620813,0.08509417327821106,0.0,0.0,-11.21882181354679,123.8623615342977,13.209600708742299,7.999,14.458840064376457,1.094570561455911,14.8746285,6.0,1.941975411187788,3.7786958387152945,8762.0,10.313584846003181,68,attack,1
1713.5023440317345,750.0,4765.451945835905,2.7811178446497924,375.0,0.0,11.57986905247374,215.80254624644652,2.827623512441399,1.0,8.776209605786418,3.1037404969832596,0.5,0.0,8.01746772213937,86.92982209787871,8.5149615483354,6.65388425,6.940731225620722,0.8151218518394335,8.633123499999998,4.03401475,1.180102243031913,0.7582691056724253,744.0995869417137,750.0,64.99529500233058,0.08734757570483874,0.0,0.0,-10.924631966696111,117.3479516699005,13.872171827142685,7.999,14.732278183695234,1.0620022853861744,15.662605000000001,5.732193,1.9376749717146542,3.7306641372046023,8319.0,10.195291249691142,69,attack,1
1679.3482450103236,750.0,4714.530900126812,2.807357505588622,0.0,0.0,11.875461825404669,227.25290446092257,2.7648543243863273,1.0,8.695902156256953,3.145157442675411,0.0,0.0,8.220636113590515,91.39909704430964,8.35388988459901,6.39579575,7.217271796602633,0.8639414567707179,8.870839499999999,4.298992,1.1974269401763278,0.7933438416358318,744.3696162291482,750.0,63.502707534038656,0.08531071949945074,0.0,0.0,-11.189945078025927,123.21524549089581,13.537736621128698,7.999,14.883588392087164,1.0994148289794587,16.614475000000002,6.0,1.9449093437399665,3.8261599601033423,8718.0,10.274085883040655,70,attack,1
1695.0705716302048,750.0,4816.874248289693,2.8416954013054148,0.0,0.0,11.823179593344955,226.3497687183881,2.806986591390261,1.0,8.908195520065805,3.1735796485061587,0.0,0.0,8.148580382266166,90.03885497848816,8.348541463648656,6.7202079999999995,7.198124862244321,0.8622014867610712,8.867293562500002,4.463222,1.2293876262989762,0.8605388656684441,744.2265548122895,750.0,64.29808204175531,0.08639584495607351,0.0,0.0,-11.04710564117965,120.03889846819727,13.559450944718888,7.999,15.013651965916894,1.107246305704169,15.201212750000002,6.0,2.0061132662250225,4.104994666160874,8502.0,10.249290498240038,71,attack,1
1699.9674891825518,750.0,4857.41258414659,2.8573561641948406,0.0,0.0,11.85949361186152,228.40813274043506,2.818149923985499,1.0,8.997499770515699,3.1926973415918227,0.0,0.0,8.172349712240964,90.60864593781584,8.205077788581905,5.999,7.051709879126695,0.8594324223153346,8.505067,3.9999999999999996,1.2455472703128,0.9075601536975761,744.2596220065229,750.0,64.11525590907142,0.08614635808969023,0.0,0.0,-11.079668828503296,120.75940905769538,13.465500774295405,7.999,15.197376857857321,1.128615794732858,15.402882999999997,5.644005000000001,2.065371647871466,4.3193798624629824,8551.0,10.28736290854342,72,attack,1
1661.587827864199,750.0,4835.04664308997,2.909895319409584,0.0,0.0,12.086754276807543,237.3630969626682,2.7584875667083004,1.0,8.97825048875385,3.25477286796967,0.0,0.0,8.314725476778035,93.71258530562571,7.887984616904189,5.899,6.922747312330588,0.8776319489131522,8.071566283333334,3.9,1.3110469915810683,1.1325241128828534,744.4264664938071,750.0,63.18407397859751,0.08487617894107093,0.0,0.0,-11.24826806842094,124.5238828792137,12.851224557170433,7.768599,15.029336666059331,1.1694867363961519,14.521419,5.7695989999999995,2.2096908682431753,5.097953222229577,8807.0,10.405951197187477,73,attack,1
1643.1153119092628,750.0,4830.097546675364,2.9395974291438502,0.0,0.0,12.259205625310615,244.71778736448465,2.7300122317357944,1.0,8.991751966989312,3.293667281949203,0.0,0.0,8.419638397625993,96.09744624577985,7.621224600305531,4.999,6.782518649692658,0.8899512880673731,8.059328999999998,3.144397333333333,1.3256204167659063,1.160589770018614,744.5417276500341,750.0,62.53244891295034,0.08398783653176686,0.0,0.0,-11.369197862039185,127.25900618760704,12.40674405871233,6.899,15.064497464453776,1.2142184438692523,13.0,4.9,2.326807104148634,5.646329900935443,8993.0,10.432772735857958,74,attack,1
1664.3201451082643,750.0,4918.717426464405,2.9553913896442334,0.0,0.0,12.189670672309724,242.5250760923526,2.7763292143747873,1.0,9.179239609427011,3.306250412199088,0.0,0.0,8.351946424902769,94.56720567791876,7.88303452022624,5.999,6.764442880113359,0.8581013901128042,8.100000000000001,3.9999999999999996,1.2797353135145555,1.0347479987204027,744.4352824698636,750.0,63.13463817561276,0.08480876667498438,0.0,0.0,-11.257413163405438,124.72968189213024,12.767803872463439,6.999,15.178177135031067,1.188785266960916,13.646153,5.0,2.3483497452275977,5.77525203582463,8821.0,10.370093249808686,75,attack,1
1647.7313466278288,750.0,4926.478181076976,2.989855228013523,0.0,0.0,12.3205997552054,248.63629883971666,2.7550974680708045,1.0,9.223873319649377,3.3479299467790473,0.0,0.0,8.421910824949709,96.19912894972589,7.832627462136405,5.999,6.87374182505343,0.8775780360143118,8.100000000000001,3.9999999999999996,1.3169704192887055,1.1587090055789693,744.5007282097245,750.0,62.7652286219047,0.08430512723988075,0.0,0.0,-11.325783078167811,126.27368833287443,12.497250631189782,6.999,15.010727868415234,1.2011224157537888,13.0,5.0,2.437057703147591,6.44161253600682,8926.0,10.392328180465995,76,attack,1
1649.6495575221238,750.0,4940.234742302078,2.994717708240178,0.0,0.0,12.396060927962855,253.2340134619708,2.7579646017699115,1.0,9.270244687445885,3.361263114652286,0.0,0.0,8.474609361418958,97.5889448213852,7.888742633272359,5.999,6.86352753884914,0.870040747672618,8.241430000000001,3.9999999999999996,1.3386430233671363,1.2475825122599913,744.5700637857718,750.0,62.37139232034369,0.08376833202669456,0.0,0.0,-11.399549218810453,127.95004407915678,12.483583901991148,7.317539,14.984181199420414,1.2003108495974795,11.6021195,5.3185389999999995,2.5140812711651823,6.925677737966797,9040.0,10.407068881205378,77,attack,1
1654.9237844940867,750.0,4950.880256651133,2.9916062014690463,0.0,0.0,12.500423492041774,258.96413465861514,2.7666447656592204,1.0,9.318756137138356,3.3682517729803076,0.0,0.0,8.531810795349317,99.06945047454421,7.905579741560093,5.999,6.95997828847709,0.880388094991703,7.999999999999999,3.7237779999999994,1.3773055559018341,1.3571965946551297,744.6247543156215,750.0,62.05893702172376,0.0833425650464194,0.0,0.0,-11.458733424675119,129.30288843361623,12.58716908278581,6.999,15.18790643214555,1.2066181309120971,12.0,5.0,2.507834079519515,6.878131544890543,9132.0,10.400535491303446,78,attack,1
1647.1756949785738,750.0,5001.655053846556,3.0365036766230435,0.0,0.0,12.668024521116447,269.1099320210428,2.7655202724975276,1.0,9.437315210871887,3.4124917848998786,0.0,0.0,8.582009179744896,101.17981300699492,7.651023267074294,5.899,6.741986232544675,0.881187521878073,7.415581818181819,3.9,1.3931913468301478,1.457412070490565,744.6064321767395,750.0,62.16389256214605,0.08348557019635153,0.0,0.0,-11.438823719678862,128.8469959222596,12.218795344577517,6.999,15.182134467283579,1.2425230179521043,11.899999999999999,4.8999999999999995,2.648255178192984,7.646747025613676,9101.0,10.470771746244145,79,attack,1
1648.053042121685,750.0,5043.545067430019,3.06030506210954,0.0,0.0,12.741045636157077,273.662984477601,2.7821484287942946,1.0,9.572644030054091,3.4407380752875962,0.0,0.0,8.572142218929477,101.04185004842269,7.6505050426393035,5.7523285,6.617738358816612,0.8650067311809256,7.1000000000000005,3.7533285,1.3936611987829621,1.4988198683429461,744.5300897035881,750.0,62.59902785556195,0.08407857348046717,0.0,0.0,-11.356897151276947,126.97940905430619,12.132458562513929,6.999,15.152348328798247,1.2489099592406583,11.769321249999999,4.297511,2.769504494149453,8.373457525991224,8974.0,10.45005880788132,80,attack,1
1634.6743754772554,750.0,5060.062948843033,3.0954562111892834,0.0,0.0,12.917387373440642,281.4973298972118,2.7592451183593325,1.0,9.60065298800198,3.479449116035983,0.0,0.0,8.68082356014243,103.80643507265764,7.629140048996127,5.83655,6.625153210156077,0.868401047510963,7.9033463333333325,3.740886833333333,1.3815168557906532,1.4882901882214856,744.6452398363965,750.0,61.94166617401976,0.08318278672892444,0.0,0.0,-11.48116645496725,129.81747825535072,11.969252789353114,7.3372,15.013711253481437,1.254356601678296,11.236323,4.4382,2.859280305505238,9.10207273545287,9167.0,10.47353097870313,81,attack,1
1642.234366443982,750.0,5118.928116695755,3.117050904116715,0.0,0.0,12.923093212361476,282.38701187085127,2.778885116635637,1.0,9.727210006244544,3.5004001957523028,0.0,0.0,8.672743295422093,103.67353243384551,7.935012540093277,5.999,6.621185914168553,0.8344266478110343,8.0,3.608351,1.3843406413197756,1.5040305052000633,744.624116184213,750.0,62.06287348718576,0.0833479229832411,0.0,0.0,-11.458087811098649,129.28806319196275,12.370679431168547,7.314618,15.123117714497305,1.2224969371038628,10.488017999999999,4.584381999999999,2.878460750827998,9.207122906592646,9131.0,10.469265680663513,82,attack,1
1618.153945945946,750.0,5108.941006814568,3.157265116594309,0.0,0.0,13.225130916873912,294.2789753889071,2.7463783783783784,1.0,9.750437294008785,3.550289126499026,0.0,0.0,8.801882507798993,106.4677262435611,7.866606033968367,5.999,6.57307743799086,0.8355671314424555,7.899999999999999,3.4527003333333335,1.3609870950968388,1.4948101745784435,744.6932647346141,750.0,61.66547353778257,0.08280654124051767,0.0,0.0,-11.534195656849855,131.03795315941287,12.195347729081082,7.309314,15.007384784193478,1.230582769559477,10.499573999999999,4.410314,2.9491694919530635,9.809904519279542,9250.0,10.511497075793857,83,attack,1
1640.732096069869,750.0,5190.47173738686,3.1635096002692134,0.0,0.0,13.12852433069844,291.0388231517273,2.7895196506550217,1.0,9.91159720518902,3.553155541622238,0.0,0.0,8.746216868936807,105.23610509548207,7.85777750688435,5.999,6.644527705092644,0.8455988603992981,7.999999999999999,3.8999999999999995,1.3398286639927701,1.4314154854001648,744.6411130172593,750.0,61.96554939817454,0.08321532119962104,0.0,0.0,-11.4766800584977,129.71445958034641,12.25898213176856,7.531753999999999,15.270926540779252,1.2456928623140238,10.805971750000001,4.9345135,2.951980777307052,9.78131098273489,9160.0,10.437764619681287,84,attack,1
1594.307227660904,750.0,5112.159468659139,3.206508369255448,0.0,0.0,13.501143065227152,308.2988545421404,2.706831910018746,1.0,9.786258382933926,3.6153919815679108,0.0,0.0,8.979046642752953,110.91519970261429,7.673554127953569,5.899,6.6038167117081725,0.8605942698249162,7.8226385,3.9,1.3590910555364153,1.5235756895459316,744.8877831824252,750.0,60.53308682193918,0.08126470615925574,0.0,0.0,-11.75643900415573,136.21413886934275,11.754865712039159,7.144973,15.005582081737915,1.2765421953199705,11.30656425,4.854027,3.1237473716900754,11.096249096988942,9602.0,10.545282361919902,85,attack,1
1599.0282722513089,750.0,5174.416570621378,3.235975661228427,0.0,0.0,13.526407724524523,311.0835496806058,2.723246073298429,1.0,9.918957149266081,3.64232863365598,0.0,0.0,8.973627869593743,111.14903972434522,7.725895633858533,5.999,6.480658316631977,0.8388229175955553,7.31780575,3.631667471428571,1.3775996911101327,1.582904801408831,744.8599366857421,750.0,60.69660728877215,0.08148727606272126,0.0,0.0,-11.723871689843856,135.4494403262128,11.794672897696335,7.2369164999999995,15.064620652998414,1.2772393760865335,11.0,4.5140695,3.2203541329783776,11.679854182624478,9550.0,10.557847534057585,86,attack,1
1614.2591362126245,750.0,5247.959214044241,3.251001711136048,0.0,0.0,13.507164834502833,311.54780490134056,2.7645482799271246,1.0,10.107798104841589,3.6562205038097715,0.0,0.0,8.90856901558083,109.62909503059318,7.854646037280712,6.2004265,6.452256921451811,0.8214573757782713,7.543795999999999,3.576670000000001,1.332684027408966,1.4924575151046362,744.7392882703434,750.0,61.39970705042903,0.08244456552443985,0.0,0.0,-11.585711531351544,132.22897241539707,11.924732494052085,7.599498,15.005532666376562,1.258353818323484,10.3319975,4.600498,3.3042062297968045,12.455762806422218,9331.0,10.5080714744416,87,attack,1
1630.4191733391042,750.0,5318.157057416945,3.261834222990239,0.0,0.0,13.447413268204707,309.91776378319497,2.799177667171608,1.0,10.259410012543734,3.665151423885937,0.0,0.0,8.864906547699471,108.64059828188921,8.053431379710856,6.234380666666667,6.436445458014797,0.7992177687426804,8.0,3.6646193333333326,1.298751136096882,1.3996398573443596,744.6886176742539,750.0,61.692573200965846,0.08284344857269159,0.0,0.0,-11.529090790759978,130.92018696621173,12.244233743453798,7.999,15.159256183756684,1.238073080061981,10.475553999999999,5.0,3.308417262384865,12.479370610301283,9242.0,10.470199912790125,88,attack,1
1646.4915422885572,750.0,5429.850457924529,3.2978307622383864,0.0,0.0,13.345808305557323,304.77812060029277,2.8415699281370923,1.0,10.482426103517332,3.6889558830563485,0.0,0.0,8.78041107990429,106.47880692603535,8.03418944298626,6.35843875,6.34352105839765,0.7895657805200821,8.0,3.5512772500000005,1.20437987773866,1.1080891877321024,744.5729256340023,750.0,62.35586803356302,0.08374716013272591,0.0,0.0,-11.402763070534057,128.02324738068918,12.193212621890547,8.610898,15.10790306368794,1.2390420418458572,10.496948999999999,4.871233,3.4304861246990646,13.536322878672959,9045.0,10.440018591648757,89,attack,1
1669.843190266982,750.0,5524.484644317643,3.308385288222401,0.0,0.0,13.241977522193693,301.016789230795,2.8924186098907287,1.0,10.683323811302435,3.6935607365996153,0.0,0.0,8.70130746869717,104.64079088595963,8.087960714092558,6.218910666666667,6.458968369013415,0.7985904725970333,8.0,3.7800893333333336,1.1960427719878712,0.9922292702076572,744.4702064010614,750.0,62.938757004329084,0.08454167334457798,0.0,0.0,-11.293915739919003,125.55276486807713,12.414546065112088,7.999,15.433857373131643,1.2432075479992424,11.293531,5.0,3.377154891861741,13.115243773824744,8877.0,10.411980650195813,90,attack,1
1672.3030907278167,750.0,5533.00891170522,3.308616089023165,0.0,0.0,13.331439762374897,306.01650641030926,2.891990694582918,1.0,10.708529986968383,3.7028231131679914,0.0,0.0,8.76894798281045,106.34966435005579,8.216288992975635,6.8270545,6.61021303520846,0.8045253813321002,8.3865375,4.128139,1.1776624237895,0.9470638340461517,744.562084199173,750.0,62.41775924167226,0.08383150386821911,0.0,0.0,-11.391149292094319,127.7585130807833,12.535888444555223,7.999,15.495126399201643,1.2360612865801084,11.472130499999999,5.000000000000001,3.3771516182298322,13.274834198246712,9027.0,10.382687808966175,91,attack,1
1637.4787853137234,750.0,5451.355294558209,3.3291150660701767,0.0,0.0,13.68773195641141,322.955209479851,2.822875886149614,1.0,10.572189348658734,3.7451839099731505,0.0,0.0,8.992304890515383,111.81595050679918,8.09659558693892,6.109983,6.802083668360522,0.840116515061386,9.0,4.110982999999999,1.18611131716698,0.9196235654247085,744.8060361682453,750.0,61.01206123185636,0.08191671155854362,0.0,0.0,-11.661614391903651,133.993486623404,12.317196825944347,7.999,15.517608835072812,1.2598328218955852,12.570877,5.1,3.363521680486189,13.401621008209052,9451.0,10.464767044273128,92,attack,1
1636.1678855325915,750.0,5490.562131472714,3.355744957483671,0.0,0.0,13.803719974839538,327.7520937033362,2.829252782193959,1.0,10.675717838906795,3.7733347497597065,0.0,0.0,9.023602114382953,112.44609127398596,8.320670404181737,6.723072,6.777360573044076,0.8145209753336659,8.9532975,4.175927999999999,1.1910827643716824,0.9167251934112621,744.7972192306158,750.0,61.06350046860636,0.0819867460457031,0.0,0.0,-11.651521454218697,133.75818320582914,12.534556215792264,8.31969,15.553521986350582,1.2408514285296137,12.5802525,5.323127000000001,3.419811131797368,13.796290184191442,9435.0,10.464469229991108,93,attack,1
1639.7105375426622,750.0,5552.099107337343,3.386023923257789,0.0,0.0,13.817598557475781,328.16876179702695,2.845136518771331,1.0,10.812448278720108,3.800326700452832,0.0,0.0,9.011498949318968,112.04121200334505,8.242899965259292,6.4783655,6.726363935441278,0.8160191150918196,8.836068875,3.5793654999999998,1.1684356683127544,0.8406826306175326,744.7644710805315,750.0,61.25402798278041,0.08224617360426824,0.0,0.0,-11.614229733531348,132.8905570783098,12.396082763438567,7.999,15.594360919512226,1.2580071638039374,11.7553155,5.0,3.515184877764204,14.525760873012075,9376.0,10.486339239523549,94,attack,1
1655.581682364404,750.0,5635.880989982752,3.4041696945655495,0.0,0.0,13.798388152189512,326.8585904548283,2.883403702500812,1.0,10.994056016985814,3.8128743496620094,0.0,0.0,8.967735097521112,110.86782061832702,8.33417904787351,6.502827,6.677579743157985,0.801228255932633,8.4498865,4.003387999999999,1.1500098030215273,0.7593425749331115,744.6856771679116,750.0,61.7098960056714,0.08286703759411376,0.0,0.0,-11.525896995880505,130.84651845963566,12.569500316769513,8.454134,15.778941860047306,1.2553356507733198,11.54449,5.455133999999999,3.5423320858975735,14.634507148274409,9237.0,10.472010730922815,95,attack,1
1678.5049614112459,750.0,5717.2535342016645,3.4061582572831584,0.0,0.0,13.7437542235491,325.2229349708086,2.9337375964718855,1.0,11.18398394290799,3.812196413325396,0.0,0.0,8.903840120850642,109.34340711720708,8.686068029774404,6.899,6.863818086274651,0.7902100309077269,8.99264870967742,3.9,1.1183364028436347,0.6450028839122703,744.5878192760015,750.0,62.27126413726456,0.08363185983597463,0.0,0.0,-11.418867362957878,128.39074051864682,13.073026431863285,8.784845,16.00320199223008,1.224139037401851,12.472088000000001,5.6254919999999995,3.47986525473934,14.200016412118472,9070.0,10.412563787265809,96,attack,1
1647.7481171548118,750.0,5618.337992098623,3.4097068196320444,0.0,0.0,14.13390122350469,344.42482261615385,2.8640167364016738,1.0,11.005006571551297,3.842507772974083,0.0,0.0,9.154622865242885,115.6219457155353,8.360900393306444,5.999,6.987704370412822,0.835759791613715,8.899999999999999,3.9999999999999996,1.1436005764436545,0.7109245005416804,744.8652137342018,750.0,60.666245217673286,0.08144593692802181,0.0,0.0,-11.73013403831018,135.59625986209835,12.588392006694562,7.999,15.984835194441803,1.2698075485686335,12.713305749999996,5.512884000000001,3.50421753858882,14.609284021704763,9560.0,10.492404735313292,97,attack,1
1680.8562155144434,750.0,5754.926653914971,3.4238066295002016,0.0,0.0,13.943287716515506,335.47184419991004,2.9382235205020013,1.0,11.289937947892946,3.8424367203908427,0.0,0.0,9.010127464341997,111.9740164918189,8.63085679912545,6.999,7.040289187412485,0.8157115048097966,9.0,4.301342,1.1279420636556157,0.6251890898547257,744.689101736118,750.0,61.69030143927045,0.08284034410527807,0.0,0.0,-11.529722170902188,130.93469741940012,13.002016596775938,7.999,16.244414727632357,1.2493765568381465,12.999999999999998,5.6411620000000005,3.4995347389417275,14.442924821195973,9243.0,10.409699975327166,98,attack,1
1681.8858981233243,750.0,5786.8810069677265,3.4407096304361806,0.0,0.0,13.95890547436819,337.21661487919323,2.9405898123324397,1.0,11.355994681300238,3.8618084826638244,0.0,0.0,9.03645744822262,112.70091406445175,8.662889425207663,6.999,7.007370075459626,0.8088952463215411,9.0,3.9999999999999996,1.1090678357894408,0.5876790416789253,744.735795488396,750.0,61.42055720669189,0.08247294890184838,0.0,0.0,-11.581895488464834,132.1405048729333,13.0630418216622,7.999,16.325598121947646,1.2497547160015372,12.585291999999999,5.000000000000001,3.5353399966819006,14.723489759687517,9325.0,10.425900185785414,99,attack,1
1669.135748031496,750.0,5790.841476026616,3.4693651986401197,0.0,0.0,14.05760174161125,342.3037012939491,2.9159055118110238,1.0,11.359649731739855,3.895753715518907,0.0,0.0,9.12020834309748,114.79548568648549,8.454493964712434,6.899,6.987621373901702,0.8264978842100782,8.711594,4.1000000000000005,1.137031697069466,0.6505467258759228,744.8463223097112,750.0,60.77707702465582,0.08159680084905403,0.0,0.0,-11.708173424652204,135.08152691223918,12.74022899464567,8.899,16.318686239073987,1.2808785655212502,12.0,5.573052999999999,3.61889922008315,15.43636792658852,9525.0,10.465859935438525,100,attack,1
1672.2882150672085,750.0,5824.766100911873,3.483111373046289,0.0,0.0,14.107029195137812,344.96791496161904,2.9218505783057207,1.0,11.430183612671044,3.911967195563782,0.0,0.0,9.154187459992071,115.65981788938228,8.507387546651682,6.899,6.903612806913798,0.8114844620697814,9.0,4.0064020000000005,1.1156003773276788,0.6301853664032988,744.8849795263991,750.0,60.55038295715301,0.08128823190346944,0.0,0.0,-11.753301099667468,136.14028624361094,12.804328349380013,8.575727,16.34289459912129,1.2763570374944826,12.321890999999999,5.576727,3.6852314101379355,15.976704292809686,9597.0,10.446839603830384,101,attack,1
1660.1816513761469,750.0,5812.671186305987,3.5012260143266767,0.0,0.0,14.32241506836469,356.72864561800975,2.8974515800203875,1.0,11.415669776291509,3.9399001022171296,0.0,0.0,9.276128338442305,119.06477454111588,8.54640514688965,6.6450185,7.002862343992985,0.8193927415834694,8.899999999999999,4.353981500000001,1.1505217349981276,0.7043245137824403,744.9960324598749,750.0,59.894148456125166,0.08039525829199773,0.0,0.0,-11.885801825628832,139.27248496665644,12.801211785830782,7.999,16.406938898778357,1.2816707647114025,11.899999999999999,5.000000000000001,3.7030549626781966,16.17827802833317,9810.0,10.478449420027285,102,attack,1
1654.9282277465918,750.0,5822.294199010963,3.5181551087196103,0.0,0.0,14.416263938962759,361.89529644811034,2.8857257417802726,1.0,11.435436977213705,3.9627594582702486,0.0,0.0,9.348000726013154,120.9499898249964,8.63175271616834,6.999,7.150681100574353,0.8284158890673784,9.0,4.341113249999999,1.181447462583553,0.7603813240615431,745.0792912699216,750.0,59.39727212252807,0.07971939740975849,0.0,0.0,-11.98805000678013,141.7135423384122,12.896403395348838,7.999,16.493206250547715,1.2788996858221793,12.445517,5.000000000000001,3.6979212918712756,16.249716926755532,9976.0,10.521287786355892,103,attack,1
1680.6252963611998,750.0,5949.333284628603,3.5399522412936313,0.0,0.0,14.229077386298227,353.31407589811204,2.946088032161633,1.0,11.697149096420917,3.970400398333776,0.0,0.0,9.217827579299014,117.65505423303831,8.69879388708187,6.888597,7.024226074254911,0.8074942532764487,9.569671999999999,3.989597,1.1711566539972,0.7452522175187157,744.9397940735689,750.0,60.22749604229682,0.08084881022794288,0.0,0.0,-11.818180642005347,137.6695839623107,13.073950358622819,7.999,16.736437098206608,1.2801361974858827,12.0,5.000000000000001,3.7439060262587907,16.388111643147845,9701.0,10.518937709541259,104,attack,1
1676.633893129771,750.0,5970.104575572236,3.560768155788529,0.0,0.0,14.27904062318153,356.5131508986347,2.938625954198473,1.0,11.738768077383314,3.9946452050530294,0.0,0.0,9.265464618319017,118.92213642252216,8.456671214258447,6.631999,6.95421028937394,0.8223342392274552,9.0,3.7329990000000004,1.1749607251553824,0.7705379469966416,745.0036515206591,750.0,59.848973363004255,0.0803337986878909,0.0,0.0,-11.895075861977455,139.49301881619783,12.801695660254452,8.240891,16.845875635162532,1.3159097108880726,11.3346,5.241890999999999,3.7952346327009576,16.77871343149743,9825.0,10.556206628608255,105,attack,1
1694.401361245746,750.0,6056.027257121781,3.5741397496690572,0.0,0.0,14.209373140329015,353.4512773019148,2.978446942353305,1.0,11.919120443001614,4.001790420877593,0.0,0.0,9.209838413588958,117.51945266822041,8.59057152097731,6.4027245,6.963967630477875,0.8106524244018651,9.0,3.7252054999999995,1.1711727442265831,0.7403139210280263,744.9376932371615,750.0,60.239988160422534,0.08086580758002304,0.0,0.0,-11.815690907537613,137.61073477496998,13.023311940084561,7.999,17.00133780426405,1.3054542410164875,11.654473999999999,5.000000000000001,3.813649903251985,16.904660134345004,9697.0,10.545259620060525,106,attack,1
1686.8651998760458,750.0,6101.470061246126,3.6170466150433795,0.0,0.0,14.233714944135766,355.29163089369564,2.976448713975829,1.0,12.02883904345178,4.041339260095668,0.0,0.0,9.211920344772196,117.58573221590356,8.518126455587952,6.575531333333333,6.963730155361631,0.8175189921949767,8.899999999999999,3.8977513333333333,1.1651043630979687,0.7124866883264422,744.9293200768053,750.0,60.28947319640967,0.08093314569789464,0.0,0.0,-11.805729888353751,137.37543768003172,12.832092214337361,7.999,17.03624375193406,1.327627908791006,12.0,5.000000000000001,3.9166044726136193,17.73795542204548,9681.0,10.582836083297257,107,attack,1
1707.8346149794586,750.0,6201.423503125386,3.6311616176019332,0.0,0.0,14.112405321644378,350.4626108140352,3.02580849046666,1.0,12.244612954036883,4.046724368913527,0.0,0.0,9.123767894977448,115.44596309376952,8.411241753211035,6.480048,6.980614998929506,0.8299149166964105,8.899999999999999,3.7931810000000006,1.1844159460640402,0.7410577237758362,744.8288934146408,750.0,60.87934683002286,0.08173601664527771,0.0,0.0,-11.68805686554464,134.61084612316102,12.740041127778362,7.999,17.26643035319382,1.355288431176735,12.0,5.000000000000001,3.9647849702355176,17.999517707104907,9493.0,10.54461873401361,108,attack,1
1691.6157178217823,750.0,6187.076121462605,3.6574950541541584,0.0,0.0,14.276355903223267,358.7850944687952,2.995358910891089,1.0,12.226263420979027,4.081735706704288,0.0,0.0,9.227270945931592,118.05221774910437,8.499676742623736,6.83434525,7.144306921748713,0.8405386625966391,8.548953678571428,3.93534525,1.2294819185296326,0.8550303988130779,744.9371518000424,750.0,60.243300515373896,0.08087031284424988,0.0,0.0,-11.81506736035181,137.59599000836818,12.800271145936469,7.999,17.33004059247456,1.3538807416572654,11.790285,5.000000000000001,3.9632969624763477,18.111510453154473,9696.0,10.579386974973685,109,attack,1
1710.4614422676116,750.0,6272.6568290769865,3.6672307683014074,0.0,0.0,14.208464500299472,355.4891180327898,3.0351187994997915,1.0,12.39935373339655,4.085294366546723,0.0,0.0,9.179790429180802,116.83287592287853,8.325221857021107,6.2866011,6.972953332051612,0.837569671031763,8.445456,3.7867014333333335,1.224301076399296,0.8910765389274475,744.8843855394293,750.0,60.55423001583424,0.08129346136311096,0.0,0.0,-11.75267152630256,136.1254564448232,12.67258815673197,7.999,17.516282875209903,1.382218269746646,11.100000000000001,5.271803,4.023335437349567,18.453985499384885,9596.0,10.571496773604723,110,attack,1
1707.1640407784987,750.0,6292.649890318524,3.686025326218187,0.0,0.0,14.345522799991395,362.95395757004826,3.0286273298321493,1.0,12.440628402668018,4.107678841872398,0.0,0.0,9.252099905378321,118.91781598249393,8.243884946390331,6.315469,6.944642295706631,0.8423992257130436,8.339401,4.086615999999999,1.2304061790099903,0.9108227024112074,744.9449597883333,750.0,60.19722881285665,0.08080761943803329,0.0,0.0,-11.824397501794394,137.816543679401,12.557484780661106,7.999,17.575323074174584,1.3995894385825651,11.7484775,5.1,4.0757149268810515,18.913693357713566,9711.0,10.602861032919868,111,attack,1
1721.0354037267082,750.0,6350.651239064955,3.6900177795955478,0.0,0.0,14.33576931097654,363.09380745332305,3.0579710144927534,1.0,12.572495927787463,4.111384924252772,0.0,0.0,9.234612995416438,118.4976829389583,8.511057848676774,6.433475,6.995598133002617,0.8219422611597256,9.0,3.565525000000001,1.2328636724020776,0.9520023083181162,744.9182656758355,750.0,60.354872598671754,0.08102214079005582,0.0,0.0,-11.792641871412146,137.06656590449043,12.928414169979296,7.999,17.696765321849732,1.368827227313222,11.724568,5.0,4.066820692728142,18.873806486878557,9660.0,10.563213727790409,112,attack,1
1782.5486648501362,750.0,6583.181457406952,3.6931286013223197,0.0,0.0,13.92410184907257,342.5434869617157,3.187574931880109,1.0,13.01894734730313,4.084279624957471,0.0,0.0,8.979371355439378,112.02191132921385,8.81080953424694,6.999,6.989394245544595,0.7932749219441592,8.751232133333334,4.000000000000001,1.1973888904605026,0.8892914515858115,744.649633719949,750.0,61.91800780555688,0.08315052475919604,0.0,0.0,-11.486269810419394,129.93454694092637,13.557481063869211,8.899,18.16396315179699,1.3397741856489913,12.5257545,5.457982999999999,4.000049048375323,18.075855523730098,9175.0,10.461636063072607,113,attack,1
1790.3138806462248,750.0,6660.385895989732,3.7202336238300426,0.0,0.0,13.904957835258829,341.45215041109145,3.212001318826245,1.0,13.182071642908308,4.104005675727869,0.0,0.0,8.952231154600128,111.31149623000377,8.844247894838851,6.999,6.938053002917403,0.7844706622217332,8.265597,3.9999999999999996,1.1519095104183334,0.8136378748894701,744.604938271605,750.0,62.17418868855101,0.08349956533040359,0.0,0.0,-11.437517137041656,128.81694717207324,13.588931244092757,8.899,18.333882889649075,1.3491776917790348,12.306004,5.169433,4.042755914106445,18.31879080808473,9099.0,10.491798580405721,114,attack,1
1762.6008081667376,750.0,6600.816886416102,3.744930137233706,0.0,0.0,14.15391682518014,354.17731170555766,3.155359421522756,1.0,13.077924763072591,4.1446703896449515,0.0,0.0,9.110166827102509,115.28779317749843,8.492099039058,6.902707833333333,6.887366757454753,0.8110323167190413,9.0,4.096292166666667,1.1322062821453456,0.7786961520731879,744.7799104913728,750.0,61.16516544133404,0.08212515480040268,0.0,0.0,-11.631932486407225,133.3020045553126,13.120584341556784,8.5581955,18.299761010800992,1.3947367384271308,12.0,5.6591955,4.1113695902441405,19.05038937939769,9404.0,10.593052121442083,115,attack,1
1753.332637511742,750.0,6584.069409683777,3.755174157385001,0.0,0.0,14.30268429740445,362.4626921427307,3.135058970879866,1.0,13.06114830325625,4.1661571359822265,0.0,0.0,9.201996894198482,117.68335187942486,8.388751064236057,6.899,6.957250553473986,0.8293547514045305,9.0,4.235625000000001,1.1799876544080734,0.8682718136589216,744.8763411061404,750.0,60.601690149489826,0.08135805476046722,0.0,0.0,-11.743281468510036,135.9048110181138,13.004814623212607,8.241048,18.39331087506403,1.414346256211401,13.0,5.757952000000001,4.119108670689552,19.197888760994587,9581.0,10.624629793970303,116,attack,1
1753.2994468218349,750.0,6626.785426857504,3.779608462701408,0.0,0.0,14.383283239767332,367.7372675610885,3.1419476046341717,1.0,13.162940988781195,4.189420908664008,0.0,0.0,9.225456980972162,118.5651952826322,8.191138843308366,6.469546,6.893058059708995,0.8415262140673125,8.003654236842106,4.0252406315789475,1.2182754922666363,0.9261684663497869,744.8763355537179,750.0,60.60175526296826,0.0813581427820751,0.0,0.0,-11.743281141292657,135.90480077760648,12.813037953762658,7.999,18.557185533080673,1.4483048906938731,13.328791,5.1,4.156821588524444,19.448337585615647,9581.0,10.654550352716027,117,attack,1
1771.0896376350922,750.0,6732.480397319634,3.8013210931036827,0.0,0.0,14.414028465635871,371.12999018854845,3.1848908667090483,1.0,13.374329187993652,4.199305328729635,0.0,0.0,9.196148404713487,118.51291167426108,8.247335322820009,6.7067985,6.8051140962884435,0.8251288240286528,8.0,3.8518855000000007,1.223390159552861,0.9608490975518014,744.7986987332134,750.0,61.055891400655,0.08197636690894004,0.0,0.0,-11.653403187716332,133.80195002580862,12.90641712481458,7.999,18.637204713293865,1.4440262183577628,12.4290855,5.0,4.217929596076403,19.954473359952306,9438.0,10.61470372867052,118,attack,1
1772.503248794802,750.0,6751.782029557777,3.809178930503282,0.0,0.0,14.480635652667788,374.79795559358257,3.184762104380633,1.0,13.41530355070561,4.212340862839611,0.0,0.0,9.244157016619237,119.74763751713084,8.183212030448535,5.999,6.705228416199139,0.8193883271324224,8.376086749999999,3.9999999999999996,1.19488181143635,0.9078490406384256,744.8553832767649,750.0,60.72471466487309,0.08152550955291907,0.0,0.0,-11.718836778062274,135.33127874743442,12.853458620519808,7.999,18.709073013273827,1.4555672185699393,11.100000000000001,5.0,4.25735067924183,20.304668548929236,9542.0,10.64294907328157,119,attack,1
1737.2688086210337,750.0,6646.081212302916,3.82559174453738,0.0,0.0,14.886477136102066,396.6116563975526,3.105068848533227,1.0,13.208127651220568,4.253731010653701,0.0,0.0,9.49403749949913,126.53031491288695,8.091249744773053,5.999,6.87012577786984,0.8490809200776358,8.100000000000001,3.9999999999999996,1.2393951848888318,1.017607625732837,745.1017777556043,750.0,59.26292299267289,0.07953668178216496,0.0,0.0,-12.016223489625917,142.38977489854616,12.630622736978648,7.613852,18.611575027069016,1.4735279023559105,12.0,5.2851479999999995,4.2784787567202756,20.77543007982309,10022.0,10.700689598460947,120,attack,1
1714.4365580943122,750.0,6618.20595914277,3.860280468178571,0.0,0.0,15.059284307638519,405.86716507960926,3.0496840058337384,1.0,13.102874847272941,4.296469674303456,0.0,0.0,9.660021075095962,131.18996394536808,7.915314505625382,5.999,6.651383237386194,0.8403182504825403,8.100000000000001,3.9999999999999996,1.2720498689618864,1.1256979851343667,745.2972257600533,750.0,58.07642811150666,0.07792384850524618,0.0,0.0,-12.26843428575696,148.51463354796434,12.273053651628587,6.999,18.432384737751338,1.5018580755006665,11.0,5.0,4.4397259362746295,22.21185897279012,10285.0,10.777617084182914,121,attack,1
1395.0242221158449,750.0,4800.392803287723,3.441082045161142,0.0,0.0,13.30385359583245,213.93444104840725,1.8601244614648158,1.0,6.40050442182683,3.440901162488097,0.0,0.0,13.303932823768163,213.93629289004085,7.794781698696865,5.999,6.638404612517389,0.8516472775148021,8.100000000000001,3.8999999999999995,1.2937839193544218,1.1776736569718036,749.9308760172331,750.0,7.064186961900821,0.0094197841265286,0.0,0.0,-102.1861051990375,10440.00009574876,10.587102252656774,6.999,13.685492141120262,1.2926570287621397,10.899999999999999,4.73848,4.853687772187495,32.580012686152074,10445.0,10.824739577511538,122,attack,1
1253.7440269839783,750.0,3764.1610368220404,3.0023361673571847,0.0,0.0,13.72082796285917,218.94391579741549,1.6779724538555232,1.0,5.017464032042109,2.9901945175043516,0.0,0.0,13.728888868522791,219.12562167153246,7.868456808429452,5.999,6.649417664589534,0.8450726522977206,7.784492499999999,3.5239366249999997,1.332135145868568,1.3158956384586586,745.3999812611262,750.0,57.44609087717709,0.07706747024595478,0.0,0.0,-12.408154351986417,151.96229442271954,10.349435730253912,6.999,12.568182998259147,1.214383404644883,10.27896,4.32276,4.751274394846009,33.8497319985166,10673.0,10.839317839095814,123,attack,1
1167.5139603232917,750.0,3129.0813202139607,2.6801232589522948,0.0,0.0,15.216341428524569,271.2698442570172,1.5689750183688465,1.0,4.17068113961848,2.6582202334581755,0.0,0.0,15.223437507348084,271.4659048556714,7.899404264316426,5.999,6.5943672105978015,0.8347929780459773,7.441486249999999,3.8999999999999995,1.3434747915958474,1.3921266279090698,745.4908155767818,750.0,56.879683626062494,0.07629830232322182,0.0,0.0,-12.534908524471335,155.12393171686415,10.127995029849375,6.899,11.630863331701049,1.148387543380738,10.0,4.1000000000000005,4.61239803749927,34.326371997971755,10888.0,10.86212713557233,124,attack,1
1156.193141797961,750.0,3001.879970320059,2.5963481894140332,0.0,0.0,15.400270134275596,278.22543509787846,1.5601482854494904,1.0,4.002784755419071,2.5656437870364606,0.0,0.0,15.383882915747764,277.86202688101173,8.213584959565742,5.999,6.61243431868209,0.8050606831528646,8.0,3.1827474999999996,1.3586924264637086,1.4820479439072471,745.4498609823911,750.0,57.13577343166063,0.07664603137273948,0.0,0.0,-12.477291881197205,153.6828126885897,10.422745291844299,6.999,11.464282047532075,1.099929215050738,9.74312775,3.9999999999999996,4.600782124846142,34.5704787802119,10790.0,10.835520429869572,125,attack,1
1134.9362665218177,750.0,2879.7545271467943,2.5373711388853875,0.0,0.0,16.44493128770113,318.0441812612743,1.5373891001267428,1.0,3.8435601676120443,2.5000568608787326,0.0,0.0,16.378635219243215,316.337328194223,8.17332293685107,6.899,6.635247319662418,0.8118175888714823,7.9816729935897435,3.9,1.3592252102476223,1.5921457510965231,745.5553141408654,750.0,56.47395822774191,0.07574750948267227,0.0,0.0,-12.627247153563731,157.44737067718327,10.279089381676624,6.999,11.127601852373875,1.0825474357884073,9.0,4.000000000000001,4.490433982858722,34.23860260746356,11046.0,10.856513242814257,126,attack,1
1111.1725614296352,750.0,2674.94585912029,2.4073181357886515,0.0,0.0,17.574987641615778,368.41895894754947,1.512565152643336,1.0,3.5768384941996394,2.3647500327168127,0.0,0.0,17.406003508353212,363.58721639294663,8.421049095790464,6.999,6.458861021926811,0.7669900683936737,7.478429125000001,3.8999999999999995,1.3025210512310792,1.5361638585608626,745.4303797468355,750.0,57.25717765945751,0.07681089906599099,0.0,0.0,-12.450155397694893,153.00636942675146,10.382054356291883,7.999,10.48785273336776,1.0101905050238693,8.639288500000001,4.1,4.5901910701169335,37.0379375402922,10744.0,10.838606613122751,127,attack,1
1131.7766303308472,750.0,2733.961472368815,2.415636972084861,0.0,0.0,17.42702547933821,362.07707779304747,1.5472365653088545,1.0,3.6628724584467993,2.3673642031046676,0.0,0.0,17.16034614836449,354.4190330283067,8.544919988169587,6.999,6.457605169524531,0.7557244747130534,7.1000000000000005,3.75269925,1.2156700212917781,1.3967802540797436,745.3054121246893,750.0,58.029762110966466,0.07786037933836727,0.0,0.0,-12.280092116984733,148.80066240163058,10.558394867756741,7.999,10.491050414193774,0.9936217148149457,9.1046415,4.1,4.584319073102934,37.12847500580804,10458.0,10.775874927925676,128,attack,1
1127.5120627846138,750.0,2577.2123176362797,2.2857514369037832,0.0,0.0,17.62876422676017,374.38387941027105,1.5484933630462165,1.0,3.4653038103732996,2.237855126195897,0.0,0.0,17.18147799977212,361.061581152019,8.58622138187029,7.191028571428572,6.510484423208035,0.75824791065309,8.130975999999999,4.108210928571428,1.1142910527509677,1.1260580687700115,745.2430965991667,750.0,58.41109591025279,0.0783785803274197,0.0,0.0,-12.197788486849328,146.78604396991406,10.589074335723282,8.67515,10.273642328602774,0.9702115598474583,9.286353000000002,4.749851,4.428416774327981,36.37122786749959,10321.0,10.730094792788144,129,attack,1
1127.2088217762766,750.0,2480.3012706745562,2.2003919972574835,0.0,0.0,18.29208279533715,408.93306917287777,1.5558315120206636,1.0,3.35073295774036,2.153660555048494,0.0,0.0,17.596162487528115,386.8944214667,8.613432639369604,7.899,6.508299816614602,0.7555988522934485,9.0,4.236436875000001,1.0446718274988354,0.888719142298318,745.1225909000597,750.0,59.14135820750806,0.0793713127608561,0.0,0.0,-12.043098153090764,143.0362131249782,10.628583735148023,8.707182,10.08965715444082,0.94929460084837,9.899999999999999,4.8081819999999995,4.274706182749241,35.027648447641425,10066.0,10.675716680806744,130,attack,1
1144.0217639133589,750.0,2506.1404955801772,2.1906405757591663,0.0,0.0,18.292300731449064,409.6642427831781,1.5874183853249042,1.0,3.4014334427465425,2.1427453998212043,0.0,0.0,17.37414877700945,380.29933227650497,8.63848343176051,7.899,6.309050602337502,0.7303423861579053,8.651652,4.174524,0.9489451872888659,0.5669154859266632,744.9118043320551,750.0,60.396916619152826,0.08107928518237044,0.0,0.0,-11.785760739288794,136.90415620376112,10.704804330293294,8.999,9.827127078302423,0.918010901936138,9.795423,5.0,4.361329537820723,36.95931546737931,9649.0,10.613750056017192,131,attack,1
1146.5215244229737,750.0,2386.931166229382,2.081889537512771,0.0,0.0,17.38704993150101,365.3133450807731,1.6001073537305421,1.0,3.266305147642265,2.0413037537932035,0.0,0.0,16.164264512524625,327.99604970593344,8.743279540859245,7.899,6.379279261349389,0.7296208741282525,8.100000000000001,4.1000000000000005,0.9299109368720734,0.44315128133281334,744.7293612453033,750.0,61.46235878981968,0.08252979134197833,0.0,0.0,-11.575519334094428,131.99264785399404,10.874659840579708,9.348611,9.789384477271694,0.9002014426917321,9.552694500000001,4.67274,4.224863080224197,35.36758731744659,9315.0,10.54984558441144,132,attack,1
1167.8911181244364,750.0,2410.9460477628254,2.0643585779080684,0.0,0.0,17.120381665605144,358.5286797036952,1.6396528403967539,1.0,3.32258322730729,2.0263943350979776,0.0,0.0,15.63109575667062,312.8723242887673,9.109492968846409,7.899,6.616910993369759,0.7263753335118606,9.100000000000001,4.437849666666667,0.9287156528354312,0.4354301949028323,744.4661857529305,750.0,62.966584679995634,0.08457950929807932,0.0,0.0,-11.290629388887957,125.47831199722049,11.357009897317404,9.899,9.853391889754008,0.8676044116225908,9.899999999999999,4.8999999999999995,4.0412566270056,33.41293347297738,8872.0,10.412292111698797,133,attack,1
1197.4737832118506,750.0,2494.2188537050943,2.0829005934602836,0.0,0.0,16.563356634398783,335.8675678487663,1.690453797319539,1.0,3.4575448132271633,2.045335293226946,0.0,0.0,14.905320145405177,286.27075951634055,9.133434754781902,7.4403559999999995,6.860475582002797,0.751138620485675,9.259136625,4.555913166666667,0.9516168961798243,0.3987476904005356,744.2280743004937,750.0,64.29630804924089,0.08639328489411466,0.0,0.0,-11.049719185382914,120.09629407581942,11.58062839090054,9.806309,10.218862321562513,0.8824100019988526,10.35740325,4.974938999999999,3.8841399273565247,30.997762959865213,8506.0,10.293417263448955,134,attack,1
1183.9467883780474,750.0,2459.029197166087,2.0769761118528343,0.0,0.0,16.820708738565834,346.06144448418917,1.674830234888122,1.0,3.4312830783946553,2.048734854982997,0.0,0.0,14.907588949899443,287.5243967771487,8.37157754851272,6.999,6.96998378879123,0.8325771037060399,10.394808874999999,5.0,1.0207469735803603,0.44338387437489324,744.5345652899922,750.0,62.579332723002636,0.08405161511692653,0.0,0.0,-11.362683167738744,127.11056877041332,10.730379935990204,7.999,10.331133905193088,0.9627929268880755,11.1553365,5.721361,3.7193513758351897,29.327690220707353,8983.0,10.387028610880366,135,attack,1
1180.8819808027922,750.0,2409.0572055431403,2.0400490859428686,0.0,0.0,17.328842388294422,372.043686295582,1.676047120418848,1.0,3.392095381370296,2.0238663579593177,0.0,0.0,15.036296170215616,298.464461051209,8.346223550351342,6.899,7.08200475880238,0.8485280457775728,10.2629355,4.9,1.100793464231943,0.6085756254551247,744.6448516579406,750.0,61.94949143618033,0.08319333880876328,0.0,0.0,-11.481768240965204,129.8310019392372,10.653612610383943,8.320872999999999,10.156355500886145,0.9533250243196257,12.329035,5.965391000000001,3.5848954065058685,28.725306757688156,9168.0,10.391001895339251,136,attack,1
1144.5716073850006,750.0,1999.945375794978,1.7473309340288874,0.0,0.0,16.61877218570818,359.19414213888564,1.6301241264211954,1.0,2.906821450890079,1.7831902514514453,0.0,0.0,13.519029445065403,255.76428574893976,8.128846111079065,5.999,7.032279570727201,0.8651018206806352,8.746580999999999,3.9999999999999996,1.188716560935789,0.8305618994378801,744.8788985083968,750.0,60.59050747807134,0.08134276269525484,0.0,0.0,-11.747018248269166,135.99243772516886,10.373375596119745,8.505595,9.86490449588531,0.9509830627915726,12.0,5.506594999999999,3.241820548625215,24.852934204186944,9587.0,10.464344098163057,137,attack,1
1164.1937959004713,750.0,2048.8042245566294,1.7598480869518263,0.0,0.0,16.329188269888903,350.94359975549463,1.6688589279842156,1.0,3.0132998845770773,1.8056049160588952,0.0,0.0,12.975551905651397,239.0922059266767,8.25443808307004,5.903973,6.775788358254744,0.8208660953132563,8.406369,3.9049729999999996,1.1782372102683252,0.8137167611919378,744.6184369176806,750.0,62.10094463231323,0.08339968707916728,0.0,0.0,-11.452915540116926,129.16927436905183,10.592354227885565,8.720454,9.64127725125406,0.9102109921770094,11.428366,5.587172000000001,3.320826875235866,25.734484545630053,9123.0,10.387937909555887,138,attack,1
1157.6434157683366,750.0,2008.2966639081794,1.7348145694546693,0.0,0.0,16.422908646166594,361.7920226601201,1.6629676601141408,1.0,2.99273770226628,1.7996367422207526,0.0,0.0,12.757399136409564,235.2712091928254,8.079897531077837,5.638545,6.744397472822568,0.8347132431916972,8.24378125,3.7395449999999997,1.2475035345615564,1.040040391402564,744.8112449799197,750.0,60.98653905444694,0.08188187203872191,0.0,0.0,-11.668517364537198,134.15429748650593,10.436550462587192,7.999,9.653740063743374,0.9249933776825948,11.075,5.0,3.2184159631373306,24.299062024088894,9462.0,10.466217960308486,139,attack,1
1128.9573097060008,750.0,1878.5099274459585,1.6639335352150326,0.0,0.0,17.30680217374735,417.7013491562093,1.6257551349174386,1.0,2.865805384013768,1.7627533953071617,0.0,0.0,12.893562690614518,249.83598276311017,7.8954063636808725,5.899,6.66841321243662,0.8445940468766167,8.666871749999999,3.9,1.2962541393563594,1.2308759239952014,745.0567861457914,750.0,59.536249793971585,0.07990833839921785,0.0,0.0,-11.961008205184077,141.06571728448077,10.099275192307692,6.899,9.321068598258666,0.9229443124154333,10.577492,4.9,2.9435584655276013,20.89343793791269,9932.0,10.569973864016797,140,attack,1
1126.6038825286212,750.0,1892.5207528281885,1.679845757836814,0.0,0.0,17.468843823849873,425.0182381223436,1.6278745644599304,1.0,2.9198859071028584,1.7936799129677232,0.0,0.0,12.779302893966138,244.587014929658,7.813383842817948,5.999,6.47527907919313,0.8287419649996074,8.0,3.6797417999999995,1.3192954279510252,1.352480806708158,745.112394225983,750.0,59.20272526360602,0.07945475839937591,0.0,0.0,-12.030270317467897,142.7274039113491,10.004272877451468,6.999,9.145751267956648,0.9141845069590381,10.501000000000001,4.765169000000001,2.9809899359798107,21.354112483331562,10045.0,10.58108039180292,141,attack,1
1125.8105757013,750.0,1911.9196251425299,1.6982604946232094,0.0,0.0,17.38859681360693,421.40959376765505,1.63102336037533,1.0,2.97784661145375,1.8257535016350042,0.0,0.0,12.563239774418113,235.24747473666451,7.7940743487086745,6.1599915,6.338168522990406,0.8132034978650822,7.802617,3.2609915000000003,1.2928269613057157,1.3264064383766456,745.2012510995993,750.0,58.665737147676225,0.0787246895534738,0.0,0.0,-12.143416870496397,145.4625732906565,9.990278188837845,7.668504,9.095573781881948,0.9104424931874718,10.3875295,4.769504,3.069804947567433,22.560910050364544,10231.0,10.629779996196987,142,attack,1
1139.0032663565278,750.0,1964.610301165131,1.7248504540725118,0.0,0.0,17.152550447364025,410.9722511072656,1.656834603583094,1.0,3.085781500388582,1.8624559709914479,0.0,0.0,12.254398784034604,223.26147110100024,8.010773222657033,6.899,6.268718067852399,0.7825359542225533,7.319414,3.620302,1.279968997557901,1.3226864455069265,745.1404533306938,750.0,59.03369801569163,0.07922492699439099,0.0,0.0,-12.065666400774314,143.5803056947742,10.270608665445906,7.999,8.956095074056146,0.8720121042278375,10.899999999999999,5.0,3.036877378665676,23.30478009526584,10103.0,10.580888726147949,143,attack,1
1119.9865012769062,750.0,1933.9069365456712,1.726723433131388,0.0,0.0,17.520232837264576,431.40547237470446,1.6266873403867201,1.0,3.060514428425398,1.8814398762689128,0.0,0.0,12.434108397409103,229.45502656001221,7.770331742898916,5.999,6.336106916880116,0.8154229608884463,7.0,3.77098075,1.258112967107294,1.308004505598766,745.52207223641,750.0,56.68343680702504,0.07603186936771249,0.0,0.0,-12.579409164979374,156.24153493996712,9.908908781922657,7.999,8.995440961244114,0.9078134796896072,10.69266,5.0,2.9562592559840386,22.490357903135997,10964.0,10.69197838898774,144,attack,1
1099.4395006687473,750.0,1730.6015818509115,1.574076227749005,0.0,0.0,17.162875641806494,461.0927825622073,1.602229157378511,1.0,2.8731006716708616,1.7931896061432862,0.0,0.0,11.60141923698995,211.92420780251558,7.972365318815509,6.460051,6.4346935858107805,0.8071247777148793,7.999999999999999,4.138775000000001,1.2469046965651944,1.280991553683954,745.6222915737851,750.0,56.049452741861785,0.0751713748036666,0.0,0.0,-12.725272919834737,159.93257088427916,10.071698411591617,7.999,8.804740417217793,0.8742061226817843,10.879313,5.0,2.4579304971505667,16.141310074561368,11215.0,10.719826192467098,145,attack,1
1106.8820290639949,750.0,1772.1954538065609,1.6010698586417293,0.0,0.0,16.8585562477682,444.55818183208396,1.619821283509342,1.0,2.971244794107908,1.8343040830224848,0.0,0.0,11.3203086947693,199.26389068228875,8.227478980123852,6.899,6.4468086302085945,0.7835703556074656,8.0,3.972247,1.2315113276465202,1.2298715905156605,745.5685531185125,750.0,56.39030880364576,0.07563396895936703,0.0,0.0,-12.64644796892687,157.93264623077448,10.38983508466468,7.999,8.823732653019345,0.8492659008652707,11.365455,5.0,2.4603285279362384,16.49029338333147,11079.0,10.703626142572707,146,attack,1
1113.5233920744254,750.0,1812.4482945793432,1.627669708135061,0.0,0.0,16.755673232002692,441.24990963952774,1.6333303515520172,1.0,3.0569631670246347,1.8716135190409326,0.0,0.0,11.222699062224002,195.0137660844529,8.320305272511664,6.999,6.581054258967122,0.7909630768848568,8.6340475,3.9999999999999996,1.227458752210312,1.2165421918386823,745.6081939350568,750.0,56.139077462823664,0.07529299962027165,0.0,0.0,-12.704455080196471,159.40317888473007,10.555039156632974,7.999,9.035432241634522,0.8560301963405315,10.586101499999998,5.0,2.380896936696901,15.425203355738908,11179.0,10.69689822426179,147,attack,1
1116.3649247121346,750.0,1834.2529928698762,1.6430586023139844,0.0,0.0,16.82825619501274,444.89196840090824,1.641541186891054,1.0,3.1228509660543717,1.902389651257425,0.0,0.0,11.185985698689265,191.922716160833,8.225420302574433,6.899,6.463787660563542,0.7858306837573362,8.899999999999999,3.999999999999999,1.1788737536913592,1.046775126346125,745.6513728963685,750.0,55.86410485397155,0.07491987124891354,0.0,0.0,-12.768534422189463,161.0354712906371,10.468141801505757,7.999,8.942666152350444,0.8542744569111697,10.0,5.0,2.202990974471554,12.918397618650602,11290.0,10.704850070146252,148,attack,1
1123.632237312366,750.0,1881.5478766921021,1.6745228680805802,0.0,0.0,16.621240242573858,434.2474701048255,1.658506075768406,1.0,3.2265651794966,1.945464793067878,0.0,0.0,11.009610751225095,184.28123661836332,8.475864841139025,6.642447000000001,6.513322699919358,0.7684552340081993,8.199315214285713,3.7434470000000006,1.149315518792145,0.9558460346574478,745.6132952108649,750.0,56.106663408623035,0.0752490114768617,0.0,0.0,-12.711976565552,159.59434820314314,10.762214328448891,8.899,9.01568643244304,0.8377166777482705,10.924999999999999,5.100000000000001,2.2173303913715925,13.09246818479734,11192.0,10.699491484488107,149,attack,1
1140.372937905468,750.0,1959.2512434517848,1.718079391685984,0.0,0.0,16.096031446398257,407.0038357847207,1.6929564411492122,1.0,3.3803905523374764,1.996738055494683,0.0,0.0,10.653157936496081,170.72726295700096,8.629045926239085,6.999,6.552215350603288,0.7593209500345109,7.902451125,3.9999999999999996,1.1481251389873044,0.8655928840155629,745.4498609823911,750.0,57.135773431660624,0.07664603137273947,0.0,0.0,-12.477291881197203,153.68281268858973,11.01252720046339,8.417551,9.149397557423173,0.8308172493810667,11.428099,5.418550999999999,2.2510700673239357,13.28865733588296,10790.0,10.643873578476567,150,attack,1
1152.923411086977,750.0,2011.6540095362182,1.7448288326798997,0.0,0.0,15.96570188236844,400.5331683839244,1.719236943998489,1.0,3.4983137666571253,2.034806068395073,0.0,0.0,10.503064091673998,164.74015107007955,8.94555148769287,7.202514285714286,6.674651350029796,0.7461419633225143,8.0,3.7964857142857147,1.1255214543944891,0.8145818648298371,745.3634904145812,750.0,57.67202701081968,0.07737436532978256,0.0,0.0,-12.35827866246924,150.7270514992424,11.380117235716309,8.243415,9.189352420182061,0.8074918939623426,11.575588,4.678232,2.2093247590468095,13.329511638558206,10589.0,10.58425258373033,151,attack,1
1165.2164259750466,750.0,2084.7786011277003,1.7891771473983207,0.0,0.0,15.709777631080872,387.18257144607935,1.749484232242853,1.0,3.6544041769107505,2.0888465923615525,0.0,0.0,10.264386443088222,156.04575833923408,8.966966523971823,7.899,6.683467015732029,0.7453431433991412,8.0,4.0,1.040872482142365,0.5806196089122566,745.1767364181158,750.0,58.814389689429866,0.07892676571216703,0.0,0.0,-12.111890926656258,144.69790181921834,11.454155415364967,8.999,9.283546484429268,0.8104959421081387,11.757639999999999,5.0,2.2515634484320226,13.955496898686594,10179.0,10.560506716803516,152,attack,1
1172.593992248062,750.0,2122.1160492844338,1.8097620005846837,0.0,0.0,15.651113954350077,385.45159744435506,1.7630813953488371,1.0,3.735018316264615,2.1184605124402762,0.0,0.0,10.23762628025553,154.4756695548827,8.922038521834649,7.899,6.942765867532427,0.7781591449691229,9.264342124999999,4.566,1.0519175394469489,0.5728398236602104,745.2426356589148,750.0,58.41390706663727,0.0783824009411243,0.0,0.0,-12.197185689103838,146.77133873447937,11.446796142829458,8.999,9.591384140609842,0.8379099287636139,12.59534725,5.4818940000000005,2.137921955174674,12.567346447535426,10320.0,10.54588365710992,153,attack,1
1199.5958758718286,750.0,2209.151064592782,1.8415794093883828,0.0,0.0,15.247150056170538,367.06324668336964,1.8144142322854544,1.0,3.9099494747923145,2.154937613042917,0.0,0.0,9.952743185876349,145.34473617933622,8.919903873103427,7.583621333333333,7.119040121434292,0.798107269171436,9.625240999999999,4.584621333333333,1.0188080303142766,0.42433909106592793,745.037299100374,750.0,59.65267512283772,0.08006669625113777,0.0,0.0,-11.93701031402922,140.4922152372399,11.606482333164863,9.34451,9.921708967122283,0.8548420341597871,13.585804,6.345509999999999,2.0760434579632565,11.82538334015682,9893.0,10.44626200797315,154,attack,1
1178.1855886850153,750.0,2192.059076877296,1.860538015342621,0.0,0.0,15.689496807611986,387.4469869196441,1.7804854740061162,1.0,3.9019516887629924,2.19150998181611,0.0,0.0,10.21368600315225,151.81037626481853,8.468091077806978,6.876689384615385,7.256327066025759,0.8569023407226939,9.890427725,4.877689384615385,1.0954729320259862,0.5297404672802091,745.3081039755351,750.0,58.01323160589506,0.0778379187029467,0.0,0.0,-12.283684053185143,148.88889391847525,11.04371922371942,8.330016,10.096738642534863,0.9142516608761063,13.100000000000001,6.331016,2.0280065670955016,10.904407885544597,10464.0,10.564667417929806,155,attack,1
1179.5742291587362,750.0,2230.273605940854,1.8907446015766798,0.0,0.0,15.775173053699591,389.1418058412166,1.7877807384849638,1.0,3.9908387553191758,2.232286470823693,0.0,0.0,10.22884021179007,150.81511789704604,8.519529852171482,6.578550666666667,7.210614886023819,0.8463630049005529,9.371234000000001,4.579550666666666,1.1257049925540448,0.5919883437489943,745.3277502854968,750.0,57.89243799043758,0.07767379916856974,0.0,0.0,-12.30999289905025,149.5359251746677,11.056032648267985,8.611564999999999,10.026933351866095,0.9069196583312272,13.0,5.8634175000000015,2.0223568969787418,10.47036403423113,10508.0,10.589815305356378,156,attack,1
1167.0952512678655,750.0,2246.040966234014,1.9244710007979584,0.0,0.0,15.996688831898464,397.9515029035296,1.7705855232826186,1.0,4.033620999331123,2.2781283063090316,0.0,0.0,10.363624640976358,153.4993510046327,8.284895310721678,5.999,7.240440189111464,0.8739326108009403,9.100000000000001,4.000000000000001,1.200466173755503,0.7714920773521565,745.4729368372522,750.0,56.99162484632642,0.07645029353864866,0.0,0.0,-12.509660421104131,154.4916038513392,10.740454122637159,7.443613,10.053846221090234,0.936072730844798,12.899999999999999,5.444613,2.05338894264999,10.56558944095964,10845.0,10.675169550063929,157,attack,1
1162.0465201801967,750.0,2240.6459830366384,1.9281895725561702,0.0,0.0,16.275834794329533,417.9426517894988,1.769329778431553,1.0,4.080443387870799,2.3062085076576087,0.0,0.0,10.41126350781996,155.222556143893,7.967437920413327,5.640237,7.018083554590225,0.8808457153596683,8.824339,3.641237,1.263046057940199,0.9674742162484948,745.4862554013055,750.0,56.90825695762592,0.07633709749214816,0.0,0.0,-12.528454549811514,154.96217340669278,10.358103535533695,6.999,9.916547555657857,0.9573709629025168,12.0,5.0,2.119847839379337,10.587709669261642,10877.0,10.696086517959083,158,attack,1
1126.2636448518801,750.0,2143.6960865273895,1.9033696917468346,0.0,0.0,17.121439524248377,475.04949173927594,1.710381122145828,1.0,3.9679539288135377,2.3199238330199647,0.0,0.0,10.836656658075734,169.36724208241364,7.373045752264075,4.999,6.8878408984497055,0.9341920733822415,8.609643,3.4570305999999995,1.3755500770818678,1.3042338415122998,745.8326118326119,750.0,54.694489052523096,0.07333346408402727,0.0,0.0,-13.048210816630753,168.2558055152396,9.544099358458535,5.999,9.72287486237734,1.0187315216663544,12.360609,4.5514909999999995,2.0960690291308226,9.155375404429488,11781.0,10.833117003313843,159,attack,1
1119.9172551300157,750.0,2172.0410932402065,1.939465691139874,0.0,0.0,17.299987201088317,484.8489255005664,1.7029990861510342,1.0,4.028469155839748,2.365514572849556,0.0,0.0,10.944452932654363,172.33090110478452,7.256631950731186,4.999,6.681697398782698,0.9207711572183902,7.899999999999999,2.9999999999999996,1.4288535085783385,1.477420061203338,745.9212428345934,750.0,54.11308911353384,0.07254531176494904,0.0,0.0,-13.191678711438655,172.02038722582367,9.363136559275565,5.999,9.592073364925433,1.0244508668863825,11.252472,3.9999999999999996,2.2566159891780972,10.355644333600086,12037.0,10.89511848073071,160,attack,1
1114.31117281934,750.0,2200.8227815037085,1.9750522432036328,0.0,0.0,18.05062067401453,532.9533383630406,1.6974028095393663,1.0,4.092824828591543,2.411227792006681,0.0,0.0,11.249916458361795,184.94120246099035,7.29706553110676,4.999,6.564256863825705,0.8995748819635571,7.0,2.9999999999999996,1.4920477563038999,1.708418827128603,745.9901992812806,750.0,53.65629149607289,0.07192626866648877,0.0,0.0,-13.306555087110661,175.06440828631057,9.336911120385496,5.899,9.398781547000564,1.006626434140514,10.0,3.9,2.241967569011913,9.637017062150543,12244.0,10.924985970997346,161,attack,1
1128.1401908622584,750.0,2267.689273527224,2.010113008910699,0.0,0.0,17.923862221283457,525.7066901430118,1.7286546744362807,1.0,4.243070302645253,2.4545505620021713,0.0,0.0,11.092178313802542,179.2541212373893,7.80353488950497,5.518256,6.573621283557194,0.8423901958070443,7.0,2.840547,1.4912735750619628,1.7170715111654022,745.8537285702221,750.0,54.55654319630455,0.07314643757414435,0.0,0.0,-13.081977253807894,169.13812886914712,9.952830955240266,5.999,9.420087949592459,0.94647321872102,9.818631,3.0999999999999996,2.171649360727154,8.760695002863718,11841.0,10.89677274762954,162,attack,1
1125.3593220338983,750.0,2217.213469774323,1.9702271322257159,0.0,0.0,17.28084979147049,519.3154231617891,1.7313559322033898,1.0,4.254513040560027,2.45733009684818,0.0,0.0,10.757842275968342,169.52404796727274,7.878050198205836,5.899,6.519422652251033,0.8275426645206932,6.205727250000001,2.9,1.486142815398213,1.78829107352255,745.8393220338983,750.0,54.65069304581434,0.07327408388281582,0.0,0.0,-13.058912966931837,168.53520787790052,10.03182242542373,6.899,9.358177360133126,0.9328491836554663,9.5691495,3.9,2.10098800823872,7.559229506766801,11800.0,10.9101758140178,163,attack,1
1131.6536610519079,750.0,2281.831352766766,2.0163689928292476,0.0,0.0,17.24115242771835,518.5646225453289,1.748710897215538,1.0,4.385309692832466,2.5077385288872898,0.0,0.0,10.703027275499297,168.15221687401174,8.037712827701514,5.999,6.49675033564098,0.8082834600970447,6.705404749999999,3.000000000000001,1.469423171977641,1.8072072067302951,745.7806806462702,750.0,55.03222617325379,0.07379143440074713,0.0,0.0,-12.966245614816474,166.1235253437474,10.218838051735993,6.899,9.363105729543308,0.9162593322391178,9.658245999999998,3.9,2.1279453948955886,7.887800708557817,11636.0,10.89126876770264,164,attack,1
1130.4259847249634,750.0,2318.658937022193,2.0511373308411085,0.0,0.0,17.28019546228866,522.7518936806607,1.7524242684287308,1.0,4.473908109561276,2.5529822829791664,0.0,0.0,10.706982783363372,168.02987907777165,8.02589736040196,6.8632835,6.324367545676791,0.7879950691719348,6.748236333333335,3.135716500000001,1.4158969926581557,1.7525937790212636,745.786836007895,750.0,54.992305384257776,0.07373729694482783,0.0,0.0,-12.97588211713814,166.3735167178654,10.172001372951172,6.999,9.280961914616872,0.9124027390810522,8.730049000000001,3.9999999999999996,2.2517372278200476,8.949622684490498,11653.0,10.914403603204011,165,attack,1
1139.0414315937942,750.0,2383.216757944966,2.092300325379973,0.0,0.0,17.151559876036444,516.662122632941,1.7764456981664316,1.0,4.62126098519805,2.601408526006683,0.0,0.0,10.579228029155425,163.83773038567867,8.292403072413512,6.999,6.249878148373985,0.7536872115111684,6.0,3.000000000000001,1.3374657442789548,1.553139292615687,745.6720733427362,750.0,55.73178713619162,0.07474034381675898,0.0,0.0,-12.799592177840541,161.82955991903677,10.464766545927361,7.999,9.273940765572965,0.8862061781189149,9.557888,3.9999999999999996,2.336531995184188,9.75321902207995,11344.0,10.90158823445888,166,attack,1
1143.6222123500665,750.0,2359.109855425174,2.0628401844148883,0.0,0.0,17.09419641130216,540.0359683588728,1.7904931141714793,1.0,4.6666770798776875,2.606364159092069,0.0,0.0,10.487360424216034,163.0595096851914,8.474842189648053,7.899,6.2511527969928276,0.7376128849488852,7.1000000000000005,3.6726307500000006,1.2307391715601923,1.3289970841100267,745.6378498445135,750.0,55.95037138645467,0.07503692496045083,0.0,0.0,-12.74836398783419,160.5207843663076,10.686219460595291,8.310508,9.30182026305368,0.870450049931457,8.901895,4.311508,2.2422822370279616,8.545297205771716,11255.0,10.88649789809448,167,attack,1
1147.195889075928,750.0,2396.4144143599433,2.088932184276102,0.0,0.0,17.14199841581833,545.0326591479117,1.800389829006822,1.0,4.754775716421487,2.6409701053712573,0.0,0.0,10.50275507621155,163.44556696450383,8.618339956016507,7.999,6.463049780948918,0.7499181761143026,7.207887666666667,3.9999999999999996,1.1417280662848324,1.0692687445294933,745.6502170638788,750.0,55.871483498186585,0.07492988296602367,0.0,0.0,-12.766806776321042,160.99135526391683,10.85164166270931,8.999,9.520681846623386,0.877349450207184,9.899999999999999,5.0,2.1794992314828394,8.21445262653788,11287.0,10.882979320906262,168,attack,1
1151.7145898004435,750.0,2434.7113727701335,2.1139884779891465,0.0,0.0,17.23820042932115,551.6084319868263,1.8125942350332593,1.0,4.848745572280708,2.6750308913962417,0.0,0.0,10.520403034739285,163.73408049878068,8.878443991076745,7.999,6.587408782996993,0.7419553234347877,7.386215000000001,3.9999999999999996,1.1077058302389131,0.9564797451539926,745.6455875831485,750.0,55.901027338240496,0.07496997000871658,0.0,0.0,-12.759893854014242,160.8148911657104,11.134178236097561,8.999,9.619140142656013,0.8639290604734781,10.0,5.0,2.151993343535927,8.129739336528406,11275.0,10.871121999272123,169,attack,1
1160.4869723104857,750.0,2498.1740006328796,2.152694567229057,0.0,0.0,17.15560547833432,547.3727617910495,1.8368588288697232,1.0,4.995411742410463,2.7195403718010795,0.0,0.0,10.421540758356189,160.50751553167896,8.982042040910157,7.999,6.728470162897963,0.7491025016641052,8.100000000000001,4.000000000000001,1.0810925967942866,0.8158583263805985,745.542805265547,750.0,56.552878029099844,0.07585463588365912,0.0,0.0,-12.609183394064734,156.9915058651578,11.299769688424874,9.478964,9.830466534456152,0.8699705220121584,10.438021999999998,5.420036,2.1377989315541988,7.993233551165282,11015.0,10.859965564873418,170,attack,1
1180.6490016794178,750.0,2583.546396015422,2.188242561794783,0.0,0.0,16.86969659470512,529.6529803056156,1.8779623064004478,1.0,5.1681410857136045,2.7519940459399055,0.0,0.0,10.260103442619569,155.38947487581493,9.16303287298227,7.899,6.745592572131134,0.736174655885051,8.899999999999999,4.1000000000000005,1.03002082376135,0.6612771831305269,745.4192946445232,750.0,57.326140678581645,0.07690455705995566,0.0,0.0,-12.434791193878139,152.6240320353494,11.550746354916962,8.999,9.912848763629997,0.8581998477882133,10.5694345,5.0,2.1491052737493743,8.129521523700234,10718.0,10.827429822893501,171,attack,1
1200.5080862533694,750.0,2668.9185781532897,2.223157518649158,0.0,0.0,16.653433671591163,516.0637343090395,1.9204851752021563,1.0,5.348846412743902,2.7851537110568247,0.0,0.0,10.106570191488245,150.56886183172077,9.529265613879035,7.999,6.89924048383025,0.7240054756981223,9.3073225,4.8999999999999995,0.9834742763133396,0.5255373700923918,745.2737774355026,750.0,58.22366796963266,0.07812386499090457,0.0,0.0,-12.238108310913079,147.77129502963976,12.025006277242971,9.899,10.11455761125633,0.8411270129977297,10.0,4.8999999999999995,2.1223020934942167,7.958535496683281,10388.0,10.774838149501278,172,attack,1
1222.1311639049711,750.0,2771.571767689022,2.2678185857181288,0.0,0.0,16.492461332239866,505.8050429124268,1.9677580355360351,1.0,5.554990039481446,2.823004627176235,0.0,0.0,9.960839011815066,146.62124412725598,9.385858970047385,7.999,7.073758112024456,0.7536612402336942,10.0,5.0,0.9387454317070978,0.35784772166142664,745.0992214014774,750.0,59.28190716619719,0.07956243338262016,0.0,0.0,-12.013757263346841,142.33036358261901,11.986189805150728,9.521659,10.45675805426859,0.8724005062705659,10.8171755,5.522658999999999,2.098008587130742,7.729891280409127,10018.0,10.730989363196786,173,attack,1
1220.4354566232735,750.0,2796.0715668023986,2.291044193798358,0.0,0.0,16.785321318742987,522.148632305475,1.9705853125310544,1.0,5.632535746355004,2.858305961450853,0.0,0.0,10.047416491430115,148.80396084465363,9.133144456212026,7.260134428571428,7.100428176612006,0.7774352207669898,10.899999999999999,4.931879428571428,0.927891769951079,0.25089757425499304,745.1211368379211,750.0,59.150113248130616,0.07938321747138541,0.0,0.0,-12.041266441672485,142.99209751934788,11.6988451506509,8.999,10.5645090248743,0.9030386237983936,12.0,6.0,2.1339470567320222,7.923640055972982,10063.0,10.743523683975692,174,attack,1
1233.4205850054907,750.0,2860.599048512347,2.319240560185407,0.0,0.0,16.613752265022185,513.1089707681343,1.9961066187481282,1.0,5.758533806975763,2.8848828779432965,0.0,0.0,9.986595799040519,146.99450637234014,9.02524353455142,7.597237,7.084897869814963,0.7850090518545882,10.0,4.698237,0.9551526907208093,0.2629665043586997,745.0987321553359,750.0,59.28484593352943,0.07956642975627813,0.0,0.0,-12.013145232918248,142.31565838718643,11.65412572376959,8.899,10.707300551208107,0.9187562246192048,12.736521,5.999999999999999,2.177113671294255,8.054197445317424,10017.0,10.757835732244766,175,attack,1
1213.9751355393532,750.0,2832.8656220484986,2.3335450118505876,0.0,0.0,17.096263973780314,545.712878938991,1.9540100953449242,1.0,5.692511742539677,2.913245820019588,0.0,0.0,10.31144234584372,157.26706698218328,8.559786669310403,6.999,7.152217267128503,0.8355602240382355,9.100000000000001,4.8999999999999995,1.0382021965792587,0.4126347935039538,745.4107309777529,750.0,57.37935904054598,0.07697683526138892,0.0,0.0,-12.422959647419633,152.3299264014166,11.060260131800337,7.999,10.77067033062968,0.9738170894970153,13.32639775,6.0,2.20423728527735,8.107106081305615,10698.0,10.838049309075943,176,attack,1
1210.9625206687488,750.0,2848.648977906929,2.352384098835507,0.0,0.0,17.325299751425007,560.2805716483172,1.9503031416498255,1.0,5.739492184063278,2.942871834379579,0.0,0.0,10.421043346251995,160.37414386754958,8.101589777359106,5.899,7.224081144042914,0.8916868593163655,10.0,4.1000000000000005,1.1471207638784924,0.6155248794045898,745.4899871394451,750.0,56.884875576186545,0.07630535159092101,0.0,0.0,-12.533735321684727,155.09452111404744,10.584690501286056,6.999,10.970232413648157,1.0364244861307241,12.814161,5.1,2.252470362138646,8.140041061158989,10886.0,10.85178834595448,177,attack,1
1193.4497157071785,750.0,2839.382481945544,2.3791387643534425,0.0,0.0,17.741101938509065,586.3349749273783,1.9218194740582801,1.0,5.738893364132163,2.9861771314104852,0.0,0.0,10.629375591546498,166.45509670855137,7.771954752488055,4.999,6.992939207749238,0.8997658157377423,9.2355475,3.3758334999999997,1.2316299672729716,0.8339842059608946,745.638237384506,750.0,55.94790108013631,0.07503357295139017,0.0,0.0,-12.748940728756901,160.53548970535655,10.121560723614072,6.5660055,10.78614318105972,1.0656600770961286,11.454617500000001,4.5670055000000005,2.4474470518654714,9.445507033367205,11256.0,10.913409325228399,178,attack,1
1167.6695551704217,750.0,2777.5530388799557,2.3787149597084176,0.0,0.0,18.435991574745255,634.1637225344042,1.8694396302715193,1.0,5.627156338870057,3.010076521194088,0.0,0.0,11.040149188213688,179.38940931475568,7.174761595172879,3.999,6.813582310349943,0.9496597510548734,8.0,3.0,1.4171641144162346,1.392709098870271,745.9481719897665,750.0,53.93516953866108,0.07230417817740963,0.0,0.0,-13.236193565087575,173.19682009246569,9.371783885780308,5.432644,10.630179882361464,1.1342749696234997,10.594802000000001,3.8685479999999997,2.5896043450295165,10.1104398701101,12117.0,11.009417556172712,179,attack,1
1149.8735821012283,750.0,2742.758481569131,2.3852695846417613,0.0,0.0,19.052855636520306,675.1033109105455,1.8346241101462881,1.0,5.570106027017945,3.0361020528471085,0.0,0.0,11.373262418701632,189.88112927714965,7.0107274609076295,4.737379,6.573515598459258,0.9376367338644528,7.74588,2.7383789999999997,1.5612813479252328,1.9573513448525466,746.1592740358288,750.0,52.51907244230159,0.07038587372671287,0.0,0.0,-13.601126502308686,182.99064213180358,9.138177362434483,4.999,10.484275666698581,1.1473049001869544,9.4342755,3.0,2.7685198637280366,11.287604171057273,12783.0,11.074165452559916,180,attack,1
1150.789905362776,750.0,2789.4328676368377,2.423928863676897,0.0,0.0,19.01325540951775,674.0556815972933,1.8435331230283911,1.0,5.679974575325814,3.081026592023072,0.0,0.0,11.330722513106247,188.34387538315812,7.020233812921419,4.999,6.245393125837595,0.8896275098903893,6.0,2.9999999999999996,1.6214804482530814,2.276805474347465,746.1280757097792,750.0,52.73080257145941,0.07067258864545135,0.0,0.0,-13.545330558009566,181.47597992574768,9.112248325867508,4.999,10.201796713767513,1.1195696549233667,8.899999999999999,2.9999999999999996,2.9255445635047397,12.557162214572354,12680.0,11.080667504911311,181,attack,1
1145.1129713423832,750.0,2759.2918664816966,2.4096241467311805,0.0,0.0,19.489853193637114,712.6889994580575,1.8274509803921568,1.0,5.637846201528719,3.0850875137120672,0.0,0.0,11.597221384342454,197.52515715935044,6.988965609367114,4.999,6.2573196836410085,0.8953141327887633,6.1000000000000005,2.9999999999999996,1.6712101620324677,2.6043016167791313,746.2974358974359,750.0,51.57075044167658,0.06910214072980411,0.0,0.0,-13.85659246132234,190.00515463917532,9.020956882126695,5.899,10.158214368255267,1.1260683873106445,8.0,3.1000000000000005,2.93604139269594,12.374510152023522,13260.0,11.092891081551052,182,attack,1
1140.142910033321,750.0,2779.6353229707447,2.4379709758397823,0.0,0.0,19.83709691390986,744.1763588612674,1.8202887819326175,1.0,5.6813369118363495,3.1211184556136313,0.0,0.0,11.751707581218513,204.44691829743957,7.140567660910247,5.785047,5.987759094167203,0.8385550531151904,5.899999999999999,2.7860469999999995,1.6643067936232314,2.7432526147637137,746.364605701592,750.0,51.10321508227909,0.0684695049737004,0.0,0.0,-13.98599305840991,193.6080018298902,9.109766848944835,5.999,9.952091163275343,1.0924638718309319,7.899999999999999,3.0999999999999996,3.159280810053566,14.270703447920098,13505.0,11.125847807638621,183,attack,1
1172.8662287728291,750.0,2939.381803342672,2.5061526465964916,0.0,0.0,19.05990808799379,684.5865842217202,1.893784043575777,1.0,6.0050387208236975,3.170920539326751,0.0,0.0,11.287555633220911,188.2114124267219,7.7289812545044585,5.999,5.914305790460932,0.7652115583815225,5.1000000000000005,2.9999999999999996,1.6323081760178053,2.670861586192866,746.0672861262416,750.0,53.140880482362356,0.07122799976699477,0.0,0.0,-13.438515993153464,178.59371209824138,9.852536969641141,6.999,10.085054780026235,1.0235997907038112,7.431016250000001,3.0999999999999996,3.237756932613718,14.7721824026331,12484.0,11.048306469944716,184,attack,1
1168.1742264003133,750.0,2952.73366767518,2.527648360102861,0.0,0.0,19.281707620367754,698.8302686360657,1.8854680767724246,1.0,6.035386927491165,3.2010019166289148,0.0,0.0,11.417554060139512,192.16986388169965,7.8047623408135625,6.999,5.897960254014989,0.7556873606737127,5.636775,2.9999999999999996,1.5485874063011367,2.617332471750716,746.1538582060322,750.0,52.55588995103692,0.0704357276626517,0.0,0.0,-13.591392269782528,182.72594383110427,9.900686202585193,6.999,10.055159874028648,1.0156023197061956,7.408619999999999,3.000000000000001,3.2742190119315806,15.307201017289831,12765.0,11.077594834099246,185,attack,1
1192.02528943263,750.0,3069.4474138259447,2.5749851458998108,0.0,0.0,18.940323179032124,675.2104814659909,1.9385006979226538,1.0,6.274824659148498,3.2369473304150773,0.0,0.0,11.176190421623541,184.6402786630615,8.133853652053197,6.999,5.900318738457228,0.7254026185936888,6.0,3.000000000000001,1.4906841754130442,2.4953583014531393,745.9687987519501,750.0,53.79848248407909,0.07211894461817589,0.0,0.0,-13.270589885415072,174.10855590688095,10.31235479866984,7.999,10.19613823711931,0.9887303565655517,6.5583915,3.000000000000001,3.3407691115446236,15.772267866283332,12179.0,11.025280441881643,186,attack,1
1183.1213798636181,750.0,3070.0695003618284,2.5948897151327994,0.0,0.0,19.2961194929722,698.636374324531,1.9239470517448858,1.0,6.291692239761572,3.2702003072566086,0.0,0.0,11.340543925088756,189.677613592274,8.288520337588315,7.607732,6.120020063638372,0.7383730526526157,6.999999999999999,3.391268,1.4053516386793234,2.3266269625588523,746.0612916165263,750.0,53.18114354861113,0.07128253957979917,0.0,0.0,-13.428116350681647,178.3143087274437,10.440413566706779,7.999,10.279260204318971,0.9845644656355658,7.000000000000001,3.336805000000001,3.259244626397881,15.429967546042953,12465.0,11.051202668928097,187,attack,1
1208.7042062415196,750.0,3187.943004789596,2.6374881367398757,0.0,0.0,18.860013654797488,668.8767413056472,1.9834633649932158,1.0,6.552326791062882,3.3034775971701866,0.0,0.0,11.042040040985157,179.7935544960192,8.451778822562934,7.899,6.011752093915544,0.7113002150347953,7.090238923076924,3.9,1.2682159052576383,1.9513763702050495,745.8364993215739,750.0,54.66912064341584,0.07329906848638253,0.0,0.0,-13.054407867617677,168.41756477411835,10.723597933429444,8.899,10.442772494532392,0.973812386417285,7.15930025,3.8999999999999995,3.3410733674683386,16.03612692059878,11792.0,11.010447117848825,188,attack,1
1219.8049944600698,750.0,3237.1900265295226,2.6538586423499773,0.0,0.0,18.821179551608285,667.0191705309262,2.005795619193727,1.0,6.66258039281016,3.321664644720048,0.0,0.0,11.012881837919089,178.7499784164487,8.45065072812062,7.999,5.969402342687175,0.7063837489843506,7.623814200000001,4.000000000000001,1.1023489497850636,1.4354773490949464,745.8155629421291,750.0,54.805602289287464,0.07348412263360085,0.0,0.0,-13.021134629949096,167.5499470512595,10.76155645103554,8.899,10.547957020664786,0.9801516229234479,8.531628000000001,4.100000000000001,3.3808833894634787,16.50102495652648,11733.0,10.988496127121731,189,attack,1
1243.2652447119215,750.0,3326.51477181926,2.6756275750232614,0.0,0.0,18.629380167365902,653.9453809934763,2.0575272147977697,1.0,6.871280630648314,3.3395818928809056,0.0,0.0,10.837625019028021,173.01370226202377,8.623086729920864,7.999,6.109499897963697,0.7085049807935498,8.0,4.000000000000001,1.0428699587225858,1.1469701067094071,745.6548367112134,750.0,55.84198644835013,0.07488986015922179,0.0,0.0,-12.773715958012838,161.1678193759919,11.062534491105408,8.999,10.843553935619767,0.9802052092437128,9.619304999999999,5.0,3.3284513129500772,15.946126446719937,11299.0,10.93035810373262,190,attack,1
1258.5346516690856,750.0,3404.612200145321,2.705219276743853,0.0,0.0,18.479111512521733,643.3104442955489,2.0938860667634254,1.0,7.047796003887906,3.3658927845973343,0.0,0.0,10.717852854828584,169.03062545065393,8.559869332012273,7.38738725,6.180734357161133,0.7220594284128111,8.100000000000001,4.388387249999999,0.9889146511322572,0.8531175649976692,745.5464441219158,750.0,56.52993175316559,0.0758234878576143,0.0,0.0,-12.614430375707991,157.12385370358436,11.061562388062407,9.2197755,11.074501164945984,1.0011697060893983,10.0,4.7792245,3.3392370199947976,15.950699795364844,11024.0,10.893089196359064,191,attack,1
1288.2887169198434,750.0,3526.7572967040837,2.7375519558505275,0.0,0.0,18.100236523506112,618.360288895241,2.1620330562720933,1.0,7.320732235767782,3.3860408445329813,0.0,0.0,10.456091333120455,160.86719988693787,9.122407935837245,7.999,6.303199717284073,0.6909578876123317,9.0,4.000000000000001,0.9740181025436313,0.7433987885388373,745.3094487436706,750.0,58.00497164883012,0.0778266956719871,0.0,0.0,-12.285479627533165,148.9330096785324,11.826185151141681,9.899,11.352391814689044,0.9599369255260731,9.899999999999999,4.999999999999999,3.290764443421234,15.332018159124434,10467.0,10.823798825196878,192,attack,1
1298.4055876685934,750.0,3583.503004207389,2.7599257414179017,0.0,0.0,18.064709746495144,615.9227864418077,2.185645472061657,1.0,7.449555864580939,3.4084008407612356,0.0,0.0,10.418734167190635,159.57558288385118,9.132205679059032,7.899,6.482967103012739,0.7099015649503784,9.0,4.1000000000000005,0.9583457950647707,0.6458832531297012,745.2701348747592,750.0,58.24595261750744,0.07815414826369707,0.0,0.0,-12.233300988802863,147.65365308264506,11.871671030924855,8.999,11.530966051894206,0.9713010090876729,10.0,5.0,3.2513149982828096,15.179417955283917,10380.0,10.804576380063176,193,attack,1
1312.428488931665,750.0,3620.182939830656,2.758384910386649,0.0,0.0,18.163897600362844,622.0936176644476,2.210298363811357,1.0,7.540902250027698,3.4117123613232216,0.0,0.0,10.443255727346045,160.1619813637222,9.031865951417162,7.999,6.598966981255566,0.730631634343526,9.0,4.633677,0.9282803317711262,0.5140962528549458,745.27468719923,750.0,58.21810080284994,0.07811629967151539,0.0,0.0,-12.23930984645894,147.80070551762665,11.850431198941289,8.999,11.780208181122353,0.994074222562871,10.4999355,5.0,3.200973926053678,14.775356318653206,10390.0,10.7814419487257,194,attack,1
1328.5056424470401,750.0,3685.2434081011415,2.7739764818108785,0.0,0.0,18.145040584599457,622.7111665925748,2.2514353593347853,1.0,7.721976458805058,3.4298015382891616,0.0,0.0,10.341908151472824,157.09165903737883,9.148343177558859,7.899,6.594500067948442,0.720840915120558,9.49500175,4.9,0.8966155372648198,0.377039547115833,745.1399722827163,750.0,59.03660002461244,0.07922887272273879,0.0,0.0,-12.065057003087608,143.56560048775341,12.086456863591366,8.999,11.944318283532706,0.9882398471559659,11.0,5.1000000000000005,3.1907618246863283,14.417613838015047,10102.0,10.738784458223659,195,attack,1
1361.1537111592856,750.0,3809.656021124505,2.7988433561113726,0.0,0.0,17.7944743930318,598.375977825133,2.3223908330752554,1.0,7.987319447413055,3.4392658348708838,0.0,0.0,10.127266855185665,150.52795783178402,9.275213769767028,7.999,6.7456691571035075,0.7272791037001558,9.796110000000002,4.75754975,0.8903189005707063,0.29808931249590964,744.9317642200888,750.0,60.27917732662855,0.08091905892848889,0.0,0.0,-11.809443327052662,137.46295169486865,12.405153345204916,9.899,12.309104584114712,0.9922573499563123,11.100000000000001,5.899999999999999,3.1333952296859406,13.794296822223675,9687.0,10.66300437328844,196,attack,1
1383.761853679468,750.0,3923.1941265249447,2.835165686995232,0.0,0.0,17.558663594200752,581.0635838817803,2.3795322892083246,1.0,8.240337093413428,3.4630070500766377,0.0,0.0,9.951969195588958,145.12343061226483,9.233879257877657,7.907351500000001,6.858780929560231,0.742784342096398,9.3078129625,4.874500499999999,0.9170970286201837,0.30546704702918603,744.733319030251,750.0,61.439447684054336,0.08249858857403783,0.0,0.0,-11.579964743809896,132.09558346788023,12.488995733533576,9.326133500000001,12.651920019921771,1.013045427339745,11.31638625,5.6728665,3.126649586435221,13.521067564007296,9322.0,10.616503057166929,197,attack,1
1388.8062393887947,750.0,3936.4493354768347,2.8344121907237705,0.0,0.0,17.69290906296874,592.7837366621319,2.3875212224108657,1.0,8.291451739842286,3.4728284976121646,0.0,0.0,10.011472163350554,146.9672783096281,9.015730310330605,7.93399,6.809916745825295,0.755337228535131,9.4178325,4.739621333333333,0.9271825988025856,0.30559318768933297,744.7903225806451,750.0,61.10848024587471,0.08204789776824463,0.0,0.0,-11.644548224701222,133.5955033573924,12.276551732597621,8.999,12.781084099557196,1.0410972378847965,12.3924665,5.341872,3.181055692101947,13.86864778250132,9424.0,10.608770644563409,198,attack,1
1427.1419572553432,750.0,4068.77512348556,2.850995377720212,0.0,0.0,17.40073820958559,574.1911204125399,2.4782902137232847,1.0,8.614714633273634,3.4760717633352667,0.0,0.0,9.75953056705352,139.6271748943928,8.95843714474079,7.899,6.8230942072130745,0.7616388993942647,9.698595124999999,4.9,0.9555930520020095,0.31924068994542454,744.4773903262093,750.0,62.903298537261875,0.0844932288805969,0.0,0.0,-11.302344983248728,125.7430021203676,12.377999142744658,8.999,13.066552574830297,1.0556271998523472,12.228750000000002,5.408868,3.2144713179713458,13.916209706439268,8890.0,10.522543285343922,199,attack,1
1419.6223345790283,750.0,4067.1853079937873,2.8649769793878748,0.0,0.0,17.623243722879135,589.2250744778677,2.4624093207298308,1.0,8.623073817672857,3.501884818693374,0.0,0.0,9.878332913139722,142.93282778008262,8.75421118259304,6.999,6.9786182854046475,0.7971727137769992,9.318691625,4.511512000000001,1.0137455509807947,0.4356360021053258,744.6036491536602,750.0,62.18556672251675,0.08351499054993729,0.0,0.0,-11.43685481682359,128.8016481011009,12.195990288085293,8.999,13.284957831570845,1.0892889808668842,12.100000000000001,5.899999999999999,3.170835520317042,13.60547118905809,9098.0,10.542017051404649,200,attack,1
1408.9406165494863,750.0,4070.53843706126,2.8890773601445754,0.0,0.0,17.89064160294323,605.839718644872,2.446295294753921,1.0,8.653404220848218,3.5373506376787134,0.0,0.0,9.985323893937965,145.78601505089577,8.592767868721001,6.899,7.019815485191986,0.8169446204575356,9.060716000000001,4.425991,1.0843674144454738,0.5639186391317246,744.6894537587885,750.0,61.69288844570849,0.08284377888570363,0.0,0.0,-11.530970999090295,130.96329218186133,11.957781533261223,8.410789,13.362399891417905,1.1174647951419467,12.016819000000002,5.511788999999999,3.2375800250869093,14.063765292740289,9245.0,10.579734507903861,201,attack,1
1427.590823031518,750.0,4163.558992039916,2.9164932450311736,0.0,0.0,17.687788293394714,594.3133981097236,2.495378104465976,1.0,8.875175753057489,3.5566456791351957,0.0,0.0,9.844790959268314,141.76665502584598,8.74244343724369,6.899,6.971447515812397,0.7974255213494809,9.399683999999999,4.0,1.1085255240123713,0.606395129768611,744.5321305267847,750.0,62.59316386863116,0.08407046694458185,0.0,0.0,-11.360094571124922,127.05174866490182,12.231466971154916,8.747379,13.562767989054757,1.1088423016666282,12.100000000000001,5.748379,3.2861797965573403,14.226564009833766,8979.0,10.54681259873599,202,attack,1
1428.5381215469613,750.0,4170.711483950778,2.9195661082074045,0.0,0.0,17.99265183275121,613.2207247269939,2.499337016574586,1.0,8.92886866814882,3.572494869213794,0.0,0.0,9.932634842690192,144.0842849586245,8.527086147396368,6.564701,7.040700192994323,0.8256865324556509,9.23950475,4.029664833333333,1.155565510476356,0.715564202052501,744.5750276243094,750.0,62.34901546914445,0.08373772038538461,0.0,0.0,-11.405954847844486,128.09580599106704,12.010781245082873,8.763163500000001,13.675256134894491,1.1385817338479163,11.899999999999999,5.5520394999999985,3.262455204173627,13.929171647373632,9050.0,10.509407765984475,203,attack,1
1439.0421592683472,750.0,4222.224477087495,2.934051966367825,0.0,0.0,17.979253576373438,614.2126075256101,2.5263216596029445,1.0,9.065437917263404,3.5883941709497895,0.0,0.0,9.895798280386371,143.0456882818295,8.387992499541262,5.999,6.94495747112826,0.8279641966189262,8.662448999999999,3.9999999999999996,1.2185060137697081,0.8900141267401569,744.52420254294,750.0,62.63817850326251,0.08413182310168069,0.0,0.0,-11.35167755634601,126.8605833432496,11.893142482043276,7.899,13.800952680325421,1.160412624431485,11.3313785,4.999999999999999,3.35667444865678,14.48676790421598,8966.0,10.491664360475433,204,attack,1
1403.7628299894404,750.0,4141.814275794599,2.9505085811580827,0.0,0.0,18.666157899831237,663.9758088205978,2.453959873284055,1.0,8.92038839358303,3.635099534714544,0.0,0.0,10.215627640177702,152.81884675870697,8.095593411122946,5.999,7.032318405290411,0.868660028754452,8.884497,3.9999999999999996,1.2766033903317717,1.070080335171471,744.8156282998945,750.0,60.96096011015071,0.08184704750261394,0.0,0.0,-11.673557229314282,134.2719383860755,11.444848436958816,6.999,13.773598146649453,1.2034758015816454,11.899999999999999,5.0,3.3966959623933075,14.972177645434567,9470.0,10.58895473314925,205,attack,1
1419.9973918713324,750.0,4225.330848872287,2.9755905701375744,0.0,0.0,18.562159492938704,656.9025415223161,2.49978265594436,1.0,9.135630080429825,3.6545697517765183,0.0,0.0,10.095718700110902,149.15002978375705,7.983966959273154,6.117922333333333,6.953466534148742,0.8709287713261996,9.054834787878788,4.118922333333332,1.2697259589345729,1.0505492669292469,744.6646381221474,750.0,61.83579213887346,0.08303844304304206,0.0,0.0,-11.503520075343433,130.33097412382946,11.41601371973484,6.999,13.951341651438828,1.2220852211592188,12.35537575,5.0,3.4529457376186024,15.321460368514582,9202.0,10.540961996176524,206,attack,1
1412.3927194860814,750.0,4222.676402365029,2.9897324901968543,0.0,0.0,18.825590013447652,676.3607118235168,2.48779443254818,1.0,9.160837467241244,3.682312874162214,0.0,0.0,10.194580907998914,152.00555329131677,7.584727974081176,4.999,6.872731234722844,0.9061275840357894,8.728523000000001,3.169499125,1.310854756550995,1.1072377503394204,744.7434689507495,750.0,61.380650850957515,0.08241851511290886,0.0,0.0,-11.591387970601819,132.3602750850124,10.984529095717344,6.999,14.06138433674189,1.2801080696508103,11.426680000000001,5.0,3.529882586582923,15.871645150101454,9340.0,10.582183897087683,207,attack,1
1403.679575596817,750.0,4198.268810426043,2.990902541729313,0.0,0.0,19.30347148890739,712.4406213796934,2.4777718832891247,1.0,9.18441531566753,3.7067235194692962,0.0,0.0,10.312694007839365,155.54332797928464,7.6676929479133555,5.3591855,6.76636732662451,0.8824515238923166,8.382079,3.4026728333333347,1.3419739579330383,1.2222936121970607,744.790875331565,750.0,61.105261891254365,0.08204351572386223,0.0,0.0,-11.645179623474851,133.61020846299388,11.06866755076923,6.999,14.00344246806088,1.265142566061413,11.528229,5.0,3.581139995391695,16.240225321496297,9425.0,10.595741260297174,208,attack,1
1388.29458813753,750.0,4176.509558556403,3.0083741550555274,0.0,0.0,19.711986742381093,742.0722127735786,2.4514386620961877,1.0,9.175482116243048,3.7428968785199928,0.0,0.0,10.460977005193074,159.8463597635196,7.61510905995845,4.999,6.752630468820135,0.8867411373432095,7.049647875000001,3.0,1.4100540759132099,1.4190636065453033,744.9001765866833,750.0,60.46539758876686,0.08117248389688167,0.0,0.0,-11.772027995489498,136.58064312658843,10.946761821751322,6.357227,13.981020930999465,1.2771832582690381,10.899999999999999,4.358226999999999,3.6386632291922294,16.676101717768532,9627.0,10.650091520230447,209,attack,1
1399.6291584106789,750.0,4239.251420799229,3.0288390287703257,0.0,0.0,19.757919935456165,743.6488746793096,2.4758577536760873,1.0,9.304792850662519,3.75820979086824,0.0,0.0,10.461002944761182,160.03858117149304,7.767331925727903,5.164394705882352,6.879333115930943,0.8856751818657804,7.899999999999999,3.165394705882352,1.416844220334779,1.4326749938947918,744.8799666284284,750.0,60.58423353108203,0.0813342232914468,0.0,0.0,-11.74826999984569,136.02184798927448,11.147343831264992,6.427604,14.150119626314615,1.269371416231706,11.511338,4.428604,3.623595345568661,16.550001844845305,9589.0,10.612337352345493,210,attack,1
1377.9086385350317,750.0,4190.234168605832,3.0410101594695096,0.0,0.0,20.3110646502148,785.5687964938674,2.425656847133758,1.0,9.198700415692434,3.7922513345455044,0.0,0.0,10.733458672365147,168.71776890349142,7.740803168863795,5.899,6.849792353642155,0.8848942679739494,7.735306375,3.5654996537356323,1.4551683836829987,1.6498667209950293,745.1138535031847,750.0,59.19394684519944,0.0794428214787533,0.0,0.0,-12.032103702578677,142.77151950960737,11.032815603503183,6.899,14.061507695212924,1.2745166964222676,10.899999999999999,4.581932500000001,3.6907823515514746,17.25912319872024,10048.0,10.689298918656783,211,attack,1
1366.941918942905,750.0,4209.961584787804,3.079839403888855,0.0,0.0,20.42041928209822,794.889215927892,2.41218814712553,1.0,9.255337988876256,3.836905508347401,0.0,0.0,10.78393175298188,170.1961742754413,7.5020235448740005,5.899,6.401145114407597,0.8532558017338383,6.9568845,3.277649,1.4674297286347102,1.8071328022639896,745.1586628537619,750.0,58.92373778215638,0.07907542476456483,0.0,0.0,-12.088800753628224,144.1391036609223,10.672953701903165,6.899,13.909296538450484,1.3032284152015225,10.0,4.193113,3.9662840390909766,19.404688371618963,10141.0,10.752348219536056,212,attack,1
1360.2452422993917,750.0,4208.7939882675755,3.094143509851891,0.0,0.0,20.80934117821561,822.684754460865,2.40670982931136,1.0,9.306035332447305,3.866704335981406,0.0,0.0,10.871926482962602,172.65424107595663,7.611536260978291,5.999,6.25730405739674,0.8220816196430372,6.8039760000000005,3.000000000000001,1.443665504471481,1.7827526640919524,745.183833627624,750.0,58.77139323113756,0.07886831487611985,0.0,0.0,-12.120993362427726,144.91848009201692,10.738920444280948,6.999,13.784423112946094,1.2835948626742122,10.0,3.9999999999999996,4.064098079176923,20.268720746577152,10194.0,10.777065705928369,213,attack,1
1380.0988623779322,750.0,4302.6864917048315,3.117665414411859,0.0,0.0,20.58092387024663,803.7732219120144,2.455451525218967,1.0,9.52381563558097,3.8786412754500112,0.0,0.0,10.734371472249697,168.11020528134318,8.09719030523247,6.40499775,6.3127673262616995,0.7796244238180172,6.2552955,3.4059977499999996,1.413863877745071,1.7015284943939442,745.0572838014698,750.0,59.53327348566981,0.07990429028747435,0.0,0.0,-11.961622902768013,141.08042246802427,11.354361712272224,7.899,13.896436436263196,1.2238853040275617,9.899999999999999,3.999999999999999,4.014282364022234,19.732752035720726,9933.0,10.720169860118796,214,attack,1
1385.5287112725805,750.0,4343.837012809323,3.1351475992291746,0.0,0.0,20.72153355673944,815.5772821501869,2.470885053991321,1.0,9.631021224105055,3.8978022100006937,0.0,0.0,10.752702441587411,169.02795295302414,8.250736312683685,6.899,6.249099878485989,0.7573990540552579,6.859803999999999,3.1000000000000005,1.3298718268725278,1.5515237752855775,745.045312342315,750.0,59.60482832005564,0.08000161511340384,0.0,0.0,-11.946861433120313,140.72749810217746,11.540404226158039,7.999,13.943818966940988,1.2082608800942392,9.103613,3.9999999999999996,4.068509273469972,20.25471897451663,9909.0,10.706684917876387,215,attack,1
1415.6026307414872,750.0,4488.67222272429,3.1708560900124496,0.0,0.0,20.293712042046764,780.9948154622558,2.5499098334570913,1.0,9.967728065197651,3.90905118856054,0.0,0.0,10.495144335551913,160.83707160103714,8.629724937634716,6.999,6.389528867449358,0.7404093309607428,7.203432749999999,3.4645089999999996,1.2309166279744994,1.2149940756409991,744.7919804815954,750.0,61.09882670709828,0.08203475374102541,0.0,0.0,-11.646442318351763,133.6396186746949,12.052017459531132,7.999,14.145495517572597,1.1737035367788877,9.0,4.000000000000001,3.9962037971139397,19.484001305480284,9427.0,10.607156457327177,216,attack,1
1386.0757852077002,750.0,4429.4018948419725,3.1956419281780017,0.0,0.0,21.107320764536396,839.302010381386,2.4875379939209727,1.0,9.84668679548374,3.9584065930036045,0.0,0.0,10.816021281194637,171.08210661344862,8.498481006857302,6.999,6.579539960112147,0.7742018785243163,8.247226125000001,3.9999999999999996,1.1829387666092532,1.1180624760579896,745.0257345491389,750.0,59.72165720026657,0.08016052926870752,0.0,0.0,-11.92283507322197,140.15399618325202,11.806262988145894,7.999,14.085115290242344,1.193020628490534,9.52057425,4.8999999999999995,3.9626241500211976,19.613126812070984,9870.0,10.663365957209754,217,attack,1
1380.084745762712,750.0,4412.569964919613,3.1973181201136893,0.0,0.0,21.53829620948491,870.7965660982492,2.4759720837487538,1.0,9.850708682251778,3.978521707456927,0.0,0.0,10.9489011421972,174.98404247552506,8.606294459492085,7.432518999999999,6.793946135249675,0.7894159521530746,8.899999999999999,4.433518999999999,1.180397725198538,1.0896567525726235,745.1050847457627,750.0,59.24667600982485,0.07951452382054326,0.0,0.0,-12.02109919843301,142.50682593856672,11.886206187736787,8.363862000000001,14.134484984741944,1.189150243693799,10.473433,5.1206499999999995,3.912624569516302,19.38961587036259,10030.0,10.666985622045065,218,attack,1
1378.363435902576,750.0,4451.865616637132,3.229819872377835,0.0,0.0,21.64354910169506,876.9579144157801,2.4837125388393306,1.0,9.966283760577348,4.012655895047627,0.0,0.0,10.945301610251613,174.5736580984459,8.499358814325843,7.471988,6.711346932793624,0.7896297920122529,8.805539999999999,4.472987999999999,1.1286170052306175,0.9311059067456995,745.0790818883432,750.0,59.40275617809821,0.07972678017955716,0.0,0.0,-11.988638399900703,141.72745068357352,11.742910084995488,8.899,14.16507177363054,1.2062658805273465,11.899999999999999,5.899999999999999,4.006062003875462,20.206696764531277,9977.0,10.689217180090537,219,attack,1
1402.1272369918279,750.0,4557.216832344959,3.250216322822577,0.0,0.0,21.35696930694474,854.4564076187988,2.5429812765077067,1.0,10.218067610235796,4.018145042840558,0.0,0.0,10.77621268283804,169.16233925432462,8.560937687464806,7.319166,6.70813202641898,0.7835744484206721,8.899999999999999,4.320166,1.122480114427688,0.8312704868391534,744.9212785766008,750.0,60.34105945703741,0.08100326999966681,0.0,0.0,-11.796984732428017,137.16884877713977,11.911714414916727,8.899,14.422403681427264,1.2107748036140344,11.100000000000001,5.60155,4.028607138613716,20.175144502418707,9667.0,10.638723069769924,220,attack,1
1437.0502769030297,750.0,4704.581380674901,3.273776468568441,0.0,0.0,20.91870527264246,818.7606444808156,2.630253013356499,1.0,10.56320407988617,4.016041052418121,0.0,0.0,10.52285599427338,161.15323366566255,8.606302166118603,6.999,6.591951409915956,0.7659446859613217,8.327797833333333,4.000000000000001,1.091327011827081,0.6646041036614267,744.6686936692366,750.0,61.81246107071555,0.08300666000358424,0.0,0.0,-11.507993291590175,130.4339095992844,12.11571029742643,8.899,14.695258801841742,1.2129093912853999,11.623752,4.999999999999999,4.077403703403822,20.290787193124533,9209.0,10.569375261938085,221,attack,1
1441.6066293491383,750.0,4751.655281497933,3.2960831233435903,0.0,0.0,21.02902241297524,824.3599041031598,2.6513006256173854,1.0,10.707264051426607,4.038494898681397,0.0,0.0,10.50107550137406,160.18647637468496,9.012166393940916,7.2568705,6.8233120234457125,0.7571222861612031,8.0,4.257870499999999,1.100843739209022,0.6853059761527778,744.6113489188892,750.0,62.14152009798281,0.08345497310537488,0.0,0.0,-11.445209204994413,128.99281374608887,12.638326829327188,8.999,14.879438541315864,1.1773266146898642,11.351294500000002,5.0,3.9951652315193646,19.678923575418345,9111.0,10.547504781477139,222,attack,1
1414.3415309272864,750.0,4705.449126468268,3.3269539383342788,0.0,0.0,21.62832713105591,864.1851589155776,2.600127754710955,1.0,10.638580610555717,4.091560728614414,0.0,0.0,10.71342205593006,166.0848469764668,8.740098899293088,6.899,6.904267877424678,0.7899530608267036,9.144480999999999,4.1000000000000005,1.1051250804976944,0.701258453053438,744.7731289257958,750.0,61.20850214103493,0.08218409038107674,0.0,0.0,-11.624957856541993,133.13964516637748,12.235970954008303,8.619324,14.818254956925502,1.211040383523572,10.894257,4.967552999999999,4.009320100401572,20.046256631407466,9393.0,10.597253088464308,223,attack,1
1401.12221870716,750.0,4722.680717972467,3.370641515006569,0.0,0.0,21.807941323849402,875.8831620097702,2.5827269851312877,1.0,10.69014596637811,4.139092528138315,0.0,0.0,10.777868700386685,167.79383086745688,8.524733243858595,6.999,6.859960273560274,0.804712602415136,9.0,4.1,1.143950252911518,0.7714738320617305,744.8227354212802,750.0,60.919462877783474,0.08179055227594084,0.0,0.0,-11.68174237304525,134.4631048702009,11.891813236212167,7.999,14.81342956289857,1.245682997929171,10.899999999999999,5.1,4.128801751253718,21.078464724450964,9483.0,10.642411381840878,224,attack,1
1408.977588953797,750.0,4756.070561348059,3.3755473462708276,0.0,0.0,21.989241593984136,887.8037050273039,2.6054168879447688,1.0,10.810613791599046,4.149283687236243,0.0,0.0,10.778018089514465,167.5554730910915,8.542187164295493,6.999,6.816876456081465,0.798024712520295,8.899999999999999,3.9999999999999996,1.1552439836658517,0.8236963645071498,744.7853425385024,750.0,61.137468337841085,0.08208736779037851,0.0,0.0,-11.638864094681162,133.4631574144583,11.972807298247478,7.999,14.916578465528518,1.2458714229629284,11.100000000000001,5.0,4.149474540220131,21.21317667862394,9415.0,10.62307249957631,225,attack,1
1408.9848050154076,750.0,4784.807361387037,3.395925452393161,0.0,0.0,22.177910234550225,898.9742666139159,2.6127935394750823,1.0,10.904678809587487,4.173570794950093,0.0,0.0,10.80620987498643,168.08939053640322,8.687027828918088,7.488488333333333,6.785871452431398,0.7811499613069081,8.754277,4.350938333333333,1.1683409614352165,0.8816060056013444,744.783126128998,750.0,61.15036518188189,0.08210492831612637,0.0,0.0,-11.636336923607198,133.40433699970416,12.138275238550632,8.87637,14.936819673811923,1.2305553614712275,11.0,5.122630000000001,4.1954433536606155,21.664340651725045,9411.0,10.633813453712598,226,attack,1
1382.5337554897355,750.0,4717.44495083085,3.412173433089008,0.0,0.0,22.845649565826285,948.3944442996083,2.555816566234297,1.0,10.783669787557255,4.219265940296239,0.0,0.0,11.062403986457404,175.6883738370331,8.489357644825422,6.999,6.727134622582927,0.7924197452893701,7.673187950000001,3.9999999999999996,1.1674050389482622,0.9521364017912486,744.9855990195077,750.0,59.960431041831846,0.08048535585217635,0.0,0.0,-11.874017342241968,138.99228784386315,11.836908084669593,8.899,14.786615149778921,1.2491957396315005,10.716627999999998,4.999999999999999,4.273322312778378,22.716109235309833,9791.0,10.67915087511232,227,attack,1
1396.3145589798087,750.0,4836.130940585166,3.4634967525645477,0.0,0.0,22.640274394504754,925.9065912208263,2.6100956429330497,1.0,11.086676386358858,4.247613077465774,0.0,0.0,10.87852909183796,169.50575433147085,8.741016873896648,6.999,6.5894822337386145,0.7538576264984485,8.100000000000001,4.000000000000001,1.1364085313054462,0.8773184225625941,744.7825717321998,750.0,61.15359066826831,0.08210932020876718,0.0,0.0,-11.635705045094266,133.3896318964323,12.142250341126461,8.999,14.902751073080852,1.227346715345213,10.167079500000002,5.0,4.376522963925593,23.388555172760753,9410.0,10.654253800332866,228,attack,1
1408.2208761492698,750.0,4892.777016451623,3.4744386333987243,0.0,0.0,22.80983792355784,939.0169949129153,2.646511627906977,1.0,11.265308315533302,4.256663071774446,0.0,0.0,10.83800960522132,168.5343483006101,8.939506284333666,6.999,6.682382917142917,0.7475114066258537,8.100000000000001,4.000000000000001,1.0761256946683433,0.6984122680786196,744.6894537587885,750.0,61.69288844570849,0.08284377888570363,0.0,0.0,-11.530970999090295,130.96329218186133,12.392659587236341,8.999,15.080581858326935,1.2168963209365473,10.0,5.0,4.361082360613487,23.187223060671496,9245.0,10.615367989642788,229,attack,1
1384.610400682012,750.0,4824.183331135618,3.4841449470258126,0.0,0.0,23.89441509773585,1013.0755942463288,2.610720375106564,1.0,11.230177959799498,4.3015629199052405,0.0,0.0,11.05691450651135,174.4392723870244,8.612851255695805,6.999,6.920292213248413,0.8034844684763274,9.3070914453125,4.317754750000001,1.071815745996111,0.6354243924441989,744.768115942029,750.0,61.237632866228765,0.08222375737550419,0.0,0.0,-11.619264144947948,133.00729927007293,11.969618299232737,7.999,15.03644280355262,1.2562174020633947,10.796088,5.000000000000001,4.31388950483457,23.304412096767468,9384.0,10.63763571606843,230,attack,1
1372.9233841303205,750.0,4790.32324556158,3.4891409826164583,0.0,0.0,24.514135159417226,1061.3720919153868,2.5915922228060957,1.0,11.224255542962672,4.331026866105269,0.0,0.0,11.195833875333342,178.55351376475699,8.455087171838699,6.999,6.999028796421982,0.8277890758753617,10.4088415,5.0,1.0765785300288013,0.608435316579552,744.8401471361009,750.0,60.81767577076641,0.08165198399228271,0.0,0.0,-11.701866032412386,134.933668640527,11.7305061396742,7.999,15.022972730201795,1.2806755779609558,11.899999999999999,6.0,4.360360754724267,23.977031489858675,9515.0,10.62031246607481,231,attack,1
1386.715600167294,750.0,4827.213136375207,3.481040478518342,0.0,0.0,24.486035743172632,1059.9561110487925,2.6130280217482227,1.0,11.302246664456076,4.325344608013201,0.0,0.0,11.211311005214634,179.00956956044965,8.381046762129058,6.74710625,7.255305151445589,0.8656800704453421,9.849666999999998,4.748106249999999,1.1280991510356093,0.6496781479538898,744.866583019657,750.0,60.66279823675741,0.08144115955750497,0.0,0.0,-11.732613508225109,135.6542197333862,11.749515319427019,7.999,15.300957089691735,1.3022628315903935,12.323125749999999,6.0,4.25102330118666,23.035463060044002,9564.0,10.575855004960106,232,attack,1
1386.4426711465771,750.0,4862.61680083834,3.5072613545693847,0.0,0.0,24.615949096454568,1068.5580917471946,2.622847543049139,1.0,11.415785858888599,4.352439732588271,0.0,0.0,11.210518805068784,178.770286347677,8.021548268272284,5.999,7.024956328405843,0.875760650371167,8.69111775,3.9999999999999996,1.2016335690097866,0.8096510962551475,744.845023099538,750.0,60.78913994529994,0.08161313838459565,0.0,0.0,-11.707519580627034,135.06601473076546,11.341286689206214,6.999,15.312695188615866,1.350172657498319,12.0,5.0,4.420076881377499,24.432679672720226,9524.0,10.613261190655917,233,attack,1
1347.255042939884,750.0,4769.468870810308,3.540138072448934,0.0,0.0,25.588525498537837,1148.0014759502697,2.5393449171160376,1.0,11.22744503791288,4.4213942589035975,0.0,0.0,11.5547519947003,189.83898822710643,7.718886430651159,4.999,6.836249882880773,0.8856523469155476,8.42575225,3.423933666666666,1.2528552122311427,0.9277119180970188,745.0972638306371,750.0,59.2936648583441,0.07957842249145843,0.0,0.0,-12.01130895455268,142.2715428017174,10.811104761334132,5.999,14.93807625979624,1.3817344840854935,11.318866,4.000000000000001,4.6219491138826045,26.718047970701665,10014.0,10.722534179617975,234,attack,1
1346.8287968441814,750.0,4789.124614895828,3.555852552393781,0.0,0.0,25.643229281378595,1153.5168478457347,2.536094674556213,1.0,11.263815927361144,4.441401987223596,0.0,0.0,11.613102735979973,191.66080358637194,7.888336459468652,5.611705,6.786923256342223,0.8603744644025213,8.0,3.6127049999999996,1.3098486762993518,1.0854205190821231,745.1581854043393,750.0,58.92662360502515,0.07907934819645075,0.0,0.0,-12.08819252199499,144.12439844881567,10.961852183727812,5.999,14.870647760217787,1.3565816716897843,11.64400175,3.9999999999999996,4.713739124429648,27.708532537353456,10140.0,10.731237086622203,235,attack,1
1356.3813314757688,750.0,4857.071094082341,3.5809038220820653,0.0,0.0,25.501642846393096,1138.9143319703626,2.5621454871131455,1.0,11.417634098582994,4.456278597765197,0.0,0.0,11.55698360756595,189.63060582398265,8.02859288285212,5.999,6.717642632810451,0.8367148180048257,8.0,3.0999999999999996,1.3449163863206473,1.1965556528606536,745.114339735297,750.0,59.191021573321706,0.07943884370061836,0.0,0.0,-12.032714768883231,142.78622470930068,11.157690227286295,6.899,14.96423436275225,1.341158793435311,10.0,3.9,4.777143654333704,28.193118277361748,10049.0,10.711968110445515,236,attack,1
1371.0353274622937,750.0,4944.71505384569,3.60655553857833,0.0,0.0,25.246959104864295,1115.252514502614,2.601376657556433,1.0,11.618092834418503,4.4661324997556475,0.0,0.0,11.451507069699062,186.04229777239638,8.382613474076422,5.999,6.609760619109627,0.7885083380679051,7.0,2.9999999999999996,1.3226939362324766,1.1795579435048298,745.0302662212774,750.0,59.69463572555159,0.08012377272713644,0.0,0.0,-11.92838391235489,140.28634276052688,11.59686098360158,6.999,15.043544584380955,1.2972083226360238,10.299325,3.9999999999999996,4.844993429957113,28.698171874099103,9879.0,10.681115106811841,237,attack,1
1383.2760384694086,750.0,4998.237225145929,3.6133331931900345,0.0,0.0,25.241241180477402,1113.8439857188432,2.6328013095968896,1.0,11.76934177259692,4.470273442092345,0.0,0.0,11.404098723984442,184.40014147940963,8.581534197283204,6.999,6.554058298211519,0.7637396935720938,7.271505249999999,3.0999999999999996,1.3065061086121794,1.2536051005788522,744.9768774299162,750.0,60.01218822244766,0.080555772991885,0.0,0.0,-11.863486000890822,138.7423000933323,11.874255496623695,7.999,15.141814339894625,1.2751801023819995,9.0,3.9999999999999996,4.880425265463126,28.96909576309239,9774.0,10.63672484523953,238,attack,1
1394.8072802912116,750.0,5070.644286106416,3.63537268392215,0.0,0.0,25.186715563165073,1104.8675172474677,2.6681227249089963,1.0,11.958934673486606,4.482153149043959,0.0,0.0,11.330032321107165,181.75323466416276,9.048050839352143,7.899,6.578600720590491,0.7270738015726634,6.326881625,3.1000000000000005,1.2489359611605468,1.1918290246890182,744.8938117524701,750.0,60.50284915850968,0.08122345521460032,0.0,0.0,-11.764530652765595,136.4041814798613,12.442293754862193,8.367725,15.251610982622058,1.225787727175469,9.0,3.812792,4.880696818656636,28.901287165362,9615.0,10.6209952940309,239,attack,1
1399.522346368715,750.0,5145.29003168302,3.676461504907942,0.0,0.0,25.375983871042624,1109.972971098394,2.7082079931241942,1.0,12.218842720001296,4.511781499435578,0.0,0.0,11.222703053570875,177.73279500187803,9.417471823231661,7.999,6.424892424261606,0.6822311279352324,6.000000000000001,3.000000000000001,1.1841557485489909,1.116481166786711,744.7253975075204,750.0,61.48529554386634,0.08256102954142296,0.0,0.0,-11.571072216892249,131.88971224853577,12.869831223678556,8.999,15.19386530737527,1.1805799969948978,8.788732000000001,3.5670285000000006,4.988480435628777,29.963494339917673,9308.0,10.596799780471267,240,attack,1
1426.407193605684,750.0,5298.46205821353,3.7145508533366507,0.0,0.0,24.838418478436733,1063.8768988147267,2.766651865008881,1.0,12.48044430432392,4.511028099404135,0.0,0.0,11.099985426219114,174.42592342572655,9.64672747360445,8.999,6.5229114491194995,0.6761786799686844,7.000000000000001,3.21455825,1.0924152959936195,0.9713715676475978,744.6298845470693,750.0,62.035354573325215,0.08331032081939474,0.0,0.0,-11.465393790140043,129.45525476298184,13.184851222912968,9.999,15.395536640627656,1.1676685902888992,8.41963775,4.000000000000001,4.986857634027085,29.865699616008385,9008.0,10.556584528110541,241,attack,1
1456.3272643466237,750.0,5444.453814769485,3.7384823782806267,0.0,0.0,24.336267237786764,1021.4189691470194,2.8470845817008525,1.0,12.820125633305453,4.502895950371341,0.0,0.0,10.883169328528426,167.60339893135827,9.977845831157271,8.999,6.707815613164848,0.6722709216671519,7.755087137499999,3.8999999999999986,0.9934351743642442,0.7791156623531621,744.3424752247062,750.0,63.661018694167105,0.08552651610395977,0.0,0.0,-11.163581184014706,122.62554485208716,13.70251819993086,10.899,15.760030977241753,1.1501558142299182,8.574019,4.065617,4.884619007359966,28.6676719591135,8678.0,10.47882255924784,242,attack,1
1395.5388842432205,750.0,4377.263255608344,3.136611458864557,0.0,0.0,12.521337883000223,191.15655383045547,1.8609485127224943,1.0,5.836318554684004,3.1362063564809217,0.0,0.0,12.521431958347042,191.158897430142,10.11230537689553,9.999,6.7889626220671655,0.6713565669781396,8.0,4.0,0.927557152747678,0.6349227826526942,749.913749850675,750.0,7.890828139329106,0.010522314254006345,0.0,0.0,-91.47677366126507,8366.000119474318,12.920701859514992,10.999,12.580815445724909,0.973694431038993,8.273363999999999,4.1000000000000005,4.955050958762008,35.584735398085066,8371.0,10.458643115014024,243,attack,1
1320.4937057906725,750.0,3977.0862776549397,3.0118176710835423,0.0,0.0,13.774035339559608,237.35037854900767,1.7688526555568878,1.0,5.300946115840496,2.9968274062779976,0.0,0.0,13.783969123976863,237.59812903015356,10.026960118964778,9.582003,6.9843342166029085,0.6965554997464174,9.138288666666668,4.416997,0.8711188773446644,0.45832255286469703,744.1138952164009,750.0,64.92396648569027,0.08725003914462487,0.0,0.0,-10.939377688658952,117.6699842151293,12.676085559884907,10.999,12.040457486600232,0.9498561231476537,9.0,4.899999999999999,4.687904688405888,34.63826094688338,8341.0,10.438674705731627,244,attack,1
1312.2012655147237,750.0,3911.728300172043,2.981042926092309,0.0,0.0,14.047447211642256,248.5506809469215,1.7660014602092966,1.0,5.213558302052007,2.9521823279999584,0.0,0.0,14.055119385246115,248.77526003352463,10.0317451175601,9.286102249999999,7.037963634480687,0.701569223699779,10.0,4.7130255000000005,0.8465974376497293,0.36690954789966357,744.0257970309077,750.0,65.40400173207053,0.0879055564915494,0.0,0.0,-10.856393726037792,115.86128473475281,12.681213868946216,11.949,11.967847218516303,0.9437461856725872,10.51820025,4.95,4.6387012161458445,34.531560273387115,8218.0,10.427234896073022,245,attack,1
1269.382612966601,750.0,3482.7242377033385,2.7436363174725265,0.0,0.0,13.853327401607181,241.3422727306692,1.7172151277013752,1.0,4.6432100017890825,2.70391864530356,0.0,0.0,13.841796677494665,241.1364816529607,9.912984097939681,8.899,6.972338997962473,0.703354199812709,10.435770999999999,5.100000000000001,0.7858903234826089,0.19851938685198212,743.9715127701376,750.0,65.69798415233217,0.08830712335706146,0.0,0.0,-10.806161478168791,114.7731258922591,12.508585279960707,11.564436,11.593672217815785,0.9268571911476949,11.0,5.434563999999998,4.537640987678907,34.5939448085541,8144.0,10.427093427834652,246,attack,1
1226.800479041916,750.0,3247.9441159464473,2.647491724557335,0.0,0.0,14.90871193882643,286.61410639671044,1.6677844311377246,1.0,4.33432800822358,2.5988538610273513,0.0,0.0,14.85012131426235,285.17859640080974,9.240292424387187,7.999,7.032325833160027,0.7610501389112054,10.841303875000001,5.25074,0.8125816064776273,0.09503493688490527,744.1202395209581,750.0,64.8892555249123,0.08720264827991511,0.0,0.0,-10.945424990570903,117.80232822421404,11.704121382155686,10.4063955,11.39173671121451,0.9733098572082955,12.0,6.1949705,4.334480845360527,33.32484905909025,8350.0,10.49546766852225,247,attack,1
1216.5399509803922,750.0,3152.5121710082108,2.591375785454186,0.0,0.0,15.232436057676466,303.60981740808705,1.6629901960784315,1.0,4.213528966655511,2.533706438313115,0.0,0.0,15.09886810585967,300.0757263394885,9.341141339615357,7.6653605,7.028598108858569,0.7524346172828585,11.431796875,5.3336395,0.8081961633778926,0.0005364016785778247,743.9833333333333,750.0,65.63408455639156,0.088219831837261,0.0,0.0,-10.817042264932896,115.00840336134456,11.780547248651962,9.999,11.175269047939134,0.9486205362164233,12.757988749999997,6.0,4.266631576796168,33.12498692399199,8160.0,10.486657547571957,248,attack,1
1206.021967049426,750.0,3082.420301669211,2.5558575099676317,0.0,0.0,16.0988591956993,341.1827490789405,1.658012980529206,1.0,4.1291699382881255,2.4904328173414982,0.0,0.0,15.850812615582953,334.04840564320483,9.25600726572568,7.28653725,7.102452706431235,0.767334391874464,11.394383999999999,4.626139,0.8351906043802605,-0.01933189369463406,743.8721917124313,750.0,66.23237538557233,0.08903730522995093,0.0,0.0,-10.715973559653872,112.83208933120083,11.67879268759361,9.999,10.973834050983507,0.9396377129496458,12.999999999999998,6.567310000000001,4.031275424633933,31.083272505877694,8012.0,10.438711690050653,249,attack,1
1200.14079242462,750.0,3107.054262560273,2.5889081365888367,0.0,0.0,16.1956927685777,340.924720159344,1.6583603289309743,1.0,4.172477908160248,2.5160261225314917,0.0,0.0,15.832093385603207,330.37374284848835,9.072115921422602,6.999,7.107710919168165,0.7834678239047018,10.899999999999999,5.0,0.844537300912249,-0.10685062625641573,743.8828806379267,750.0,66.1750786182158,0.08895900193517893,0.0,0.0,-10.725574885535211,113.0379566252236,11.444761373536007,8.999,10.915405101059719,0.9537468493051912,12.999999999999998,6.1000000000000005,4.007182533886906,31.053538259575426,8026.0,10.470531010283416,250,attack,1
1202.1488466930036,750.0,3107.6378155977627,2.58506908204136,0.0,0.0,16.81225987361247,369.2029428735028,1.6708296164139163,1.0,4.186775360447179,2.5058062888741524,0.0,0.0,16.28427471090874,353.0638045368535,8.993598815632033,6.999,7.076390606271356,0.7868252466378284,10.468548,4.51667,0.8865039481192848,-0.07323032514363881,743.7433414043584,750.0,66.91906850271343,0.08997602368628248,0.0,0.0,-10.602160171729661,110.40580030701062,11.39294129068434,8.899,10.83658947553997,0.951166972518389,13.268381999999997,5.899999999999999,3.9491608789724117,30.46542533461188,7847.0,10.398046798367227,251,attack,1
1221.445754404557,750.0,3114.4631628621114,2.5498170112191207,0.0,0.0,16.980429651769132,377.0616849350607,1.7080408001059744,1.0,4.212505304878098,2.4662790869028046,0.0,0.0,16.26621500653506,354.791522086564,8.85657457559827,6.652954,7.352607488765732,0.8301863690081395,10.502853,4.653954000000001,0.9559171904136559,0.020998715061987028,743.4963571333951,750.0,68.21534123019806,0.09174939537458843,0.0,0.0,-10.39344964755418,106.02379557624411,11.414708832693073,8.9974,11.077935188845613,0.9704965191155029,14.199544,6.179772000000001,3.5982450770842465,26.407179658235307,7549.0,10.259817515235527,252,attack,1
1198.0484465508162,750.0,2996.089903282845,2.500808637504263,0.0,0.0,18.148756186929607,430.83070644350767,1.685097419694576,1.0,4.07549143871951,2.4185494506651093,0.0,0.0,17.117925003033594,396.2153450277687,8.404182839415038,5.999,7.30002299048881,0.8686178216223719,9.666191000000001,3.9999999999999996,1.0523597625845627,0.16103850011057252,743.536598209584,750.0,68.00588599508139,0.09146272847743839,0.0,0.0,-10.426644488838111,106.71491529661809,10.904830958399156,7.4690175,10.852649194402863,0.9952148030358874,14.2447915,5.470017499999999,3.3659283340943067,23.92025781456568,7596.0,10.278353909281847,253,attack,1
1204.3170374317303,750.0,3033.7731713026164,2.519081833943243,0.0,0.0,18.013492420321164,422.73590879866566,1.7033435460237112,1.0,4.145906033974512,2.4339811212205102,0.0,0.0,16.78084320459394,381.52300363823724,8.560890960630177,5.999,7.37851888105434,0.8618867960106805,9.32451225,3.9999999999999996,1.0923565070526118,0.24742580701084638,743.4599706940189,750.0,68.40416051378199,0.09200785948156266,0.0,0.0,-10.36369624396173,105.40619983710654,11.127541776874915,7.999,10.943716681177426,0.9834801702493257,14.632413999999999,5.8999999999999995,3.3649537398717677,23.965140942691686,7507.0,10.24802653425836,254,attack,1
1171.3322451029633,750.0,2949.2342251722066,2.5178460146574047,0.0,0.0,19.08330666208974,473.53175742763955,1.6621044701155199,1.0,4.053164446487624,2.438573819734641,0.0,0.0,17.519074860084558,417.94432599402126,8.197929613887334,5.999,7.379326488937372,0.9001451386502216,9.344652125,3.9999999999999996,1.1922747089201728,0.4974619611079243,743.8352586639879,750.0,66.42995716437554,0.08930735185058482,0.0,0.0,-10.682989235894789,112.12625901424393,10.589534025489701,6.999,10.786922368322717,1.0186399460408635,13.999999999999998,5.0,3.2878389089768914,23.11253105232904,7964.0,10.371402038395749,255,attack,1
1141.0837702435047,750.0,2877.1362680331204,2.5214067039259933,0.0,0.0,20.274526389123764,535.3842358661121,1.622276593265758,1.0,3.9751561684541024,2.450356606854464,0.0,0.0,18.36247771763025,462.8025386961696,8.000920603451807,5.665651,7.325208724756362,0.9155457337741953,8.575483499999999,3.6666510000000003,1.28839986804733,0.7830573688146081,744.27985552837,750.0,64.00956378339505,0.08600201027603276,0.0,0.0,-11.100836641556196,121.2285741425165,10.224586322847491,6.999,10.590912511065902,1.0358279715825598,12.396009,5.0,3.2934381003580664,23.25979999330199,8583.0,10.508171067367098,256,attack,1
1118.2659980377193,750.0,2797.8347233351815,2.5019402613015957,0.0,0.0,21.499948902457017,600.5406622407188,1.5926087430502562,1.0,3.889016571508491,2.4419158744915728,0.0,0.0,19.177161337933743,506.98297680689205,7.656744199504231,4.999,7.13638735727361,0.9320394114427496,8.0,3.0,1.3898098882472705,1.145370630019407,744.6477706312003,750.0,61.932731613074914,0.08317050564802964,0.0,0.0,-11.484969623271637,129.9045272474723,9.74875106028562,5.999,10.307779866257281,1.0573436333038626,11.0,3.9999999999999996,3.2946226069927054,23.268959280611494,9173.0,10.620100338186306,257,attack,1
1115.1360846560847,750.0,2777.3003787412154,2.49054838862806,0.0,0.0,21.844004809708323,617.1992043413991,1.5924867724867724,1.0,3.8835927641504253,2.438697031113132,0.0,0.0,19.198532107610326,508.9406499342212,7.575372359583904,4.999,7.225528888569333,0.9538183135549806,7.939709583333332,3.0,1.472851041865467,1.3921106308266662,744.8046560846561,750.0,61.024967910516814,0.08193419229052266,0.0,0.0,-11.660953484035769,133.977836156846,9.661731226878308,5.999,10.361247714017802,1.0724007396514492,10.975,3.9999999999999996,3.199793912636173,21.898848313941432,9450.0,10.65309543312178,258,attack,1
1123.9675043327557,750.0,2857.0191706400988,2.541905490707377,0.0,0.0,21.649896605327353,605.8234088039129,1.6139514731369151,1.0,4.0156771834912925,2.4881028025497725,0.0,0.0,18.786959096926164,489.4631001412147,7.827257990477413,4.999,7.135192663391374,0.9115826605015446,7.0,2.9999999999999996,1.5321126547170578,1.5965759366186791,744.6819757365685,750.0,61.735987366617266,0.08290248640106256,0.0,0.0,-11.522678778080019,130.77212622281567,9.963578702556326,5.999,10.345854538125979,1.038367322322809,10.650186999999999,3.9999999999999996,3.3417700383274176,23.315586419203886,9232.0,10.616291618697293,259,attack,1
1131.7039261483706,750.0,2917.8368621565996,2.578268745684338,0.0,0.0,21.328973546437464,587.7387520324037,1.6347458569680793,1.0,4.126388643615445,2.5241774591608697,0.0,0.0,18.23526003235088,463.47386056565176,8.144712131766239,5.999,6.970405115636856,0.8558197027554458,7.0,2.9999999999999996,1.5501396686739284,1.7698037675011964,744.5394283172061,750.0,62.55169791359998,0.08401394947609174,0.0,0.0,-11.367858593008867,127.2282089906455,10.275613678901124,6.322052,10.200166503932957,0.9926576477740612,9.335398999999999,3.323052,3.587555456393041,26.238913375703437,8991.0,10.569227281016953,260,attack,1
1138.3972928045596,750.0,2850.702643216259,2.5041368784295486,0.0,0.0,21.346001913033497,601.1593876951122,1.6600569935882212,1.0,4.090459896791257,2.464047868591372,0.0,0.0,17.617148137982056,447.6862328181167,8.356172607770096,6.719237,6.793811024249117,0.8130290436954118,6.0,3.026236,1.5022557812163566,1.7830249127514062,744.1705058180954,750.0,64.61355737705682,0.086826280901881,0.0,0.0,-10.993683686086928,118.86108098973372,10.51765694870577,6.999,9.894920721132996,0.9407913539479528,9.681988,3.3014324999999998,3.536475531969156,25.814356703788352,8422.0,10.488341907996672,261,attack,1
1129.8375146541619,750.0,2854.782397860111,2.526719427203607,0.0,0.0,21.61359390108988,616.0593075446808,1.654630715123095,1.0,4.126751176645523,2.4940617498077304,0.0,0.0,17.535559081329787,445.8176549940204,8.195644725404245,6.999,6.460527739816317,0.7882879207526478,6.0985285000000005,3.0970569999999995,1.4455156677977268,1.868967418917208,744.2443141852286,750.0,64.20652022237762,0.08627075679129449,0.0,0.0,-11.065677222651196,120.44921239590144,10.24122491137163,7.999,9.526384241961392,0.9301996904084692,8.0,3.8251125000000004,3.7730105509091914,29.38697743932216,8530.0,10.569491821198628,262,attack,1
1132.23801023444,750.0,2905.9803472986628,2.5665808081261585,0.0,0.0,21.48976465810734,602.3363791226205,1.6679757229560872,1.0,4.23021962720338,2.5361398064633276,0.0,0.0,17.160235980553445,424.2308005681907,8.305541759080754,6.999,6.565604834323509,0.790508918595839,7.022496,3.5618019999999997,1.3829059662910077,1.7023194037924307,744.1573247649649,750.0,64.6859696208788,0.08692512654002196,0.0,0.0,-10.980969346104693,118.58168778009107,10.345089915506366,7.999,9.506201826885501,0.9189095410989666,8.501931500000001,4.000000000000001,3.645140081195837,28.229323337359027,8403.0,10.528291700292028,263,attack,1
1124.1519815779905,750.0,2713.864619928893,2.41414387414004,0.0,0.0,22.521441353145875,693.8614287081427,1.6681614349775784,1.0,4.044436036590824,2.4244871939778325,0.0,0.0,17.03984205356247,446.27641391273664,8.660842262285302,7.799269333333334,6.578676104476896,0.7595884909628878,7.048146624999999,3.800269333333334,1.3525964124075651,1.6714815595323511,744.0496909465519,750.0,65.27416762209963,0.08772823699323132,0.0,0.0,-10.878719833000034,116.34654520490832,10.730019370015757,8.999,9.320818889244409,0.8686674802555105,8.775287500000001,4.361033000000001,3.4128133108102365,25.46646911204694,8251.0,10.484761185014133,264,attack,1
1138.364422483014,750.0,2780.6585586216856,2.4426787272185475,0.0,0.0,22.30086637587694,684.0420598971916,1.69857936998147,1.0,4.173129931291498,2.4568354031857944,0.0,0.0,16.622137868512556,428.3078271914087,8.516043094738478,7.749493,6.6120699998050405,0.7764251456043263,7.224061750000001,3.750493,1.2856727376087367,1.4794054849125873,743.9350216182829,750.0,65.89484371958899,0.08857607426015224,0.0,0.0,-10.772770723265833,114.05258905605344,10.620800401358862,8.84559,9.437357926164399,0.8885731366307337,9.811375,4.846589999999999,3.4410902104208105,25.975167235019587,8095.0,10.468179352378835,265,attack,1
1142.486209908898,750.0,2828.5852449012923,2.475815655689047,0.0,0.0,22.360147049672793,687.4711558311162,1.7142144015974041,1.0,4.277669795201879,2.49541118731455,0.0,0.0,16.393520758787165,418.0709218691303,8.638667279281778,7.801818,6.650196380218926,0.7698173995157995,8.26375,4.197182000000001,1.1896509971381004,1.2554371954344825,743.8729564457756,750.0,66.22827782325797,0.08903170527894526,0.0,0.0,-10.716659653836016,112.84679413615659,10.776755642580806,8.999,9.41636990804394,0.8737666715609892,10.292263,5.0,3.3246775712335026,25.0155616596711,8013.0,10.449030365178299,266,attack,1
1148.163492680399,750.0,2536.162336592021,2.208886062621034,0.0,0.0,17.087466051599154,342.16056685854244,1.7376603186941313,1.0,4.007826294690806,2.3064498000982874,0.0,0.0,11.846756723867175,180.43102265782724,8.715272009205673,7.367378,6.643304148688252,0.7622601040645816,8.716496083333334,4.368378,1.1270840505811694,1.0572036503076303,743.6395906205468,750.0,67.46673820847606,0.09072504888043538,0.0,0.0,-10.513020194475395,108.52359360944745,10.949706043140305,9.557337,9.445772570942582,0.8626507902337802,10.029417,5.1187380000000005,3.263374208485991,24.319394124887907,7719.0,10.375656743700578,267,attack,1
1172.3148250971683,750.0,2645.561259409269,2.256698629730277,0.0,0.0,16.564305558591354,320.0798469854507,1.7938645197112715,1.0,4.222978717925348,2.3541235536589187,0.0,0.0,11.29533314327688,163.0650181019718,8.84785194413657,7.497172333333333,6.5609813576613885,0.7415338094586132,9.389559458333332,4.498172333333333,1.0313534260563246,0.7041509817052325,743.1848972792893,750.0,69.81445795291472,0.09393955421927581,0.0,0.0,-10.146462714590264,100.9507056185703,11.225313635896724,9.475838,9.52187944070344,0.84825063686898,10.080267,5.0060080000000005,3.4130334467834613,26.08599755710392,7204.0,10.270089067767172,268,attack,1
1180.1507620486063,750.0,2676.4924601789803,2.2679241892221436,0.0,0.0,16.521690477490772,318.7472399064138,1.8109295619936838,1.0,4.304372092877837,2.3768854312252095,0.0,0.0,11.158453824952064,158.71740164706216,8.628374364013615,7.3878645,6.75954298652303,0.7834086354337005,9.601128000000001,4.6111355000000005,0.9776513960173885,0.47734710505057176,743.2588219140464,750.0,69.4383690481851,0.09342421105660989,0.0,0.0,-10.203546735615776,102.11236598589541,11.033130468900177,8.999,9.772629067272023,0.8857530593713893,11.0,5.28026,3.260617001977057,24.464758737193858,7283.0,10.250427989425866,269,attack,1
1190.2035483427314,750.0,2715.7139510938277,2.2817222775677775,0.0,0.0,16.412542442304765,314.9816287603347,1.8338605418786962,1.0,4.403479818473406,2.4012075716304286,0.0,0.0,10.966957735287336,152.9389043162801,8.727865107805979,6.999,6.962945269478067,0.797783327706404,10.0,4.756616,1.0165733390466767,0.4901174814950755,743.2476963278779,750.0,69.49510519735632,0.09350194496492473,0.0,0.0,-10.194896326061071,101.93591109913349,11.191698602255537,8.999,9.961938055631894,0.8901185074465996,12.0,5.750914000000001,3.1669225837181574,23.345763453980563,7271.0,10.1998885604524,270,attack,1
1241.6318482841662,750.0,2881.846969875672,2.3210156648753406,0.0,0.0,15.630865976875258,285.73150961310586,1.9357314870559903,1.0,4.7055304119410515,2.430879718290673,0.0,0.0,10.340258188752024,135.53150130861783,8.988681171358357,6.999,7.118004731835051,0.7918853273510188,10.2214755,4.209789000000001,1.0065817735914313,0.374858041486235,742.6104756170981,750.0,72.6679539676854,0.09785473859266453,0.0,0.0,-9.732226003620378,92.71622298554462,11.718588525888018,9.899,10.269188590867556,0.8763161679567012,12.6766475,6.2488614999999985,3.1727610231954415,23.00668119438789,6644.0,9.905693710208661,271,attack,1
1243.3706150007338,750.0,2889.2851494389406,2.323752157708211,0.0,0.0,15.707601161932509,289.302855090249,1.9408483781006898,1.0,4.753102178210439,2.448981709154331,0.0,0.0,10.307300538283998,134.3792982181827,8.430497911823734,6.931707,7.116797072693855,0.844172805346714,9.499154,4.761363,1.0235453279667084,0.28149355300585466,742.793776603552,750.0,71.77021413229808,0.09662199171951823,0.0,0.0,-9.859069835053969,95.20125801247106,11.158829599882576,7.999,10.44958199508622,0.9364406814847482,13.001418,6.0,3.1311289632635164,22.40046082243613,6813.0,9.923670686064629,272,attack,1
1231.3725927993303,750.0,2855.1936302755,2.318708120492328,0.0,0.0,16.00706872829677,301.3611858416811,1.9201786212670946,1.0,4.735309586047544,2.4660776521523764,0.0,0.0,10.417017807338874,136.9743483925972,8.277183407867422,6.1796947499999995,7.137739921396521,0.8623392245497585,9.84392475,4.180694749999999,1.0928920307107357,0.43416426406614983,743.1487580240022,750.0,69.99755131471896,0.09419049760755731,0.0,0.0,-10.11888991463998,100.39193310460269,10.91565958037957,7.999,10.43019581557578,0.9555259339823688,13.628815249999997,6.0,3.1517200407700185,22.64840590041851,7166.0,9.994244216932593,273,attack,1
1195.1958370351567,750.0,2757.8735296394407,2.3074658095201497,0.0,0.0,16.64633949404269,327.1680641514961,1.8551846681050894,1.0,4.613391579302715,2.4867559864080246,0.0,0.0,10.753473649085258,145.63484852517837,7.643235079450512,5.6642155,7.034157772395352,0.9203115826317162,8.482249,3.7652155,1.2513479734954556,0.8355751692462481,743.7687523797437,750.0,66.78422220045805,0.08979164825999605,0.0,0.0,-10.624328342550058,110.87635273031258,10.114853343571518,6.899,10.38506748619642,1.0267145882838367,12.933143,5.0,3.20008360897997,22.835290895721524,7879.0,10.210637593082755,274,attack,1
1197.8659076533838,750.0,2757.7684632935116,2.3022347039627937,0.0,0.0,16.824323425573997,336.1320652425369,1.8662871600253004,1.0,4.667917951809527,2.5011788388161267,0.0,0.0,10.701736111298986,144.44642978830424,7.64505093007333,5.217933333333334,7.084498169087257,0.9266776943524304,8.0,3.2189333333333336,1.3337593755600614,1.0048318514795778,743.7892473118279,750.0,66.67525771908632,0.08964267493790916,0.0,0.0,-10.642305990225417,111.25867678958781,10.14398019873498,6.999,10.424073273699483,1.0276117529290358,12.90401,5.0,3.144625632667245,21.88804625622797,7905.0,10.198675481526719,275,attack,1
1214.302944214876,750.0,2818.187871082504,2.3208276686709683,0.0,0.0,16.545960435715013,326.67449574698895,1.9023760330578512,1.0,4.807264060034217,2.5269788814081573,0.0,0.0,10.448909148596975,137.50915341657637,7.77560469814931,4.999,6.866685946962154,0.8831063580941184,8.0,3.0,1.3441932506125025,1.0419502377700987,743.6601239669421,750.0,67.35871486120581,0.09057728482453915,0.0,0.0,-10.530489624029421,108.89121172179135,10.36044186118285,6.999,10.304915305076737,0.9946405223975869,12.68732575,4.2748395,3.2271469918012086,22.723912684669614,7744.0,10.15031181362747,276,attack,1
1223.2931758530183,750.0,2776.7808323107424,2.2699226049180377,0.0,0.0,16.48072837381613,330.4542038793102,1.9276902887139107,1.0,4.840082499528458,2.510819568820672,0.0,0.0,10.168605779422949,130.9523418876886,8.06925325735927,5.77261425,6.9650003546199715,0.8631530245091509,7.864664999999999,3.2263857500000004,1.3711434459430158,1.1240849973279152,743.5569553805774,750.0,67.89967151065775,0.09131737793496185,0.0,0.0,-10.443554364616466,107.0678277666998,10.780085173359579,6.7555945,10.39475498810642,0.9642553672761872,12.368467999999998,3.960625,3.115392344637446,21.291160493921797,7620.0,10.101581644232196,277,attack,1
1238.0378212811293,750.0,2832.882743390992,2.2882037161510196,0.0,0.0,16.30329199839595,324.6860957581648,1.96058063656945,1.0,4.973311805970609,2.5366525167119485,0.0,0.0,9.998922252546851,126.37668853136489,8.354030814773758,5.899,7.0727913706769145,0.8466321860064216,7.58738825,3.3500146666666666,1.3395290312395929,1.0466013112363441,743.4617126115328,750.0,68.39513354398183,0.09199550210021247,0.0,0.0,-10.36511500876285,105.43560914488093,11.165280886402984,6.999,10.535207879455733,0.9435685484890443,12.659799999999999,4.252476000000001,3.091735924327165,21.01862163678912,7509.0,10.021516864335455,278,attack,1
1250.392690299533,750.0,2791.9967166035535,2.232895904033738,0.0,0.0,16.178475565157896,327.1804861914306,1.9960153888430887,1.0,5.029848860669787,2.519944930677684,0.0,0.0,9.673986222222315,118.82815664682717,8.76282351093572,6.4029245,6.8941828156272,0.7867535854195264,7.2469033750000005,3.4039245,1.3090716540255969,1.0323661406130729,743.2541907117339,750.0,69.46199222002204,0.09345657661681776,0.0,0.0,-10.199943289551145,102.03884311005949,11.672144379637261,7.999,10.297257822168143,0.8822078863359771,11.414997750000001,4.313877,3.0861210841430857,21.057604333916302,7278.0,9.964723841205814,279,attack,1
1270.1047416843596,750.0,2873.269626204234,2.2622304538394404,0.0,0.0,15.840644951849258,315.24449306614486,2.0416135881104034,1.0,5.209275922928492,2.551548418988477,0.0,0.0,9.438849837764508,112.88068949860515,9.093432819045915,6.999,7.066036914450324,0.7770483441248641,7.864312,3.198827666666666,1.2692902770333394,0.9538463413101455,743.050813871196,750.0,70.49128454740841,0.09486738084594536,0.0,0.0,-10.045236546457927,98.906777274294,12.181900472186838,8.653712,10.532008783661087,0.8645620449540933,11.63832,4.654712,3.0118320471534927,20.18776184881368,7065.0,9.89101774164345,280,attack,1
1277.8884303401167,750.0,2911.9619958413004,2.2787294467219383,0.0,0.0,15.726165848886128,313.2325592091711,2.0633271666429485,1.0,5.32093421183728,2.5788126564991085,0.0,0.0,9.328559285875874,110.22934718420515,9.11126476104039,7.628015,6.9531346752362815,0.7631360582306602,7.370076125000001,3.6290150000000003,1.2085203956784314,0.9189658021373237,743.0132346662872,750.0,70.67976854172831,0.09512585408182268,0.0,0.0,-10.017385228342475,98.34800681301398,12.217389755514445,8.800941,10.463674205989397,0.856457427926985,11.099999999999998,4.801940999999999,3.0184595511475534,20.326073655684215,7027.0,9.90279554627474,281,attack,1
1268.1274082407538,750.0,2796.9240665566076,2.205554464307905,0.0,0.0,16.238014719703727,345.9147136793115,2.0554071157361835,1.0,5.265849966327058,2.5619498570437673,0.0,0.0,9.346959846326477,112.17479045968123,9.044831812128413,7.999,6.945489596476415,0.7678959366787845,7.365981999999999,3.728059,1.141840949651204,0.8365449003995287,743.0957671213613,750.0,70.26512439848581,0.0945572932956974,0.0,0.0,-10.078848366174439,99.58318438833724,12.061069573899593,8.999,10.316931291934281,0.8553910769456414,11.099999999999998,4.747259,2.892350701726463,19.148690526217166,7111.0,9.914863994405565,282,attack,1
1268.5523862529567,750.0,2842.856327032641,2.241023987531059,0.0,0.0,16.29936160905625,349.25320527355785,2.061360790315848,1.0,5.365296968608235,2.6027937437318522,0.0,0.0,9.374556828267915,112.76217376595737,9.118014104910772,7.999,6.935452263858349,0.7606318858536377,8.334965500000001,4.000000000000001,1.1064845193877098,0.7882559860294309,743.1687769583971,750.0,69.89619036680872,0.09405157015997935,0.0,0.0,-10.134136784844843,100.70072837394542,12.166683638235703,9.899,10.368699678658874,0.8522207026139494,11.923103500000002,5.653064999999999,2.9026751470740155,19.34628919953137,7187.0,9.969748511635627,283,attack,1
1272.992968426858,750.0,2846.8012435661353,2.23630555248405,0.0,0.0,16.482228533208435,360.63326617990964,2.073073211085068,1.0,5.426460480709366,2.617592302912014,0.0,0.0,9.397851734053301,113.53616967600446,9.03541334641017,7.999,6.956394472286921,0.7699032911483505,8.899999999999999,4.636310999999999,1.0440111859125785,0.7012803648248704,743.2309389218254,750.0,69.58047075553576,0.09361891050508915,0.0,0.0,-10.181906936685774,101.67122886732982,12.108487002619606,9.999,10.419218798643229,0.8604889113222062,11.656690000000001,5.749849999999999,2.7875143009386996,18.190621984400376,7253.0,9.976170604168447,284,attack,1
1283.5891710856824,750.0,2918.716757743733,2.2738714407157476,0.0,0.0,16.46659913173871,359.7380925407811,2.1010326542003908,1.0,5.580017630498905,2.6558452670134933,0.0,0.0,9.35095275478479,112.2660652148217,9.2001916369948,8.4328565,7.024643065483873,0.763532254832296,9.338375,4.8059695,0.9889072422224437,0.5275974100344447,743.1487580240022,750.0,69.99755131471896,0.09419049760755731,0.0,0.0,-10.11888991463998,100.39193310460273,12.362799738766396,10.999,10.486555389229133,0.848234672632133,12.682435,6.5928645,2.6839243076210493,17.067038698040538,7166.0,9.953458378499343,285,attack,1
1288.136874648679,750.0,2968.492466032942,2.304485279829099,0.0,0.0,16.341418501130995,356.7116667523284,2.119168071950534,1.0,5.707195756243371,2.693130305134471,0.0,0.0,9.263266347961505,110.10970686535411,9.484631853419714,8.645032,7.039555091697895,0.74220646625939,9.305284,4.646032,0.977817776913772,0.4649396775648862,743.1006183249016,750.0,70.24067270408462,0.09452377103711909,0.0,0.0,-10.082495075657496,99.65670695065769,12.661876409499719,10.999,10.359799463642819,0.8181883260106898,12.258042250000003,6.3548860000000005,2.563885391610289,15.588994241501503,7116.0,9.968552134681484,286,attack,1
1313.5803078710428,750.0,3049.284703386606,2.3213538488017296,0.0,0.0,16.18019992349405,351.21983792971446,2.1761545164101075,1.0,5.901004957456682,2.7116663421452594,0.0,0.0,9.1078228722423,106.43774663188088,9.444124335589622,7.999,7.155421493386777,0.7576585439924797,9.79665575,5.0,0.9218710774154271,0.26163073127307923,742.8701713621841,750.0,71.39258939202605,0.096103723294092,0.0,0.0,-9.913358637800252,96.27467948164887,12.71679307173976,11.724594499999998,10.525637977770185,0.8276959386215909,13.149496249999999,6.725594499999999,2.449470165994847,14.288624872375749,6886.0,9.859398071974336,287,attack,1
1325.184047267356,750.0,3108.553750856042,2.3457524690748794,510.0,0.0,16.04642657971352,347.8646375681038,2.208714918759232,1.0,6.054504845537503,2.7411889122108537,1.0,0.0,8.99690416402186,103.86746712872947,9.621680643095537,7.82746375,7.3099077455189985,0.7597329423695377,10.2195645,5.171536250000001,0.8579346936495094,0.07967958603578218,742.7480059084195,750.0,71.99547427315696,0.09693122526138961,0.0,0.0,-9.826951193244991,94.56896975441917,12.923112105760708,11.999,10.630142511330696,0.8225683120548123,12.74272475,6.813084999999999,2.418466454038397,14.229672354129367,6770.0,9.778858001589521,288,attack,1
1385.1583695827292,750.0,3299.578754531896,2.3820949481219786,750.0,0.0,15.421580840118216,321.1335236094432,2.339455453520219,1.0,6.441565015215212,2.753446322528808,1.0,0.0,8.608360665005211,94.9348852293102,10.09728053037581,8.312318,7.458138805811083,0.7386284637110601,11.556311833333334,5.587192,0.7231249343607504,-0.23123554062363105,742.0902207185436,750.0,75.15514641679688,0.10127494517314406,0.0,0.0,-9.396301851648824,86.29048848729914,13.766779956984049,12.999,10.829258974745528,0.7866225078473574,13.076822,7.000000000000001,2.2831296713125946,13.004583606269044,6207.0,9.519914479680171,289,attack,1
1390.3856082607292,750.0,3348.6980243004255,2.4084671219298666,750.0,0.0,15.366004033931745,320.8092291669834,2.3578573733462407,1.0,6.566072363569157,2.784762317599674,1.0,0.0,8.567774363405794,94.05444488590999,9.663541710619407,8.16817925,7.5109515462526995,0.7772462489605446,12.0,5.589574416666666,0.7205369519514909,-0.38070905325483606,742.0787350758309,750.0,75.20908746455584,0.10134920178903986,0.0,0.0,-9.389257255440786,86.15815180884746,13.377630049209422,12.551188,11.113274675315138,0.8307356859499863,14.999999999999998,7.097149499999999,2.2491737386606014,12.503328872306668,6198.0,9.547937885004377,290,attack,1
1416.991056641272,750.0,3453.175945352187,2.436977939393162,750.0,0.0,15.166555494426866,315.2639110253621,2.4176879761510435,1.0,6.783094144141889,2.8056118949396303,1.0,0.0,8.444281253900877,91.79348444653733,9.624531186786319,7.878708,7.526388370761546,0.7820005177077769,11.6858875,5.4227668,0.7581507143435914,-0.42797462105380646,741.8688307386552,750.0,76.1878487236273,0.10269719600939357,0.0,0.0,-9.263126250452167,83.80550793181597,13.470086441702549,11.899,11.29680755296364,0.838658875862105,15.6091535,7.8162020000000005,2.2858126217870063,12.545894110661521,6038.0,9.47055116277777,291,attack,1
1401.438482736262,750.0,3452.498058373222,2.4635387859710653,750.0,0.0,15.368786386562682,325.3704051561703,2.396498622142973,1.0,6.823958303879866,2.847470155345975,1.0,0.0,8.52394951329637,93.49168215674696,9.587905737093353,7.435809,7.683235119568368,0.801346543264786,12.0,4.658723999999999,0.8137007205856163,-0.39592575761286986,742.0414978116388,750.0,75.38369069576396,0.10158958888159042,0.0,0.0,-9.36652197718617,85.73173394911147,13.364658135678393,10.8277,11.405675525247242,0.8534206718538174,15.910741000000002,7.8286999999999995,2.1849846254632252,11.288589183188277,6169.0,9.535285283167816,292,attack,1
1376.9168726823239,750.0,3358.644896852249,2.439250301515581,750.0,0.0,15.940156275509041,356.44197644238614,2.349351050679852,1.0,6.732335276009744,2.8656148573715923,1.0,0.0,8.73910949426435,98.84155682188477,9.110493352556547,6.322146500000001,7.796654717600576,0.8557884206581098,10.75792675,4.4231465000000005,0.9132032227686154,-0.24732891497468357,742.4140914709518,750.0,73.61711723343777,0.09915910551694877,0.0,0.0,-9.60141077924271,90.18708895175813,12.761719730377008,9.899,11.572850430445351,0.9068409802871815,16.3888065,7.865426500000002,2.0809533933459754,9.897046644199815,6472.0,9.659235958227502,293,attack,1
1366.6824131187002,750.0,3365.346496537809,2.4624202845035947,678.0,0.0,16.078434443476322,364.3118584027335,2.332179930795848,1.0,6.766902197809337,2.9015352153811547,1.0,0.0,8.8257389955252,100.73572671223505,8.909131561632742,6.307244,7.766214928671458,0.8717140245314969,10.10428425,4.308244,0.9987480819690139,-0.09593801385933531,742.613810741688,750.0,72.6517229853613,0.09783244256230592,0.0,0.0,-9.734492072897927,92.76033591731262,12.479757021663909,9.618116,11.580909758134831,0.9279755798154766,17.331985500000002,7.619116,2.0740756533162004,9.308351914051507,6647.0,9.737366535058234,294,attack,1
1350.2608571019064,750.0,3341.0807074528507,2.4743964767103472,0.0,0.0,16.447894984789055,385.06325380670006,2.2956858248530887,1.0,6.732368189962878,2.9326173978504713,0.0,0.0,9.033993604945069,106.07332169351271,8.864431419898217,5.999,7.765129304460936,0.8759872953645229,9.745465,3.9999999999999996,1.0855197668462095,0.11663710956029094,742.9631646839616,750.0,70.9300926752157,0.095469191538436,0.0,0.0,-9.980620392101722,97.61278341123679,12.277312274043286,8.325818,11.561868352183184,0.9417263399439065,16.759659000000003,5.922699,2.1568658217680037,9.675196795220344,6977.0,9.821471329897292,295,attack,1
1384.0339135654262,750.0,3456.224760470344,2.4972110340610962,734.0,0.0,16.05443964566548,369.39315012315603,2.3739495798319328,1.0,6.994618468656289,2.946405655823357,1.0,0.0,8.799470754889898,100.68008804272733,9.209721468336681,6.781714,7.736994616395564,0.8400899683009525,9.789307,3.8922735,1.0725007397831228,0.08394700268333777,742.6326530612245,750.0,72.55995237649782,0.09770638562335852,0.0,0.0,-9.747323185282744,93.01030927835055,12.845566013505405,8.999,11.662856962167874,0.9079286152051167,16.5276185,6.0,2.189060166292148,9.883886826622271,6664.0,9.722478596446502,296,attack,1
1396.9477826547602,750.0,3547.7959752032934,2.539676872145543,750.0,0.0,16.045008580605124,372.8076191057082,2.4057817466323597,1.0,7.168231833709551,2.9795852611084617,1.0,0.0,8.78347999221247,101.29733355401534,9.42058129530561,6.542631,7.695872051326917,0.8169211442569754,9.374802749999999,3.643631,1.077852179945027,0.11581813150703457,742.569093385803,750.0,72.86903459180286,0.0981309823434082,0.0,0.0,-9.704234325771521,92.17216384948232,13.115479194036627,9.402558,11.708632321974548,0.8927338565942945,15.427308500000002,6.065016,2.260292118025245,10.31174362295585,6607.0,9.698636635436365,297,attack,1
1411.144078144078,750.0,3614.168604375453,2.5611620105643427,750.0,0.0,16.018854809336002,372.3861209360705,2.4394078144078146,1.0,7.319812970314098,3.000651603672525,1.0,0.0,8.748034329801284,100.50157346868528,9.908117222399913,6.999,7.7954523443851045,0.786774335568157,9.359431625,3.6393292500000003,1.0723402689836443,0.14099015484181754,742.5067155067155,750.0,73.17104681261645,0.09854597309962601,0.0,0.0,-9.66247527965562,91.36342852995601,13.745427206654458,9.723317999999999,11.818592563495825,0.8598199521782917,15.4810265,5.7243179999999985,2.2555907120610876,10.220046317197065,6552.0,9.6607959847222,298,attack,1
1417.6202686202687,750.0,3655.403476692525,2.578549106278108,750.0,0.0,16.08808465290073,376.83039485571106,2.4581807081807083,1.0,7.433368459423173,3.0239308423035283,1.0,0.0,8.752395477996918,100.61793937810691,9.764300461963234,6.999,7.742296767032425,0.7929187346489889,8.803499625,3.9999999999999996,1.0588478304985522,0.2156342221914458,742.5067155067155,750.0,73.17104681261645,0.09854597309962601,0.0,0.0,-9.66247527965562,91.36342852995601,13.585604819444443,9.7657175,11.861570766227349,0.8730984688477347,14.3169225,5.7748610000000005,2.252712886241347,9.920327191785505,6552.0,9.646009680060414,299,attack,1
1217.0536912751677,750.0,1129.9235246749627,0.9284089377281997,750.0,722.0,1.196100677064965,1.0623553411903917,1.8456375838926173,1.0,1.317027526758062,0.71358945995255,1.0,0.0,1.6517538959968476,2.1977082814279623,0.5744093381991051,0.559962,0.3076097231945603,0.5355235417289383,0.577114125,0.2859610833333333,0.08189547857190341,-1.4302925704089138,585.248322147651,750.0,302.99768324895126,0.517724992592988,0.0,0.0,-1.2953783675395827,-0.32199488491048545,0.7537837617449664,0.7724975000000001,0.1886255928963608,0.2502383342136521,0.31258675,0.17041800000000007,-0.36297464459647505,-0.6725473715399519,298.0,3.5507115414596,2,baseline,0
1521.6791208791208,750.0,1369.640855429176,0.9000851997219312,1500.0,694.0,1.4860263090904486,2.2735264296661306,2.320879120879121,2.0,1.6395869543859618,0.7064508184144058,2.0,1.0,1.7699229580779114,3.3676508407229413,0.7829637881493109,0.6686,0.5290766289158806,0.6757357580565219,0.6559545,0.330975,0.5941187988683737,-0.8396886312103691,642.0967032967033,750.0,257.41611989217097,0.40089930157019177,0.0,0.0,-1.9664402012020288,1.8668870649034792,1.3291646175824177,1.570754,0.6165305439870128,0.4638481462953805,1.166165,0.32501099999999994,-0.5803714201966642,-1.3113282592098492,455.0,4.166178036674282,3,baseline,0
1559.9149606299213,750.0,1363.5559991606674,0.8741220089395382,1500.0,666.0,1.7953714939798493,4.032305227209442,2.393700787401575,2.0,1.7048216953200783,0.7122116950843748,2.0,1.0,1.8190569807944799,4.415174309267018,1.0125629399387008,0.8479736666666667,0.7681169349808612,0.7585868538970644,0.9486779999999999,0.4703844666666668,1.0566399299779852,0.1256617205535,672.6834645669292,750.0,223.25924825481218,0.33189346849568474,0.0,0.0,-2.54129194453932,4.458164747380437,1.8109958850393701,1.843502,0.9805365610390826,0.5414350022213144,1.9171845,0.9527,-0.2653201787817346,-1.4911669722205132,635.0,4.503079857896653,4,baseline,0
1597.8699186991869,750.0,1445.082154392391,0.9043803487888556,1500.0,638.0,2.189471686037614,6.936188398893879,2.4905149051490514,2.0,1.8936613724236107,0.7603493432255847,3.0,1.0,1.9620184645329801,6.040764991279632,1.3803146554598444,0.99985625,1.014018982166829,0.7346288602789732,1.130155125,0.4437829285714286,1.1058350060495539,0.2601244460853085,683.4742547425474,750.0,208.82028946877094,0.3055276596298859,0.0,0.0,-2.8203605644995124,5.95443371378402,2.4877309295392953,2.485913,1.2160916581531076,0.4888356870565244,2.288915,1.1167715,-0.295887942844925,-1.2518067512958144,738.0,4.654874687914619,5,baseline,0
1708.2741738066095,750.0,1659.9157440478427,0.9716916461653179,1500.0,610.0,2.6232556174922403,9.928462326906024,2.6842105263157894,2.0,2.247404681828327,0.8372684108772199,3.0,1.0,2.2190129070290165,7.641850745936354,1.7606947301003357,1.2913810000000001,1.2718509999945267,0.7223574752916131,1.537864,0.6364670000000001,1.0465845614904472,0.13264165702217845,689.9069767441861,750.0,199.4391921029412,0.2890812802678646,0.0,0.0,-3.0175310436363154,7.105493599308879,3.2054201750305995,3.364038,1.4436969063495744,0.4503924064606577,2.3060080000000003,1.2076859999999998,-0.37668046926941845,-1.0668689022633369,817.0,4.815068744343725,6,baseline,0
1815.3226544622426,750.0,1854.7676530832227,1.0217289188365608,1500.0,582.0,2.9774033553023767,13.382656278361704,2.876430205949657,2.0,2.5731082589750627,0.8945491719746239,3.0,1.0,2.419715931280387,9.539782600335094,2.164039281012542,1.6756975,1.5582601334621544,0.7200701702295594,1.9313179166666665,0.8763652857142858,0.9472609536184319,-0.15885642004135114,693.8260869565217,750.0,193.3961134841521,0.27873860196362316,0.0,0.0,-3.1523496668561655,7.937308422128163,3.975555897025172,4.309029499999999,1.6450316092927768,0.41378656266000957,2.85316325,1.3561765000000006,-0.45861897538771085,-0.9229308284271482,874.0,4.80643739956541,7,baseline,0
1871.6185671039354,1500.0,2004.4377053050066,1.070964853916036,1500.0,750.0,3.3890643316112814,17.833881738134842,2.9646821392532794,2.0,2.8436847152438096,0.9591870499682149,3.0,1.0,2.6825729875076676,11.989824388453371,2.3703103940972223,1.70273225,1.8618851967541235,0.7855026925548533,2.367208202380952,1.01812125,0.9498865077754959,-0.12676168658406484,700.4581231079718,750.0,182.52352601804384,0.2605773564423477,0.0,0.0,-3.412799762340574,9.647202217831875,4.445217428859738,4.5784,2.1193596839754028,0.476773007820913,3.7079545000000005,1.9229260000000004,-0.5525685746192428,-0.8613356266638723,991.0,4.97008316025498,8,baseline,0
1925.3384030418251,1500.0,2132.3261712722347,1.1075072142660176,1500.0,750.0,3.6429579873330273,20.554877984050105,3.0722433460076046,2.0,3.0899858961039164,1.0057751122219432,3.0,1.0,2.7925881932968584,12.824400081982018,2.758865539007017,1.948289,2.124064461724722,0.7699050322290172,2.8482848125,1.1171342499999999,0.9590616329293635,-0.15795185305449655,703.3307984790874,750.0,177.53069911285576,0.25241422598975577,0.0,0.0,-3.5411430254016865,10.539693926351022,5.161009239543726,5.4617945,2.3549882934925375,0.4563038320971378,3.950561,2.0761890000000003,-0.5411377059272054,-0.927810158339319,1052.0,5.051854801828804,9,baseline,0
2035.5433364398882,1500.0,2323.1560008974693,1.1412952794022102,1500.0,750.0,3.6850478599580687,20.835584673674404,3.271202236719478,2.0,3.407693744076089,1.0417251815936306,3.0,1.0,2.770268768967365,12.384969155164967,3.2082579579636676,2.4143086666666664,2.3865203420572407,0.7438679723783816,3.3357350000000006,1.4090953333333336,0.9321369057612521,-0.24122755218756975,704.2441752096925,750.0,175.90369523225127,0.24977657100234446,0.0,0.0,-3.5842814421091647,10.847073456248163,6.055131917986952,6.439731,2.449303638328242,0.404500458702231,4.243867999999999,2.106171999999999,-0.5528087931864003,-0.9042508865508507,1073.0,5.032218502684937,10,baseline,0
2053.3873720136517,1500.0,2481.653406118574,1.2085656315714768,1500.0,750.0,4.027957618635253,24.160102781577656,3.304607508532423,2.0,3.684236219124039,1.1148786080075843,3.0,1.0,2.993674169636883,13.95079274148899,3.4520680983820466,2.772705833333333,2.71725254786749,0.7871375854784098,3.6314330178571432,1.7728133333333331,0.8805077348429244,-0.29511329406002007,708.1092150170648,750.0,168.790725133796,0.23836820868053285,0.0,0.0,-3.78112262701775,12.29688832054561,6.499884293515358,7.368748,2.972559457133893,0.457324980399956,5.509567999999998,2.1995575,-0.6313310874793616,-0.7705831452692307,1172.0,5.152975315802241,11,baseline,0
2086.0251968503935,1500.0,2630.709601464809,1.2611111339579277,1500.0,750.0,4.344680815246772,27.307106514637194,3.3566929133858268,2.0,3.9404442483306052,1.1739066843490191,3.0,1.0,3.204962188273359,15.46558851106536,3.7363577948000506,2.7917166666666664,3.0161117530221198,0.8072331180969047,4.054689857142858,1.7919143939393938,0.8882549684689224,-0.3266537622810284,711.3417322834646,750.0,162.53248176440073,0.2284872015629651,0.0,0.0,-3.9664900059880415,13.733042967603012,6.9725154574803145,8.0831575,3.3884068840124066,0.4859662061239644,5.52474575,2.4833784999999997,-0.5563386479978023,-0.9945754546892767,1270.0,5.330373886836598,12,baseline,0
2141.4992805755396,1500.0,2791.037682727046,1.303310119243626,1500.0,750.0,4.413201295839986,27.44731920093372,3.4287769784172664,2.0,4.194073321033363,1.2231980520848456,3.0,1.0,3.271174552897538,15.51956815361078,3.9292915014668965,2.6670142500000003,3.33950986061179,0.849901275933606,4.448597875,1.839532916666667,0.9149705219949413,-0.30827615514017825,714.6791366906475,750.0,155.73727853161733,0.2179121658045952,0.0,0.0,-4.182417206225022,15.492613686927118,7.3243175561151075,8.315321999999998,3.86504592620202,0.5277004849380232,6.20150875,3.040154499999998,-0.4682264325906994,-1.1692078109507302,1390.0,5.389021137109208,13,baseline,0
2181.3247106875424,1500.0,2960.0047810239803,1.3569757709713022,1500.0,750.0,4.490335123520374,27.67900889919789,3.4962559564329476,2.0,4.468574897192372,1.278102905758488,3.0,1.0,3.3232730773769856,15.48267251913872,4.286451293839009,3.14199375,3.6060803478473513,0.8412740751377331,4.9639714999999995,2.1421514423076924,0.9249019582743578,-0.3133836237913008,716.5786249149081,750.0,151.70116841625824,0.21170205632950936,0.0,0.0,-4.318735687203853,16.65147793592812,7.911243915588835,9.243491,4.139831338510693,0.5232845027509894,8.00263,3.303977999999999,-0.4039631315236346,-1.2666148421923797,1469.0,5.5538274918185335,14,baseline,0
2199.4146658014274,1500.0,2987.8079007748925,1.3584559324951981,1500.0,750.0,4.606888820219692,29.68828929717879,3.536015574302401,2.0,4.580893872035973,1.295495954635242,3.0,1.0,3.358287063511652,15.88221339579021,4.609483076177102,3.438849333333333,3.8712488134895553,0.8398444575048087,5.312539,2.296195666666667,0.9394803055518708,-0.2723677210832194,718.1401687216094,750.0,148.28266700430814,0.20648151080070087,0.0,0.0,-4.439361327538663,17.70792899644584,8.5202134256976,9.656809,4.411178417023853,0.5177309765174907,8.110958,3.8024510000000005,-0.3711545318708646,-1.2901155684229761,1541.0,5.564221510735389,15,baseline,0
2233.6296296296296,1500.0,3056.5079584164064,1.368404106872106,1500.0,750.0,4.730678319800317,31.11217337028745,3.59320987654321,2.0,4.734358607571635,1.3175847696729168,3.0,1.0,3.422956487301456,16.22081280421087,4.873962966830038,3.4964115,4.10180664266164,0.8415752582809224,5.7041445625,2.2649185,0.9724257018659929,-0.1516814555488497,719.6938271604938,750.0,144.78464241053138,0.2011753289336522,0.0,0.0,-4.568078791434575,18.867343844754387,9.076637390740741,10.2457005,4.727455355548101,0.5208377455257465,8.6904955,4.296826,-0.3521910522315856,-1.2825472633898065,1620.0,5.6230414639644675,16,baseline,0
2305.0602836879434,1500.0,3197.6095494730507,1.3872129818475236,1500.0,750.0,4.7858668324315445,31.455049540788607,3.701536643026005,2.0,4.964785926258507,1.3412769898178818,3.0,1.0,3.4699405517188016,16.383351511882843,5.160562436729036,3.7485435000000003,4.372035501476007,0.8472013574255236,5.62076445,2.53437575,0.9699246606393122,-0.15322180714959055,720.983451536643,750.0,141.8026371610112,0.19667946172521034,0.0,0.0,-4.682331135487827,19.92422486235872,9.667512238770685,10.649771000000001,5.016451053639036,0.5188978229084636,8.90078075,4.279586500000001,-0.3367768736601428,-1.2779748044152497,1692.0,5.716568971417158,17,baseline,0
2239.789090909091,1500.0,3216.391717951898,1.4360243698867294,1500.0,750.0,5.063814675975531,34.8877321032014,3.572987012987013,2.0,5.0187697216859695,1.4046425871249624,3.0,1.0,3.691086224600921,18.263182496423006,5.063692121330701,3.570592,4.6604395944727415,0.9203639326413101,6.20689375,2.710957125,1.0411531375633614,0.023262833834581276,724.4955844155844,750.0,133.28057937166042,0.18396327353626513,0.0,0.0,-5.0344256604713005,23.34544173081187,9.440276341818182,10.309317,5.749844577298988,0.6090758754411184,10.247891,5.027882999999999,-0.21099658300065294,-1.4055625552450906,1925.0,5.9339439087960555,18,baseline,0
2255.2361516034985,1500.0,3280.764662286112,1.4547322061831314,1500.0,750.0,5.280310984152831,38.37582653507778,3.5879494655004858,2.0,5.1444905355281,1.4338246915109467,3.0,1.0,3.8430696865212726,19.985381000645862,5.247876008361498,3.5577986,4.8879173417526385,0.9314086944822375,6.363280906249999,2.557899988888889,1.0894634304164086,0.12089509404761545,726.1438289601555,750.0,129.054401684272,0.17772567435996675,0.0,0.0,-5.224832699390888,25.298876736624266,9.790313663265305,10.401005000000001,6.086005595323313,0.6216354046100586,11.674687500000001,5.634532000000002,-0.13658838511943103,-1.4563708090624838,2058.0,5.991725386548279,19,baseline,0
2209.256298870547,1500.0,3204.145017900366,1.4503274335071228,1500.0,750.0,5.580163647551483,43.52026210345461,3.4939183318853173,2.0,5.08329468164469,1.4548979680649103,2.0,1.0,4.049571004246852,22.26949991111156,5.246093937229416,3.2675804,5.111614094230219,0.9743657195985669,6.45887325,2.4562566777777777,1.1647373472892981,0.31043358041721847,728.6724587315377,750.0,122.24410324948913,0.16776276059930942,0.0,0.0,-5.557281696251588,28.883379851492958,9.697572106429192,9.3282805,6.571852437448433,0.6776801827636318,13.610398,6.6871805,-0.003215515995505476,-1.5104165868717576,2302.0,6.138213876383373,20,baseline,0
2229.4518828451883,1500.0,3285.6072582121133,1.473728714888916,1500.0,750.0,5.677003393113081,44.92685548260135,3.528451882845188,2.0,5.238718313658453,1.4847073128950201,2.0,1.0,4.112757925951418,22.795546493413823,5.633632416079814,3.6082567,5.324865482995331,0.9451922116531452,6.828632000000001,2.60828295,1.179074724045463,0.339677908343881,729.4577405857741,750.0,120.03968875013703,0.16456016856266675,0.0,0.0,-5.672419582733809,30.17634392258195,10.322465386192468,9.749967,6.7290388515030815,0.6518829174766695,13.780790000000001,6.5174365000000005,0.036725984609653387,-1.5116484053458517,2390.0,6.177540094149085,21,baseline,0
2237.7238895558226,1500.0,3382.8821208506433,1.5117513544184977,1500.0,750.0,5.781100983508833,46.48178196004548,3.5418167266906764,2.0,5.405019681363491,1.5260585452183215,2.0,1.0,4.194005102864232,23.59596899774776,5.941743980081222,3.901577,5.5479919466354435,0.9337312353467649,7.054548428571428,2.73801,1.1953225516365713,0.39620014265384373,730.3537414965987,750.0,117.46754090502324,0.16083650186321433,0.0,0.0,-5.811881969549284,31.777972027972055,10.847403541016407,10.556537,6.946590788006702,0.6403920313040925,13.996800499999999,6.794601,0.06912846280787052,-1.491750880190448,2499.0,6.218392874097683,22,baseline,0
2229.2232716282583,1500.0,3400.220038827887,1.525293622268852,1500.0,750.0,6.015721428823548,50.9937497549373,3.5243672081601813,2.0,5.47095149690422,1.552321643510073,2.0,1.0,4.345204936632472,25.543629524240174,6.161367775017458,4.2076435,5.767575424838908,0.9360868617881792,7.34858525,2.8434350624999993,1.2261447016847975,0.4971284897639192,731.4522100491122,750.0,114.2255830909991,0.15616274244810827,0.0,0.0,-5.996068495028714,33.95283739707591,11.216517402720061,10.492162,7.230414520096824,0.6446220569624769,14.351193999999998,6.849724,0.10769681879324948,-1.4630272773784894,2647.0,6.264577722051273,23,baseline,0
2200.731847591661,1500.0,3411.8037570078623,1.5503041684708296,1500.0,750.0,6.213677216566655,54.77240742228072,3.483465132997843,2.0,5.536388331489377,1.5893336434014496,2.0,1.0,4.465448081306754,26.973549412402928,6.463910555648374,4.455427125,5.987434769786994,0.9262867606599197,7.4551609999999995,2.9098848333333334,1.2296327125452782,0.5332358022309851,732.352264557872,750.0,111.49090735562723,0.15223672097598462,0.0,0.0,-6.159287294391941,35.936819974858025,11.650172604601007,10.858554,7.485439134712558,0.642517444913763,14.561606,6.5958995,0.13577152467888703,-1.433263981450657,2782.0,6.390180923710497,24,baseline,0
2198.876997915219,1500.0,3430.8041082531704,1.5602528524814967,1500.0,750.0,6.376997232681937,58.66308091463058,3.485753995830438,2.0,5.6178669826692165,1.611664790283294,2.0,1.0,4.55436210035272,28.295608897445998,6.839619426378988,4.7493681,6.210407328333452,0.908004808627393,7.538307324999998,3.0287661,1.222589341493397,0.5373634586505207,732.9409312022237,750.0,109.66146015691739,0.14961841464774328,0.0,0.0,-6.272776793416208,37.34772870002094,12.242159604933983,11.5740065,7.680367167869053,0.627370285613138,14.699641249999999,7.005482,0.14619977592151592,-1.4045477231947,2878.0,6.42908169057564,25,baseline,0
2173.467369808833,1500.0,3408.4356809911196,1.5682019101537779,1500.0,750.0,6.6034437755631314,63.53365297049291,3.445286750164799,2.0,5.637986148001064,1.6364345138271525,2.0,1.0,4.689819675427312,30.03100037956694,7.0451682035133185,4.737686500000001,6.431899949941872,0.9129519358720749,7.108901625,3.1189111666666673,1.2391149617721482,0.6198381344838477,733.8180619644035,750.0,106.87143745226243,0.14563751288183285,0.0,0.0,-6.452950763732874,39.64057355916068,12.586221666446933,11.426252,7.993360866308129,0.6350882002672245,14.45306575,7.0883,0.16065247992438975,-1.3639206152198484,3034.0,6.516389877385809,26,baseline,0
2177.7665369649803,1500.0,3468.5329750014926,1.5927019338975492,1500.0,750.0,6.794112437171279,67.24393863959905,3.4636835278858626,2.0,5.776111763640926,1.6676211083194734,2.0,1.0,4.784335231089539,31.201399731924596,7.5332223556719216,5.233813833333333,6.640259179887929,0.881463318932613,7.352722083333333,3.2792908333333344,1.227053933870312,0.595672513095904,734.0804150453956,750.0,106.02125801978356,0.14442730775377952,0.0,0.0,-6.5096457350280374,40.37548759556873,13.373524150453958,11.807824499999999,8.099614025419966,0.605645447998464,15.091446000000001,7.090492499999998,0.16176598512088752,-1.3486588377648627,3084.0,6.549531487256236,27,baseline,0
2171.8477157360408,1500.0,3481.1101622300143,1.6028334477632855,1500.0,750.0,7.022734815836513,72.69959411222442,3.4647842639593907,2.0,5.858529159511696,1.6908784828111774,2.0,1.0,4.891775697421264,32.79479369688236,7.974731389514017,5.567107166666666,6.873402252240431,0.8618976510328956,8.003999875,3.3365846874999994,1.2041640625965122,0.5524533332510808,734.4238578680203,750.0,104.89689421319254,0.14282882165307195,0.0,0.0,-6.585969212129017,41.3749904631113,14.07330592036802,12.3877565,8.262966796015212,0.5871375810893432,15.113598499999998,6.956571500000001,0.15503286625590573,-1.320029464980668,3152.0,6.5851577023660335,28,baseline,0
2152.3703927492447,1500.0,3455.4664288713543,1.6054236949699219,1500.0,750.0,7.29611537294399,79.58111078094046,3.4317220543806646,2.0,5.871948501967238,1.711079279999257,2.0,1.0,5.047489252638772,35.12738433401155,8.153133655211342,5.7206019999999995,7.136331694712117,0.8752869751068901,8.515977750000001,3.5794277499999994,1.2001022035525408,0.5767649116107307,735.1673716012085,750.0,102.41655549134063,0.13931052906806163,0.0,0.0,-6.759988557328063,43.69744529520633,14.37541819123867,12.4361455,8.644910940528918,0.601367614181666,15.499228000000002,6.8802175000000005,0.1406829925778028,-1.2678147820200858,3310.0,6.653088414582642,29,baseline,0
2137.016919988529,1500.0,3494.343836176738,1.6351502898701873,1500.0,750.0,7.408087904950726,81.8921380090865,3.4017780326928593,2.0,5.945940118549347,1.7478918557900498,2.0,1.0,5.148575710796184,36.3501464434961,8.34339993483743,5.910621,7.391639600732078,0.8859265597312042,9.520808625,3.832649000000001,1.1938491122775006,0.5838184344458686,735.920275308288,750.0,99.83647920485633,0.13566208535704952,0.0,0.0,-6.949769825044328,46.29930062109666,14.621549526813881,12.74521,9.031605236267362,0.6176913889806726,16.129706000000002,7.283633,0.14233099999625298,-1.2427273736601105,3487.0,6.765959295604667,30,baseline,0
1455.2406864796985,750.0,2615.293398275722,1.797155221520263,750.0,0.0,10.099668097567339,153.7719274610703,2.218361936654109,1.0,4.4625984500767135,2.0116638211019437,1.0,0.0,7.26654288656434,72.25430633300282,4.833705614083453,0.999,6.615712527615918,1.3686626898296044,5.176846500000001,0.09999999999999998,2.0703930581313994,3.735711494652681,743.1529636280983,750.0,69.96004419403964,0.09413949431418843,0.0,0.0,-10.119847302776286,100.4128306031976,8.104533960792521,0.999,9.655708365869312,1.1913958794646233,12.5784255,0.2993229999999999,1.0741863308885133,-0.2902447384287643,7167.0,9.802481276430408,31,baseline,0
1418.0847651775487,750.0,2603.3101720298564,1.8357930611460407,750.0,0.0,10.487240608143694,164.84057690293218,2.1528573246786307,1.0,4.43488976334995,2.060001706807009,1.0,0.0,7.582771018078832,78.32644247261183,4.8211781516616465,1.999,6.089923525771979,1.2631608569936483,3.560075666666667,1.0,2.2491709265496875,4.667453751388713,743.7541762122947,750.0,66.84658499168688,0.0898772566657917,0.0,0.0,-10.60931937128171,110.55922303801492,7.851318243858979,1.999,9.213899569390701,1.173548095136442,10.757608,1.0,1.2561267235955487,0.19939460841841594,7857.0,9.993825375313635,32,baseline,0
1421.048678720445,750.0,2638.2978938593697,1.8565851637362434,146.0,0.0,10.572579211327401,169.1310304649306,2.1634846377544568,1.0,4.524523508677682,2.0913129817153755,1.0,0.0,7.616768277430856,79.19220423414689,5.243543530057185,2.999,5.986295946991249,1.1416508536024235,3.4022799999999997,1.0827825,2.272786100638541,4.866333920439057,743.7951547335794,750.0,66.62928351362802,0.08958015266648789,0.0,0.0,-10.645283044352352,111.32353551866969,8.307821376533065,2.999,9.08450291549552,1.0934879920692966,11.537913999999999,1.5958520000000003,1.288262237435975,0.3425017158700201,7909.0,9.994062864927786,33,baseline,0
1440.8358132375577,750.0,2725.8977360022595,1.8918864390781405,750.0,0.0,10.560163321922671,168.65491772296414,2.202283222165213,1.0,4.6864213225606095,2.1279830293367414,1.0,0.0,7.583966840478442,78.39694890089555,5.692018803230089,3.999,5.833849300327839,1.0249174329883213,3.3239885048076925,1.64192725,2.209255946983686,4.719661838775223,743.7051353635349,750.0,67.10706486245412,0.09023342944869021,0.0,0.0,-10.566933814851426,109.66147143405509,8.906392602103644,3.999,9.036483959100496,1.0146065149840942,11.301027249999999,2.0,1.2841664525881977,0.4077821161686823,7796.0,9.980621341268543,34,baseline,0
1473.9287322824216,750.0,2838.3667949156134,1.9257150856407552,750.0,0.0,10.293191572059511,160.046367397483,2.2644058815737185,1.0,4.891107877000472,2.159996101759481,1.0,0.0,7.407646242810878,74.37050899571705,6.072222652454886,4.899,5.7272179237834235,0.9431831228171478,3.5395134285714285,1.9,2.0787325301409423,4.249286293509227,743.4990897564484,750.0,68.18708659354066,0.09171105591518214,0.0,0.0,-10.39363579001595,106.02892985303848,9.508556296198172,4.999,9.079139388403274,0.9548388951573444,12.271792999999999,2.9999999999999996,1.2469153776850073,0.39429695571751466,7549.0,9.930484819220123,35,baseline,0
1491.405384006334,750.0,2895.359364600448,1.9413630899083245,750.0,0.0,10.348028957455162,163.55248523724148,2.295328582739509,1.0,5.005922259796967,2.1809174936611138,1.0,0.0,7.431917754970032,75.31230586831823,6.367216813886706,4.999,5.7125561189040015,0.8971825973390902,3.6521561041666666,1.9999999999999996,1.9514090141441998,3.8461960172364114,743.5238922612241,750.0,68.05844609535609,0.09153498200088095,0.0,0.0,-10.414120430287849,106.45510634640765,9.94864466165215,5.999,9.179588350594598,0.922697378666871,12.010578249999998,3.9999999999999996,1.2240777475187283,0.4183706937634155,7578.0,9.904314478290535,36,baseline,0
1540.3342072581759,750.0,3009.40339604565,1.9537340545091477,750.0,0.0,10.147470670391964,158.0805513455416,2.383744997930178,1.0,5.227352211591062,2.1929158597626874,1.0,0.0,7.26587320792249,71.96057834909215,6.829306169425568,5.899,5.914477717762821,0.8660437196741327,4.367324999999999,2.9,1.7627561163677963,3.1372479531742483,743.2280272545208,750.0,69.58170139386615,0.09362093306801209,0.0,0.0,-10.177736906732639,101.58741926699585,10.72338205616117,6.999,9.430345257414855,0.879418937796458,13.222994000000002,4.47853,1.1228085825284448,0.24381624832337945,7247.0,9.724212913794915,37,baseline,0
1492.711093990755,750.0,2950.5904790193254,1.9766654719038348,750.0,0.0,10.567300044792095,172.09151524317014,2.305855161787365,1.0,5.156929369240995,2.2364498233460783,1.0,0.0,7.552871234124484,77.62218047021638,6.5383621140964365,5.243394892857143,5.763995256246268,0.8815656208179927,6.0,2.7556051071428564,1.6246189149772627,2.7062122085848888,743.6983821263482,750.0,67.14419291701633,0.09028417236170494,0.0,0.0,-10.561326211291789,109.54272270391009,10.197366471237803,6.999,9.405630360470589,0.9223587665501336,12.704861499999998,5.0,1.195915524841182,0.5753290967588445,7788.0,9.914530453990025,38,baseline,0
1561.7181594083813,750.0,3115.184668528024,1.9947162999680654,750.0,0.0,10.211339328767375,160.60793192303288,2.427964941112024,1.0,5.451984196999884,2.2454954372211153,1.0,0.0,7.2931004035536455,72.18354774669635,7.084413338141583,5.85077875,5.967459262383114,0.8423364049433805,6.480940416666668,3.1482212500000006,1.4837105615060762,2.088994942787603,743.2788979485775,750.0,69.32300420151422,0.09326647694807853,0.0,0.0,-10.217376029890978,102.3957646709175,11.117303335250616,7.999,9.656987262849539,0.8686447577830566,14.248780749999996,5.6697595,1.0921444016898534,0.3489606843582602,7302.0,9.698610396403513,39,baseline,0
1503.6250314149283,750.0,3039.62023942735,2.02152809106073,750.0,0.0,10.671835080171638,176.24039700580173,2.3303593867805983,1.0,5.34554286262152,2.293870590495662,1.0,0.0,7.623341303949792,78.82519516043733,6.829624334900423,4.999,6.202835339924055,0.9082249675471342,7.899999999999999,3.7279610689655174,1.502639509216127,2.0707861354325505,743.8328788640362,750.0,66.43065111344896,0.08930857051506014,0.0,0.0,-10.67900558653667,112.04218748504395,10.665939106056797,7.899,9.943010119647864,0.9322207843847141,13.821866999999997,5.9,1.1241516462301746,0.41279383568416783,7958.0,9.944581371461563,40,baseline,0
1537.7938144329896,750.0,3121.1846447067965,2.0296509294112552,750.0,0.0,10.577531503423156,174.3457208774027,2.392783505154639,1.0,5.515988894950067,2.3052603309356163,1.0,0.0,7.534737420665581,77.08034007488382,7.144851670267006,5.0771421,6.261532641974219,0.876369857758044,8.0,3.0781420999999995,1.4404979402355484,1.8044483198806578,743.6754651747548,750.0,67.26600873674003,0.09045075693190084,0.0,0.0,-10.541792713582721,109.13034852671342,11.189733100773195,7.999,10.08541866481717,0.9013100289336019,14.632878,6.0,1.0961503022943826,0.38461301541100434,7760.0,9.841086562332272,41,baseline,0
1555.2329087600729,750.0,3193.6334509059507,2.053475998943535,750.0,0.0,10.608152519926314,176.01242252198128,2.4276059266961267,1.0,5.660359018562682,2.3316630414830963,1.0,0.0,7.529874040566476,77.10070467972393,7.4268500376174424,5.3460055,6.35713871166035,0.8559670222854993,7.7791109999999986,3.3470055000000003,1.3775408478614688,1.5334394862522398,743.6211581071211,750.0,67.5519021770071,0.090841823743907,0.0,0.0,-10.495652556765,108.15962599901022,11.636435937093838,8.340993000000001,10.287754443814215,0.8840984043077669,15.528361499999997,5.341993,1.081730773986403,0.3764074857510269,7694.0,9.79950412734771,42,baseline,0
1583.6481262327416,750.0,3304.362486988318,2.086550940358762,750.0,0.0,10.529664600377624,172.75252105386954,2.478369493754109,1.0,5.8466901663768,2.359087368171454,1.0,0.0,7.479351003807269,75.94714814851535,7.625749133628509,5.999,6.443352519054876,0.8449468250457617,7.783164,3.8999454,1.3338986369160957,1.3852513778894657,743.5464550555785,750.0,67.94302179996578,0.091376969573323,0.0,0.0,-10.433113085873174,106.85070167327336,11.991126850361601,8.735371,10.443849042324395,0.8709647702550535,14.572223,5.736371,1.0673873188782925,0.392901577445151,7605.0,9.745855033271608,43,baseline,0
1597.7065217391305,750.0,3362.142903340569,2.1043557484392186,750.0,0.0,10.62491108381215,176.38165185411708,2.4998706004140785,1.0,5.946361344029922,2.378667657055916,1.0,0.0,7.546762849245899,77.53944768262355,7.670219573404216,5.899,6.5687312398843725,0.8563941588661746,8.305093000000001,3.9,1.291339789881117,1.2063636932748665,743.6491212591757,750.0,67.40550858834669,0.0906415494369348,0.0,0.0,-10.519432101748086,108.6592802180509,12.120122945134577,7.999,10.722934280592035,0.8847215765989057,15.728086750000001,6.0,1.0659992940941343,0.3957588445733946,7728.0,9.739520027504412,44,baseline,0
1571.5979650080656,750.0,3357.388780721867,2.1362898498692298,750.0,0.0,10.80375956130729,183.0709539397279,2.4581213550068246,1.0,5.952375578609498,2.4215141235746565,1.0,0.0,7.689298082016831,80.46005394876546,7.564960643546397,5.999,6.656320801500081,0.8798883583325092,8.38789175,3.9999999999999996,1.318469800408946,1.2513029370005562,743.9099198963202,750.0,66.0192645477508,0.08874631562508535,0.0,0.0,-10.748289368607878,113.52655055450006,11.907430133391241,7.999,10.865159826422602,0.9124689126627022,15.693812500000002,6.0,1.108441304508262,0.5059886414312644,8059.0,9.850370070020805,45,baseline,0
1565.7471542746428,750.0,3378.3698915675586,2.1576727010771046,750.0,0.0,10.907999812722945,187.43765417040376,2.449624606442238,1.0,6.003727991717507,2.450876749004062,1.0,0.0,7.77196586785003,82.22425129018633,7.72218484249139,5.801281666666666,6.757450216687028,0.875069731496726,7.9827685,3.802281666666666,1.3482083348947205,1.3238784856802202,744.056635462845,750.0,65.2260927023893,0.08766280628868393,0.0,0.0,-10.88356285049082,116.45275095077555,12.060341063453622,7.999,10.941378364928234,0.9072196472190845,14.802818499999999,6.0,1.1234780079111164,0.5539104745330778,8258.0,9.916645635726763,46,baseline,0
1569.0773888821607,750.0,3428.0781642417674,2.184773159394001,750.0,0.0,10.991211512533505,190.17377048047268,2.46215332445198,1.0,6.114490627160565,2.483391495743472,1.0,0.0,7.802340727310437,82.67805391311471,8.00911952086918,5.999,6.837399545085623,0.8537017742424203,7.899999999999999,3.4460666666666664,1.3860227301210535,1.447765602450752,744.0558752212822,750.0,65.23044387781536,0.08766874377332996,0.0,0.0,-10.882882533599423,116.43790935323076,12.419911272496062,7.999,11.042267091608315,0.8890777759468744,14.766287,5.672896,1.146702641187177,0.631022051238086,8257.0,9.896361273793286,47,baseline,0
1609.3062420382166,750.0,3586.7399213510403,2.228749151440789,750.0,0.0,10.786238130594224,182.30026813711422,2.5434394904458597,1.0,6.400693504760246,2.5165503361899195,1.0,0.0,7.628936979681973,78.8411147070528,8.13776576166411,6.0977785,6.555829304763373,0.805605555230771,8.0,3.1987785000000004,1.304119526908457,1.2669016057780373,743.7476486199574,750.0,66.88610595917656,0.0899311830878194,0.0,0.0,-10.604341768705227,110.45277391798022,12.771642575796177,8.999,11.099946413671404,0.8691087577652039,14.6784305,6.0,1.2134954997763896,0.9040131999248908,7850.0,9.838459214308354,48,baseline,0
1610.5029652996845,750.0,3634.211979309824,2.2565695671560375,750.0,0.0,10.87409519727437,185.02616183264226,2.549652996845426,1.0,6.497286126447437,2.5483021158119343,1.0,0.0,7.679466981662036,79.73539263097538,8.191819713920058,6.470988,6.685156686849753,0.8160771257563093,7.535495399999999,3.5280120000000004,1.2769377561547264,1.2321338336284846,743.8067804030129,750.0,66.57201803119082,0.08950176280339964,0.0,0.0,-10.656212062975738,111.55554339854606,12.76510123154574,8.724393,11.210192957047278,0.8781906820561753,14.860707,5.725392999999999,1.228101620266819,1.0053561415089964,7925.0,9.805850816466275,49,baseline,0
1665.0922155688622,750.0,3812.466046620308,2.289642586142184,750.0,0.0,10.598829920068502,175.17819215421324,2.653226879574185,1.0,6.811327784950203,2.567186333512251,1.0,0.0,7.475525539261662,75.41154424340678,8.176540610997721,6.3816145,6.580231083907868,0.8047695715052448,8.0,3.776364944444445,1.1963407677258409,0.9788096510486963,743.4688542914171,750.0,68.34816579555124,0.09193144460730947,0.0,0.0,-10.369461641158352,105.52636227024479,12.916528017831006,8.999,11.38822901825034,0.8816788073799028,14.990605500000001,6.0,1.2915412502693975,1.2623079589088748,7515.0,9.687643956400198,50,baseline,0
1665.417050994861,750.0,3850.762112921816,2.312190877727298,750.0,0.0,10.745855483073887,180.27196926221703,2.6581894847806034,1.0,6.898959643244379,2.59536036943348,1.0,0.0,7.549481257758439,76.93558419454848,8.294665993393982,6.899,6.70313662811709,0.8081261660753531,8.899999999999999,4.0,1.191738354233373,0.9915976095673451,743.5325018925741,750.0,68.01753199941201,0.09147889544341561,0.0,0.0,-10.421795666153246,106.61443437939656,13.122054595203585,8.999,11.612937571585437,0.8849938466061736,15.542533,6.1000000000000005,1.298701341439035,1.2954159979250228,7589.0,9.720838236897535,51,baseline,0
1700.6174386920982,750.0,3959.913446639081,2.3285151360582015,750.0,0.0,10.631756411011608,177.21163927104914,2.729019073569482,1.0,7.121024814282757,2.6093715808913904,1.0,0.0,7.441476209614265,74.79772514980712,8.462014708354374,6.999,6.7373870884592355,0.7961918432743388,8.527840249999999,4.000000000000001,1.1754850089201736,0.8980235049697125,743.3130632990986,750.0,69.15138233156227,0.09303130234876114,0.0,0.0,-10.244620142023384,102.95280964137125,13.551272581607629,9.725184500000001,11.861879148611449,0.8753332262470244,16.483172500000002,6.449483000000001,1.297764118207356,1.2916224749681477,7340.0,9.651418895517198,52,baseline,0
1686.91732547233,750.0,4001.5752043126436,2.372122891791522,750.0,0.0,10.683311872784422,179.10066153714146,2.7120460940640494,1.0,7.20229119097461,2.6556669544586717,1.0,0.0,7.4896506805381575,75.69420035807303,8.314661484733055,6.899,6.732207521299513,0.8096790871956531,8.563609,4.0,1.1336555676474722,0.7815265250934003,743.4232376579806,750.0,68.58480565150016,0.0922553966265086,0.0,0.0,-10.332515366913242,104.76142975217553,13.283393190539996,9.494751,11.966506331800527,0.9008621637672133,16.358021,6.495751,1.3662869520848013,1.5863436372501178,7463.0,9.749608211025574,53,baseline,0
1699.5677863213275,750.0,4050.617001982199,2.383321827221531,750.0,0.0,10.779175645686994,182.96381557254375,2.7409955483609876,1.0,7.326064037350088,2.6727748761689156,1.0,0.0,7.5112946123943996,76.18879335157514,8.350448314223039,6.856523,6.779349582663769,0.8118545648760833,8.858341333333332,4.282212666666666,1.0926391666151525,0.6169296802873832,743.3788439728005,750.0,68.81392906232138,0.092569124908859,0.0,0.0,-10.29687186557737,104.02610260178632,13.442227604748412,9.999,12.227666761919249,0.9096458653623656,16.271246,7.0,1.3801303264757985,1.638457981510883,7413.0,9.739869432466213,54,baseline,0
1696.2099140779908,750.0,4053.0558568245983,2.389477754601923,750.0,0.0,10.912001763784255,188.96634195884218,2.7357567746199605,1.0,7.360554537003061,2.6905003417292304,1.0,0.0,7.5955218318898305,78.07293320026425,8.433432624702577,6.729319333333333,6.948075286575813,0.823872745034333,9.09061125,4.269680666666668,1.1189959639761875,0.6550304349668452,743.5118476236255,750.0,68.12576467905461,0.09162700620951057,0.0,0.0,-10.404837857350344,106.2611747120865,13.558479977924653,9.999,12.435872635237244,0.9172025666213918,15.577969,7.0,1.3849917581552686,1.6590662371186866,7565.0,9.784774187822354,55,baseline,0
1657.7307547406756,750.0,4004.5573952093105,2.415686252883543,750.0,0.0,11.209789729283074,200.2845899600695,2.669094562350873,1.0,7.295067946707526,2.733162042892257,1.0,0.0,7.8025335624493595,82.43671849105257,8.06084531513311,5.999,6.905959902783152,0.8567289946400756,9.34285375,3.9999999999999996,1.1347651904334861,0.6428093313136407,743.8361035862291,750.0,66.41680118454703,0.08928956374170895,0.0,0.0,-10.68237611073473,112.11369114325771,12.958572088408891,8.999,12.533110564858069,0.967167561313998,15.6484915,6.599080000000001,1.471472034289872,1.9773851455985394,7963.0,9.935840189071893,56,baseline,0
1657.3190964078508,750.0,4038.8483024787183,2.436976868988418,750.0,0.0,11.302442161928886,203.7696916444738,2.668929761757808,1.0,7.3633883281262325,2.7589292283497806,1.0,0.0,7.869811493412664,83.84509128785673,8.152711875911336,5.999,6.978015032129959,0.8559133621228254,9.361176,3.9999999999999996,1.1583286426393253,0.6842423988817781,743.9410772332633,750.0,65.85379703461076,0.08852017861350363,0.0,0.0,-10.776938085901465,114.14291684528516,13.148228140723367,8.999,12.739455775077785,0.9689104599288545,16.445316000000002,6.899999999999999,1.4765081232394777,1.9813577730223155,8101.0,9.955194585970196,57,baseline,0
1687.7658988482724,750.0,4166.3080797394005,2.4685343403267477,750.0,0.0,11.199018396693624,198.75451232408614,2.7243365047571357,1.0,7.573153412009898,2.779815708810544,1.0,0.0,7.8060394573578105,82.3033490454724,8.48964959331256,5.999,7.089230465857787,0.8350439423839228,9.450646916666665,3.9999999999999996,1.1681032258966781,0.6928783715886899,743.8553390430474,750.0,66.31427151884819,0.0891494192999407,0.0,0.0,-10.699564277497133,112.48117358540927,13.705132073860792,9.488714,12.977906111894361,0.9469376903449593,16.224818499999998,6.589714,1.4626693906720716,1.912901003734084,7988.0,9.913475740980841,58,baseline,0
1684.186614076174,750.0,4205.440898224736,2.4970159856849024,750.0,0.0,11.291595599394178,202.06966380698617,2.720448662640207,1.0,7.648234978255868,2.811387358007787,1.0,0.0,7.870514423928787,83.64742939900452,8.178726856241685,5.999,7.0411622808386785,0.8609117781534834,9.0,3.9999999999999996,1.1948040852955415,0.7934738365898046,743.949986107252,750.0,65.80605434133403,0.0884549439750202,0.0,0.0,-10.785117066060893,114.31923893003511,13.366378373351413,8.999,13.136750350580572,0.9828204756474161,15.995908000000002,6.578899999999999,1.5097484116940485,2.1021912417026964,8113.0,9.956252875545676,59,baseline,0
1675.5382003395587,750.0,4259.451346779788,2.542139203938521,750.0,0.0,11.446972493443244,206.60317081510902,2.709313606597138,1.0,7.736208611848004,2.855412748457931,1.0,0.0,7.963248449793138,85.55834786309843,8.09295022657944,5.999,6.920608840025004,0.8551404180512381,8.724280631578946,3.9999999999999996,1.2310809065736301,0.8979303075633509,744.0475422427036,750.0,65.27791891404375,0.0877335320768394,0.0,0.0,-10.875406655214018,116.27495044164328,13.268755609143826,7.999,13.273731507404653,1.000375008659998,15.215858999999998,6.0,1.5826601358241368,2.330887239582415,8246.0,10.045109921725267,60,baseline,0
1665.3925200143387,750.0,4291.00423607266,2.5765723002260845,750.0,0.0,11.557733984164374,210.9542233909918,2.6967379615246743,1.0,7.804137810606847,2.8939177339256816,1.0,0.0,8.032962554060338,87.09901199571817,8.225292262977325,5.999,6.922587222732877,0.841622036203136,8.607455,3.8999999999999995,1.2429372138126242,0.9563913238857387,744.1350025170957,750.0,64.80066064667406,0.08708186072081099,0.0,0.0,-10.958245492586025,118.0836162456335,13.37269160700203,8.314315,13.335589846971825,0.9972255577919124,16.288969,6.315315,1.6292777025218226,2.5379600103440305,8369.0,10.123833340030671,61,baseline,0
1682.2194794085299,750.0,4423.912204727631,2.6298067873302022,750.0,0.0,11.42459211942954,205.25751847717476,2.7381156055236464,1.0,8.036241550937687,2.9349533433599526,1.0,0.0,7.939760786713693,84.91635387855317,8.237150598011718,6.570716666666667,6.703361333470674,0.8137961366262662,8.319792999999999,3.6671376666666666,1.2031434178425024,0.8676444335121909,744.0016675010742,750.0,65.52713309168948,0.08807390622090894,0.0,0.0,-10.83272643360132,115.34840909563954,13.433985609434194,8.657239,13.480888831451843,1.0034913854593317,14.754249,5.7582390000000006,1.7244893797677876,2.873472354995111,8183.0,10.134707653018104,62,baseline,0
1651.734193548387,750.0,4401.399585158403,2.6647142151262035,0.0,0.0,11.650658141317187,213.48282167184885,2.6853958944281526,1.0,8.003901041454146,2.9805292612762235,0.0,0.0,8.104284929918068,88.38778307117957,7.817534171403412,5.926965666666667,6.687359692807084,0.8554308233495784,8.413313342105262,3.9279656666666667,1.187998822713254,0.7661397129707206,744.242282735186,750.0,64.21032132972569,0.08627609962409621,0.0,0.0,-11.062415975258682,120.37749825819407,12.813521748269794,7.999,13.625582366309557,1.0633752869814588,15.560138,6.0,1.7996783753550059,3.2033581964641584,8525.0,10.252060063582748,63,baseline,0
1671.9004237288136,750.0,4464.023128784376,2.670029306427433,750.0,0.0,11.615281270423266,213.04093856294352,2.7217514124293785,1.0,8.13170062930534,2.987672052697551,1.0,0.0,8.082047932616476,87.97207755233471,8.066165514442874,5.999,6.794584141956265,0.8423561517291235,8.084461166666667,3.9999999999999996,1.209620809849334,0.8241850646589888,744.2226084333804,750.0,64.31916311317174,0.08642462938416538,0.0,0.0,-11.043122649809826,119.95099366945107,13.195212592396423,8.3649695,13.845659399398365,1.0492941513785654,16.30588625,6.3659695,1.7939110596220402,3.1601268500803696,8496.0,10.202093609292723,64,baseline,0
1649.1723903434206,750.0,4433.42757253262,2.6882741904316085,0.0,0.0,11.857198475671698,222.45345969160377,2.680720843250595,1.0,8.094488959461271,3.0195195370085743,0.0,0.0,8.246820194809672,91.57990566628398,7.997745092661444,5.999,7.024449835972657,0.8783037912046158,8.321337,3.9999999999999996,1.2430324314907049,0.8954081231375941,744.436711741166,750.0,63.12566016013899,0.08479654370147077,0.0,0.0,-11.258733904995692,124.75952785217687,13.05623131372549,7.6588,14.06247668117193,1.0770701240861607,15.798297499999999,5.659800000000001,1.7900372154525774,3.1544542348782203,8823.0,10.261422466623902,65,baseline,0
1697.341726618705,750.0,4617.915430320506,2.720675134476256,750.0,0.0,11.54427998011104,212.03097766012218,2.7808153477218225,1.0,8.439979446197393,3.035073671148942,1.0,0.0,8.015619882703634,86.76031466862192,8.361993013037047,6.212944416666667,7.026616900916089,0.8403040865928739,8.37289075,3.950181638888889,1.231080665413905,0.8296323234081693,744.1145011263717,750.0,64.91346861217683,0.08723586022570025,0.0,0.0,-10.938760975694285,117.65689444903359,13.61177309148681,7.999,14.188175013848756,1.0423458368346181,16.184894999999997,6.0,1.8053307008787678,3.234602784874019,8340.0,10.16769720763207,66,baseline,0
1672.442200557103,750.0,4589.845919365005,2.7443973357262172,0.0,0.0,11.743856669999458,220.41841210803088,2.738741875580316,1.0,8.413322519510865,3.0719662172354796,0.0,0.0,8.1526948440549,89.81178427037958,8.25826073080947,5.999,6.979471366685892,0.8451502797250345,8.621553874999998,3.6060990499999996,1.242138160006434,0.9052541940651921,744.3030148699401,750.0,63.873923390871,0.08581709614871352,0.0,0.0,-11.122726867850222,121.71545670820156,13.365944754294333,7.999,14.228507352258653,1.0645343530757292,15.176638999999998,5.3593795,1.8813879402264608,3.5799443513363096,8616.0,10.25122437909636,67,baseline,0
1664.899977163736,750.0,4615.2773185282895,2.7721048602515515,0.0,0.0,11.813896045767908,223.50132102533337,2.7280200959123087,1.0,8.468148507742034,3.1041371434289613,0.0,0.0,8.210766092866441,91.09060769020975,8.111919961007521,5.999,6.919196628766485,0.8529665802948951,8.345718,3.9999999999999996,1.237347948112621,0.9002334742571603,744.3953662533751,750.0,63.358276574676694,0.08511374391483113,0.0,0.0,-11.216199998526072,123.80354087797717,13.151143344370862,7.999,14.377775174241009,1.0932718774140036,14.866015499999996,6.0,1.9521307034631727,3.8609950029094176,8758.0,10.308120696550674,68,baseline,0
1711.7734986159585,750.0,4768.103426714592,2.7854756663599516,0.0,0.0,11.575524547042985,215.5957797449227,2.8259718377662777,1.0,8.781403802770452,3.1073925385298615,0.0,0.0,8.013437037165453,86.8312406407816,8.504748640502532,6.644575,6.9385944089587435,0.8158494392079708,8.631178,4.0310950000000005,1.1825089383760263,0.7630224293784953,744.0924857104485,750.0,65.0340720966153,0.08740052257686991,0.0,0.0,-10.917899681440959,117.20090108100746,13.810433918642437,7.999,14.651290492027288,1.0608856013024903,15.652223000000001,5.729046,1.9483032513801855,3.814054494015034,8309.0,10.18822735465486,69,baseline,0
1679.2188614146062,750.0,4720.371864262236,2.8110521938073663,0.0,0.0,11.862771689743521,226.72269234517216,2.7660724554341574,1.0,8.706987876464035,3.147780116662708,0.0,0.0,8.210520245831749,91.16309405510061,8.339643839057025,6.368041,7.220966990416259,0.8658603568414192,8.831743499999998,4.28809,1.2007412455927107,0.7951973755449231,744.3547227470632,750.0,63.585979564008575,0.08542429787956826,0.0,0.0,-11.174822304601225,122.87702720822553,13.4854456426682,7.999,14.820415874443446,1.0989934086828674,16.5951305,6.0,1.9512730231457054,3.8859848654299025,8695.0,10.266942077539404,70,baseline,0
1692.2432432432433,750.0,4814.568606511093,2.8450807091324553,0.0,0.0,11.830748378495638,226.6011675303734,2.8027027027027027,1.0,8.904215045379578,3.1770101897689913,0.0,0.0,8.153261558080263,90.13340198125425,8.353871937791721,6.721247999999999,7.197119984957005,0.8615310407618608,8.8648140625,4.461892000000001,1.2249777696039796,0.8475579676662406,744.2319822578244,750.0,64.26809612561605,0.08635492381104316,0.0,0.0,-11.052428849418092,120.15653922130572,13.520985420916569,7.999,14.94304957340043,1.1051745940265545,15.023552500000001,6.0,2.0135970126334626,4.171967915210576,8510.0,10.25148362676955,71,baseline,0
1698.8378789652347,750.0,4859.472382368966,2.860468584164652,0.0,0.0,11.856167378669777,228.24336751079244,2.8171602481563855,1.0,9.001582731196955,3.195268262459616,0.0,0.0,8.169198075476002,90.53001427022652,8.204829900132335,5.999,7.060345499009602,0.8605108923581374,8.505067,3.9721907499999998,1.244335045744145,0.895815208109322,744.2542464916046,750.0,64.14502814967798,0.08618698308011812,0.0,0.0,-11.074358711869191,120.64176826745295,13.429573583167503,7.999,15.13965632323964,1.127337084046774,15.405527000000001,5.6604,2.0705039640852188,4.372899996715441,8543.0,10.283176172559468,72,baseline,0
1661.4920923882125,750.0,4839.679973376717,2.9128516443434935,0.0,0.0,12.076780777203922,236.93527643223408,2.7594720673569233,1.0,8.987111819394164,3.2568228994621413,0.0,0.0,8.306804018136818,93.52535729432476,7.87418350829543,5.899,6.924558463898211,0.879400188807285,8.038394,3.9,1.3166432430396866,1.144357690792896,744.4150518160153,750.0,63.24823786956595,0.08496367411603327,0.0,0.0,-11.236496009696879,124.25919021522161,12.807463269427693,7.445636,14.975340499858472,1.1692667146354934,14.516321,5.446636,2.216291786967378,5.1587889866252805,8789.0,10.397985259407292,73,baseline,0
1644.279848248159,750.0,4838.014687988659,2.9423304634811123,0.0,0.0,12.240568417703443,243.93972026960571,2.73343003793796,1.0,9.006730630375282,3.295028775336706,0.0,0.0,8.405551047897834,95.76761445365703,7.599706631393399,4.999,6.783559221090577,0.8926080374035199,8.04758725,3.117688333333333,1.3349196633003924,1.1827749618365555,744.5228472167771,750.0,62.63968152359824,0.0841339950248161,0.0,0.0,-11.349132153632251,126.80314562694196,12.361785574648517,6.899,15.017662329342965,1.2148457226228795,13.0,4.9,2.3331481304359913,5.704555409310252,8962.0,10.42589813304457,74,baseline,0
1666.207650273224,750.0,4928.572371007862,2.957958073352788,0.0,0.0,12.166565347443232,241.57448825687686,2.781193078324226,1.0,9.197857101599572,3.3071623733299487,0.0,0.0,8.334729337527762,94.16967020459327,7.85325798834043,5.999,6.761979729741125,0.8610413333906127,8.100000000000001,3.9999999999999996,1.2930906849295682,1.0701595407266131,744.4118427443838,750.0,63.266431259485735,0.0849884803366974,0.0,0.0,-11.233221367579837,124.18559168773895,12.717142185678508,6.999,15.1338536805848,1.190035737559645,13.643007499999998,5.0,2.3552795950606007,5.834616358535239,8784.0,10.359007027727689,75,baseline,0
1648.6176668914363,750.0,4933.8257288301165,2.992704632441025,0.0,0.0,12.303669155986444,247.9189501450705,2.7580355135985615,1.0,9.23787226236666,3.3494391993210764,0.0,0.0,8.409116209747241,95.89876001445437,7.81216689822015,5.999,6.874182858327705,0.8799329235904898,8.127781971153848,3.9999999999999996,1.3257830028669393,1.179741396571548,744.4834232411778,750.0,62.86314576984613,0.08443861046115114,0.0,0.0,-11.307591206654369,125.86194388904269,12.449890889413352,6.999,14.954951851361981,1.2012114792169613,13.0,5.0,2.4444877713782485,6.515393370471928,8898.0,10.383301348751914,76,baseline,0
1650.7472527472528,750.0,4948.253672916568,2.9975840727170358,0.0,0.0,12.377629906450275,252.44205454727987,2.7613497613497615,1.0,9.28558562195441,3.3626981094258666,0.0,0.0,8.460602202323766,97.25734682007787,7.861760644120032,5.999,6.860430913784446,0.8726328903075292,8.255498000000001,3.9999999999999996,1.3506135418529035,1.2812827165783611,744.5513793565742,750.0,62.477795533961164,0.08391334334502633,0.0,0.0,-11.379537029318309,127.49418360229325,12.430532964146966,6.999,14.928090907626634,1.200921227648348,11.367631,5.0,2.522723366809748,7.007593645975605,9009.0,10.399398708272534,77,baseline,0
1654.1407894736842,750.0,4953.8402532519885,2.994811738381837,0.0,0.0,12.49486514599935,258.69031306217363,2.7663377192982455,1.0,9.324645857062341,3.370754695644241,0.0,0.0,8.526947472797804,98.94689453911923,7.894352402874175,5.999,6.957069894570282,0.8812717674013832,7.92646825,3.7147764999999997,1.3814163421132661,1.370507040495501,744.6176816239316,750.0,62.099445344830116,0.08339775817490375,0.0,0.0,-11.451030949398763,129.12642612997254,12.54009671754386,6.999,15.115396551905398,1.2053652290224077,12.0,5.0,2.51755181326998,6.974289169797901,9120.0,10.396375214616311,78,baseline,0
1642.4521853434112,750.0,4994.035043105164,3.0405969121475453,0.0,0.0,12.68982385050789,269.9827673515975,2.757476174827473,1.0,9.42331621061289,3.417369947431179,0.0,0.0,8.596395892059661,101.50816986846257,7.6615130840310375,5.899,6.732238168447828,0.8787086956073852,7.386724000000001,3.9,1.3872094995565376,1.4505745378029538,744.6229750509921,750.0,62.06920295497997,0.08335655094543577,0.0,0.0,-11.456807250662033,129.25874114400796,12.172677229817067,6.999,15.07227277629064,1.238205243738082,11.899999999999999,4.8999999999999995,2.6648337909060884,7.803818493254287,9129.0,10.474281998589085,79,baseline,0
1644.0547031354236,750.0,5037.921205081601,3.0643269931795083,0.0,0.0,12.757640273575781,274.32291225934074,2.775517011340894,1.0,9.562347455742369,3.4452490893300833,0.0,0.0,8.582787507360438,101.28214435995149,7.65550599503133,5.77615325,6.607198931887065,0.8630649543185454,7.1000000000000005,3.77715325,1.390016061616316,1.498998232863344,744.5422531687792,750.0,62.52991907260599,0.08398437940422862,0.0,0.0,-11.369837968329545,127.27351222563041,12.08361186791194,6.999,15.04347993836465,1.244948952582021,11.761752249999999,4.2915735,2.7873742437865254,8.544187137096749,8994.0,10.451715641175415,80,baseline,0
1633.5782922035378,750.0,5062.282264904427,3.098891732991813,0.0,0.0,12.913677076497242,281.289008483741,2.7583533522603187,1.0,9.605190755441114,3.482219110024533,0.0,0.0,8.677312151370284,103.71272740604928,7.610006002621167,5.8163168333333335,6.608928736099035,0.8684524997513374,7.886095,3.7257924166666667,1.3898362257346513,1.5283906060734074,744.6399774601712,750.0,61.97186762894875,0.0832239330479184,0.0,0.0,-11.475401376623113,129.6851315579064,11.910656400960907,7.3273065,14.924049381601836,1.2529997406690214,11.0,4.4283065,2.876333362132774,9.263250720801922,9158.0,10.470507881806926,81,baseline,0
1639.386433260394,750.0,5116.297225331432,3.1208610255217226,0.0,0.0,12.931900009613,282.72163508996033,2.774507658643326,1.0,9.7225642733092,3.5042484900053665,0.0,0.0,8.677957129808687,103.78795031576954,7.9210043897854865,5.999,6.597557155931142,0.8329192651930615,8.0,3.6110644999999995,1.3912018271260782,1.5497253883114315,744.6294097240753,750.0,62.03253899191489,0.08330659275853909,0.0,0.0,-11.4638615934493,129.42040981742292,12.307856333260393,7.318578499999999,15.01649516739919,1.2200739723309129,10.4100425,4.5804215,2.899709588150603,9.400443798495617,9140.0,10.471474548456614,82,baseline,0
1614.4447561501943,750.0,5103.863042890791,3.1613736075190735,0.0,0.0,13.240963508293673,294.92258244541233,2.740289167026327,1.0,9.741190568993574,3.554803882089713,0.0,0.0,8.8116676742807,106.6925734065154,7.85422450699979,5.999,6.543779861899207,0.8331541651333372,7.899999999999999,3.48613,1.365481688685379,1.5416862833636245,744.7035712985737,750.0,61.60600516544599,0.08272554012064261,0.0,0.0,-11.5456642295352,131.30264675399258,12.12996228895123,7.320064,14.889333078332,1.227483872055743,10.3035215,4.3357015,2.9731404864430546,10.033882023414344,9268.0,10.515972829403522,83,baseline,0
1633.7646292476386,750.0,5176.256491546879,3.168300010222761,0.0,0.0,13.167617671665745,292.7069801909511,2.7768971881446096,1.0,9.884945130695025,3.5597087183842318,0.0,0.0,8.772108345927473,105.84716838214877,7.880671394317734,5.999,6.627517618955895,0.8409838816188414,7.999999999999999,3.9999999999999996,1.3263119572680844,1.4127505642883333,744.6707844140805,750.0,61.79504349967556,0.08298303732742374,0.0,0.0,-11.50930701793439,130.46442395330672,12.212003835305612,7.601393,15.125818054046112,1.2386024650857457,10.830803499999998,4.885611000000001,2.976067430407586,10.02741686806367,9211.0,10.44824381607695,84,baseline,0
1587.9040712731794,750.0,5098.746773617024,3.210991687633155,0.0,0.0,13.539732093239895,309.99327219683073,2.6952242826064436,1.0,9.761070581428086,3.621617185783346,0.0,0.0,9.004443840562473,111.53029250583066,7.700590212363358,5.899,6.593349105818943,0.8562134750701665,7.855871,3.9,1.343100469320969,1.489451159354573,744.9147927191182,750.0,60.37410435891103,0.08104833592917524,0.0,0.0,-11.788291843527757,136.96410686931455,11.716317369418832,7.379597,14.862480981768325,1.2685283705749901,11.313559999999999,4.653902,3.147035250284264,11.359475680591538,9653.0,10.552270346619217,85,baseline,0
1595.363075958625,750.0,5168.633068805418,3.2397848155659985,0.0,0.0,13.544120738817547,311.8378270783463,2.7170619579981192,1.0,9.908302827600776,3.6466974183029044,0.0,0.0,8.984692642471193,111.41169190437616,7.7442698310886,5.999,6.483121868636215,0.8371508237755828,7.441921499999999,3.6438849722222217,1.3659093389910917,1.5446194023849342,744.8712146430715,750.0,60.63045966546513,0.08139723817159202,0.0,0.0,-11.73703441605663,135.7582504015328,11.764366124020476,7.32329,14.956421917556664,1.271332578388448,11.0,4.575709999999999,3.2370189431149328,11.882573121491559,9571.0,10.558175421664933,86,baseline,0
1610.3937125748503,750.0,5241.8970704072435,3.2550406956234332,0.0,0.0,13.52572851329126,312.3356001112603,2.7580196749358428,1.0,10.096642710588302,3.6608305598194004,0.0,0.0,8.919955552479193,109.89670486112878,7.869033570535081,6.27230635,6.452034058204528,0.8199271232446654,7.611581249999999,3.6233861249999997,1.3229946382139859,1.4631936703082644,744.7511012457843,750.0,61.33123700634838,0.08235132100342839,0.0,0.0,-11.599031010092146,132.53778167895317,11.88863354384089,7.613731,14.891815359709392,1.252609503421388,10.32176325,4.614730999999999,3.3232629985500535,12.687850418750811,9352.0,10.509882208071867,87,baseline,0
1626.007121277514,750.0,5310.5770521717595,3.2660232434894683,0.0,0.0,13.469556257207685,310.8699491059175,2.7915407854984893,1.0,10.245314606450668,3.670128933696073,0.0,0.0,8.878764564946644,108.96778347878852,8.057613632350137,6.2408210833333335,6.42285382957231,0.7971161342094506,8.0,3.6581789166666656,1.295048228353127,1.4024708563679598,744.7035179699456,750.0,61.60661825361553,0.08272636930943278,0.0,0.0,-11.545660162432144,131.30252179082464,12.194381231873113,7.999,15.037166572781894,1.2331225575823757,10.452401749999998,5.0,3.3324031725672865,12.742441760439766,9268.0,10.473359361764304,88,baseline,0
1642.020284422886,750.0,5421.941978054613,3.301994518271277,0.0,0.0,13.368223162973285,305.73442979894907,2.8337559254767943,1.0,10.467705000140782,3.6939331669432804,0.0,0.0,8.79443010647064,106.80664352212875,8.043415415503578,6.428972,6.3349582075553075,0.7875955524247521,8.0,3.5700280000000006,1.197711775605423,1.099737882320082,744.5884811332323,750.0,62.267115259320434,0.08362621345491741,0.0,0.0,-11.419515698660067,128.40558121425047,12.151766747326645,8.621784,14.995139909502244,1.2339884579171283,10.4889885,4.861902,3.4535302133531793,13.79937448147842,9071.0,10.443174083412591,89,baseline,0
1665.2193642592385,750.0,5516.309988589721,3.3126626479290393,0.0,0.0,13.264487706459875,301.9741692154984,2.8843086600022465,1.0,10.668063307886596,3.6986552291800447,0.0,0.0,8.71541961267688,104.96836479871425,8.113901030002328,6.2447915,6.46780183154148,0.7971260442573607,8.0,3.7542085000000007,1.183111122928974,0.9502823444727726,744.4863554107854,750.0,62.84749615633355,0.08441725721307031,0.0,0.0,-11.310829545289872,125.93509779967607,12.39259175783444,7.999,15.33689388113513,1.2375856625341781,11.305013,5.000000000000001,3.3928036083314628,13.314195619724554,8903.0,10.412983114107655,90,baseline,0
1667.6104240282687,750.0,5524.0647731236095,3.3125631103814497,0.0,0.0,13.355833287707604,307.0720256005118,2.883613074204947,1.0,10.691750560840608,3.7077618549043634,0.0,0.0,8.784392540543177,106.71287375357674,8.238822648659198,6.899,6.6114946527284255,0.8024805162912922,8.41765875,4.1000000000000005,1.1670303386512615,0.9204945017372594,744.5794980196482,750.0,62.3184963450132,0.08369622922839157,0.0,0.0,-11.409852344216967,128.18496213331747,12.51505984860866,7.999,15.408056044102155,1.2311611954308888,11.471512749999999,5.000000000000001,3.392193000092889,13.456841218747222,9056.0,10.388155226210486,91,baseline,0
1636.107970784376,750.0,5452.129407477719,3.3323775110415736,0.0,0.0,13.688343527723449,322.9217408167443,2.82131893722875,1.0,10.574181526413035,3.7479568108664667,0.0,0.0,8.99144602137936,111.7833104117142,8.097055479451884,6.037963636363636,6.803175413910617,0.8402036309588368,9.0,4.038963636363636,1.1842575261276704,0.9146340660109793,744.803836966877,750.0,61.02488294193685,0.0819341683180007,0.0,0.0,-11.659092138187814,133.93466578610054,12.290290801524293,7.999,15.457759116149754,1.2577211854281445,12.561316,5.1,3.3735747853364653,13.530883140562228,9447.0,10.460747379414798,92,baseline,0
1633.4826892535734,750.0,5487.382510636868,3.359314761483239,0.0,0.0,13.81444632456514,328.19531987680944,2.8249867654843834,1.0,10.670053794379106,3.777027887261474,0.0,0.0,9.029579109145054,112.5833570906087,8.329880893724983,6.727392,6.779316468137967,0.8138551504673881,9.0,4.171607999999999,1.185570479550975,0.9006574293672296,744.8027277332833,750.0,61.03140061890817,0.081943041219317,0.0,0.0,-11.657830158911663,133.90523526302707,12.509727252091052,8.324206,15.481797986723189,1.2375807781209094,12.578543,5.362781999999999,3.431812320728903,13.95045742543017,9445.0,10.466525809854248,93,baseline,0
1635.8721004469037,750.0,5545.418207896956,3.389884946617773,0.0,0.0,13.837100112937797,329.0268072901835,2.8384762715471377,1.0,10.79998072371937,3.804851508528814,0.0,0.0,9.02338889984451,112.32504792407863,8.268777762034949,6.488412,6.737523615696749,0.8148149351203076,8.899999999999999,3.61464225,1.1561687932967897,0.7994375680430661,744.7767270537416,750.0,61.1828136333854,0.08214920178214775,0.0,0.0,-11.628148866860737,133.2140713646507,12.38209150776761,7.999,15.512339818529792,1.2528044885469063,12.079968000000001,5.0,3.5270343711558625,14.696523288156161,9398.0,10.493766682243129,94,baseline,0
1653.013304488913,750.0,5633.164872928813,3.407815809849457,0.0,0.0,13.807664780924275,327.23435089921213,2.879394267171444,1.0,10.989274108949731,3.816522882691219,0.0,0.0,8.972743231870101,110.9805245059904,8.353685749496648,6.505869,6.693569233676994,0.8012713710328779,8.466877499999999,4.009594,1.1415201274155484,0.7226626677188843,744.6902758247701,750.0,61.68338836154893,0.08283093033977441,0.0,0.0,-11.530999207195688,130.96415980140293,12.554268515521905,8.457931,15.707080458537963,1.2511346590299521,11.596948999999999,5.458931,3.551927589252121,14.781648691389464,9245.0,10.473000398698233,95,baseline,0
1675.971135837832,750.0,5714.772611037275,3.409827585234881,0.0,0.0,13.752280410056942,325.5640217556799,2.929822628621791,1.0,11.179646638198752,3.815810052452812,0.0,0.0,8.908356835085245,109.44354693579487,8.702501539550324,6.899,6.876428322665355,0.7901668608059417,8.964680640000001,3.9,1.111459180220368,0.616712361066269,744.5919930410195,750.0,62.24742963940556,0.08359938089742036,0.0,0.0,-11.42337374169158,128.49367646680082,13.053992369395173,8.789281,15.92994591224372,1.2203121820103988,12.494179,5.790281,3.4899826741563866,14.347448542766553,9077.0,10.412639019362496,96,baseline,0
1646.8066945606695,750.0,5618.06942952241,3.4114929506168803,0.0,0.0,14.136346286322008,344.50066176412463,2.8627615062761507,1.0,11.004838908560716,3.8441340238906916,0.0,0.0,9.155363565852884,115.63334182570036,8.368757924687198,5.999,6.998344576888956,0.8362465063357098,8.899999999999999,3.9999999999999996,1.1407618459291529,0.6931512555118884,744.8652137342018,750.0,60.666245217673286,0.08144593692802181,0.0,0.0,-11.73013403831018,135.59625986209835,12.581006860251046,7.999,15.951925888471585,1.2679371425247974,12.731737250000002,5.5742295,3.50682142695255,14.666209925780528,9560.0,10.488375728647577,97,baseline,0
1677.9749514143814,750.0,5748.909465879464,3.4260996929862704,0.0,0.0,13.959837260541773,336.2218069806633,2.932951846253509,1.0,11.2785321052713,3.845454237401906,0.0,0.0,9.020324466698208,112.21985360769376,8.642852222328376,6.999,7.041985888046568,0.8147756905820916,9.0,4.300267249999999,1.1239529546670533,0.6138783828397161,744.6999964745129,750.0,61.62746191471056,0.08275474984082364,0.0,0.0,-11.541832222113271,131.21409553791187,12.98912960526884,7.999,16.192928961181043,1.2466523511023118,12.999999999999998,5.636705000000001,3.507385830975707,14.545076978250844,9262.0,10.407462927933802,98,baseline,0
1680.5215993139673,750.0,5785.410788253587,3.442628045135119,0.0,0.0,13.964188183012698,337.4296612116421,2.938471433165398,1.0,11.35347298240533,3.863734339651236,0.0,0.0,9.039142455321883,112.76082532590523,8.659549326598695,6.999,7.004484111231132,0.8088739779697471,8.899999999999999,3.9999999999999996,1.1117451704494097,0.596243636920561,744.7380526239997,750.0,61.407484839331374,0.08245514597108218,0.0,0.0,-11.584434544751186,132.1993255741132,13.04183288530389,7.999,16.285535581820394,1.2487152476989374,12.54728,5.000000000000001,3.5427701726713723,14.811661177556186,9329.0,10.422153016818552,99,baseline,0
1666.5550199119682,750.0,5785.55248114788,3.4715640420041387,0.0,0.0,14.072330849468958,342.9757027383822,2.911234542024733,1.0,11.349656143573347,3.898571544043229,0.0,0.0,9.12923790111265,115.01533484779655,8.464569553610627,6.899,6.988396114454562,0.8256056105621589,8.7126295,4.1000000000000005,1.1335136840312483,0.6412222133420027,744.8555040871935,750.0,60.72330169826987,0.08152359936265108,0.0,0.0,-11.718844359380178,135.33151544517236,12.72686671284846,8.899,16.267891342344043,1.2782322396698573,12.43265475,5.571967999999998,3.6270729008807643,15.54356794455224,9542.0,10.467644389644216,100,baseline,0
1669.3387398627574,750.0,5818.308827505254,3.4853973543941112,0.0,0.0,14.12458349857499,345.7806599288015,2.9164067373674363,1.0,11.417896044128772,3.91505611951624,0.0,0.0,9.165124315639494,115.92870587921477,8.511941239423141,6.9089715,6.895192663654096,0.8100611211598762,9.0,4.04566425,1.1141260164773172,0.6346709530350068,744.896147693372,750.0,60.48471499793872,0.08119885595493315,0.0,0.0,-11.76643088981822,136.44909581935636,12.783646929611146,8.7632705,16.28651610624665,1.2740117273202927,12.30813125,5.7642705,3.6968818072087184,16.11097177658192,9618.0,10.451456448195247,101,baseline,0
1656.9529232333502,750.0,5805.208615332843,3.503544689733644,0.0,0.0,14.342757660768955,357.69466014068456,2.8914082358922215,1.0,11.401397643504543,3.9431988544455177,0.0,0.0,9.288900436672078,119.38496827737926,8.552045951747019,6.70333,6.993082689959454,0.8177087365311574,8.899999999999999,4.29567,1.1487217154446427,0.7092307094876684,745.0087522553505,750.0,59.818506963271005,0.08029235466319504,0.0,0.0,-11.901256898213312,139.64011618819438,12.78036203548551,7.999,16.34746200576709,1.2791078969732854,11.7289035,5.000000000000001,3.7153777577256237,16.320242869056493,9835.0,10.481772392865127,102,baseline,0
1651.7662233776623,750.0,5814.940810711646,3.5204381397391664,0.0,0.0,14.43639942931664,362.85911019216735,2.87981201879812,1.0,11.42137069855436,3.9660125813771105,0.0,0.0,9.360652679093832,121.26973958249815,8.646984444538415,6.999,7.14800823247173,0.826647518371163,9.0,4.348573999999999,1.1748409341914194,0.7475402563994229,745.0915918116926,750.0,59.32349537712185,0.07961906432587244,0.0,0.0,-12.0033734528137,142.08117411383847,12.885390788121185,7.999,16.434540462150913,1.2754398164859406,12.437308,5.000000000000001,3.707779809488493,16.378188931587854,10001.0,10.527230477180003,103,baseline,0
1678.4349974266597,750.0,5944.897828614124,3.5419291409728184,0.0,0.0,14.241430040787016,353.8845669821116,2.9421513124035,1.0,11.68879131529491,3.972872253720395,0.0,0.0,9.225290949520588,117.83856102101365,8.710804572393561,6.899,7.023482363693102,0.8062954811260544,9.623043749999999,4.0,1.165962442668525,0.7340638571826594,744.9470861871016,750.0,60.18439047618142,0.08079015488767943,0.0,0.0,-11.826887444219832,137.8754571642045,13.064520497066392,7.999,16.684504449702683,1.277085098794797,12.0,5.000000000000001,3.7523954230028966,16.50073415272847,9715.0,10.520247262873347,104,baseline,0
1678.0612182430364,750.0,5976.984859077286,3.5618395765890525,0.0,0.0,14.263856865467709,355.72324505983596,2.942250790735639,1.0,11.752581960195156,3.994418829693544,0.0,0.0,9.254510719799093,118.63564749655846,8.44988149078669,6.612694,6.9601114595118885,0.8236933816291779,9.0,3.7136940000000003,1.177171715865359,0.7703243798487605,744.991416813639,750.0,59.92169421919232,0.08043273099102273,0.0,0.0,-11.88023166388565,139.14009298621605,12.790421595959595,7.999,16.82593605087782,1.3155106674664279,11.338199999999999,5.0,3.79693014625118,16.81912884689526,9801.0,10.5472331312453,105,baseline,0
1694.232198142415,750.0,6057.915330921218,3.575611027557627,0.0,0.0,14.20636862671316,353.26581603777765,2.9787409700722396,1.0,11.92315271886865,4.002749093882941,0.0,0.0,9.207058963976541,117.44253145295293,8.592625153655002,6.384461,6.969605552870946,0.8111148139525579,9.0,3.7044883181818182,1.1701260334201171,0.7322402282271185,744.9340362560118,750.0,60.2615890278542,0.08089520158150496,0.0,0.0,-11.811334183217836,137.50779820980756,13.013147686584107,7.999,16.967103321982982,1.3038431385417382,11.704779749999998,5.000000000000001,3.8178852463070263,16.97530536886016,9690.0,10.539399757626745,106,baseline,0
1688.3392357875116,750.0,6108.62284368223,3.6181252642825155,0.0,0.0,14.218245186618036,354.4889386583753,2.980221600911256,1.0,12.043220732557673,4.041048735730001,0.0,0.0,9.200826995508827,117.29747969233303,8.506953899289204,6.561005,6.968988388637591,0.8192107858042915,8.883021999999999,3.8808,1.1701970273979314,0.7192385470622487,744.9167182006371,750.0,60.36381312470089,0.08103431115160233,0.0,0.0,-11.79077323132873,137.02251243722193,12.816045037485761,7.999,17.015653534973588,1.3276836563233319,12.0,5.000000000000001,3.9190658621716556,17.785180612590864,9657.0,10.57656070592388,107,baseline,0
1708.400928465921,750.0,6205.899321749716,3.6325778207826063,0.0,0.0,14.103821193855797,349.9965681723944,3.02774847014138,1.0,12.253829225044361,4.047175432796824,0.0,0.0,9.117115649200676,115.2711304443305,8.39709291656809,6.4498695,6.977222507098808,0.8309092892532162,8.899999999999999,3.8061430000000005,1.1903507095159152,0.7588550611887128,744.8207095574155,750.0,60.927154143032055,0.08180110107200961,0.0,0.0,-11.678617030296188,134.39026830212862,12.71661359210804,7.999,17.236075194253345,1.355398201683984,12.0,5.000000000000001,3.971216688765756,18.08066773315629,9478.0,10.541602310276106,108,baseline,0
1690.9786443825442,750.0,6187.702430404354,3.659243391961213,0.0,0.0,14.276658936655064,358.7563653853776,2.994738471061591,1.0,12.227901939901805,4.083128479518678,0.0,0.0,9.226550045795836,118.026654648082,8.493684349167413,6.830595,7.141205997956891,0.8407665866058351,8.421237,3.9315949999999997,1.2320865520508948,0.8644835543565428,744.9355848399063,750.0,60.25255664226167,0.08088290835939932,0.0,0.0,-11.813200291346032,137.55187434931918,12.779714250593212,7.999,17.28942095227633,1.3528800889639443,11.755578,5.000000000000001,3.971153329068169,18.212712172205464,9693.0,10.577215819557626,109,baseline,0
1709.545388223033,750.0,6272.678280688871,3.669208389494083,0.0,0.0,14.210151746374367,355.5297997691884,3.0339760291818654,1.0,12.39979711971773,4.086979264322477,0.0,0.0,9.180019484259564,116.83159815548755,8.323277033869156,6.258487000000001,6.972921028731095,0.8377614971070674,8.439735999999998,3.757723333333334,1.2252544394187719,0.893349347786168,744.8838523852385,750.0,60.55736292168186,0.0812977254477559,0.0,0.0,-11.752045899305916,136.1107512417507,12.65350652965086,7.999,17.47292935168991,1.3808764638280886,11.100000000000001,5.267901,4.031653605137105,18.561635784464556,9595.0,10.572585671191788,110,baseline,0
1706.7511591962905,750.0,6294.255937905184,3.687858012570005,0.0,0.0,14.34352090795775,362.81029608687294,3.028541988665636,1.0,12.444187997907633,4.10896994147025,0.0,0.0,9.249881557655455,118.85391125538762,8.230271603750284,6.309109,6.936548703303082,0.8428092093755822,8.299270499999999,4.088340333333333,1.236949581345837,0.9346294010844454,744.9418345702735,750.0,60.21570278529067,0.08083275766090738,0.0,0.0,-11.820666016226209,137.7283123641552,12.528972581658936,7.999,17.534711443463824,1.399533068587982,11.75219,5.000000000000001,4.085636385897153,19.028416079703813,9705.0,10.600100806181885,111,baseline,0
1721.7131895479054,750.0,6355.496100070018,3.691379109280606,0.0,0.0,14.326343242893145,362.5781131473603,3.0601410203235173,1.0,12.582449436615708,4.111722091580438,0.0,0.0,9.227470878822158,118.30824830786594,8.489894101847534,6.388778875,6.9851754828111865,0.8227635585337987,8.899999999999999,3.6102211250000007,1.2430819090295193,0.9871103745364951,744.9098347603247,750.0,60.404562880239205,0.08108976423928464,0.0,0.0,-11.78266180554464,136.83128255382186,12.89765401099129,7.999,17.66380819705993,1.3695365205181464,11.7059075,5.0,4.075622993849748,18.972461222073694,9644.0,10.561632848905859,112,baseline,0
1784.047197640118,750.0,6590.600223233178,3.6941849027038183,0.0,0.0,13.909740708952201,341.8043500478207,3.191521905386212,1.0,13.03395988781784,4.083932454237871,0.0,0.0,8.968974288923919,111.75721499790447,8.78447540442649,6.999,6.979538524913171,0.7945310566179271,8.787672333333335,4.000000000000001,1.2101277182181938,0.9300912187820578,744.636773667708,750.0,61.991819405097445,0.08325108508911906,0.0,0.0,-11.47217859571336,129.61103415424256,13.524591845405876,8.899,18.136976828684837,1.3410369078787192,12.404216,5.2853629999999985,4.007419756051758,18.15630710880004,9153.0,10.455854007605538,113,baseline,0
1791.5316664830927,750.0,6667.255883597373,3.7215395118779466,0.0,0.0,13.891942856995765,340.78009462877935,3.2154422293204097,1.0,13.19600931558371,4.103948500537269,0.0,0.0,8.942765099792288,111.07073178050483,8.818533417241843,6.999,6.926684238024011,0.7854689561510396,8.2727125,3.9999999999999996,1.163099727544482,0.852472546826712,744.5930535668393,750.0,62.24211612647746,0.08359212569646975,0.0,0.0,-11.424653007712838,128.52284493620778,13.554839056063443,8.899,18.304244280197388,1.3503844792616264,12.269188999999999,5.125640999999999,4.050951280347382,18.407509719773373,9079.0,10.486325680551127,114,baseline,0
1763.9360477510127,750.0,6608.088694967501,3.746217842417075,0.0,0.0,14.139650713338689,353.43007437156325,3.159027925815391,1.0,13.092665855519787,4.144523620233708,0.0,0.0,9.099873820294007,115.02188794514097,8.468914374685719,6.899,6.87956968645794,0.8123319450508958,9.0,4.1000000000000005,1.1419084037432414,0.8091525953533871,744.7676698210264,750.0,61.236314082147274,0.08222203589592288,0.0,0.0,-11.618017907673888,132.97849094146892,13.089850303560011,8.497283,18.271783015955645,1.395874100331485,12.0,5.5982829999999995,4.1184550911725,19.133256387974228,9382.0,10.586665431998949,115,baseline,0
1753.2574174676138,750.0,6586.814609992188,3.756901037102762,0.0,0.0,14.298204610847057,362.19745670173995,3.1357083159214376,1.0,13.066957315093251,4.167146940532154,0.0,0.0,9.19820913310443,117.58032530835591,8.382810932558053,6.8987805,6.95548636975161,0.8297319867655791,9.0,4.219849860465116,1.18178841546703,0.8748310814902882,744.8715236249406,750.0,60.62996984765055,0.08139654682003805,0.0,0.0,-11.737645123755378,135.77246428052325,12.98499961397827,7.999,18.353106324403072,1.4134083072783514,13.0,6.0,4.1267771515290805,19.29826197087542,9572.0,10.623004058573713,116,baseline,0
1752.7004281090112,750.0,6627.861757143883,3.781514314054618,0.0,0.0,14.382482511609917,367.65638674211334,3.141484807350945,1.0,13.165452971146665,4.1908377020764345,0.0,0.0,9.224119578133601,118.52446694785341,8.183192916125869,6.4632194,6.885949470313571,0.8414746592059514,8.029609974358975,4.0258986,1.221103771663414,0.9403778876502686,744.8741955664792,750.0,60.61431914523272,0.08137524363981402,0.0,0.0,-11.740776433230325,135.84598000802265,12.788639347916883,7.999,18.510973919973683,1.4474545271298858,13.321360999999998,5.1,4.166786275408665,19.568886596676748,9577.0,10.650378308776736,117,baseline,0
1767.576788922947,750.0,6724.207193450591,3.80419523247299,0.0,0.0,14.433616806630088,372.09074941440076,3.178205263714195,1.0,13.358336276412224,4.203106837977187,0.0,0.0,9.208256547428318,118.81747828896974,8.260676575074015,6.720549,6.803790425929026,0.8236359775250085,8.207039499999999,3.8519240000000003,1.217641906231651,0.9477028281000215,744.8113432664695,750.0,60.982169739536154,0.08187599489568823,0.0,0.0,-11.667905743098222,134.14016894639343,12.88964382454286,7.999,18.56513790505252,1.4403142676218166,12.43101,5.0,4.231827708121441,20.130324114782468,9461.0,10.613712593777702,118,baseline,0
1769.4515218073423,750.0,6744.954868042155,3.8118901732627095,0.0,0.0,14.497070589861925,375.6022514484922,3.1790607677021234,1.0,13.402163028724853,4.21576182653852,0.0,0.0,9.254202994223794,120.0006047502733,8.202272094398067,5.999,6.71158862105159,0.8182596899748578,8.3949585,3.9999999999999996,1.1859324176461083,0.8792289506917381,744.8656068640195,750.0,60.664780013789915,0.08144392687050821,0.0,0.0,-11.730751624818689,135.61067728103072,12.844468314716035,7.999,18.641192662852603,1.4513012299228614,11.100000000000001,5.0,4.268910377296579,20.46346858633889,9561.0,10.643084040946446,119,baseline,0
1732.4958250497018,750.0,6633.535205300616,3.828889576175639,0.0,0.0,14.916627691693149,398.16533980730895,3.0957256461232605,1.0,13.183642555609353,4.258659862872237,0.0,0.0,9.513066411127834,127.02930604361336,8.121754447526396,5.999,6.876723528706756,0.8467041909646957,8.420479624999999,3.9999999999999996,1.2256230403626984,0.9763417205375489,745.1202799867461,750.0,59.15165228579904,0.07938537424702923,0.0,0.0,-12.03945290202787,142.9485746793524,12.624686030815107,7.6515865000000005,18.52847298853149,1.4676383193456104,12.44636375,5.2839945,4.292721889267,20.97162762924251,10060.0,10.706104516332635,120,baseline,0
1711.5458515283842,750.0,6611.660492360316,3.862975967869166,0.0,0.0,15.075976979963574,406.7182950327219,3.044347404172732,1.0,13.090313441278123,4.299875048207671,0.0,0.0,9.67025432519195,131.46010234067856,7.9389104794135905,5.999,6.66353456264931,0.8393512661376569,8.100000000000001,3.9999999999999996,1.2605914117071935,1.0830294443592434,745.3063529298543,750.0,58.02041239567587,0.07784773625985254,0.0,0.0,-12.280593445437123,148.81312939114915,12.269142669286753,6.999,18.366157498333994,1.4969389462158469,11.490117999999999,5.0,4.450433650707602,22.37414856556021,10305.0,10.779753618879008,121,baseline,0
1392.6653291296454,750.0,4795.055326369179,3.443077978659724,0.0,0.0,13.321542382915565,214.46991712453203,1.8569790770994554,1.0,6.393387850324983,3.4428970843932496,0.0,0.0,13.321621539110819,214.47176933556085,7.811509056357005,5.999,6.643315155652565,0.8504522119508056,8.100000000000001,3.8999999999999995,1.2858959299988122,1.1518277386544344,749.931021305054,750.0,7.056759857800928,0.009409878585260453,0.0,0.0,-102.29369528738074,10462.000095547493,10.586088700582785,6.999,13.638877532626406,1.2883774091063076,10.899999999999999,4.746504000000001,4.855652228067733,32.71457514784233,10467.0,10.828006692562845,122,baseline,0
1252.430711610487,750.0,3762.4368661534877,3.0041077971614185,0.0,0.0,13.73130113002325,219.22374722345901,1.6762172284644195,1.0,5.015167623309359,2.991955659532117,0.0,0.0,13.739356122091273,219.40540479443473,7.874051963143028,5.999,6.6507137954085405,0.8446367672628139,7.7918185,3.5484819431818178,1.3298803328537558,1.3085384567233556,745.4029962546816,750.0,57.42738249899066,0.07704206018427308,0.0,0.0,-12.412301614511014,152.06523136959268,10.341521530805244,6.999,12.526311689876206,1.2112638988917566,10.24686825,4.3203605,4.747965927093912,33.92725867582039,10680.0,10.842884412167894,123,baseline,0
1167.1703771849127,750.0,3130.977929215522,2.682537177448847,0.0,0.0,15.213406279555043,271.0640844372356,1.5685372585096595,1.0,4.173209775353809,2.6605742086859765,0.0,0.0,15.220482256107871,271.2595287640554,7.888025195940869,5.999,6.591118473965058,0.835585372794804,7.42284675,3.8999999999999995,1.3489257199556648,1.410792183932247,745.4833486660533,750.0,56.92646242159293,0.07636181616055614,0.0,0.0,-12.524345743670688,154.85923630700213,10.108192942502301,6.899,11.595251951430148,1.147114228763398,10.0,4.1000000000000005,4.603275052882953,34.311846925436754,10870.0,10.859224266080123,124,baseline,0
1155.7145243619489,750.0,3003.246069019165,2.5986054563753176,0.0,0.0,15.400253616520141,278.11283497385784,1.5595359628770302,1.0,4.004609382248303,2.56782111959804,0.0,0.0,15.383818468740078,277.74834036690413,8.205402842726778,5.999,6.611456807278458,0.8057443289501398,8.0,3.1673264999999997,1.3627488982047338,1.4943384095730963,745.4435266821346,750.0,57.17527688085489,0.07669967587663426,0.0,0.0,-12.468449516210022,153.46223333827797,10.405156946542922,6.999,11.426499983526053,1.0981573889015166,9.6662125,3.9999999999999996,4.588342701250679,34.52547067563142,10775.0,10.833382918392225,125,baseline,0
1133.6746584637656,750.0,2878.154837908075,2.538783782825526,0.0,0.0,16.46223885961345,318.581434409228,1.5356916674206098,1.0,3.8414375574338457,2.5014380418473134,0.0,0.0,16.39573721243006,316.86786363805976,8.188026214040555,6.899,6.647230207029064,0.8118232689131618,7.9021144,3.9,1.3525713399619368,1.5593319878675285,745.5581290147471,750.0,56.456183306197225,0.07572338240185766,0.0,0.0,-12.63132249237995,157.55030790650355,10.280036524925357,6.999,11.08460609329608,1.0782652441379885,9.0,4.000000000000001,4.464434903308282,34.07568059566157,11053.0,10.856968398018205,126,baseline,0
1111.4450564839883,750.0,2678.2586028293676,2.4097085026424345,0.0,0.0,17.562226431326852,367.71322570187436,1.5130239940248342,1.0,3.581270758777358,2.3669623039160976,0.0,0.0,17.39325945595822,362.88778580349066,8.406426802835659,6.999,6.46259297859402,0.7687681258836461,7.1422558333333335,3.8999999999999995,1.3096512613843827,1.5508679523824753,745.416300998973,750.0,57.34475025849764,0.07692983126562541,0.0,0.0,-12.43065143338583,152.5210950583372,10.36165198431519,7.999,10.451900329518603,1.008709841378578,8.6527595,4.1,4.561403707653716,36.780461094089944,10711.0,10.83283052878122,127,baseline,0
1132.2318173095375,750.0,2737.860153041021,2.418109181516249,0.0,0.0,17.410919581944686,361.2415552132688,1.5479754365764729,1.0,3.668099268489834,2.3696107714746826,0.0,0.0,17.14434210372089,353.597247504533,8.526370073205165,6.999,6.4613431992649,0.7578070320417143,7.1000000000000005,3.7325598999999996,1.2251255604715412,1.4163535732272496,745.289195931683,750.0,58.12924274713045,0.07799555268537513,0.0,0.0,-12.258518401197351,148.271273392494,10.534452017559008,7.999,10.454718057769725,0.9924311241195668,8.9561155,4.000000000000001,4.553806260677171,36.842247438956896,10422.0,10.769029888813007,128,baseline,0
1128.5472782159898,750.0,2582.805704211246,2.2886109904887206,0.0,0.0,17.600511382242825,372.98805396210656,1.5501022494887526,1.0,3.472825833651496,2.240385003503406,0.0,0.0,17.153733419670342,359.71003209852074,8.547027871809972,7.091944,6.5007336765032,0.7605841204688344,8.002549333333333,3.97296,1.1320054893323146,1.1831948463601716,745.2190086668614,750.0,58.55781642444076,0.07857799619094005,0.0,0.0,-12.16640340838199,146.0213718954889,10.54728966978284,8.482329,10.233793372477528,0.9702770752373044,9.415198,4.5166710000000005,4.401168131696791,36.08131763163685,10269.0,10.723697993506837,129,baseline,0
1128.5712572456525,750.0,2486.7192307033674,2.203422437651264,0.0,0.0,18.25634241543681,407.0972662410611,1.5579652208674795,1.0,3.359407186871125,2.156278678031463,0.0,0.0,17.561433964112265,385.1483446636125,8.561055961212714,7.899,6.489939858560264,0.7580770278764692,9.0,4.1266614,1.0671370349139566,0.9653995539925915,745.0933439936039,750.0,59.317201244267466,0.07961042964943821,0.0,0.0,-12.006410839487053,142.15390124655224,10.575016318009194,8.5746795,10.045081076624854,0.9498879977630046,9.7279325,4.6756795,4.245825451274598,34.67585220095726,10006.0,10.666047897235535,130,baseline,0
1144.725361640129,750.0,2510.3669855100356,2.1929862564705087,0.0,0.0,18.27330298507577,408.5736981476987,1.5886148402539286,1.0,3.407196940921766,2.144759607292319,0.0,0.0,17.355479571285056,379.2689642817248,8.594399656543223,7.899,6.286111467670846,0.7314194962861664,8.682818000000001,4.117595,0.9655225467653785,0.6294640231251676,744.8906233739203,750.0,60.521601057163274,0.08124897690755684,0.0,0.0,-11.760780189465844,136.3159506649321,10.65528425257571,8.999,9.767621492337655,0.9166927189179886,9.714278,5.0,4.326406672275042,36.56826045244469,9609.0,10.60699943194987,131,baseline,0
1146.5771176407277,750.0,2388.9983487819213,2.0835915107896805,0.0,0.0,17.38465613700038,364.98131250921176,1.6003659455386934,1.0,3.2692004843189917,2.042783085601436,0.0,0.0,16.16094146323125,327.6672076831519,8.718239076142202,7.899,6.366634676862681,0.7302661261360935,8.100000000000001,4.1000000000000005,0.9381574823669568,0.4731093399069475,744.7157464212679,750.0,61.541106164581066,0.0826370416636373,0.0,0.0,-11.560264954288197,131.6397258133439,10.840384222903886,8.999,9.724323085610813,0.8970459797047575,9.565213,4.899999999999999,4.173330511193388,34.795140727102755,9291.0,10.546304131964376,132,baseline,0
1167.3000112828613,750.0,2411.17736609935,2.0656021098204813,0.0,0.0,17.13151975925485,358.7683687966273,1.6389484373237053,1.0,3.323008031303407,2.027524451427929,0.0,0.0,15.639804528005374,313.0401615025611,9.1129847252178,7.899,6.6283565007430685,0.7273529694832942,9.100000000000001,4.427449999999999,0.9282930592533934,0.42183560056262737,744.460566399639,750.0,62.998299459968536,0.08462274874361846,0.0,0.0,-11.284767031704149,125.34596695983674,11.347098071646167,9.899,9.790187352690499,0.8627921686121638,9.899999999999999,4.8999999999999995,3.9645987279399293,32.57833397844365,8863.0,10.410231252601509,133,baseline,0
1197.257008244994,750.0,2495.5410774820434,2.0843821003312786,0.0,0.0,16.56657133305979,335.7881899070527,1.690341578327444,1.0,3.459489739695785,2.0466216911725468,0.0,0.0,14.90670847481432,286.16273018046815,9.113030823420676,7.427045416666667,6.856040152985003,0.7523336951044695,9.100000000000001,4.528045416666667,0.9613666081904757,0.4234809606025376,744.2171967020024,750.0,64.35637627439077,0.08647526093133291,0.0,0.0,-11.039067681110362,119.86101526813536,11.548217961484099,9.796402,10.15114467860535,0.879022608722982,10.0,4.947037999999999,3.822813401667564,30.32058754720154,8490.0,10.287241798142826,134,baseline,0
1183.6206934998327,750.0,2459.968809840807,2.0783421778196165,0.0,0.0,16.826175395977636,346.076538850296,1.674545657263909,1.0,3.4327230848384627,2.0499429621090735,0.0,0.0,14.910737419096826,287.4910218852433,8.354061930162013,6.999,6.964419999132704,0.8336567357716058,10.3038188,5.0,1.0288690530470739,0.46674128356378697,744.5260341175159,750.0,62.62778189167271,0.08411765206559257,0.0,0.0,-11.353620498087235,126.90469841458668,10.700584944252425,7.999,10.262862886938239,0.9590936327691788,11.177634000000001,5.675547999999999,3.6575162671891936,28.63699614716833,8969.0,10.383296073714579,135,baseline,0
1181.0286526684165,750.0,2411.1946362710282,2.04160553668463,0.0,0.0,17.326013187153876,371.68710624275457,1.676509186351706,1.0,3.3952438649652286,2.025186555854015,0.0,0.0,15.031851887977714,298.1239716483003,8.318553642784462,6.899,7.071476850222212,0.8500849010399821,10.0,4.9,1.1125397506932053,0.6460905768971399,744.6307961504812,750.0,62.03012840043856,0.08330320035259862,0.0,0.0,-11.466389166718752,129.47808052264534,10.616116996062994,8.297991,10.087427890176484,0.9501993896560695,12.0,5.9070205,3.517944214523461,27.93288594150412,9144.0,10.387944960783132,136,baseline,0
1144.7445606694562,750.0,2001.5796262009449,1.7484945506361738,0.0,0.0,16.62131294184394,359.0158980844518,1.6306485355648535,1.0,2.909456878586723,1.7842329693558967,0.0,0.0,13.517386492486732,255.53924379221309,8.098001499328625,5.999,7.019263387703291,0.866789588552834,8.69013725,3.9999999999999996,1.2023475913982817,0.8770238967705937,744.8644351464435,750.0,60.67539697358969,0.08145830853323081,0.0,0.0,-11.730106530702766,135.59539922163566,10.333463205020921,8.479449500000001,9.793824900299885,0.947777594595892,12.0,5.519550499999999,3.1591454492712443,23.768742785867264,9560.0,10.459193825620083,137,baseline,0
1165.6686494822648,750.0,2053.4682065183033,1.761622573816631,0.0,0.0,16.296217475629287,349.4304443757704,1.6714033928178014,1.0,3.0201788187163814,1.8069718128456673,0.0,0.0,12.948339312247944,238.03946365818572,8.20716734580098,5.899,6.756811982622115,0.8232818581528122,8.24468725,3.9,1.199342074685988,0.88531021136501,744.5917602996254,750.0,62.253514013376815,0.08360757845121179,0.0,0.0,-11.423989984668724,128.50754716981135,10.551131639237717,8.698892,9.645489774910562,0.9141663761487687,11.19371525,5.564036999999999,3.3410128834129464,25.876329049843868,9078.0,10.37840567630524,138,baseline,0
1157.9076564651064,750.0,2010.0344814171492,1.735919501174593,0.0,0.0,16.412682654680122,361.2546205068156,1.6635603092237636,1.0,2.995392188381316,1.8005912811054026,0.0,0.0,12.748382198688054,234.8951780329233,8.061130746485066,5.470354333333333,6.733122638539481,0.8352578379249532,8.24293475,3.571354333333333,1.254508712843743,1.070021063568328,744.8008048289738,750.0,61.047418316047285,0.0819647587922054,0.0,0.0,-11.656538954258965,133.87490039215666,10.416990350206502,7.999,9.649759091004023,0.9263480877480826,11.0,5.0,3.2305294796929247,24.417238047717856,9443.0,10.460535644746088,139,baseline,0
1129.0011092064133,750.0,1879.6621848917614,1.6648895820952698,0.0,0.0,17.300767598994778,417.3034816577934,1.6259957648482404,1.0,2.8676534572529224,1.763629106082309,0.0,0.0,12.887700567512596,249.56176312165445,7.882938980613601,5.899,6.660951477339098,0.8449832598882574,8.639527999999999,3.9,1.300718203960435,1.2511025330636611,745.0493092669154,750.0,59.5809480501312,0.07996913400101711,0.0,0.0,-11.951783948363383,140.8451395483567,10.084672442270847,6.899,9.31595875095286,0.9237740545646428,10.5186,4.9,2.9527387376120307,20.990372841293826,9917.0,10.566939050874634,140,baseline,0
1126.3424248457097,750.0,1892.4008718374364,1.6801292662812235,0.0,0.0,17.47081524305686,425.0937323044434,1.627513438184352,1.0,2.9197262614730994,1.7939798179057345,0.0,0.0,12.780484519978055,244.6228378636824,7.81948258355959,5.999,6.4824669310614915,0.829014818025279,8.0,3.6800254,1.3165949485379975,1.3366496963355354,745.1128807485567,750.0,59.199798690234395,0.07945077882798239,0.0,0.0,-12.030881476875734,142.74210911063167,10.006311014732232,6.999,9.143342574029056,0.9137575836456979,10.49278825,4.762934500000001,2.979656163873154,21.36534540677324,10046.0,10.581016680511155,141,baseline,0
1126.031705646345,750.0,1912.9698224518459,1.6988596438799175,0.0,0.0,17.37999971191581,420.9676120305765,1.6314707897054506,1.0,2.97949608275238,1.826263823755193,0.0,0.0,12.5566634363134,234.9919323468272,7.783054668914613,6.103908333333333,6.3338543091068145,0.8138005678418423,7.795066,3.226931333333333,1.2982686938694263,1.3456989642059787,745.1956160093943,750.0,58.69994153053434,0.07877118473251236,0.0,0.0,-12.136148920152152,145.28611061211024,9.977945841080341,7.659559,9.091412696102417,0.9111507359232232,10.3766915,4.760559,3.0769521452026996,22.641675222693983,10219.0,10.6270289385352,142,baseline,0
1138.3961238010481,750.0,1963.6499996647651,1.7249268146734682,0.0,0.0,17.161641592208845,411.3937076219252,1.6558884603975081,1.0,3.0843075101847286,1.8626299922667002,0.0,0.0,12.260741974504533,223.4851840378331,8.015885250189921,6.899,6.270164752004006,0.7822173791541547,7.321192,3.6194700000000006,1.2783191128485432,1.315997600744562,745.1452585780678,750.0,59.004701442861325,0.07918550210660635,0.0,0.0,-12.071758685973514,143.72735777237716,10.269438321665183,7.999,8.947049680265991,0.8712306749426226,10.899999999999999,5.0,3.039311112267565,23.372780690932768,10113.0,10.58435183594666,143,baseline,0
1119.8834260695064,750.0,1933.9650201991908,1.726934228312401,0.0,0.0,17.520393981261137,431.39663237776057,1.626562072425431,1.0,3.0606259025413274,1.8816533069515797,0.0,0.0,12.433998432392393,229.4443949403576,7.7680225269066,5.999,6.335663828381256,0.8156083232812481,7.0,3.7703870000000004,1.2601280996339035,1.3138750046199412,745.5216637781629,750.0,56.68600582904531,0.07603535696303089,0.0,0.0,-12.578824652185498,156.22682963042953,9.904808636778254,7.999,8.993241254775931,0.9079671889250321,10.654203500000001,5.0,2.9588194546503943,22.51968717376332,10963.0,10.692144127680047,144,baseline,0
1100.1218836565097,750.0,1732.3505780874543,1.5746896810466002,0.0,0.0,17.146451348248117,460.1856435582284,1.603431328746314,1.0,2.8760164580945053,1.7936636303240978,0.0,0.0,11.589729715821061,211.4936153400966,7.952171526272535,6.362748,6.424217543442121,0.8078570139260288,7.999999999999999,4.069134999999999,1.256357708959261,1.3186637901352487,745.6129032258065,750.0,56.10915480437753,0.07525239244335483,0.0,0.0,-12.711398147739848,159.57964287036404,10.054533329103744,7.999,8.802887805589233,0.87551430956109,10.861502,5.0,2.467185344085366,16.211172596747545,11191.0,10.715026960114429,145,baseline,0
1106.9786926688334,750.0,1772.3970547022207,1.6011121681385925,0.0,0.0,16.857185947485977,444.4720623446624,1.6199891657638137,1.0,2.971599260790367,1.8343327990031826,0.0,0.0,11.319148353034041,199.2195953521379,8.225265307733732,6.899,6.443083454367218,0.7833283442309352,8.0,3.97102425,1.232660715696223,1.2370425593587013,745.5673528349585,750.0,56.397897941946695,0.0756442697329736,0.0,0.0,-12.644703644876682,157.88853026675775,10.387511282412424,7.999,8.819262698579864,0.8490255710732335,11.373144,5.0,2.463316202835263,16.531673009947806,11076.0,10.70472360590132,146,baseline,0
1113.4583668723728,750.0,1812.2649472318303,1.6276000981719294,0.0,0.0,16.75784779448127,441.3526109631472,1.633217064663268,1.0,3.056672222348284,1.87156520004798,0.0,0.0,11.223998687194243,195.05539478717645,8.327175855088205,6.999,6.585209968171568,0.7908095232728592,8.638382,3.9999999999999996,1.2245071021867036,1.2041247878555579,745.6089795188266,750.0,56.13408702865954,0.07528622719228151,0.0,0.0,-12.705612521559607,159.43258954801217,10.560850531526697,7.999,9.033650636385149,0.8553904450609838,10.50994,5.0,2.3787337134056856,15.4253988158756,11181.0,10.6977796543386,147,baseline,0
1116.397377978563,750.0,1834.3038266873168,1.6430563729992376,0.0,0.0,16.828276754745563,444.8807878653644,1.6415980157675614,1.0,3.1229550747008856,1.9023872133767699,0.0,0.0,11.1857977254554,191.91317187947817,8.22755119825187,6.899,6.46305926024924,0.7855386255903778,8.899999999999999,3.999999999999999,1.1771007825403368,1.0434883107675086,745.650987687129,750.0,55.866564077230606,0.0749232080420336,0.0,0.0,-12.767958566203946,161.02076594830066,10.469847727876694,7.999,8.938877933109309,0.8537734421207415,10.268236,5.0,2.202990157430538,12.938055758769407,11289.0,10.702833923471985,148,baseline,0
1124.5023280802293,750.0,1883.5154628356513,1.674976934953281,0.0,0.0,16.603495703947384,433.3283792358122,1.6600107449856734,1.0,3.229908982350509,1.9457157082307828,0.0,0.0,10.997681751352394,183.88722308560895,8.475189011792141,6.6283425000000005,6.522436200303802,0.7695918275366681,8.221331999999999,3.7293425000000004,1.1492983924371243,0.9456616831400435,745.6038681948424,750.0,56.16654866088411,0.07533028067151414,0.0,0.0,-12.698087267134898,159.24142024377335,10.766621197797278,8.8897455,9.023214573387472,0.8380730042990194,11.0,5.1092545000000005,2.213420014084513,13.062182705997653,11168.0,10.692284366701506,149,baseline,0
1140.4786356474187,750.0,1959.3644962231347,1.7180194656700927,0.0,0.0,16.094618502255667,406.9436262461334,1.6931133561961256,1.0,3.3805627486251884,1.9966547049278567,0.0,0.0,10.652398582756346,170.7060057722422,8.633469038754262,6.999,6.555912128293608,0.7593601249816461,7.9199364999999995,3.9999999999999996,1.1465149772282277,0.8574836826031347,745.4494392436741,750.0,57.1384044480617,0.07664960417172462,0.0,0.0,-12.476702585130234,153.66810739779544,11.01738513912318,8.420109,9.147771362003265,0.8303033112202967,11.444861,5.4211089999999995,2.2490456395707534,13.28964911871379,10789.0,10.640339273592335,150,baseline,0
1151.93143072431,750.0,2009.1313110972565,1.7441414111202411,0.0,0.0,15.985157177081254,401.5257585264078,1.7174343034755581,1.0,3.493913529546418,2.034379727059028,0.0,0.0,10.516535129215224,165.16386668282794,8.965215310493845,7.269944,6.676803824641045,0.7447455073193614,8.0,3.729056000000001,1.117407527433952,0.7932008940442765,745.375718187812,750.0,57.59641903904447,0.07727165996106668,0.0,0.0,-12.374926224014928,151.13879904981232,11.393617046434962,8.290556,9.17750009196589,0.8054948709055927,11.586973999999998,4.716557,2.20596153911471,13.350088112740583,10617.0,10.586381778350857,151,baseline,0
1164.069742384171,750.0,2081.8596117591824,1.7884320294205525,0.0,0.0,15.731261739937871,388.2571668076249,1.747379762954256,1.0,3.6492765524578754,2.0884278448367315,0.0,0.0,10.279145462666946,156.49527353748647,8.995266904611213,7.899,6.690126704318822,0.7437385433098472,8.216023499999999,4.1000000000000005,1.028432602785293,0.5464726992372895,745.1909099813889,750.0,58.72849092757329,0.07880999370891417,0.0,0.0,-12.130088968935365,145.1390583942877,11.475454671956117,8.999,9.271763029970533,0.8079647643617122,11.793105,5.0,2.244782584221702,13.962382730915735,10209.0,10.560322655393577,152,baseline,0
1171.4008308376003,750.0,2119.085808251602,1.8090185293247294,0.0,0.0,15.6729810233194,386.5435810013203,1.7608926673751328,1.0,3.729673398661777,2.1180583392521015,0.0,0.0,10.252660458406732,154.93006228566762,8.955100711074639,7.899,6.952036775261865,0.7763214507084644,9.3435405,4.653802499999999,1.0374784555618466,0.5322264452027063,745.2568833929089,750.0,58.32694947596105,0.07826422107021364,0.0,0.0,-12.215858590024055,147.22720109146454,11.472640707854312,8.999,9.580331681432224,0.8350589829657448,12.5854615,5.5661130000000005,2.1291429283203676,12.560979589854659,10351.0,10.544454984168402,153,baseline,0
1198.7793360912117,750.0,2207.201361385762,1.8412073806532667,0.0,0.0,15.260911082883641,367.7206491866015,1.8129351225910604,1.0,3.906525379740562,2.154807048008054,0.0,0.0,9.961931216142947,145.61024561967596,8.9530330052412,7.622344,7.1356431994332326,0.7970084769324486,9.76857025,4.6233439999999995,1.004930840379839,0.379432746709651,745.0463121783877,750.0,59.59885556090925,0.07999349112493748,0.0,0.0,-11.948092252023638,140.75690846286713,11.636723871960447,9.355596,9.922721400831476,0.8527074724820971,13.672166999999998,6.356596,2.0641253539659554,11.768549829580502,9911.0,10.444074070520536,154,baseline,0
1177.4603053435114,750.0,2190.426118994996,1.8602972083682794,0.0,0.0,15.701576452688416,388.0355094887248,1.7791984732824428,1.0,3.8990734031762533,2.191477489289238,0.0,0.0,10.221668967715878,152.04445142407675,8.490407853356128,6.899,7.267129413471474,0.855922299492231,9.860395583333334,4.9,1.0866603784992939,0.5004400932663602,745.3152671755726,750.0,57.96921922538177,0.07777811857398335,0.0,0.0,-12.293257419605217,149.1241779846785,11.063017226145037,8.433965,10.097121230292101,0.9126914497095556,13.4488165,6.434965,2.020495484309751,10.867197683246022,10480.0,10.561361647515435,155,baseline,0
1179.5541170871013,750.0,2230.5597172485095,1.891019398717252,0.0,0.0,15.773624645865103,389.05313957972055,1.7878153260352214,1.0,3.991376238846903,2.232543921467798,0.0,0.0,10.227601239609855,150.77582990752472,8.525609149765312,6.578133,7.217353416563683,0.8465498816307288,9.383046,4.579133000000001,1.1232316635711084,0.5803058865214488,745.3264159923846,750.0,57.90064996200041,0.0776849561744126,0.0,0.0,-12.308200900205351,149.49180939981605,11.062641850642553,8.610942,10.031867601049678,0.9068238614691295,13.0,5.864073000000001,2.018817606078379,10.44345620250797,10505.0,10.58392897244833,156,baseline,0
1166.0055207949945,750.0,2243.725651048345,1.9242839000612533,0.0,0.0,16.013734050790227,398.78810726226976,1.7686786897313214,1.0,4.029501739436923,2.2782553794714637,0.0,0.0,10.374841590625872,153.82735710120267,8.299842127632493,5.999,7.240449824639272,0.8723599453215853,9.100000000000001,4.000000000000001,1.1946012205486716,0.7577557573053211,745.4825174825174,750.0,56.931667192579354,0.0763688830488429,0.0,0.0,-12.52317155149051,154.82982570806115,10.748625371089437,7.56853,10.045298525062968,0.9345658796595324,12.899999999999999,5.56953,2.0521299747767685,10.576549807011844,10868.0,10.680235400697395,157,baseline,0
1160.4369732502748,750.0,2236.8001144247514,1.927549850604712,0.0,0.0,16.30364630234561,419.37780971276726,1.766397947966288,1.0,4.073440806533756,2.3060719761499056,0.0,0.0,10.42980436017752,155.7742062048996,7.995499347319142,5.666252999999999,7.02119749488184,0.8781437143429971,8.976734624999999,3.667252999999999,1.2512508140245822,0.9354521853311137,745.5023818248443,750.0,56.8071452654765,0.07619981726473321,0.0,0.0,-12.551321850756755,155.5356802012841,10.37706774725174,6.999,9.903652356092573,0.9543786932214502,12.0,5.0,2.115643762442116,10.594092621212017,10916.0,10.705464596783248,158,baseline,0
1125.7216005425569,750.0,2142.3969158579525,1.9031321019561098,0.0,0.0,17.131578616569332,475.6181261116466,1.709393014581214,1.0,3.9655369310354347,2.319850904507736,0.0,0.0,10.843428504254428,169.57895437166192,7.38265585416721,4.999,6.887679971103166,0.9329542250320866,8.636928750000001,3.4696664999999998,1.3713288897656322,1.2936029195718382,745.8379111563241,750.0,54.659904515021736,0.0732865729904755,0.0,0.0,-13.056660611555118,168.47638632533497,9.551401993472362,5.999,9.718285682511985,1.0174721668246896,12.37067175,4.588661,2.0944376038423593,9.156808453315378,11796.0,10.836338294941898,159,baseline,0
1118.6267914837213,750.0,2169.0248915909083,1.9390067430031448,0.0,0.0,17.325073373211342,486.227612660292,1.7006875983762737,1.0,4.0229396096287635,2.3654783003472555,0.0,0.0,10.960392654830962,172.8254820561875,7.277744082728685,4.999,6.684648583419989,0.9185055846197984,7.899999999999999,2.9999999999999996,1.4189206746611054,1.4471127728703008,745.9327313395742,750.0,54.03725842852648,0.07244253557755044,0.0,0.0,-13.210615849865096,172.52037113270688,9.377529544942423,5.999,9.583430842735686,1.0219568807335095,11.322307,3.9999999999999996,2.252752129501256,10.353368563416216,12071.0,10.902543151303847,160,baseline,0
1114.2184105202973,750.0,2200.8887253949742,1.9752758567032145,0.0,0.0,18.050587653625556,532.9359158929886,1.6972964142775464,1.0,4.0929750431708785,2.411467442422573,0.0,0.0,11.249672003669124,184.93013130993015,7.304117405418431,4.999,6.57168164298458,0.8997228930232548,7.0,2.9999999999999996,1.488450100008296,1.6898586410383922,745.9898717634567,750.0,53.658470517810734,0.07192922122517115,0.0,0.0,-13.306002512500301,175.0497028626644,9.344226017397697,5.899,9.403115938703273,1.006302279203856,10.0,3.9,2.2377019153464315,9.608890781242637,12243.0,10.925221580414838,161,baseline,0
1128.55700270636,750.0,2269.2527537013157,2.010755990401447,0.0,0.0,17.912001825371057,524.996003055408,1.729533152909337,1.0,4.246018661945364,2.455008540774669,0.0,0.0,11.084386231735303,179.0005664405574,7.802307030189587,5.424662,6.578871390622842,0.8431956554858856,7.0,2.8488583529411766,1.4909013760022165,1.7097721321787036,745.8477672530447,750.0,54.5955218540575,0.0731992830857866,0.0,0.0,-13.072418950658829,168.88813722154396,9.954736697733424,5.999,9.42773044062664,0.9470597492320638,9.825321249999998,3.0999999999999996,2.1690064427449096,8.737670378874206,11824.0,10.896330898566717,162,baseline,0
1125.9011800662195,750.0,2219.110890076175,1.9709641746229087,0.0,0.0,17.266554977858128,518.4424675353266,1.7324900246200865,1.0,4.258181062027114,2.457838718558209,0.0,0.0,10.748402900563265,169.22543292560368,7.872211962291271,5.899,6.523085362091904,0.8286216622898588,6.2154065,2.9,1.4889268956360882,1.7919582721060427,745.8319042363528,750.0,54.69910528572038,0.0733397230328006,0.0,0.0,-13.047083763891342,168.2263947419971,10.029811019016893,6.899,9.36657004631047,0.9338730339535916,9.518106,3.9,2.099888619406511,7.54222358434199,11779.0,10.908389218488658,163,baseline,0
1131.8200739657693,750.0,2282.6687992258558,2.0168124348843213,0.0,0.0,17.235288921854245,518.1977534055649,1.7491184312376364,1.0,4.386947285049447,2.5080904795825307,0.0,0.0,10.699044081657693,168.0251116623312,8.03790087682132,5.999,6.50256274270652,0.8089876750605106,6.6046249999999995,3.000000000000001,1.4700421616460364,1.8017293680130217,745.7774146383418,750.0,55.053395935044165,0.07382014372444065,0.0,0.0,-12.961141036941397,165.99117697948634,10.220643927324332,6.899,9.369489165256528,0.9167220022417288,9.6833995,3.9,2.1255662886452797,7.866071296368498,11627.0,10.89066519779317,164,baseline,0
1129.9711909457258,750.0,2317.6709175146457,2.0510885021545358,0.0,0.0,17.288044087452818,523.2109860804977,1.7516076481179799,1.0,4.472034411058841,2.55310281150224,0.0,0.0,10.711796118738427,168.17762765406232,8.031473603626628,6.899,6.325218291838706,0.7875538916024751,6.726750666666668,3.12787,1.4139381859398403,1.7460889971253737,745.7904484266484,750.0,54.96886310913812,0.07370550698940004,0.0,0.0,-12.981547306818324,166.5205704791619,10.17561008076824,6.999,9.279099000591502,0.9118960855358312,8.7275665,3.9999999999999996,2.250596786232213,8.946237692968515,11663.0,10.916377057941187,165,baseline,0
1138.8406486867618,750.0,2382.9922636244523,2.0924720823517906,0.0,0.0,17.153626186084857,516.7721133274467,1.7761325577295963,1.0,4.620856624441864,2.601639502824404,0.0,0.0,10.580340647024393,163.86958478001637,8.294296652428951,6.999,6.247916433383531,0.7532786317154275,6.0,3.000000000000001,1.3361068948706154,1.5525424255069638,745.6728362418473,750.0,55.726904518341456,0.07473371941400224,0.0,0.0,-12.80074101817212,161.85897061431422,10.466087437863566,7.999,9.272607866813443,0.8859669787649178,9.550808,3.9999999999999996,2.3365486734814707,9.756823693827771,11346.0,10.901055609908745,166,baseline,0
1142.9303522313903,750.0,2357.4612263236904,2.0626464436097276,0.0,0.0,17.10663148402441,540.8036352438371,1.7891935054564811,1.0,4.663450516363033,2.606453970540898,0.0,0.0,10.495052232398733,163.29487490816646,8.490042664905998,7.899,6.256788099404156,0.7369560255882921,7.1000000000000005,3.6843200000000005,1.22285086389542,1.300758607874637,745.6440422322776,750.0,55.910885704140334,0.0749833466606354,0.0,0.0,-12.75758871428028,160.7560698027315,10.698030556472363,8.320547,9.299630412965437,0.8692843382597288,9.0,4.321546999999999,2.2376026430361984,8.528983228794567,11271.0,10.886019485701485,167,baseline,0
1146.719206588152,750.0,2395.756045091544,2.089226404622337,0.0,0.0,17.14759580427527,545.3574675861995,1.7996103781103339,1.0,4.753533300101922,2.6414235869729374,0.0,0.0,10.50589362021508,163.53801362454897,8.631839881509931,7.999,6.470436594350431,0.7496010912123854,7.201935000000001,3.9999999999999996,1.134625206104411,1.0428510726808824,745.6525281147614,750.0,55.85672913221252,0.07490986354386203,0.0,0.0,-12.770261834364383,161.07958731822362,10.862170532188081,8.999,9.521298809804314,0.876555821103127,10.0,5.0,2.174949001332917,8.196020082158615,11293.0,10.881580738039442,168,baseline,0
1150.560353982301,750.0,2432.0517232913608,2.113797607290728,0.0,0.0,17.257950332189765,552.8388242004661,1.8104424778761061,1.0,4.843515579312736,2.675321441305793,0.0,0.0,10.53248757975008,164.1036407325965,8.898702215137785,7.999,6.593947589997195,0.7410010393178548,7.480455,3.9999999999999996,1.0989760301438707,0.9270484666232535,745.655221238938,750.0,55.83953046905168,0.07488652781948192,0.0,0.0,-12.77429155449684,161.18252471928935,11.1475445119469,8.999,9.613735784211109,0.8624083782673396,10.0,5.0,2.1474940339162947,8.11865745347245,11300.0,10.87079816237459,169,baseline,0
1160.5127646043427,750.0,2499.020153759438,2.1533758438335115,0.0,0.0,17.150597628498673,547.0264887658591,1.8371036613064413,1.0,4.997163971425294,2.7201317359912074,0.0,0.0,10.418001631326819,160.3949336281905,8.985985140876297,7.999,6.734282306250098,0.7494205922527691,8.100000000000001,4.000000000000001,1.0785574511107476,0.8030262208573489,745.5395657308985,750.0,56.57329819289569,0.07588235526766898,0.0,0.0,-12.60451757701027,156.8738633491608,11.303324201962386,9.475253,9.83503568546691,0.8701011764096296,10.470350999999999,5.423746999999999,2.135287653123214,7.9774074440698595,11007.0,10.856894719623659,170,baseline,0
1180.6905695611579,750.0,2584.4497129237957,2.1889305966798656,0.0,0.0,16.864542871194715,529.3049056399982,1.8782446311858076,1.0,5.1700064293807335,2.7525735165374656,0.0,0.0,10.256494541585475,155.27690977037295,9.164422505224772,7.899,6.746398956818943,0.7361510180235276,9.0,4.122810833333333,1.0276514938803354,0.6547881686212365,745.415873015873,750.0,57.34741024957519,0.0769334439009914,0.0,0.0,-12.430059926499055,152.5063897763578,11.551664407563026,8.999,9.914556006622647,0.8582794354838994,10.5716235,5.0,2.1486836185618494,8.128396661392777,10710.0,10.826656824315702,171,baseline,0
1200.9138064018512,750.0,2670.8852682894294,2.2240441021257564,0.0,0.0,16.641844978258863,515.3248262308772,1.9215194755109912,1.0,5.3528425113681815,2.785734196081825,0.0,0.0,10.098933540654464,150.33917912986104,9.525369381859054,7.999,6.900755019495278,0.7244606211951925,9.31840175,4.8999999999999995,0.9832294158335937,0.5223773624497037,745.266486694948,750.0,58.26826287129629,0.07818446678006416,0.0,0.0,-12.228491777140288,147.53601114358779,12.022502852005399,9.899,10.119911292760857,0.8417474645117524,10.0,4.9710990000000015,2.122206186644443,7.953239834470951,10372.0,10.770815404508438,172,baseline,0
1221.9259185303515,750.0,2771.8104054615706,2.2683948048137923,0.0,0.0,16.49170629803608,505.736288503272,1.9675519169329074,1.0,5.55552547074447,2.8235724927678802,0.0,0.0,9.960057701866456,146.5949144095632,9.390462712353706,7.999,7.07612017879169,0.753543291267494,10.0,5.0,0.9351368017237934,0.3457367194955445,745.0982428115016,750.0,59.287785137925766,0.07957042673220298,0.0,0.0,-12.012533171312862,142.3009531918919,11.98863516783147,9.519559000000001,10.457186865718215,0.8722583279352335,10.821175749999998,5.520559,2.096905520821417,7.727226325621986,10016.0,10.727584647830959,173,baseline,0
1219.8105263157895,750.0,2795.0972279782077,2.2914191734516987,0.0,0.0,16.791857250443993,522.5307145626781,1.9695134061569017,1.0,5.630633695321759,2.8588958459078357,0.0,0.0,10.051176044534747,148.9111721688219,9.139463392372884,7.273876333333334,7.102232881875296,0.7770951725461576,10.899999999999999,4.906443,0.9245088297964542,0.2380698024021748,745.1245283018868,750.0,59.129690864730826,0.0793554481416487,0.0,0.0,-12.045540001776166,143.09503393438968,11.700584917974181,8.999,10.561603177208543,0.9026559997854501,12.0,6.0,2.133369416874571,7.925537562328527,10070.0,10.742360149543748,174,baseline,0
1233.8940105989402,750.0,2862.7931149706246,2.320128868751868,0.0,0.0,16.60160276522123,512.3407665502333,1.9973002699730027,1.0,5.763000216343877,2.8853950019351746,0.0,0.0,9.978719155811529,146.76101009670887,9.015904801246698,7.5895019999999995,7.085610451953137,0.7859012054977949,10.0,4.6905019999999995,0.958248488775935,0.2664371414831761,745.0908909109089,750.0,59.33192572532237,0.07963045374610107,0.0,0.0,-12.0033485027752,142.08037527907572,11.646044510348965,8.899,10.71335355083606,0.9199134986403243,12.734145999999999,5.999999999999999,2.178573664339744,8.052454666029702,10001.0,10.7525850570594,175,baseline,0
1214.6502435369052,750.0,2835.6763164698577,2.334562012034619,0.0,0.0,17.079887803673074,544.6505803362298,1.9556013488197828,1.0,5.698206180498573,2.913787201025135,0.0,0.0,10.300914342810707,156.9448175078007,8.53995956278407,6.999,7.147371645850387,0.8369327270585235,9.100000000000001,4.8999999999999995,1.046890265399414,0.43627477776859847,745.4012738853503,750.0,57.43807076233941,0.07705657714125924,0.0,0.0,-12.409931919894252,152.00641025641022,11.042698988572498,7.999,10.776351362029958,0.9758802058429584,13.2447265,5.8999999999999995,2.2094405200330622,8.120236028232634,10676.0,10.834325729176808,176,baseline,0
1210.602314474651,750.0,2848.3662031073522,2.3528504522506384,0.0,0.0,17.32764573310046,560.4095389682343,1.9497612049963262,1.0,5.738976266171721,2.9434252007196617,0.0,0.0,10.422219825662584,160.40681529848888,8.09859718531085,5.899,7.219846047856075,0.8914934133224154,10.0,4.1000000000000005,1.1487382770351826,0.6235102397427936,745.4908155767818,750.0,56.879683626062494,0.07629830232322182,0.0,0.0,-12.534908524471339,155.1239317168642,10.578288786645848,6.999,10.965979764211061,1.0366496874290896,12.4445715,5.1,2.2558090529531274,8.159776625395466,10888.0,10.851353915404175,177,baseline,0
1194.1697088415992,750.0,2842.435034811609,2.3802605389889724,0.0,0.0,17.722608630846455,585.0957124480341,1.9235152702341733,1.0,5.7451074338372194,2.9867750585301027,0.0,0.0,10.61762765775248,166.08617214786872,7.742178155522413,4.999,6.973653535071393,0.9007353479843603,9.0,3.3523729999999996,1.2437243788564334,0.8822562432169652,745.6285281809278,750.0,56.009757074149086,0.07511750819244169,0.0,0.0,-12.734514370730139,160.16785625833236,10.094032767963673,6.487218,10.784567799517355,1.0684102228937966,11.462088000000001,4.488218,2.459063690419487,9.502769328892251,11231.0,10.912560650373752,178,baseline,0
1168.8246688741722,750.0,2781.6923750226224,2.3799056001290477,0.0,0.0,18.408787772128814,632.2890234135193,1.8719370860927151,1.0,5.635557690779864,3.010548662478254,0.0,0.0,11.023192417359759,178.84000832455388,7.139286080191206,3.999,6.79201336813448,0.9513575015546337,8.0,3.0,1.4334790275928297,1.4601008527215988,745.935761589404,750.0,54.01723890196691,0.07241540315330851,0.0,0.0,-13.215624080201065,172.6527198291904,9.341837925827814,4.999,10.632043672347573,1.1381104828368587,10.609909250000001,3.9999999999999996,2.601965780481495,10.168000762216186,12080.0,11.008251517629471,179,baseline,0
1150.190588051053,750.0,2744.0199037498137,2.3857088836028764,0.0,0.0,19.044125858049316,674.4844715556376,1.8353300446323702,1.0,5.572668258155504,3.0363303180555463,0.0,0.0,11.367876621981804,189.70178101121277,6.997619398072368,4.73405,6.561278965643995,0.9376444462600277,7.7205449999999995,2.7350499999999998,1.5674585657318205,1.9893545013182976,746.155665178921,750.0,52.54360884639048,0.07041909791543434,0.0,0.0,-13.594637788319943,182.81417659561657,9.126789853887715,4.999,10.481647211434034,1.1484484007231954,9.436634000000002,3.0,2.774842040715101,11.325419394761798,12771.0,11.074741389826203,180,baseline,0
1149.7534419007159,750.0,2786.099971127007,2.423215160392269,0.0,0.0,19.036143019418127,675.6704209302371,1.8413972150106208,1.0,5.673201400298632,3.0809221139535126,0.0,0.0,11.344742240251623,188.8074837477992,7.04419714796976,4.999,6.256213969725303,0.8881372622469028,6.0,2.9999999999999996,1.6076229066503667,2.219709156756738,746.1375186846038,750.0,52.66680878697902,0.07058592748402127,0.0,0.0,-13.562147656567333,181.931849058535,9.130790478483203,4.999,10.19583723830315,1.1166434343586944,8.899999999999999,2.9999999999999996,2.9191123027096313,12.535005378094558,12711.0,11.087390139010266,181,baseline,0
1145.0922670690306,750.0,2759.7874333343675,2.4101004894551408,0.0,0.0,19.486721969775022,712.4454395904235,1.827536778574123,1.0,5.63888630702374,3.0855118064563936,0.0,0.0,11.595131792984006,197.4521283759159,6.988095901939488,4.999,6.257100360657793,0.8953941743875018,6.1000000000000005,2.9999999999999996,1.6714873715828928,2.605330255778605,746.2960392304791,750.0,51.580426037518976,0.06911523487476176,0.0,0.0,-13.853939049304714,189.9316271818502,9.019509110298001,5.899,10.158519613045252,1.1262829815701154,8.0,3.1000000000000005,2.9368915085954512,12.379451175821556,13255.0,11.094211547671021,182,baseline,0
1139.7454303263523,750.0,2778.814511010772,2.4381010329781203,0.0,0.0,19.84334845123612,744.6280437493493,1.8195811440834753,1.0,5.679689437857195,3.1214268494291635,0.0,0.0,11.755344339884815,204.57061738177094,7.1503846020320845,5.797525,5.995527308738624,0.8384901851342011,5.899999999999999,2.798525,1.6588408761519877,2.7141137830970967,746.3667579368016,750.0,51.0881622466443,0.06844913938539875,0.0,0.0,-13.990198207228525,193.72564587754022,9.117012750314512,5.999,9.952123049022264,1.0915991149270843,7.899999999999999,3.0999999999999996,3.1557654912258175,14.251504809000515,13513.0,11.127506598550875,183,baseline,0
1172.6182924875861,750.0,2939.138848835833,2.506475353203607,0.0,0.0,19.061829359549336,684.7102179783129,1.8934006086817234,1.0,6.004570821637024,3.17131556528742,0.0,0.0,11.2885761048515,188.2432648890712,7.732296613372336,5.999,5.916442447111224,0.7651597892506153,5.1000000000000005,2.9999999999999996,1.6307059618930737,2.662680159307129,746.0679160659939,750.0,53.13664758232615,0.07122226601368274,0.0,0.0,-13.43961022429118,178.6231229808721,9.853897927999359,6.999,10.084105071779673,1.0233620386026316,7.442483749999999,3.0999999999999996,3.2376257156651307,14.773923841111152,12486.0,11.04881456957697,184,baseline,0
1167.4746889914718,750.0,2950.909557796989,2.5276004573136786,0.0,0.0,19.294007237282916,699.704756365938,1.8841248728581488,1.0,6.03169126382712,3.201322455171065,0.0,0.0,11.424897467176919,192.41388479318246,7.817126788239194,6.999,5.905166988111616,0.7554139964821721,5.687051,2.9999999999999996,1.5423296741825918,2.5858647140466493,746.1586730302794,750.0,52.52315945609162,0.0703914078258797,0.0,0.0,-13.60004526494098,182.9612312084436,9.908758577263125,6.999,10.051849393567023,1.0144408419266806,7.439674999999999,3.000000000000001,3.2713807674880493,15.29799935635673,12781.0,11.07949213975943,185,baseline,0
1193.0045278669631,750.0,3073.3929023785413,2.576178740807988,0.0,0.0,18.916224918239756,673.4879596778587,1.9407261052111633,1.0,6.282903495300147,3.2373983523123306,0.0,0.0,11.161407616161595,184.15299929103386,8.117767720015031,6.999,5.895897278041895,0.7262953907273141,6.0,3.000000000000001,1.4994463294440576,2.5307820002381805,745.9581789742323,750.0,53.86890070717915,0.07221437102714567,0.0,0.0,-13.25284809187354,173.63798254627625,10.300156507203425,7.999,10.204113896990588,0.9906756164194525,6.050000000000001,3.000000000000001,3.344198978514689,15.777525352858579,12147.0,11.021889389127633,186,baseline,0
1182.9756097560976,750.0,3070.1789187464306,2.5953019600965663,0.0,0.0,19.295743218703088,698.5963053884877,1.923780487804878,1.0,6.291942650640718,3.270613612377425,0.0,0.0,11.340178481167852,189.6635992298158,8.285643657042016,7.608202,6.117358808628166,0.7383082186293382,6.999999999999999,3.390798,1.4072788980524593,2.3365050936448046,746.060975609756,750.0,53.18326519318987,0.07128541356786978,0.0,0.0,-13.427568777987616,178.29960328758804,10.435811626203465,7.999,10.277213569967156,0.9848025182978501,7.000000000000001,3.3375025000000003,3.262119707966977,15.450854111649782,12464.0,11.049952649678719,187,baseline,0
1208.068585944115,750.0,3185.57621031732,2.6369166845173506,0.0,0.0,18.873869955115534,669.8637000267382,1.9820491109229466,1.0,6.547450683261945,3.3033745971173776,0.0,0.0,11.050504557210134,180.06880907086745,8.463778843550278,7.899,6.015263398952925,0.7107065898274013,7.066458000000001,3.9,1.2620477101652936,1.9283496423455606,745.8428450465707,750.0,54.627684730996336,0.0732428890265554,0.0,0.0,-13.064542156738861,168.68226176520687,10.732615497967824,8.899,10.437331203556985,0.9724872008629444,7.416647500000001,3.999999999999999,3.338932996494381,16.035470913300742,11810.0,11.009420806711889,188,baseline,0
1219.0294367874767,750.0,3234.3707042684764,2.653234291693606,0.0,0.0,18.837442520284867,668.1752008149225,2.0040837161817255,1.0,6.656767816741473,3.3216016691280044,0.0,0.0,11.022793953501857,179.07109880577295,8.462529146932042,7.999,5.9706409624439685,0.705538599486955,7.785173375,4.000000000000001,1.0962861586396508,1.4181892927353612,745.8230389654585,750.0,54.756906993135,0.07341809535555387,0.0,0.0,-13.032987382219893,167.85876010510313,10.769802708865068,8.899,10.54023259620202,0.9786839073222688,8.525495000000001,4.100000000000001,3.380071798476783,16.512803674452616,11754.0,10.989328240742752,189,baseline,0
1242.9162465729194,750.0,3325.3636312004137,2.6754527027620774,0.0,0.0,18.63585172660036,654.3978857254649,2.0567789864685593,1.0,6.868906952190152,3.3396427119201086,0.0,0.0,10.84151268063263,173.1371452544261,8.620219250143789,7.999,6.101466499371605,0.7078087369146475,8.0,4.000000000000001,1.0431616754814637,1.1584623193876507,745.6579110285663,750.0,55.822347682081876,0.07486321388997282,0.0,0.0,-12.77832000401689,161.28546212505822,11.058000302025293,8.999,10.837281664530417,0.980039913956735,9.625331000000001,5.0,3.3326863580157515,15.98177650476292,11307.0,10.928182572773455,190,baseline,0
1258.5807856300462,750.0,3404.763183249556,2.705240078446875,0.0,0.0,18.4782891149311,643.2534311665065,2.0939853034564093,1.0,7.048107980966871,3.365882257785193,0.0,0.0,10.71735996197205,169.01516855635748,8.566267859575733,7.386071,6.1853961583686035,0.7220642944820256,8.100000000000001,4.387071000000001,0.98521285201921,0.8390706758325095,745.546040097977,750.0,56.532479960212314,0.07582694685466107,0.0,0.0,-12.613847485513288,157.1091483877897,11.068248658804317,9.218848,11.076019269638675,1.0007020632688963,10.0,4.780152000000001,3.336412476141642,15.933964541306384,11023.0,10.886072458505511,191,baseline,0
1288.4008023688987,750.0,3526.4640084546577,2.7370861629166776,0.0,0.0,18.101209465384215,618.4459830831129,2.162097621549336,1.0,7.320063775941469,3.385630557558261,0.0,0.0,10.45693269726121,160.89537958981919,9.129817815876248,7.999,6.308416483648915,0.6909684958531076,9.0,4.000000000000001,0.9701069918577091,0.7283800700757106,745.3103448275862,750.0,57.99946697036629,0.07781921634776638,0.0,0.0,-12.286676531342474,148.9624201858419,11.83450359891107,9.899,11.35288733672336,0.9593040588342019,10.0,4.999999999999999,3.2876322099618185,15.315728568478551,10469.0,10.815830925776773,192,baseline,0
1297.423076923077,750.0,3580.1630317742292,2.759441461658612,0.0,0.0,18.081302968065955,617.0607887009539,2.1834615384615383,1.0,7.442587661201885,3.408618622357742,0.0,0.0,10.428806980576576,159.88371508089787,9.149138954996738,7.899,6.489630555787639,0.7093159900302282,9.0,4.1000000000000005,0.9520182912713386,0.6240597354801114,745.2792307692308,750.0,58.190288901888145,0.07807850601421933,0.0,0.0,-12.24531575603401,147.94775796497476,11.883881298173078,8.999,11.524026686053459,0.9697191007642477,10.0,5.0,3.248226326810316,15.17475465232441,10400.0,10.79724166002056,193,baseline,0
1310.863038679336,750.0,3615.277628466627,2.7579369635053066,0.0,0.0,18.18846578028892,623.775282089885,2.206929647758902,1.0,7.530683051575563,3.412289584864129,0.0,0.0,10.457973695188464,160.61153665619912,9.05675095676722,7.999,6.610264990339519,0.7298715645261635,9.0,4.6432329999999995,0.9192817102117706,0.48241398438027616,745.2878395239467,750.0,58.13755591146268,0.07800684893583947,0.0,0.0,-12.256718877777919,148.22715764887747,11.867788785584029,8.999,11.77072823526611,0.9918215135041989,10.577925,5.0,3.196010446315818,14.764752712705974,10419.0,10.779638295122512,194,baseline,0
1327.7621354424123,750.0,3682.947891472242,2.773800964165226,0.0,0.0,18.156232997047887,623.4810867816657,2.249826989619377,1.0,7.71715569760138,3.430110729939709,0.0,0.0,10.348605622788654,157.29441943507604,9.16319951521169,7.92355,6.604372617738126,0.7207496253654966,9.499876,4.92455,0.8920107775708686,0.3576187581386563,745.146218487395,750.0,58.998907253683385,0.07917762418958235,0.0,0.0,-12.07297677416425,143.75676818950936,12.097856098467622,8.999,11.941737429082778,0.9870953441573322,11.0,5.1000000000000005,3.186380568297924,14.398568861154299,10115.0,10.737527514821275,195,baseline,0
1360.9644994840041,750.0,3809.0966596853905,2.7988214689873034,0.0,0.0,17.796956629395524,598.5465464822261,2.321981424148607,1.0,7.986129732666637,3.439359871535098,0.0,0.0,10.12881002112841,150.5739813471237,9.283930798527678,7.999,6.7517524689142085,0.7272514859745569,9.851712500000001,4.796260500000001,0.8869051487104892,0.2860386968407975,744.9333333333333,750.0,60.26991141707629,0.08090644990658175,0.0,0.0,-11.811310983028473,137.5070671378091,12.413225764189887,9.899,12.309542922728312,0.991647389370724,11.100000000000001,5.899999999999999,3.130336380893176,13.778720995860798,9690.0,10.66248310112998,196,baseline,0
1383.0148933890496,750.0,3920.957148168886,2.835079482449145,0.0,0.0,17.568574781360812,581.7210343576693,2.37790635379835,1.0,8.235628604789975,3.4633948438023174,0.0,0.0,9.957886030794453,145.29534761893174,9.239900506296888,7.922597666666667,6.856982494909113,0.7421056633928209,9.302509703703704,4.874307066666667,0.9141506602323209,0.30091966007975834,744.7395264116576,750.0,61.403496223013185,0.08244962707816876,0.0,0.0,-11.58694694255313,132.25733944954123,12.491508349726777,9.338227,12.645201004807639,1.0123037707519302,11.314519,5.660773000000001,3.1273443091825692,13.534250434626195,9333.0,10.618951301615724,197,baseline,0
1389.3933921172845,750.0,3938.7139894124025,2.834844336930544,0.0,0.0,17.68261871862639,592.0987763254592,2.388930202910868,1.0,8.296194830741445,3.4727656842517556,0.0,0.0,10.005487961886091,146.7926694283936,9.011063519730403,7.908294333333333,6.811886155841427,0.755946969070442,9.420881999999999,4.695899768115941,0.929588732404317,0.3087073516797889,744.7842345692128,750.0,61.143915739829495,0.08209614664466611,0.0,0.0,-11.637600577728557,133.43374720674794,12.275220878359715,8.999,12.78800684821452,1.0417740727385858,12.390154999999998,5.370281,3.1799987957729914,13.853118726302853,9413.0,10.608835178504469,198,baseline,0
1425.4201661801033,750.0,4065.179443090959,2.8519166064452324,0.0,0.0,17.416861051395728,575.2248336181697,2.474960700651246,1.0,8.607211581053159,3.4777164658769366,0.0,0.0,9.76864572663712,139.88313327551634,8.974419516814015,7.899,6.82854340501957,0.7608897034761924,9.67547321590909,4.9,0.9510519579686243,0.3044352908268517,744.4873119245452,750.0,62.84720407990374,0.08441675643529757,0.0,0.0,-11.31274866174093,125.97828228372123,12.385820343476308,8.999,13.05764690799431,1.05424158803271,12.14480425,5.4055875,3.2138229601067656,13.924386181640486,8906.0,10.523675501476541,199,baseline,0
1419.9377132166833,750.0,4069.539365989977,2.8659985069140586,0.0,0.0,17.613738390963647,588.565732999258,2.463519313304721,1.0,8.62815122601584,3.502368006379252,0.0,0.0,9.872458877977934,142.7607804161395,8.739066542595447,6.999,6.970481220539031,0.797623085550833,9.28121925,4.4854519999999996,1.0204169005554293,0.457533998740844,744.5971167602069,750.0,62.22291018449546,0.0835658758057399,0.0,0.0,-11.42978095064456,128.6398925797173,12.18286015637724,8.999,13.289987946822238,1.0908758515023635,12.0,5.899999999999999,3.1738421318913193,13.612803628697701,9087.0,10.533360263641951,200,baseline,0
1410.0765726681127,750.0,4075.879237964042,2.890537519002789,0.0,0.0,17.867890201716627,604.2771362274818,2.449349240780911,1.0,8.664832468220368,3.537605958331125,0.0,0.0,9.971787109492892,145.38986503234972,8.574828591430837,6.899,7.016427221290675,0.8182585979972202,9.071861375000001,4.4203244999999995,1.0915784240977262,0.583726452237955,744.675054229935,750.0,61.77585125704744,0.08295678887878091,0.0,0.0,-11.515019121306217,130.59566536404782,11.944287947396965,8.390603,13.376291979032585,1.1198902804371607,11.8736085,5.4916030000000005,3.2389338494444972,14.051879158484827,9220.0,10.565927594175959,201,baseline,0
1428.0713807718046,750.0,4166.4726220692255,2.917552076295686,0.0,0.0,17.675950898478334,593.499815417555,2.496877091233549,1.0,8.881449691549701,3.557023180168607,0.0,0.0,9.83768473654127,141.56069543254313,8.726149039669616,6.899,6.965326892366124,0.7982131477128473,9.159657999999999,4.0,1.1165584432352695,0.6302874541914867,744.52420254294,750.0,62.63817850326251,0.08413182310168069,0.0,0.0,-11.35167755634601,126.8605833432496,12.216916633281283,8.7377905,13.569930005773973,1.1107491696232759,12.100000000000001,5.738790499999999,3.2887763839333046,14.229139949885276,8966.0,10.534835453784726,202,baseline,0
1428.3407030731814,750.0,4171.585659777844,2.920581658705354,0.0,0.0,17.989429627279183,612.9800167474391,2.4993367234136636,1.0,8.930811608043841,3.5732726704571003,0.0,0.0,9.93054286633625,144.0213141428062,8.51623811267637,6.5635425000000005,7.029848154935099,0.8254640208416919,9.186797875,4.01491545,1.1599721671195893,0.7363133159237929,744.5726287862038,750.0,62.362694442017805,0.08375636174496631,0.0,0.0,-11.403376071789207,128.03698583465476,11.997976328543004,8.761479999999999,13.67378968566962,1.139674667730414,11.76890675,5.538213999999999,3.2673258665257765,13.955848579437326,9046.0,10.502301837538056,203,baseline,0
1439.3090665475659,750.0,4224.496154598444,2.9350861832140307,0.0,0.0,17.970114868977806,613.5692157251309,2.5273559624832513,1.0,9.070380717656873,3.5888813654665324,0.0,0.0,9.890321743463053,142.88580774996979,8.381601580045439,5.999,6.941575992175339,0.828192073541356,8.664182375,3.9999999999999996,1.2207024664492008,0.8994182770346186,744.5180884323358,750.0,62.67287130344209,0.08417911166591892,0.0,0.0,-11.34519868129324,126.71353311801772,11.886918835864227,7.899,13.805249095535514,1.1613816234601904,11.318074999999999,4.999999999999999,3.3582932560014256,14.49030014347214,8956.0,10.488074928126656,204,baseline,0
1403.2876451953537,750.0,4141.788866214356,2.951489582620655,0.0,0.0,18.66683744408585,664.0007405092874,2.453326293558606,1.0,8.92040877635378,3.636046619552804,0.0,0.0,10.215768759254342,152.82032503570161,8.090924949313724,5.999,7.026556409073865,0.8684490899485924,8.83227475,3.9999999999999996,1.2790305223009364,1.0817926127885897,744.8156282998945,750.0,60.96096011015071,0.08184704750261394,0.0,0.0,-11.673557229314282,134.2719383860755,11.436434455966209,6.999,13.770643054364223,1.2041028265746143,11.899999999999999,5.0,3.4003573268408225,14.995598052161373,9470.0,10.589847973112194,205,baseline,0
1419.0721112076455,750.0,4223.964800925405,2.9765681162818187,0.0,0.0,18.568714337167364,657.3423312244564,2.4981537793223283,1.0,9.132757040057525,3.655802583352158,0.0,0.0,10.099195224285738,149.24951595526775,7.988017407967515,6.122232666666666,6.951839472391187,0.8702834655138821,9.05183525,4.1232326666666665,1.2679760664719457,1.0477007440354598,744.6681146828845,750.0,61.815792463759266,0.08301119820348882,0.0,0.0,-11.507354367135294,130.41920453082756,11.413767576998262,6.999,13.94499878548182,1.2217699976285352,12.0,5.0,3.4555937865748354,15.344764267943386,9208.0,10.545086123871416,206,baseline,0
1413.331330472103,750.0,4227.068984137577,2.9908549347204985,0.0,0.0,18.806569642810903,674.9763626221886,2.490343347639485,1.0,9.170424628387991,3.6823936896413647,0.0,0.0,10.183622445716486,151.67828804924213,7.575150459004097,4.999,6.875744490593513,0.9076710129791224,8.663689499999998,3.146098743589744,1.3151321112496148,1.1151775047118662,744.7321888412017,750.0,61.44599109988869,0.0825075000390385,0.0,0.0,-11.578694800867043,132.06617329162546,10.978030188197424,6.999,14.074039439388521,1.2820186498047386,11.420046,5.0,3.528963793105203,15.85033330919422,9320.0,10.580165677248605,207,baseline,0
1403.4794607791105,750.0,4199.11319077331,2.991930632488391,0.0,0.0,19.30015654932927,712.1725328610049,2.4777624456002547,1.0,9.18633598552841,3.707512801253616,0.0,0.0,10.310605746228044,155.4780780412956,7.670931928749605,5.359128,6.772569868311914,0.8828874941425627,8.379204916666666,3.399875999999999,1.340676849319338,1.212205564190823,744.7886636238192,750.0,61.118138361511654,0.08206104811549797,0.0,0.0,-11.642653822972873,133.55138804158474,11.068975190107208,6.999,14.005804909720302,1.2653208331551649,11.529509,5.0,3.5805375474097554,16.23469915977798,9421.0,10.597882207169611,208,baseline,0
1388.4671866874676,750.0,4179.023473048322,3.009810756146436,0.0,0.0,19.700863018556774,741.2054147363785,2.452418096723869,1.0,9.181092405120001,3.743689714810382,0.0,0.0,10.454526177892596,159.6469647054696,7.60906804509135,4.999,6.754568819226523,0.8876998837701197,7.086283520833334,3.0,1.4136127695722587,1.4271048057495008,744.8938117524701,750.0,60.50284915850968,0.08122345521460032,0.0,0.0,-11.764530652765595,136.4041814798613,10.93845113447738,6.352483,13.986288079308661,1.2786351474592845,10.899999999999999,4.353483000000001,3.64028621423624,16.67887781852556,9615.0,10.650072006684661,209,baseline,0
1400.6999163529904,750.0,4244.629672164894,3.03036333665005,0.0,0.0,19.733605255927543,741.7937572392473,2.4788791300711,1.0,9.316671587385553,3.7584210840963146,0.0,0.0,10.447316301006804,159.61912885294515,7.7464948245997,5.13984125,6.873570460184671,0.8873136322710785,7.899999999999999,3.14084125,1.4273539547471148,1.4683567271835072,744.866583019657,750.0,60.66279823675742,0.08144115955750499,0.0,0.0,-11.732613508225102,135.65421973338613,11.128609849226265,6.390954499999999,14.161754080071741,1.2725537395900675,11.0,4.391954499999999,3.6271795593053704,16.554914263075062,9564.0,10.610461101108328,210,baseline,0
1377.8478542268247,750.0,4191.2227729532915,3.0418618137669373,0.0,0.0,20.306838167862626,785.2184466781223,2.425868764313452,1.0,9.200941767722863,3.7928439918417567,0.0,0.0,10.730887901050732,168.63492716086913,7.732458967182122,5.899,6.8429439705860755,0.8849635025066023,7.727569000000001,3.559561714285714,1.4594831392572531,1.6699206133823878,745.1114208901722,750.0,59.20857971259389,0.07946271933646969,0.0,0.0,-12.029047905515828,142.69799351319477,11.022976778253511,6.899,14.061274061357354,1.275633102039904,10.899999999999999,4.5718890000000005,3.6943849362966836,17.280304742092316,10043.0,10.689061823403911,211,baseline,0
1366.6329388560157,750.0,4210.133250241938,3.080661332344416,0.0,0.0,20.420148290688676,794.8437567887524,2.411834319526627,1.0,9.255789700849771,3.8376556904897234,0.0,0.0,10.783530117670685,170.1810926865155,7.50185686409276,5.899,6.399841019213225,0.8531009235654341,6.95730375,3.2782045,1.467000220297591,1.8073556051362623,745.1581854043393,750.0,58.92662360502515,0.07907934819645075,0.0,0.0,-12.08819252199499,144.12439844881567,10.669856419230769,6.899,13.907636678407938,1.3034511554758665,10.0,4.1947944999999995,3.9682807163921496,19.420431695215882,10140.0,10.751973304330013,212,baseline,0
1358.5044533620437,750.0,4204.121504424521,3.0946689162631076,0.0,0.0,20.833027837972075,824.5290461721426,2.4030537339727904,1.0,9.29579929737236,3.8683276890376916,0.0,0.0,10.88449643449948,173.04915941702998,7.628746319312195,5.999,6.261463456148278,0.8207722729352481,6.899999999999999,3.000000000000001,1.43475995577794,1.7522829173391843,745.1946755407654,750.0,58.7056480792851,0.07877894194115675,0.0,0.0,-12.134937171963612,145.25670016750414,10.74573276000783,6.999,13.769095727646972,1.2813547512451762,10.0,3.9999999999999996,4.066728930487089,20.311176273686147,10217.0,10.780523639988324,213,baseline,0
1378.6454271356783,750.0,4299.0576700199645,3.1183200447353863,0.0,0.0,20.598834281237362,805.1454401986224,2.452462311557789,1.0,9.515874146456154,3.880130635080679,0.0,0.0,10.743818090302513,168.4022959186901,8.109971303370934,6.451136916666666,6.315286910973825,0.7787064435541045,6.299831625,3.452136916666666,1.4076797091998279,1.6815486983780694,745.0657286432161,750.0,59.482744437152625,0.07983556638079735,0.0,0.0,-11.972067933732367,141.3304106099027,11.35798768723618,7.899,13.883929026907357,1.2223933859789058,9.899999999999999,3.999999999999999,4.017125479435621,19.770882831700344,9950.0,10.723164826997479,214,baseline,0
1382.7874522421073,750.0,4335.892638583588,3.1356175756101905,0.0,0.0,20.760010438881764,818.5780322983157,2.4649105167906695,1.0,9.613516095179866,3.900148110730093,0.0,0.0,10.773177876706292,169.6665010042187,8.276328770934642,6.899,6.251652694503241,0.7553654364793008,6.899999999999999,3.1000000000000005,1.3171587225720243,1.5150995254693287,745.0637442187814,750.0,59.4946220502509,0.07985172075797696,0.0,0.0,-11.969611099236486,141.27158986696526,11.550024942388898,7.999,13.917579745052734,1.204982657134778,9.050318999999998,3.9999999999999996,4.073887932302954,20.331337621540097,9946.0,10.71309812514748,215,baseline,0
1414.6408055113936,750.0,4486.783182141693,3.1716766296160372,0.0,0.0,20.30276059530099,781.6675029470551,2.5480657127715953,1.0,9.963616654150739,3.9102667581178907,0.0,0.0,10.499782929291701,160.976289347082,8.635260464979595,6.999,6.385842426810588,0.739507795127715,7.3459255,3.525353,1.2273483734524906,1.2119059595095525,744.7963963963964,750.0,61.07310628532306,0.08199973386125066,0.0,0.0,-11.651491729737035,133.75725952813056,12.05056493810281,7.999,14.135829234375784,1.1730428662045176,9.0,4.000000000000001,4.000647316312391,19.527055238621582,9435.0,10.612367400012758,216,baseline,0
1383.1299697275479,750.0,4420.608318890203,3.19609032820031,0.0,0.0,21.149808379643236,842.6535748140204,2.481029263370333,1.0,9.827256385315069,3.9609594817778637,0.0,0.0,10.838359785915706,171.78346009057168,8.51955173605936,6.999,6.575221871761063,0.7717802620918612,8.239846916666666,3.9999999999999996,1.1734098564121254,1.0992998884132996,745.0458123107971,750.0,59.60184171604591,0.07999755280979004,0.0,0.0,-11.947476858418732,140.742203282451,11.809949070938446,7.999,14.055024164553425,1.1901003196651871,9.3635315,4.8999999999999995,3.9706206558970463,19.71001322520892,9910.0,10.672814294917623,217,baseline,0
1377.147254493099,750.0,4403.732176504071,3.197720622930043,0.0,0.0,21.582000831312364,874.30378081449,2.469466785820673,1.0,9.831094452547294,3.9810595991798876,0.0,0.0,10.971694088357966,175.7073479748745,8.628219567276235,7.554021,6.789683064421207,0.7869158882061901,8.899999999999999,4.444979000000001,1.1706371802641518,1.0698249517259688,745.1250124118757,750.0,59.126775107741075,0.07935148347302845,0.0,0.0,-12.046150386620727,143.10973913708256,11.890668916989377,8.433179,14.104119952578753,1.1861502537024473,10.4817615,5.097793000000001,3.920277962774456,19.484831372045146,10071.0,10.673641881113022,218,baseline,0
1375.7297513232797,750.0,4443.98518441001,3.230274826967617,0.0,0.0,21.682424917132646,880.0813459947385,2.4778787576151005,1.0,9.948756903321307,4.015029739750766,0.0,0.0,10.965436948604161,175.21107769368427,8.512832356988808,7.703449,6.700769934521589,0.787137541716117,8.8353,4.704449,1.1222031712087193,0.9272588314257098,745.0967741935484,750.0,59.296605374582896,0.07958242127509177,0.0,0.0,-12.010696799388342,142.25683760683745,11.740447170478376,8.899,14.135583955667778,1.2040072878324455,11.504389999999999,5.899999999999999,4.01626107854697,20.317953255295183,10013.0,10.69560758891368,219,baseline,0
1399.6870425729305,750.0,4549.383604590796,3.2502862898752243,0.0,0.0,21.39383681955482,857.3971678112077,2.5373672817235335,1.0,10.200564229642854,4.02013705430694,0.0,0.0,10.795456804525733,169.7632734166554,8.565118703369645,7.354054,6.689416749987719,0.7810068933844434,8.899999999999999,4.355053999999999,1.1200228604701963,0.8454871972806979,744.9390784455211,750.0,60.23597293439519,0.08086026720479045,0.0,0.0,-11.818156530257594,137.66882377367023,11.900745165343778,8.999,14.39082072109224,1.20923694450662,11.100000000000001,5.602188999999999,4.042116776417506,20.307795340656995,9701.0,10.644213471938285,220,baseline,0
1434.575819893928,750.0,4697.1027641922665,3.2742101874682152,0.0,0.0,20.95210208135929,821.3654818640356,2.6246347007251867,1.0,10.546472406395766,4.018262961882572,0.0,0.0,10.540271799218665,161.68345967748166,8.62827565008329,6.999,6.5922726115124455,0.7640312941843495,8.347737166666665,4.000000000000001,1.080686329680047,0.6400047617688327,744.6860049788938,750.0,61.71276903651561,0.08287085915931064,0.0,0.0,-11.527144561231195,130.87506173552194,12.121719420824764,8.899,14.668651051974194,1.2101130658719814,11.638330999999999,4.999999999999999,4.084163270364083,20.375531444619504,9239.0,10.57523268229453,221,baseline,0
1442.2714584020223,750.0,4754.724634726117,3.2966919001462855,0.0,0.0,21.01558694605966,823.3021788450111,2.6531486976590832,1.0,10.714179425490387,4.038288330745911,0.0,0.0,10.49406401272743,159.9729932116906,9.01504107761245,7.216201666666667,6.831764029661532,0.7578184026944956,8.0,4.217201666666666,1.0982951713030396,0.6712591123724185,744.6042422244203,750.0,62.18217519511392,0.08351036922560602,0.0,0.0,-11.437497678671185,128.81635314960877,12.64121632509067,8.999,14.885814705572477,1.1775618993266224,11.3562545,5.0,3.9937642817917327,19.66496930356061,9099.0,10.538774866137407,222,baseline,0
1415.2441885263383,750.0,4709.132828998617,3.3274348463512364,0.0,0.0,21.61155245845625,862.841077263277,2.602473875026658,1.0,10.646904791465277,4.091070766793467,0.0,0.0,10.704752958254366,165.81684518740963,8.743701202572685,6.899,6.91899420053087,0.7913118301086356,9.14216275,4.1000000000000005,1.103649201678805,0.6829959884012404,744.764768607379,750.0,61.25707647070744,0.08225023397018477,0.0,0.0,-11.615466787008755,132.91906868010352,12.241427785348689,8.5929675,14.828709820676103,1.2113545969224306,10.921653749999999,5.045285499999999,4.0052574145585735,20.01007949799976,9378.0,10.5884029172713,223,baseline,0
1402.429416737109,750.0,4727.32878245854,3.3708140502765116,0.0,0.0,21.786506169104744,874.1650944566554,2.5859044801352495,1.0,10.700635935834923,4.138063110233388,0.0,0.0,10.766892541044024,167.45384386380795,8.515583706837601,6.999,6.864914651034985,0.8061590241339288,9.0,4.1,1.1481592245330385,0.7763646585038417,744.8123415046492,750.0,60.98014130008963,0.08187316173749114,0.0,0.0,-11.66977753474395,134.18370771041486,11.888795786031276,7.999,14.82800553217325,1.2472251857160668,10.899999999999999,5.1,4.125472601997798,21.03537583493817,9464.0,10.635587735935038,224,baseline,0
1408.977588953797,750.0,4756.070561348059,3.3755473462708276,0.0,0.0,21.989241593984143,887.8037050273042,2.6054168879447688,1.0,10.810613791599046,4.149283687236243,0.0,0.0,10.778018089514465,167.55547309109144,8.550388953992785,6.999,6.826512802936828,0.7983862301081688,8.899999999999999,3.9999999999999996,1.152345733567607,0.8074107100225616,744.7853425385024,750.0,61.137468337841085,0.08208736779037851,0.0,0.0,-11.638864094681162,133.4631574144583,11.980378132023366,7.999,14.91834421986316,1.2452314989947317,11.100000000000001,5.0,4.146589619654729,21.193307431171135,9415.0,10.621026260596484,225,baseline,0
1410.4585729499468,750.0,4790.053195430815,3.3960963386627596,0.0,0.0,22.153644675039857,897.0106658210481,2.6164004259850904,1.0,10.916598700701682,4.172373078784956,0.0,0.0,10.793954605125238,167.7100523587238,8.669601677097775,7.4411570000000005,6.780075136022055,0.7820515161535938,8.73236,4.339101250000001,1.17515121983577,0.9047780135188148,744.771458998935,750.0,61.218207763451275,0.08219730633305433,0.0,0.0,-11.623060262516827,133.09552986609793,12.127934895633652,8.7842705,14.949776415809845,1.2326728783143555,11.0,5.214729500000001,4.195652922099213,21.645258100229686,9390.0,10.626256453624661,226,baseline,0
1383.6987618950168,750.0,4721.709091875733,3.4123822481485866,0.0,0.0,22.82503788156862,946.6857453281295,2.558682083290699,1.0,10.793389045684414,4.2183392443203145,0.0,0.0,11.052075280434565,175.36180768373956,8.477544106260689,6.999,6.727517727342605,0.793569180297666,7.681992000000001,3.9999999999999996,1.1730132634429928,0.9659649352130395,744.9763634503223,750.0,60.015236937664675,0.08055992093454749,0.0,0.0,-11.862866219125658,138.72759493287262,11.830652251816227,8.899,14.798720907578769,1.2508795451499208,10.717189,4.999999999999999,4.271806751538569,22.68632084388952,9773.0,10.676170896591596,227,baseline,0
1397.4842968167784,750.0,4840.427083433946,3.4636718956052537,0.0,0.0,22.62019046269807,924.2665204533668,2.613009688065581,1.0,11.096492714395971,4.24663282538793,0.0,0.0,10.868538185912483,169.19583618301726,8.727859659679277,6.999,6.587777683808881,0.7547987640363779,7.999999999999999,4.000000000000001,1.1425962454289558,0.8943173396887931,744.7731289257958,750.0,61.20850214103493,0.08218409038107674,0.0,0.0,-11.624957856541993,133.13964516637748,12.135248877887788,8.999,14.915146174323603,1.2290762492313774,10.159497,5.0,4.374887793229648,23.356750368331245,9393.0,10.650230301618667,228,baseline,0
1410.5071095191577,750.0,4901.1127696525655,3.474716813957327,0.0,0.0,22.77108372499239,935.8319055282005,2.652230543796809,1.0,11.284436887359139,4.254696830089615,0.0,0.0,10.818931039572805,167.9440458614007,8.914758232786795,6.999,6.677833206839786,0.7490761984189294,8.100000000000001,4.000000000000001,1.0866574204478552,0.7284196325350538,744.6710083577553,750.0,61.79914088219615,0.08298851464418307,0.0,0.0,-11.51054863483455,130.49272987489147,12.379905555627914,8.999,15.103904727085485,1.2200339218435508,10.0,4.899999999999999,4.358388873608913,23.130907751845317,9213.0,10.613336225411315,229,baseline,0
1385.1518771331057,750.0,4826.205360676023,3.484242732042481,0.0,0.0,23.88442210069648,1012.2286356454265,2.612094709897611,1.0,11.234869368391358,4.301095716713788,0.0,0.0,11.052126938113817,174.28881825388316,8.606805053695545,6.999,6.919488068668763,0.8039554777295332,9.333399625,4.30477975,1.0742183226208741,0.6417246916215853,744.7636518771332,750.0,61.26356178876678,0.08225906518713093,0.0,0.0,-11.61420072518101,132.88965848479498,11.966436232935154,7.999,15.042158685371163,1.25702910980052,10.793023,5.000000000000001,4.31324131388095,23.29049023213966,9376.0,10.636909998309967,230,baseline,0
1373.578748027354,750.0,4792.7998459694945,3.4892792661888565,0.0,0.0,24.501495876236596,1060.2778973872767,2.5932667017359283,1.0,11.23003960306781,4.330460725674857,0.0,0.0,11.189859828433006,178.36370497479757,8.449664854291974,6.999,7.001051685559554,0.8285596892051165,10.429616500000002,5.0,1.0791319243579502,0.6124130625920401,744.8347185691741,750.0,60.84942942046911,0.0816952109017699,0.0,0.0,-11.695581107601145,134.78661744447703,11.728529817885324,7.999,15.030907991098871,1.2815679564694984,11.899999999999999,6.0,4.35846287783691,23.950751253247066,9505.0,10.616427548496189,231,baseline,0
1388.1167347794194,750.0,4832.42900960457,3.4812843102655004,0.0,0.0,24.459678467216392,1057.6749904434441,2.6165775961437703,1.0,11.314421925153628,4.324130093381701,0.0,0.0,11.198813905076275,178.61215147473686,8.36242819165905,6.721643,7.251088843416677,0.867103271589123,9.812230870370371,4.722643,1.1355816332556163,0.6711544355101173,744.855286597506,750.0,60.729029307299555,0.08153131272613953,0.0,0.0,-11.719445894542982,135.34541207512035,11.738309285863982,7.999,15.31529193587898,1.3047272450320104,12.3134445,6.0,4.250468921757912,23.007568585611754,9543.0,10.574489537925036,232,baseline,0
1388.790178100959,750.0,4871.422470447155,3.507673475274984,0.0,0.0,24.57156810384883,1064.7077602416402,2.6288333860259248,1.0,11.436393677477694,4.350368394691755,0.0,0.0,11.189592524402794,178.1058659749442,7.994895216253056,5.899,7.021886362588638,0.8782962343663542,8.702219,3.9,1.2129406387428698,0.8399238680575682,744.8260090631258,750.0,60.900338867763026,0.08176451698345778,0.0,0.0,-11.685518198371751,134.55133556447745,11.326878430603859,6.999,15.338030176362427,1.354126847068555,12.0,5.0,4.417078807255431,24.368901723203514,9489.0,10.610363750704277,233,baseline,0
1349.2897795591182,750.0,4777.458690693024,3.540721024548236,0.0,0.0,25.545825006633347,1144.1725919875857,2.5445891783567136,1.0,11.246193556959808,4.4196499979704225,0.0,0.0,11.534837663649837,189.1873520804481,7.693663598851775,4.999,6.831807908657415,0.8879785060627051,8.440925,3.3918325833333336,1.2639192892627555,0.959464424824044,745.0805611222445,750.0,59.393888497618214,0.07971472025542957,0.0,0.0,-11.990478149499307,141.77156625362022,10.796416541082165,5.999,14.960288950257283,1.3856717081386116,11.313379999999999,4.000000000000001,4.619793784511011,26.660600169735698,9980.0,10.721518434731582,234,baseline,0
1347.0054256683436,750.0,4789.822214989676,3.5559041735953736,0.0,0.0,25.6395023356377,1153.1815292005158,2.5365492749334124,1.0,11.265451539614448,4.441250816982524,0.0,0.0,11.611360247937982,191.60347948582066,7.88004682835278,5.608315666666667,6.780450592565753,0.8604581597369919,8.0,3.609315666666667,1.314122440405588,1.103070758619805,745.156752490875,750.0,58.9352836181654,0.07909112199702854,0.0,0.0,-12.086367643477265,144.08028281329416,10.954472145901153,5.999,14.871056966758285,1.3575329571970844,11.611267999999999,3.9999999999999996,4.7161138229177295,27.723536760619048,10137.0,10.73639002576562,235,baseline,0
1355.9562667726866,750.0,4854.273703452327,3.579963323600392,0.0,0.0,25.515559476323716,1140.1926411806087,2.5606798528973265,1.0,11.410965719395548,4.456225055422063,0.0,0.0,11.563831589485504,189.85693002658854,8.02835887881731,5.999,6.710658439606225,0.8358692655496736,8.0,3.0999999999999996,1.3455093910875688,1.2055750770740268,745.1201669814134,750.0,59.15595210230543,0.0793911569216473,0.0,0.0,-12.040045145940086,142.96268711627536,11.155155262299969,6.899,14.954376415390302,1.3405798542249074,10.0,3.9,4.781327859658326,28.241354151939635,10061.0,10.715834654200581,236,baseline,0
1371.464817252202,750.0,4945.261728762569,3.605824711326279,0.0,0.0,25.243449144518955,1114.975698130258,2.6021059026020046,1.0,11.619260578075158,4.4653296264599955,0.0,0.0,11.450186288210427,186.0017031306167,8.37145300297671,5.999,6.599002225069224,0.7882744157702086,7.0,2.9999999999999996,1.3278791511846206,1.20483883845933,745.0292598967297,750.0,59.70063732814618,0.08013193647779877,0.0,0.0,-11.92715106003995,140.25693240901228,11.587890215348787,6.999,15.04234678049908,1.298109189934737,10.265404,3.9999999999999996,4.848714756833284,28.72613865638824,9877.0,10.679491388047682,237,baseline,0
1382.5641287685232,750.0,4995.472075717704,3.613193754829491,0.0,0.0,25.255182485816427,1115.0749638588477,2.630965763924374,1.0,11.762851797466032,4.470925452074469,0.0,0.0,11.410609014089045,184.6100523513458,8.583240086279618,6.999,6.5476945924361285,0.7628464923057056,7.274573,3.0999999999999996,1.3055717720311737,1.2587470990148564,744.9825242718447,750.0,59.97868298858792,0.08051018786945618,0.0,0.0,-11.870301464924701,138.90405686819352,11.872259808277974,7.999,15.13217317342191,1.274582380927256,9.0,3.9999999999999996,4.884560838387903,29.017139729390188,9785.0,10.639135426674223,238,baseline,0
1395.9493644509273,750.0,5075.060186703747,3.6355618018422424,0.0,0.0,25.16484945698631,1102.9494294811032,2.671077307772453,1.0,11.969314586526998,4.481081304422753,0.0,0.0,11.319861184624608,181.42811181159803,9.032228153820677,7.899,6.570889944233327,0.7274937958087129,6.3399275,3.1000000000000005,1.2554013445638728,1.2178212067967422,744.8847676599291,750.0,60.55602486655021,0.08129582922844322,0.0,0.0,-11.753901232592685,136.15419418554393,12.43248296030423,8.324715,15.262134626269106,1.2276014915926041,9.0,3.7590324999999996,4.880948881417935,28.88217074715157,9598.0,10.615224939575391,239,baseline,0
1399.1039295683918,750.0,5143.658889660136,3.6763951418869207,0.0,0.0,25.384013190805966,1110.6757957189548,2.7071075799871163,1.0,12.214983342896241,4.512189849120948,0.0,0.0,11.226376074914642,177.8487883848231,9.412853954331146,7.999,6.4166974132087375,0.6816952057623519,6.000000000000001,3.000000000000001,1.1862319875681253,1.1307990690401368,744.728795361821,750.0,61.46563389755074,0.08253425177105998,0.0,0.0,-11.574884136222854,131.97794276698357,12.862989374060554,8.999,15.1876832146439,1.1807273389552286,8.779810000000001,3.5600710000000007,4.992595199674366,30.004859686672376,9314.0,10.589707687106948,240,baseline,0
1424.6845310596834,750.0,5291.820556788731,3.7143805813997735,0.0,0.0,24.869531036243472,1066.5445403380988,2.7621525855387,1.0,12.464859713946945,4.512733937729198,0.0,0.0,11.114372037002237,174.8768367561494,9.660004216834116,8.999,6.5236416760474,0.6753249304673078,7.000000000000001,3.2137124999999997,1.0874510733051101,0.9574661697140971,744.6435610674343,750.0,61.95690011027072,0.08320343228571872,0.0,0.0,-11.48035361467281,129.7985191179311,13.189117131657623,9.999,15.377739814970763,1.1659415608691368,8.412359,4.000000000000001,4.990703851642916,29.92852343230738,9031.0,10.556756886158034,241,baseline,0
1454.2173713235295,750.0,5436.452736504048,3.738404480449961,0.0,0.0,24.372016535826877,1024.4227400942661,2.8415670955882355,1.0,12.801360477737362,4.505035442454453,0.0,0.0,10.899730927448593,168.11211360853096,9.989742661165305,8.999,6.703882556107295,0.6710766016194141,7.713287625,3.8999999999999986,0.9890999846631611,0.7725878388893448,744.359375,750.0,63.56661544875089,0.08539774950607815,0.0,0.0,-11.180692018643033,123.00787401574809,13.703288940602024,10.899,15.737574512356817,1.148452359179797,8.56647375,4.0,4.890782362260327,28.752730666653164,8704.0,10.481429791862233,242,baseline,0
1393.7700738622825,750.0,4371.392423889784,3.1363798849376923,0.0,0.0,12.538612116366007,191.68710673444303,1.8585894686680962,1.0,5.828490917340257,3.1359754349178974,0.0,0.0,12.538706024855985,191.6894495226375,10.132223649034131,9.999,6.791624449805828,0.6702995003918265,8.0,4.0,0.919418048710994,0.6137720713590915,749.9139861806052,750.0,7.880011372195023,0.01050788692757791,0.0,0.0,-91.6024023655872,8389.000119146918,12.93292497807958,10.999,12.566449380395749,0.9716633632140462,8.363482750000001,4.1000000000000005,4.9557150915905535,35.63607863328263,8394.0,10.45520522691086,243,baseline,0
1319.6059372755567,750.0,3974.054242782867,3.0115461976381024,0.0,0.0,13.784768548053638,237.72188318744824,1.76765621259277,1.0,5.29690669900874,2.996570634761225,0.0,0.0,13.794702072099518,237.96980474741838,10.044094009131582,9.589938499999999,6.988323257611608,0.6957644214857187,9.178485583333334,4.409061500000002,0.8639053692569993,0.43987709457308455,744.1230548240364,750.0,64.87384628989132,0.08718161044644976,0.0,0.0,-10.94811160840241,117.86114779003566,12.689097037945894,10.999,12.033242771016686,0.9483135588790976,9.0,4.899999999999999,4.685963306393449,34.649693578319216,8354.0,10.434449829272312,244,baseline,0
1311.5179873602333,750.0,3909.399565048947,2.980820394936113,0.0,0.0,14.055982802125135,248.85396019529568,1.76507049100632,1.0,5.210457507309532,2.9519826736998436,0.0,0.0,14.063646924839913,249.0784554064166,10.053545378720088,9.299777,7.047479422005677,0.7009944409186014,10.0,4.760982560606061,0.8379303082246337,0.34093220615941,744.0330578512396,750.0,65.36457628408759,0.08785170980555604,0.0,0.0,-10.863164057185791,116.00833333333334,12.699794065994164,11.999,11.964224558713772,0.9420802019735105,10.562411,5.000000000000001,4.6330002604083385,34.50278380678231,8228.0,10.42387407918368,245,baseline,0
1270.1847478474785,750.0,3485.6586986757916,2.7442139457136223,0.0,0.0,13.841479222308843,240.92710076595841,1.7183271832718328,1.0,4.647116436525335,2.704442135214815,0.0,0.0,13.82998285881121,240.72237331409218,9.924208584701201,8.899,6.991621882386154,0.704501706379306,10.508485499999999,5.100000000000001,0.7813066095347543,0.17275987112055713,743.9611316113161,750.0,65.7540496487777,0.08838371637287501,0.0,0.0,-10.79663179704748,114.56725816101678,12.523233987699875,11.570914,11.608608343687399,0.9269656987236039,11.0,5.5719140000000005,4.524548793143144,34.44288989807679,8130.0,10.41481691517856,246,baseline,0
1228.930254930255,750.0,3254.4486064506173,2.6481963426275286,0.0,0.0,14.878142065980496,285.4413952110213,1.6707551707551707,1.0,4.342986911372519,2.5994155142488746,0.0,0.0,14.819794280468694,284.0155149704496,9.224146570101771,7.90657675,7.043696838323494,0.7636150168248876,10.863716750000002,5.24391995,0.8183029607178913,0.09563053541915068,744.0962000962,750.0,65.02067884326817,0.08738208693292884,0.0,0.0,-10.92256206528254,117.30236206994927,11.699002806758054,10.395018499999999,11.415247959900292,0.9757453817607559,12.0,6.236496499999999,4.326674926163255,33.181673917529835,8316.0,10.485315530732354,247,baseline,0
1217.4085095917364,750.0,3157.4869655932366,2.593613352228098,0.0,0.0,15.21167585590626,302.7140656544493,1.6642892277422527,1.0,4.220169020396605,2.535718521786995,0.0,0.0,15.07828962493401,299.19088530142847,9.321029745839411,7.542550666666667,7.03178423740299,0.7543999353227832,11.39376925,5.396216416666667,0.8166475343703925,0.013688199828058245,743.9626168224299,750.0,65.74603150436383,0.08837276231052371,0.0,0.0,-10.797993694839805,114.59666783380023,11.766091164412199,9.999,11.193069282841458,0.9512988745740891,12.744318999999999,6.0,4.264667954752414,33.041455503137335,8132.0,10.474303011274827,248,baseline,0
1206.6572393943186,750.0,3086.0519368034898,2.557521586123772,0.0,0.0,16.083357966773296,340.4521168640404,1.6589913652859467,1.0,4.1340289553448475,2.4918929910357304,0.0,0.0,15.835525151632098,333.3328195306315,9.23971738010546,7.2654285,7.104990711740132,0.7689619086226895,11.393690999999999,4.6335714999999995,0.8420928380672571,-0.008576481265623048,743.8560880991115,750.0,66.31860024906752,0.08915514883872432,0.0,0.0,-10.701555423860171,112.52328848995111,11.667046403829309,9.899,10.987074167818482,0.9417185624814479,12.999999999999998,6.5269439999999985,4.030388187254391,31.025743337639078,7991.0,10.425913509322081,249,baseline,0
1201.4927427427428,750.0,3113.1921125393087,2.5911035512645526,0.0,0.0,16.16701719507492,339.6436499140791,1.6604104104104105,1.0,4.180702393645829,2.5178729110789346,0.0,0.0,15.804081097668607,329.13394881866725,9.0404184058588,6.999,7.1040885874841235,0.785814136974036,10.899999999999999,5.0,0.8566117738307998,-0.08137589330214601,743.8568568568569,750.0,66.31448666522424,0.08914952662456317,0.0,0.0,-10.702242442086074,112.5379932891885,11.421227300300302,8.999,10.932425900335227,0.9572023752690552,12.999999999999998,6.1000000000000005,4.011205204625294,31.020026452728715,7992.0,10.455686712771897,250,baseline,0
1203.3084303441217,750.0,3113.13668839011,2.587147741913365,0.0,0.0,16.78612172040596,367.9731399455949,1.6726365613406677,1.0,4.194169167219937,2.5075197231478583,0.0,0.0,16.2589308663781,351.88818008066363,8.964288673840018,6.999,7.070963499909986,0.7887924806063846,10.370675,4.510413999999999,0.8972875960313658,-0.04851068085521293,743.7193296661123,750.0,67.04623152142057,0.0901499111923318,0.0,0.0,-10.581335344784689,109.96465767878968,11.370756058334399,8.801755,10.850555289879251,0.954250995642998,13.251775,5.802754999999999,3.954243134359965,30.452890824555126,7817.0,10.388746885010118,251,baseline,0
1221.2866613630338,750.0,3115.5344494367105,2.5510263462302745,0.0,0.0,16.978532532060164,376.8945735670074,1.7079024131530098,1.0,4.2139718642239385,2.4673376135375316,0.0,0.0,16.264159059755027,354.627126369093,8.862170547758065,6.650456,7.362328750705877,0.8307590912441178,10.510276499999998,4.651456,0.9537636199592083,0.009345233912959827,743.4903208697958,750.0,68.2467025549895,0.09179232148597297,0.0,0.0,-10.388496662799696,105.92086291300036,11.420406228851762,8.997174999999999,11.085695990655811,0.9706919148505978,14.226338750000004,6.351269500000002,3.592816197519199,26.344996021054122,7542.0,10.259702202961982,252,baseline,0
1198.8742736397253,750.0,3000.3712769971385,2.5026571534379114,0.0,0.0,18.127312006558583,429.7066132917706,1.6864764923402007,1.0,4.081313231770969,2.420023789425981,0.0,0.0,17.09750946238268,395.1770154563147,8.380963522326171,5.999,7.296545467046579,0.8706093813210385,9.654830375,3.9999999999999996,1.0612634266256311,0.1824733914201513,743.5161119915479,750.0,68.11260043777754,0.091608775303247,0.0,0.0,-10.40970715294908,106.36200301015928,10.887160559957739,7.4139985,10.863929715766796,0.9978662164424777,14.234203500000001,5.414998499999999,3.3701304395664113,23.914834264203755,7572.0,10.272324717165299,253,baseline,0
1205.051169004676,750.0,3037.77306106431,2.5208664488275536,0.0,0.0,17.994135412356272,421.7249714361629,1.7046092184368737,1.0,4.151375672095969,2.4353826244720063,0.0,0.0,16.76255111538738,380.6039453438678,8.536853243442222,5.999,7.372997735194453,0.8636669185871491,9.297692,3.9999999999999996,1.1017558576594628,0.2720450261364151,743.4407481629927,750.0,68.50369363514656,0.09214412016615445,0.0,0.0,-10.348076997154601,105.08269753904005,11.108528780093522,7.999,10.953194071984273,0.9860166263972229,14.579399999999998,5.803368,3.3703573278768086,23.97353476598325,7485.0,10.241620332310402,254,baseline,0
1171.2432432432433,750.0,2950.5174734607617,2.519132973002773,0.0,0.0,19.079741542348867,473.2433156036743,1.6620993086109366,1.0,4.054960614681479,2.4396620548926915,0.0,0.0,17.51532020936928,417.67409149357786,8.19270819278066,5.999,7.382994614114876,0.9011665545003426,9.340447999999999,3.9999999999999996,1.195115495286134,0.5009511331112848,743.8282840980515,750.0,66.46720096432844,0.08935825967538326,0.0,0.0,-10.676793334158315,111.9939159003275,10.584540261345067,6.999,10.792948327422598,1.0196898552919338,13.999999999999998,5.0,3.2875575517239746,23.08998376440566,7955.0,10.369238530067483,255,baseline,0
1141.8599112771421,750.0,2879.9370187270424,2.5221456592743534,0.0,0.0,20.254748534505644,534.3354514967717,1.6235115573196357,1.0,3.9790019828346153,2.4508615075114197,0.0,0.0,18.34469855932998,461.9023862730226,7.987728034021345,5.6359055,7.325243669620571,0.9170622282607621,8.578951,3.6369054999999997,1.293957164647172,0.7967116962424554,744.2685033854775,750.0,64.07254093793208,0.08608793821918205,0.0,0.0,-11.089571232382712,120.97859011809021,10.215806818701845,6.999,10.598726865540714,1.037483093957676,12.398288249999998,5.0,3.294825229567009,23.245065894591068,8566.0,10.50416042734223,256,baseline,0
1118.8289114532154,750.0,2799.9351481833587,2.502558809055624,0.0,0.0,21.48378960794451,599.6341689407352,1.5935145758270552,1.0,3.891918648149967,2.442348948160709,0.0,0.0,19.1628488717815,506.2229377517381,7.6454512874825085,4.999,7.134963518090079,0.9332298709131501,8.0,3.0,1.3951035707867474,1.160765052131005,744.6395894748335,750.0,61.97969343399415,0.08323448593124912,0.0,0.0,-11.476003502778708,129.69865639578921,9.740655887760672,5.999,10.312865296991223,1.0587444434773168,11.0,3.9999999999999996,3.2967741955366328,23.267355278147864,9159.0,10.616529971514552,257,baseline,0
1116.026943884587,750.0,2780.627710905391,2.491541737537967,0.0,0.0,21.81783052552289,615.71394875314,1.5939323220536756,1.0,3.8882170702856205,2.4393865514163813,0.0,0.0,19.175681330790976,507.72414432172195,7.557351394724501,4.999,7.221261429492047,0.9555280748931345,7.899999999999999,3.0,1.4806294034723906,1.4180156783168414,744.7919804815954,750.0,61.09882670709828,0.08203475374102541,0.0,0.0,-11.646442318351761,133.63961867469484,9.648800561578446,5.999,10.367887200534698,1.07452601329741,10.95,3.9999999999999996,3.2040518856198856,21.910587403635425,9427.0,10.648351641149361,258,baseline,0
1124.4136210823121,750.0,2858.6935588678525,2.5423860982012982,0.0,0.0,21.637192622142738,605.109342387739,1.6146838737664029,1.0,4.018015657191909,2.4884224847180194,0.0,0.0,18.776006135782495,488.89006851048424,7.813286689956346,4.999,7.127115025856598,0.9121788702593246,7.0,2.9999999999999996,1.5391363402638016,1.625225846035561,744.6756317102266,750.0,61.77252631656901,0.08295225959617054,0.0,0.0,-11.51565762058933,130.61037043463725,9.95215588135777,5.999,10.346147548730745,1.0395885747841827,10.647001,3.9999999999999996,3.3477085190200917,23.35778978415353,9221.0,10.615390579711134,259,baseline,0
1132.0013357079251,750.0,2918.953915195734,2.578578154565775,0.0,0.0,21.320791541965114,587.2858807584009,1.635240427426536,1.0,4.127957841296739,2.524373646872909,0.0,0.0,18.228307582145238,463.11913587699644,8.136116827327498,5.999,6.965217617516035,0.8560862344209881,7.0,2.9999999999999996,1.5544170397240744,1.7882284217406346,744.5351736420303,750.0,62.57587636886423,0.08404690414122795,0.0,0.0,-11.36333022477439,127.12527379727115,10.268678694011577,6.318159,10.200364450185765,0.9933473189821733,9.40500775,3.3191589999999995,3.5914353409579833,26.268467856829265,8984.0,10.568416503792593,260,baseline,0
1138.8127897301795,750.0,2852.1987177462497,2.5045369559135575,0.0,0.0,21.334794567144353,600.5253027401908,1.6607631047188873,1.0,4.092590242006352,2.4642829735184257,0.0,0.0,17.607955135696805,447.217545654194,8.354053786121451,6.685159,6.796314129975199,0.8135348782726157,6.0,3.0000879999999994,1.5022704471083521,1.7808579722445073,744.1642695827885,750.0,64.64782758704509,0.08687306046457931,0.0,0.0,-10.987662937461504,118.72873682726534,10.517850424581004,6.999,9.899646672670112,0.9412233748384458,9.727841,3.30455,3.534935063448503,25.789602142599502,8413.0,10.4872884490242,261,baseline,0
1130.1048803378696,750.0,2855.7691612548306,2.526994804589319,0.0,0.0,21.60611571167406,615.6311875777998,1.655091506335054,1.0,4.128166759763112,2.494222672258348,0.0,0.0,17.529524434191874,445.5100183250803,8.195144921128366,6.999,6.4634709662024985,0.7886951394280606,6.1000000000000005,3.072828833333333,1.4448610367125707,1.8632254004716584,744.2402627874237,750.0,64.22893191329061,0.08630133993655786,0.0,0.0,-11.061689871069314,120.36098280371748,10.242164980525576,7.999,9.53014344883357,0.9304813451993947,8.0,3.8636299999999997,3.7708647039756764,29.35702986108261,8524.0,10.568020589052912,262,baseline,0
1133.607548071181,750.0,2911.091442919054,2.5679887610771814,0.0,0.0,21.451961038844395,600.2096529675512,1.6703690433536367,1.0,4.2376018717842845,2.5369255307056924,0.0,0.0,17.13019167713529,422.74289107535094,8.293414212535003,6.999,6.573595681085869,0.7926284052170298,7.05627,3.5284696666666666,1.3874382240761987,1.705511200988572,744.1363907798877,750.0,64.80080203079952,0.08708188825826059,0.0,0.0,-10.96086405261135,118.14054077982786,10.340269958198972,7.999,9.522441290289994,0.9209083833192857,8.512443000000001,4.000000000000001,3.6409474112026543,28.13526377890676,8373.0,10.51974365922104,263,baseline,0
1124.3788503516857,750.0,2714.6716337571693,2.414374508118921,0.0,0.0,22.51475657239581,693.4476664220244,1.6685665777346592,1.0,4.045628555855209,2.424613203836184,0.0,0.0,17.034803480840793,446.01219554758853,8.652385921187973,7.7917889166666665,6.576237750876727,0.7600490559225783,6.813352,3.7927889166666664,1.3572846090691058,1.6863832870211644,744.0460829493088,750.0,65.29378976864926,0.08775503462074898,0.0,0.0,-10.87534003485838,116.27302087379343,10.722817683967984,8.999,9.322255283707193,0.8693848537260114,8.74021225,4.359235,3.415415798441789,25.476579910855012,8246.0,10.479630685600824,264,baseline,0
1138.700544015826,750.0,2781.8381174879146,2.4429935790469353,0.0,0.0,22.29142654932249,683.4603577584011,1.6991839762611276,1.0,4.17488479283116,2.4569939754361076,0.0,0.0,16.615123528456287,427.9461398469785,8.506334773974775,7.7445889999999995,6.608898555073917,0.7769384500706362,7.232948222222222,3.7455889999999994,1.2907901642386348,1.4965477593854688,743.9297725024728,750.0,65.92311120800431,0.08861469676935828,0.0,0.0,-10.767992165375155,113.94965527358077,10.612913705365974,8.8125,9.439179248233504,0.8894050691716243,9.798658249999999,4.8134999999999994,3.444261912008105,25.98914124072222,8088.0,10.46456885247658,265,baseline,0
1142.4372348390316,750.0,2828.412159258533,2.4757702856709267,0.0,0.0,22.361513276118124,687.5555554421742,1.7141252807586724,1.0,4.2774103390558755,2.4953895652030127,0.0,0.0,16.394520041940247,418.121907022249,8.6409033826909,7.80212925,6.65132285455211,0.7697485505827742,8.263398375000001,4.19687075,1.1886414675279304,1.2517597188151095,743.8737209882705,750.0,66.22418102127894,0.08902610638442378,0.0,0.0,-10.717345704109007,112.86149894138379,10.77872495183429,8.999,9.416393682527183,0.8736092371412381,10.29171575,5.0,3.323752786135589,25.009154507890802,8014.0,10.447992077610515,266,baseline,0
1147.5454663044884,750.0,2534.241741394195,2.2084020335641865,0.0,0.0,17.10048732362907,342.6873878119728,1.7365153279006598,1.0,4.00481991526911,2.3062393121002223,0.0,0.0,11.855874612746923,180.710426401291,8.730336623859602,7.37203075,6.650231078384696,0.7617382198310573,8.69463,4.37303075,1.1208802654316263,1.0333644462527571,743.6494632001035,750.0,67.41482219718782,0.09065403195086773,0.0,0.0,-10.52140913945472,108.70005027980136,10.961302386107878,9.5784,9.443793525642581,0.8615576135926553,10.03185,5.144375,3.257685652285545,24.284777712363883,7731.0,10.374018896349844,267,baseline,0
1170.621595465229,750.0,2640.3872459730583,2.2555429151498907,0.0,0.0,16.59697635669624,321.3567190267567,1.7906815982303332,1.0,4.214802969648776,2.3537422698787522,0.0,0.0,11.317878935609592,163.72047092817724,8.875370690662225,7.607332,6.566041743933919,0.7398047893190591,9.375207583333335,4.608332000000001,1.020461629419097,0.6734462776356165,743.2122217613714,750.0,69.67569127660653,0.0937493884471908,0.0,0.0,-10.167454825964462,101.37713763802803,11.243300184294208,9.493098,9.509675915833702,0.8458082377910526,10.352217,5.019171,3.4079658898406904,26.09358867098581,7233.0,10.27525122761833,268,baseline,0
1177.3926330150068,750.0,2668.1187332834306,2.2661248749714433,0.0,0.0,16.573872733075138,320.78489418049867,1.8057298772169168,1.0,4.291038273012484,2.376345613567657,0.0,0.0,11.194172406102751,159.74122583245997,8.667907679824168,7.6444399999999995,6.761102222196599,0.7800154860825365,9.653721749999999,4.645439999999999,0.9626975982727629,0.44366314683824415,743.3020463847204,750.0,69.21748281756196,0.0931216093837258,0.0,0.0,-10.237357152052525,102.80348145868106,11.057244475443383,8.999,9.749558223605195,0.8817348884034916,11.0,5.353470499999999,3.256707824474722,24.516829410896698,7330.0,10.256817420773617,269,baseline,0
1189.84059365123,750.0,2714.6235502414906,2.2815018790972688,0.0,0.0,16.419176875966805,315.23901918686414,1.833173010856122,1.0,4.401729144711474,2.401153147381214,0.0,0.0,10.971458170966782,153.06521196317922,8.740780678694144,6.999,6.9704376320120796,0.7974616785663875,10.0,4.759465,1.0117444691840847,0.4730922997697409,743.2532637075718,750.0,69.46671974790223,0.09346305376633161,0.0,0.0,-10.199222447617299,102.02413853598043,11.2025827039989,8.999,9.962136480827857,0.8892714067865574,12.0,5.899999999999999,3.161647456091722,23.308937748846024,7277.0,10.197704124457818,270,baseline,0
1243.2651766837814,750.0,2886.4905673292683,2.321701453127271,0.0,0.0,15.605547946415628,284.7957753536494,1.938840229537904,1.0,4.713030804234957,2.4308505324124843,0.0,0.0,10.323206207039824,135.08182925300883,8.978825053232395,6.999,7.130682229753741,0.7941665181667261,10.214270749999999,4.20611625,1.0111236038317148,0.3739113457496259,742.5859257022048,750.0,72.7873144532406,0.0980187099350306,0.0,0.0,-9.71559201924815,92.39272828447828,11.717801867411657,9.899,10.28824813647494,0.8780015443926864,12.692082249999999,6.313929999999999,3.166446976027969,22.901927085342127,6622.0,9.895683451230727,271,baseline,0
1243.8054943440575,750.0,2890.5210964413163,2.3239333718859982,0.0,0.0,15.700841389990977,289.0509959631476,1.9416776847363009,1.0,4.755114402192696,2.448972061415274,0.0,0.0,10.302778252988682,134.26060498948678,8.424246815521537,6.911494,7.119234866564721,0.8450885904064026,9.488895499999998,4.7734689999999995,1.0278327471672903,0.29022136787823394,742.7874247098575,750.0,71.80151890570916,0.09666496297208554,0.0,0.0,-9.854594445960306,95.11303169435165,11.154983379462319,7.999,10.455029684032313,0.9372519284323896,13.005567499999998,6.0,3.1306299752034783,22.375363400080353,6807.0,9.918736814513089,272,baseline,0
1232.990198823859,750.0,2859.8503151184213,2.319442861627297,0.0,0.0,15.980850229331908,300.3636308082503,1.9232707924950994,1.0,4.742958234428999,2.4660896702309194,0.0,0.0,10.399607561763933,136.51383747194637,8.248275007109767,6.134855166666667,7.133257950777977,0.8648181522353852,9.683389625,4.135855166666667,1.1064567111381642,0.4708024444792036,743.1257350882106,750.0,70.11393405190225,0.09435002818679072,0.0,0.0,-10.101436750819516,100.03902443080715,10.895617523522823,7.999,10.442652080112083,0.9584268223042135,13.56187,6.0,3.1565374858173816,22.63666894718195,7142.0,9.987089005066291,273,baseline,0
1195.704955527319,750.0,2759.408891429921,2.3077673791299054,0.0,0.0,16.637024409521523,326.79829814496077,1.8561626429479035,1.0,4.615938027852846,2.4868176532860007,0.0,0.0,10.747335356217418,145.46762545064644,7.63437331524658,5.64086875,7.032337223691123,0.9211413868964027,8.480552999999999,3.74186875,1.2560552833972245,0.8520692279707829,743.7616264294791,750.0,66.82206531611219,0.0898433892548341,0.0,0.0,-10.618098221035938,110.74400983156656,10.108818080559084,6.899,10.388822409917278,1.027699017543573,12.927541,5.0,3.2019687146828386,22.835499907609474,7870.0,10.20825832817371,274,baseline,0
1197.9792483866886,750.0,2758.1081887853425,2.3023004718150752,0.0,0.0,16.82224120026993,336.04802396381297,1.8665063899784893,1.0,4.668488220520994,2.5011905909278975,0.0,0.0,10.700382868457028,144.40968459454712,7.641236163764352,5.217265666666667,7.0823039162628305,0.926853164131735,8.0,3.218265666666667,1.336620823992709,1.0179082921787428,743.7876755662406,750.0,66.68362067482505,0.08965410810828406,0.0,0.0,-10.640924172258782,111.2292672397613,10.140797832595215,6.999,10.42413090130629,1.0279399188691414,12.900110000000002,5.0,3.146411000334502,21.89851502671744,7903.0,10.198622553961867,275,baseline,0
1214.7830920372285,750.0,2819.605102001748,2.321077005832526,0.0,0.0,16.53760183332646,326.3411466316119,1.9033092037228543,1.0,4.809661447272737,2.526999521604312,0.0,0.0,10.443506194137905,137.3661225098296,7.768341621311822,4.999,6.865933263487418,0.8838351347282772,8.0,3.0,1.3475232980962122,1.0511074377963823,743.6535677352637,750.0,67.39322586617085,0.09062449074427414,0.0,0.0,-10.524902560371071,108.77357390530551,10.355851832083763,6.999,10.308863558649241,0.9954626356000048,12.688752249999999,4.271806,3.2279158049559706,22.71667246846874,7736.0,10.1500921299034,276,baseline,0
1224.7623058699658,750.0,2780.677506413295,2.27038135733459,0.0,0.0,16.457489763674385,329.5143295915514,1.9305080284285339,1.0,4.8468151707238665,2.5106423280038137,0.0,0.0,10.153887042503769,130.5716928236842,8.049977931176311,5.75090725,6.964439211510394,0.8651500999199271,7.834958875,3.2480927500000005,1.3800210371921162,1.1477200977354087,743.5382995525138,750.0,67.9970157463692,0.09145058941454944,0.0,0.0,-10.428054692133895,106.74432466213571,10.769777707423005,6.743361,10.406892396003668,0.9663052180576374,12.369608000000001,3.9345594999999998,3.116118709692184,21.26014912127402,7598.0,10.094466458421676,277,baseline,0
1240.6205327265427,750.0,2839.8596401867744,2.289063871888001,0.0,0.0,16.263038949440457,323.06896987419293,1.9656003212421362,1.0,4.985458163934856,2.53635396273458,0.0,0.0,9.973521099442715,125.73193955893859,8.324475423388588,5.899,7.076108184867953,0.8500365278257412,7.50582725,3.334651,1.3524613342860896,1.0769139501932754,743.428456699237,750.0,68.56725954708301,0.09223114736758418,0.0,0.0,-10.338125193872218,104.87683252417538,11.151229042430733,6.999,10.558404481364104,0.9468377379021706,12.653922,4.240236,3.090676405232048,20.945614018438672,7471.0,10.006893436083969,278,baseline,0
1253.1226519337017,750.0,2799.0734699055115,2.2336787748479714,0.0,0.0,16.13745309227094,325.50657965357306,2.001381215469613,1.0,5.0424987528361696,2.5195093837497495,0.0,0.0,9.648605661591054,118.20220281774617,8.730271824943394,6.3605835,6.895141679171509,0.7897969063771065,7.0,3.3615834999999996,1.323766420767117,1.0688409990940402,743.2187845303868,750.0,69.64231964700379,0.09370365913316933,0.0,0.0,-10.172515399424269,101.48006955152394,11.656174695441988,7.999,10.320191545786294,0.8853840831522442,11.410658250000001,4.301118,3.085882002636011,20.98843205662584,7240.0,9.946194286634267,279,baseline,0
1271.6553094832482,750.0,2877.408871173791,2.2627270532476755,0.0,0.0,15.817803974457698,314.32644294761053,2.044718909710392,1.0,5.216724316891226,2.551316120820787,0.0,0.0,9.424734665013881,112.54134583766835,9.07393865226567,6.999,7.067243096750887,0.7788506587474302,7.788376124999999,3.1871242499999997,1.2781116239766774,0.9743968177518978,743.0300965360591,750.0,70.59526008641589,0.09500996045183739,0.0,0.0,-10.029854585214068,98.59798300053964,12.171613832481544,8.641516500000002,10.545821333407552,0.8664275320060392,11.650691249999998,4.642516500000001,3.011742405118929,20.146976437265874,7044.0,9.881835343205674,280,baseline,0
1279.093139352446,750.0,2915.173514349987,2.279094011735395,0.0,0.0,15.708793039081794,312.5338801132303,2.0657538154328914,1.0,5.326759527589693,2.5786032623027917,0.0,0.0,9.317858432907673,109.97514225031456,9.090582438429728,7.612379,6.948973065595462,0.7644145039837295,7.341574625,3.6120565000000004,1.2182129290421422,0.9465555925027687,742.9972899728997,750.0,70.75958374554463,0.0952353187561768,0.0,0.0,-10.005635172922817,98.11273521363032,12.203796007987448,8.776854,10.472672354723365,0.8581487553437428,11.099999999999998,4.777854,3.021131221168608,20.314550726090246,7011.0,9.896511205717132,281,baseline,0
1268.6379504504505,750.0,2798.2544039115196,2.2057155100223462,0.0,0.0,16.230302640814184,345.58297407454916,2.0564470720720722,1.0,5.268339438548564,2.561864834790129,0.0,0.0,9.342328626602892,112.06314435021976,9.04009093694329,7.999,6.944864537121801,0.7682294996326725,7.380756000000001,3.7296055000000004,1.1433593715448525,0.8417272565104446,743.0889639639639,750.0,70.29939970530779,0.09460428443224324,0.0,0.0,-10.073740755917985,99.48025281744304,12.059300779842342,8.999,10.320241773995358,0.8557910580724631,11.099999999999998,4.759456999999999,2.892700846239057,19.14389655531159,7104.0,9.911356415723874,282,baseline,0
1269.492054641762,750.0,2845.345150899206,2.241325686518089,0.0,0.0,16.28510669630037,348.6369298687307,2.0632840814050737,1.0,5.36996558566998,2.6026302602078393,0.0,0.0,9.366010401681761,112.55574904397763,9.114884356285716,7.999,6.94004490810108,0.7613969236280168,8.338531,4.079768249999999,1.1066757333251138,0.785352340814577,743.1563981042653,750.0,69.95888565302535,0.09413750030476098,0.0,0.0,-10.124700952521533,100.50956937799045,12.169078381377197,9.899,10.37706889685533,0.8527407394084793,11.457808,5.670186,2.900082776662432,19.31187106317128,7174.0,9.96598209086322,283,baseline,0
1273.4259693666345,750.0,2847.939683528176,2.2364391429402524,0.0,0.0,16.475649296790618,360.34273778874353,2.07396163929902,1.0,5.428618497755026,2.617511527161056,0.0,0.0,9.393935419312404,113.4411548957248,9.037347730303983,7.999,6.9610150446355465,0.7702497737576159,9.0,4.649386000000001,1.0423892114075337,0.693518505712921,743.2253346212226,750.0,69.60899591635334,0.09365799667180193,0.0,0.0,-10.177573457513526,101.58300148308383,12.112965672692146,9.999,10.423747793579969,0.8605446490350085,11.7385225,5.766537,2.784897634405346,18.16651697926404,7247.0,9.973905369904122,284,baseline,0
1282.6668524453114,750.0,2916.5326550925656,2.2738037156978117,0.0,0.0,16.479260497543592,360.2891063353385,2.099205796293716,1.0,5.5758961622440095,2.6561932003468245,0.0,0.0,9.35831033444572,112.44232042717542,9.204208903562968,8.441544,7.020162701380098,0.7627122303430748,9.3424415,4.8050049999999995,0.9867599912004267,0.5277014984512949,743.1592587432075,750.0,69.94440253845781,0.09411764936730273,0.0,0.0,-10.126879232358265,100.5536829867691,12.360726717988017,10.999,10.478953656383615,0.8477619395252917,12.68116,6.59033,2.6859205891091174,17.096699240108034,7177.0,9.954753183412105,285,baseline,0
1286.523542600897,750.0,2964.4453158788206,2.3042293574245503,0.0,0.0,16.364062711146293,357.70199550462155,2.1158912556053813,1.0,5.699490058757774,2.693659252883997,0.0,0.0,9.276524454311275,110.42525094114076,9.496571183543725,8.668852000000001,7.034652583713929,0.740757105670311,9.286474250000001,4.669852000000001,0.9725578432345621,0.4585321720753277,743.1199551569507,750.0,70.1431205439225,0.0943900376475665,0.0,0.0,-10.097068747752855,99.9507972968475,12.663637367853138,10.999,10.346577936197075,0.8170304972931428,12.248093250000002,6.3507560000000005,2.5657984154114093,15.630173995194799,7136.0,9.972449387080012,286,baseline,0
1311.920926864591,750.0,3045.2095893603027,2.321183790122293,0.0,0.0,16.202156387452842,352.1751279646475,2.1727733526430124,1.0,5.8931947079116584,2.7122915055742185,0.0,0.0,9.120620493669463,106.73725440680805,9.46554663843159,7.999,7.158333188986127,0.7562514308388891,9.792456333333334,5.0,0.9132195059295185,0.24191008017341087,742.8897900072411,750.0,71.29527704294847,0.09597019369757867,0.0,0.0,-9.92743992828745,96.55406352975592,12.727869923099204,11.766214,10.514673498147339,0.8261141543460276,13.092407999999999,6.767214,2.447444814904128,14.303078645614654,6905.0,9.869154882556119,287,baseline,0
1324.564049586777,750.0,3107.2046607914403,2.34583194505452,510.0,0.0,16.05369867853904,348.1759798350726,2.207497048406139,1.0,6.051923342519625,2.7415317936163244,1.0,0.0,9.001041769133067,103.962381116282,9.629887394321644,7.841335333333333,7.311898850538294,0.759292248302906,10.2182695,5.157664666666667,0.8542177697241435,0.0711329168984487,742.7544273907911,750.0,71.96391527295857,0.09688789809810941,0.0,0.0,-9.831439160835073,94.65719597320144,12.927005118506491,11.999,10.62692155873547,0.8220714280929472,12.741862999999999,6.809123999999999,2.417367238294394,14.23185704093654,6776.0,9.774916746334728,288,baseline,0
1384.9352448453608,750.0,3299.3048956978564,2.3822809824341284,750.0,0.0,15.423135438862667,321.1930978311877,2.339078608247423,1.0,6.441064591242896,2.7536759852927415,1.0,0.0,8.609154137152789,94.95155863493412,10.100826505940075,8.3125605,7.46089065596763,0.7386416004254743,11.556713333333335,5.59780905,0.7214760400462658,-0.23612500368387979,742.0914948453608,750.0,75.14916012749927,0.10126670450947436,0.0,0.0,-9.397084258727583,86.30519256562567,13.76819038659794,12.999,10.829546510721114,0.7865628093916159,13.0755425,7.000000000000001,2.2821148262352566,12.999201928689875,6208.0,9.518112197119715,289,baseline,0
1390.5746569814366,750.0,3349.461582217956,2.4086887858928305,750.0,0.0,15.362765138038917,320.6672578903465,2.358353510895884,1.0,6.567590531723393,2.78482021519688,1.0,0.0,8.565757780754588,94.00910235680499,9.662487955757722,8.1667155,7.514169178151477,0.7776640149573385,12.0,5.5895165,0.7206661611568862,-0.38309029669048567,742.0748991121873,750.0,75.22709363599525,0.10137399031552793,0.0,0.0,-9.386907882434667,86.11403959331409,13.376800286037124,12.546638,11.116712519618638,0.8310442169957792,14.999999999999998,7.0993590000000015,2.248325779876327,12.492347334975477,6195.0,9.550046968856574,290,baseline,0
1416.5356729018374,750.0,3452.333900296961,2.4371669322133616,750.0,0.0,15.170508335352311,315.4243287574499,2.416818407548419,1.0,6.781481196047645,2.80595396611807,1.0,0.0,8.446491524515688,91.84091487596281,9.625916460185808,7.880897999999999,7.528056826588573,0.7820613089388124,11.685664,5.401183999999999,0.7583088976581868,-0.4293291467621323,741.8728687303427,750.0,76.1691441071669,0.10267142433382748,0.0,0.0,-9.2655069941147,83.84961985798847,13.467919659327926,11.87984,11.295821938099577,0.8387206208403577,15.612993999999999,7.836919,2.285933639364185,12.54545136335549,6041.0,9.477781982637977,291,baseline,0
1402.1626359357247,750.0,3454.6423334186898,2.4637957430047015,750.0,0.0,15.359482753881409,324.9683412670672,2.398149651030677,1.0,6.828199200261978,2.847278191053404,1.0,0.0,8.518410302560302,93.36892806694453,9.58566956483724,7.431615,7.689154855078636,0.8021510446473641,11.799446,4.6634018,0.8144169371310344,-0.39798946024296944,742.031163772115,750.0,75.43207146636088,0.10165620414498765,0.0,0.0,-9.360240462958789,85.6141015244109,13.36568864892063,10.801648,11.413092096523714,0.8539097682367005,15.916910999999999,7.802648,2.183362902594486,11.269267919459606,6161.0,9.532228610463696,292,baseline,0
1377.1886209029067,750.0,3359.629903442936,2.4394842162145585,750.0,0.0,15.935747792707417,356.2374954331883,2.350030921459493,1.0,6.734329596437441,2.865634462484037,1.0,0.0,8.736449397358834,98.78035015550708,9.107513194379404,6.315502,7.798317209015811,0.8562509921839533,10.759003499999999,4.416502,0.9141363968018876,-0.24655214841904938,742.4094001236858,750.0,73.63963541610268,0.09919006333141023,0.0,0.0,-9.59834736081288,90.12827205882357,12.759412155534942,9.899,11.575773466762804,0.9072340736121857,16.3888065,7.865426500000002,2.0811844549379614,9.893611339092264,6468.0,9.65566847914285,293,baseline,0
1367.312547070342,750.0,3367.2883516218267,2.46270566216679,678.0,0.0,16.06941835956312,363.8948624296762,2.3336345835216146,1.0,6.7708162219719545,2.901403788657575,1.0,0.0,8.820423165212686,100.61319821667233,8.904300424813904,6.2755745,7.771362091674321,0.8727650372192759,10.055049499999999,4.276574500000001,1.000672229811152,-0.0956269468719455,742.604910378069,750.0,72.69502979239917,0.09789193254241918,0.0,0.0,-9.728448049003788,92.64270144216559,12.47765878144299,9.613995,11.588131544157324,0.928710405303871,17.5493925,7.614994999999999,2.0732746744477746,9.29403437344684,6639.0,9.733625950283917,294,baseline,0
1352.1383376473973,750.0,3346.405881234574,2.4748990455052313,0.0,0.0,16.42197315855458,383.83751498594677,2.299827437446074,1.0,6.743075142718331,2.9319917803078392,0.0,0.0,9.018946224891376,105.71850817562178,8.84901822166569,5.999,7.77145813838001,0.8782282897047933,9.736308625,3.9999999999999996,1.09053047253452,0.12317566906364208,742.9398907103825,750.0,71.0461382759294,0.0956283801210306,0.0,0.0,-9.96366303079694,97.27458099126969,12.271664432413,8.2779205,11.578476325915648,0.9435131142710811,16.778897750000002,5.941582500000001,2.155874807951654,9.648285037940935,6954.0,9.812065562550789,295,baseline,0
1385.5426508199187,750.0,3460.4767761433604,2.497560630194649,734.0,0.0,16.034946466695484,368.48599861386225,2.3773130735670227,1.0,7.003209077773973,2.94585057207718,1.0,0.0,8.78812905448764,100.41927892319109,9.19324194802101,6.764126,7.738635701433472,0.8417743974528306,9.740246249999998,3.886963,1.0783254942701035,0.09489715381912278,742.613810741688,750.0,72.6517229853613,0.09783244256230592,0.0,0.0,-9.734492072897927,92.76033591731262,12.836767359861593,8.999,11.674861863531122,0.9094861296650468,16.542356,6.0,2.189785736730398,9.87008117566889,6647.0,9.709095074413886,296,baseline,0
1399.3897583953806,750.0,3554.5485701632,2.5400704477350518,750.0,0.0,16.01473005446773,371.3895135171322,2.411183710682267,1.0,7.181830313740042,2.97854961524598,1.0,0.0,8.765958748650522,100.89220392946226,9.40023577697171,6.504014,7.701280431902498,0.8192646029973802,9.3270605,3.564726333333333,1.0846520303507194,0.1266129948004,742.539735602492,750.0,73.01133713417414,0.09832650514646628,0.0,0.0,-9.684516117073331,91.78985242185308,13.108071837410728,9.391354,11.728201666835604,0.8947312627142503,15.427851,6.06793,2.2593556653885543,10.280694583946648,6581.0,9.682408120856238,297,baseline,0
1412.1412628038527,750.0,3617.089848263831,2.5614221066538208,750.0,0.0,16.00612956959178,371.786504267528,2.4416755847729705,1.0,7.325725825127693,3.0002863078179347,1.0,0.0,8.740628813646513,100.33048971564192,9.897264445497257,6.999,7.79864448942052,0.7879595955394018,9.260185,3.6335195,1.0763333303143836,0.1465589392385791,742.4941140498395,750.0,73.23190105493019,0.09862960482675899,0.0,0.0,-9.654101804203838,91.20168164593188,13.739332485094025,9.720079,11.82749633590449,0.8608494152635355,15.487352999999999,5.721079,2.255576004481998,10.206857257811025,6541.0,9.653530320052935,298,baseline,0
1418.2197097020626,750.0,3657.278164705927,2.578781087081523,750.0,0.0,16.08005056505821,376.4470621798096,2.4595874713521773,1.0,7.43718858229254,3.0237544583864255,1.0,0.0,8.747702304184509,100.50918273197635,9.75177723304555,6.999,7.741097616174535,0.7938140331941252,8.796410999999999,3.9999999999999996,1.063983082966976,0.22649004107825865,742.4987012987013,750.0,73.20975467881009,0.09859916865949962,0.0,0.0,-9.657147544055858,91.26049868766408,13.575448969289532,9.763059,11.866349031713318,0.8741036159140997,14.31654,5.764059,2.2546081473888084,9.920681115253037,6545.0,9.638036453509386,299,baseline,0
