CB_mean,CB_median,CB_std,CB_CV,CB_IQR,CB_MAD,CB_skew,CB_kurt,CP_mean,CP_median,CP_std,CP_CV,CP_IQR,CP_MAD,CP_skew,CP_kurt,APIT_mean,APIT_median,APIT_std,APIT_CV,APIT_IQR,APIT_MAD,APIT_skew,APIT_kurt,APS_mean,APS_median,APS_std,APS_CV,APS_IQR,APS_MAD,APS_skew,APS_kurt,Time_mean,Time_median,Time_std,Time_CV,Time_IQR,Time_MAD,Time_skew,Time_kurt,TNFE,PSE,t,source,label
1217.0536912751677,750.0,1129.9235246749627,0.9284089377281997,750.0,722.0,1.196100677064965,1.0623553411903917,1.8456375838926173,1.0,1.317027526758062,0.71358945995255,1.0,0.0,1.6517538959968476,2.1977082814279623,0.5744093381991051,0.559962,0.3076097231945603,0.5355235417289383,0.577114125,0.2859610833333333,0.08189547857190341,-1.4302925704089138,585.248322147651,750.0,302.99768324895126,0.517724992592988,0.0,0.0,-1.2953783675395827,-0.32199488491048545,0.7537837617449664,0.7724975000000001,0.1886255928963608,0.2502383342136521,0.31258675,0.17041800000000007,-0.36297464459647505,-0.6725473715399519,298.0,3.5507115414596,2,attack,0
1521.6791208791208,750.0,1369.640855429176,0.9000851997219312,1500.0,694.0,1.4860263090904486,2.2735264296661306,2.320879120879121,2.0,1.6395869543859618,0.7064508184144058,2.0,1.0,1.7699229580779114,3.3676508407229413,0.7829637881493109,0.6686,0.5290766289158806,0.6757357580565219,0.6559545,0.330975,0.5941187988683737,-0.8396886312103691,642.0967032967033,750.0,257.41611989217097,0.40089930157019177,0.0,0.0,-1.9664402012020288,1.8668870649034792,1.3291646175824177,1.570754,0.6165305439870128,0.4638481462953805,1.166165,0.32501099999999994,-0.5803714201966642,-1.3113282592098492,455.0,4.166178036674282,3,attack,0
1559.9149606299213,750.0,1363.5559991606674,0.8741220089395382,1500.0,666.0,1.7953714939798493,4.032305227209442,2.393700787401575,2.0,1.7048216953200783,0.7122116950843748,2.0,1.0,1.8190569807944799,4.415174309267018,1.0125629399387008,0.8479736666666667,0.7681169349808612,0.7585868538970644,0.9486779999999999,0.4703844666666668,1.0566399299779852,0.1256617205535,672.6834645669292,750.0,223.25924825481218,0.33189346849568474,0.0,0.0,-2.54129194453932,4.458164747380437,1.8109958850393701,1.843502,0.9805365610390826,0.5414350022213144,1.9171845,0.9527,-0.2653201787817346,-1.4911669722205132,635.0,4.503079857896653,4,attack,0
1597.8699186991869,750.0,1445.082154392391,0.9043803487888556,1500.0,638.0,2.189471686037614,6.936188398893879,2.4905149051490514,2.0,1.8936613724236107,0.7603493432255847,3.0,1.0,1.9620184645329801,6.040764991279632,1.3803146554598444,0.99985625,1.014018982166829,0.7346288602789732,1.130155125,0.4437829285714286,1.1058350060495539,0.2601244460853085,683.4742547425474,750.0,208.82028946877094,0.3055276596298859,0.0,0.0,-2.8203605644995124,5.95443371378402,2.4877309295392953,2.485913,1.2160916581531076,0.4888356870565244,2.288915,1.1167715,-0.295887942844925,-1.2518067512958144,738.0,4.654874687914619,5,attack,0
1708.2741738066095,750.0,1659.9157440478427,0.9716916461653179,1500.0,610.0,2.6232556174922403,9.928462326906024,2.6842105263157894,2.0,2.247404681828327,0.8372684108772199,3.0,1.0,2.2190129070290165,7.641850745936354,1.7606947301003357,1.2913810000000001,1.2718509999945267,0.7223574752916131,1.537864,0.6364670000000001,1.0465845614904472,0.13264165702217845,689.9069767441861,750.0,199.4391921029412,0.2890812802678646,0.0,0.0,-3.0175310436363154,7.105493599308879,3.2054201750305995,3.364038,1.4436969063495744,0.4503924064606577,2.3060080000000003,1.2076859999999998,-0.37668046926941845,-1.0668689022633369,817.0,4.815068744343725,6,attack,0
1815.3226544622426,750.0,1854.7676530832227,1.0217289188365608,1500.0,582.0,2.9774033553023767,13.382656278361704,2.876430205949657,2.0,2.5731082589750627,0.8945491719746239,3.0,1.0,2.419715931280387,9.539782600335094,2.164039281012542,1.6756975,1.5582601334621544,0.7200701702295594,1.9313179166666665,0.8763652857142858,0.9472609536184319,-0.15885642004135114,693.8260869565217,750.0,193.3961134841521,0.27873860196362316,0.0,0.0,-3.1523496668561655,7.937308422128163,3.975555897025172,4.309029499999999,1.6450316092927768,0.41378656266000957,2.85316325,1.3561765000000006,-0.45861897538771085,-0.9229308284271482,874.0,4.80643739956541,7,attack,0
1871.6185671039354,1500.0,2004.4377053050066,1.070964853916036,1500.0,750.0,3.3890643316112814,17.833881738134842,2.9646821392532794,2.0,2.8436847152438096,0.9591870499682149,3.0,1.0,2.6825729875076676,11.989824388453371,2.3703103940972223,1.70273225,1.8618851967541235,0.7855026925548533,2.367208202380952,1.01812125,0.9498865077754959,-0.12676168658406484,700.4581231079718,750.0,182.52352601804384,0.2605773564423477,0.0,0.0,-3.412799762340574,9.647202217831875,4.445217428859738,4.5784,2.1193596839754028,0.476773007820913,3.7079545000000005,1.9229260000000004,-0.5525685746192428,-0.8613356266638723,991.0,4.97008316025498,8,attack,0
1925.3384030418251,1500.0,2132.3261712722347,1.1075072142660176,1500.0,750.0,3.6429579873330273,20.554877984050105,3.0722433460076046,2.0,3.0899858961039164,1.0057751122219432,3.0,1.0,2.7925881932968584,12.824400081982018,2.758865539007017,1.948289,2.124064461724722,0.7699050322290172,2.8482848125,1.1171342499999999,0.9590616329293635,-0.15795185305449655,703.3307984790874,750.0,177.53069911285576,0.25241422598975577,0.0,0.0,-3.5411430254016865,10.539693926351022,5.161009239543726,5.4617945,2.3549882934925375,0.4563038320971378,3.950561,2.0761890000000003,-0.5411377059272054,-0.927810158339319,1052.0,5.051854801828804,9,attack,0
1998.314932126697,1500.0,2299.398140101037,1.1506685473514997,1500.0,750.0,3.7339128034458504,21.35989229189666,3.205429864253394,2.0,3.37951875082273,1.0543106210217719,3.0,1.0,2.8074903181160873,12.666088364701137,3.1153491302217335,2.31733,2.4124646775440897,0.774380198399267,3.2426840000000006,1.3213995,0.9237361523356115,-0.21053565287555864,705.5692307692308,750.0,173.50770049244935,0.2459116595876588,0.0,0.0,-3.649051078087535,11.315573770491815,5.879779681447964,6.405345,2.618471228774745,0.4453349225034085,4.769036999999999,2.1433430000000007,-0.596242400146937,-0.8005686714468365,1105.0,5.2493902780699155,10,attack,1
1593.0298013245033,750.0,2090.807150349054,1.3124720884761105,750.0,0.0,4.9421341845160605,35.979367697613206,2.490618101545254,1.0,3.1611291632967804,1.269214722777258,1.0,0.0,3.7181269809503865,20.756487002796305,2.4182250614259155,1.03937525,2.6004372113558993,1.0753495416272552,2.94540825,0.78937525,1.386922543090964,0.9180242541458683,722.9050772626931,750.0,137.2166148037289,0.18981276950399173,0.0,0.0,-4.866831582171039,21.68604964921749,4.389549885209712,3.5715485,3.728275792825756,0.8493526421439989,7.63304175,3.2158265,0.20860311089417455,-1.6077001225135903,1812.0,7.781160982724503,11,attack,1
1415.3929411764707,750.0,1973.0637607610668,1.3940042396432057,750.0,0.0,6.031916751191316,52.30170406871723,2.1737254901960785,1.0,3.0201960466066575,1.3894100521102248,1.0,0.0,4.541659660907465,30.005806635738004,2.375362509567084,1.4390598333333333,2.556497727488417,1.0762558208238897,2.0094051904761905,0.7390598333333334,1.7942130237794691,2.4294629373513406,730.7466666666667,750.0,116.31945590580375,0.15917890728999162,0.0,0.0,-5.87600180907681,32.52739726027395,3.9870959337254903,1.75,3.8377666641613053,0.9625468581528075,6.9628595,1.4,0.6926955851863847,-1.1752852115657784,2550.0,8.987134685079223,12,attack,1
1334.3456193353475,750.0,1934.6680292149113,1.4499002366257936,0.0,0.0,6.672808249879207,62.59883274509549,2.019939577039275,1.0,2.9704833945938036,1.4705803224806298,0.0,0.0,5.078943963450363,36.40109127440863,2.5346571562051317,1.8269888333333333,2.5546683008859348,1.0078950104284572,1.84726125,0.9230111666666667,1.9870484268077908,3.5858264158195903,735.1673716012085,750.0,102.41655549134063,0.13931052906806163,0.0,0.0,-6.759988557328063,43.69744529520633,3.9603629616314198,2.25,3.8601393584914168,0.9746933288410724,5.58328775,1.4844955,0.9803117935763116,-0.5904516934096051,3310.0,9.63863201980347,13,attack,1
1271.8704393149665,750.0,1915.5064147922556,1.5060546700212276,0.0,0.0,7.307574597821113,73.45529389995447,1.9101514023330852,1.0,2.953661937378554,1.5462972902414494,0.0,0.0,5.57808880058002,42.79633019953102,2.8495400721393658,2.25,2.602523137476268,0.91331340201942,2.35,1.1781380000000001,1.9788745420826475,4.032210521674522,737.8143459915611,750.0,93.00296785844765,0.12605199175608248,0.0,0.0,-7.501144404820786,54.26716738197422,4.171163393397865,2.75,3.8887767842300582,0.932300276317449,4.3875340000000005,1.428594,1.1393331401192508,-0.09649888272911333,4029.0,10.129027938963619,14,attack,1
1221.1132672431977,750.0,1833.7104457278579,1.5016710528972206,0.0,0.0,7.89653917971404,87.21421593088867,1.8242986711664206,1.0,2.8690994875490192,1.5727136860295872,0.0,0.0,5.97892248429769,49.302391867846474,3.202533942288318,2.7,2.688954417221643,0.8396333858370584,2.8501707777777776,1.4238392222222223,1.8574991558756246,4.024564674658261,739.6443788230331,750.0,85.84590613307805,0.11606375792334317,0.0,0.0,-8.169157846140392,64.7351399151571,4.473665658932715,3.3,3.9517249764453344,0.8833304224589952,3.1499999999999995,1.5999999999999999,1.211263149436433,0.27397696530530524,4741.0,10.396635893194265,15,attack,1
1216.1520558572536,750.0,1846.5112543416667,1.5183226846087754,0.0,0.0,8.206000334021388,93.92352742498888,1.8147788983708302,1.0,2.9140158430559535,1.6057139774282885,0.0,0.0,6.187136736823158,52.23825048601131,3.7548138103694066,3.35,2.7715730979364728,0.7381386236202746,3.1779597500000003,1.58533425,1.6988880163795288,3.786592620101705,740.477889837083,750.0,82.3668195068338,0.1112346778172618,0.0,0.0,-8.534453362204223,70.83689419163896,5.075281724786656,4.0,4.022276647662025,0.7925228323815079,3.4000000000000004,1.7000000000000002,1.2028619031788548,0.4104428413704113,5156.0,10.496754019692736,16,attack,1
1224.2541456380677,750.0,1905.4800868834839,1.556441604606835,0.0,0.0,8.403777237193152,97.67113559509535,1.8239005046863734,1.0,3.010704011242063,1.6506953112334188,0.0,0.0,6.35689671435475,54.537855085847646,4.307799503054349,3.95,2.9286457210370993,0.679847267487869,3.4887664821428572,1.75,1.4378317708083295,3.089441546544066,741.1506849315068,750.0,79.44114237767855,0.10718622271126967,0.0,0.0,-8.865700426545086,76.60064405324172,5.682305462869502,4.7,4.131816519002627,0.7271373469803056,3.7426909999999998,1.85,1.1439514885817823,0.46255765193249987,5548.0,10.597436709003391,17,attack,1
1220.0613014259957,750.0,1934.8037536570118,1.5858250330500872,0.0,0.0,8.755180029981869,105.25124527278766,1.811834125553188,1.0,3.0622130759458694,1.6901177832771621,0.0,0.0,6.636640693046251,58.92141875999594,4.7434203136472055,4.529687,3.170843711695062,0.6684720100751534,4.15,2.0703129999999996,1.1374070759816548,2.2381741296685274,741.9527946238321,750.0,75.79792059962436,0.10216003113520677,0.0,0.0,-9.312994125213011,84.73185957625208,6.12432911948861,5.35,4.319013442430114,0.7052222958897346,4.128227,2.0500000000000007,1.0367107171657732,0.4505153696527975,6101.0,10.643083801754656,18,attack,1
1222.6542569423252,750.0,1966.682321437636,1.6085351277932105,0.0,0.0,9.109277447887706,115.24810408519265,1.8126335062557217,1.0,3.1229977154655226,1.7229063154175956,0.0,0.0,6.892959131995181,64.10012786020377,5.238957709064382,5.15,3.407091159865624,0.6503375955814104,4.85,2.3999999999999995,0.913141714182382,1.5540283663138705,742.5090021361001,750.0,73.15999869285662,0.09853079017545241,0.0,0.0,-9.663996950579955,91.39283706081878,6.665313628166007,6.1,4.495200557136069,0.6744169603873458,4.750000000000001,2.3,0.9394918056506191,0.39058290023584874,6554.0,10.69009824651336,19,attack,1
1221.931441416128,750.0,1945.8176570247667,1.5924114815882862,0.0,0.0,9.42543569458748,125.35210326940404,1.8065467828041584,1.0,3.1173231622109427,1.7255701274296207,0.0,0.0,7.114689850676209,68.6204560144755,5.658402394422888,5.7,3.6992105216143147,0.6537552941198352,5.6000000000000005,2.8,0.7247050973693258,0.9310958177953617,743.1025568980051,750.0,70.23089917048686,0.09451037211291205,0.0,0.0,-10.083953390327931,99.68611597830613,7.098034699213263,6.7,4.727628347286583,0.6660475114063034,5.5875,2.6499999999999995,0.8291046664113089,0.28305365097994617,7118.0,10.717618042568835,20,attack,1
1219.823279298432,750.0,1975.4841999379007,1.6194839313724845,0.0,0.0,9.674375997400572,131.8178400084911,1.8029497741163965,1.0,3.178178790523001,1.7627661270157053,0.0,0.0,7.294511444929985,71.73283170649437,6.198296767795742,6.39917,3.9531568820027387,0.6377811566787198,6.1499999999999995,3.0008300000000006,0.6041478745435638,0.5337983092537848,743.4764815306936,750.0,68.31854829853926,0.0918906649984177,0.0,0.0,-10.377166680465685,105.68558831416725,7.687309629683764,7.45,4.907696337785156,0.6384153330880008,6.1083,2.9000000000000004,0.7524855959936272,0.19370254598792247,7526.0,10.771062292116182,21,attack,1
1217.3566310496542,750.0,2017.890708457886,1.6576002931186884,0.0,0.0,9.928076992476718,138.46423886629725,1.7984915147705844,1.0,3.251069193138874,1.807664460153753,0.0,0.0,7.489459618604011,75.34285419687548,6.704766587834442,7.0,4.229265926766484,0.6307849604250706,6.744993749999999,3.3000000000000007,0.5015717169813931,0.20232308671747523,743.8282840980515,750.0,66.46720096432846,0.08935825967538327,0.0,0.0,-10.676793334158319,111.99391590032737,8.24584053412948,8.1,5.119533248973501,0.6208625097446144,6.4880295,3.200000000000001,0.6652708585722842,0.09123765329751654,7955.0,10.80328093385784,22,attack,1
1214.8586014484151,750.0,2026.0393701053652,1.6677161998028576,0.0,0.0,10.296796663581326,150.85583019491276,1.7933040484387985,1.0,3.2832042901077556,1.830812958330197,0.0,0.0,7.734807360492336,80.9672666612959,7.173351596874179,7.35,4.52433088687173,0.6307136665158345,7.301180499999999,3.5999999999999996,0.4247177424509592,-0.07045905621764126,744.1711979104832,750.0,64.60975293895167,0.08682108783619387,0.0,0.0,-10.994352454685185,118.87578589784205,8.761975728956427,8.75,5.360648718466654,0.6118082136145245,7.208671000000001,3.4000000000000004,0.5799873361983298,-0.021984606109931804,8423.0,10.820071416060738,23,attack,1
1204.5996846136518,750.0,2024.9605978294453,1.681023682551358,0.0,0.0,10.655408269687786,162.5293775960745,1.7782158143726063,1.0,3.3063576987510777,1.8593680654660207,0.0,0.0,7.963032112501282,85.81871438981857,7.663730475987134,7.7,4.81646230127228,0.6284749074049203,8.0,3.933832,0.3627687536218449,-0.284673879250557,744.4699256589322,750.0,62.94546808177074,0.08455071979711948,0.0,0.0,-11.294535936952634,125.56654203111444,9.288891663212434,9.45,5.6044814135800225,0.6033530820233284,7.75818225,3.6963304999999993,0.505857017357358,-0.12829285975868965,8878.0,10.863917532377801,24,attack,1
1198.6623628147192,750.0,2023.2674601361543,1.687937757038674,0.0,0.0,10.978286760542264,175.2284880861238,1.7697439208091241,1.0,3.330759475255235,1.8820573056312109,0.0,0.0,8.162466176055077,90.8027106293004,8.177794782560655,8.1,5.100912228812468,0.6237515570444843,8.594690125,4.3,0.3143201771129621,-0.4467433518195403,744.7174521196471,750.0,61.5312461884739,0.08262361250342798,0.0,0.0,-11.562172852149406,131.68384106298066,9.850756976866796,10.15,5.839886078330447,0.592836275632893,8.102053000000002,3.8753135000000003,0.4413414622879927,-0.21956302442961118,9294.0,10.89079352095937,25,attack,1
1192.0470829068577,750.0,2010.3583363587775,1.6864756142487534,0.0,0.0,11.330067361894558,188.5328709264651,1.759365404298874,1.0,3.3393725785808863,1.8980551569454454,0.0,0.0,8.381533723594398,95.87495463841063,8.626309143240473,8.55,5.410432572336154,0.6272013305453744,9.24889,4.6000000000000005,0.2792553007981957,-0.5851357362780361,744.9748208802456,750.0,60.02438587171904,0.08057236860810352,0.0,0.0,-11.861006679552421,138.68347945238713,10.347041610644832,10.65,6.11554560161751,0.5910429117561447,8.692509,4.15,0.3774154432079333,-0.31764136499667295,9770.0,10.91453372278354,26,attack,1
1184.2437869822486,750.0,2022.4932063567553,1.7078351844349358,0.0,0.0,11.770265051545106,203.60245017557136,1.74930966469428,1.0,3.381098772883946,1.932818894860932,0.0,0.0,8.6371783914841,101.70478205005456,9.175587548805938,9.15,5.6775879144436265,0.6187710470031401,9.8,4.867114750000001,0.25104858251045253,-0.6830275186271528,745.1581854043393,750.0,58.92662360502515,0.07907934819645075,0.0,0.0,-12.08819252199499,144.12439844881567,10.951868686390531,11.2862915,6.337314285000197,0.5786514125096601,9.25,4.3904545,0.33163508211511555,-0.38692815404607694,10140.0,10.952246594049628,27,attack,1
1175.689969604863,750.0,2012.9893457266019,1.7121770175543356,0.0,0.0,12.232542248922304,222.552031403638,1.7379369300911853,1.0,3.398551005242074,1.9555088256647843,0.0,0.0,8.890510153579534,108.2799316166554,9.704440856739,9.55,5.962086833566936,0.6143668575636398,10.35,5.172758000000001,0.22362027244134827,-0.7685422775515223,745.3366261398177,750.0,57.83778065669393,0.07759954177516046,0.0,0.0,-12.321932899013367,149.83003036778783,11.530305875854863,11.7,6.582441853654134,0.5708818069985597,9.7,4.749999999999999,0.28371142961600226,-0.45243982211830813,10528.0,10.983724908480266,28,attack,1
1171.7559512992914,750.0,2001.137303849353,1.7078106594042977,0.0,0.0,12.64452839315147,241.25458067473787,1.7313283663456296,1.0,3.407810000109414,1.9683210108215277,0.0,0.0,9.133017050261135,114.93334900839095,10.136550281550932,10.0,6.2914353797455345,0.6206682949322795,11.04610375,5.543387833333334,0.20425806086398887,-0.848783904297866,745.539160457932,750.0,56.575852268905265,0.07588582232776978,0.0,0.0,-12.603934228451381,156.8591580351284,12.007871543976012,12.15,6.889187462867491,0.5737226150061198,10.26947525,5.050000000000001,0.23316768753619269,-0.5280468155596054,11006.0,11.00102909237947,29,attack,1
1170.4579674867425,750.0,2026.7829755280231,1.7316153435906958,0.0,0.0,12.824386139707983,247.57455630907523,1.7280709380161696,1.0,3.454821439047648,1.999235889594783,0.0,0.0,9.289259065855953,118.35709669762556,10.565368649289587,10.4,6.6197862654153115,0.6265551619782264,11.783066166666668,5.9,0.19074511205237982,-0.9173056310525798,745.7318960271234,750.0,55.34757769671269,0.07421913691981818,0.0,0.0,-12.890605546710724,164.16771136088906,12.468516317482397,12.65,7.201039424951545,0.5775377953233136,10.950000000000001,5.35,0.1951151699437208,-0.6028243548135155,11503.0,11.027737834769493,30,attack,1
1076.9341510652034,750.0,1813.3857227284432,1.683840855947237,0.0,0.0,14.621305589282763,322.76644527253654,1.564557779212395,1.0,3.095676218099551,1.978626970017002,0.0,0.0,10.682195706194218,156.132430888825,8.723134676316082,6.9,7.3913264555712574,0.8473245834022514,14.700999999999999,5.901000000000001,0.5091972048193933,-0.9794229098735396,746.8319748432912,750.0,47.709823095358615,0.06388294114666106,0.0,0.0,-14.99361946916883,222.8118789044872,10.245081207036797,9.5,8.27607750817068,0.8078098495194246,16.251,8.140404,0.43063727775275396,-0.8908525876236144,15490.0,11.771084739657207,31,attack,1
1069.2197902140301,750.0,1827.5675903820056,1.7092534267591268,0.0,0.0,14.994393755857908,337.44161328705815,1.550475959497969,1.0,3.1146490247679433,2.0088341297316474,0.0,0.0,10.989077368375256,164.53681543109374,8.898046023137427,6.6339315,7.463535070439798,0.8387835993466997,13.700999999999999,5.0160685,0.5512176217700171,-1.0520076745616822,747.0245899775663,750.0,46.243228019598256,0.06190322064362965,0.0,0.0,-15.477672769565116,237.56161077120598,10.354948084884498,9.2,8.315394395553902,0.8030358363353064,15.734122999999999,7.200999999999999,0.47489725911634756,-0.925871819914466,16493.0,11.8414638717472,32,attack,1
1065.7548478918343,750.0,1837.6342791667012,1.7242560827208233,0.0,0.0,15.23591992365539,351.57527691002457,1.5470556840419853,1.0,3.152515012687375,2.037751481867035,0.0,0.0,11.128446319735117,169.04412070022815,9.435921194403265,7.0,7.606403705177389,0.8061114064505944,13.351,5.0009999999999994,0.5490865697235395,-1.0854415376819906,747.0898344771322,750.0,45.73578551311371,0.06121858898685583,0.0,0.0,-15.65244568063973,243.0021918197804,10.888039648283224,9.579749,8.379176543090603,0.7695762335336273,15.450999999999999,6.680749,0.46570834668635247,-0.9577500607250462,16863.0,11.853776317616635,33,attack,1
1066.6338234432665,750.0,1874.0140355279857,1.756942255476547,0.0,0.0,15.42190002860964,360.013291611329,1.5505828598207487,1.0,3.2231013249738605,2.0786385613384497,0.0,0.0,11.233346459796087,171.99512444594507,10.023345493057334,7.45,7.737921742905226,0.7719899257453406,13.450000000000001,5.3969956,0.5219729837633916,-1.138469814276255,747.1252554211305,750.0,45.45799952189546,0.06084388018214194,0.0,0.0,-15.749837615864681,246.06038061665396,11.508569448069826,10.2,8.465434714890161,0.7355766286234604,15.301,7.1499999999999995,0.44223585405844756,-0.9812853535573325,17071.0,11.867559585338856,34,attack,1
1069.998133675493,750.0,1917.4048519147061,1.7919702769278036,0.0,0.0,15.312105679144146,354.35810109562294,1.5583809634900267,1.0,3.305563537535633,2.121152410725523,0.0,0.0,11.184815827378202,169.577884752455,10.61472019472269,8.0,7.919961818591676,0.7461300602656711,13.801,5.6,0.4803510447913337,-1.1946070907125137,747.1377947376315,750.0,45.35941083776436,0.06071090387509173,0.0,0.0,-15.784797420112742,247.16267358203947,12.146713041059138,10.85,8.599312426628197,0.7079538635316585,15.658016499999999,7.0,0.4004798542178697,-1.0138890175954482,17146.0,11.870443114235744,35,attack,1
1072.4764245299193,750.0,1940.6469161137875,1.8095007701119388,0.0,0.0,15.510055609139545,367.5323049777326,1.5628393438875237,1.0,3.356400745861096,2.1476300548667613,0.0,0.0,11.311419401961903,174.42590677007578,11.096898554283596,8.3702225,8.151378289814406,0.7345636485671785,14.601,5.788121,0.46064743968624516,-1.2058854218237807,747.1951794910874,750.0,44.904440769270906,0.06009733735147381,0.0,0.0,-15.947451424350879,252.32395400386005,12.668587618906098,11.3,8.803751354733857,0.6949276130509993,15.901,7.301,0.37613841565634587,-1.0299417713480548,17497.0,11.871496400607871,36,attack,1
1078.8909090909092,750.0,1976.0068426757978,1.831516816042887,0.0,0.0,15.52853633514286,370.26010651014815,1.575242995997713,1.0,3.4332437959864786,2.179501070444031,0.0,0.0,11.307733059527745,174.25169699510892,11.749263453315823,9.14727775,8.424531709927875,0.7170263687933852,15.05,6.24727775,0.4106232793129042,-1.2307161900208416,747.1940259298749,750.0,44.91387343758775,0.060110054254907785,0.0,0.0,-15.944209470169012,252.2204190328754,13.384425047627214,12.25,9.020047708846427,0.6739211939810218,16.155525249999997,7.6499999999999995,0.31994589536888185,-1.0512116621738286,17490.0,11.824431338314792,37,attack,1
1066.938348323794,750.0,1957.4422878985822,1.8346348605557279,0.0,0.0,15.996526313335613,394.39799463332645,1.5565549195966204,1.0,3.4216183339890054,2.1981995565410015,0.0,0.0,11.612974261553916,183.49892737352627,11.843900806754776,9.0,8.745870895597736,0.7384282457524314,15.750000000000002,6.5263539999999995,0.42682445108782474,-1.2131948407020483,747.3247751430907,750.0,43.85917712809528,0.058688241828591246,0.0,0.0,-16.333741798229518,264.7937126594205,13.421119672935404,12.0,9.327237656251695,0.6949671773705066,16.75,8.001,0.3278357911927624,-1.0618439169311904,18345.0,11.893033546133418,38,attack,1
1077.877984376719,750.0,2014.3301407707916,1.8687923586597552,0.0,0.0,15.867288065132874,387.8463983019806,1.576025965452745,1.0,3.525783502672925,2.237135415253183,0.0,0.0,11.531278817556075,180.47657734136843,12.583880710269366,9.890751000000002,9.005345517656165,0.715625467611684,16.17299125,6.891751000000001,0.380997469663207,-1.2427842670767228,747.3001712410888,750.0,44.05985524146952,0.05895871155535335,0.0,0.0,-16.25837638896213,262.33724414653153,14.231457531686655,13.15,9.5204015239756,0.6689688320945494,17.000749999999996,8.251000000000001,0.27450496441944383,-1.0891703243329651,18178.0,11.83738536418193,39,attack,1
1064.9750978856696,750.0,1994.3741229697278,1.8726955465242567,0.0,0.0,16.33545868841675,412.8894952311093,1.5552075176194204,1.0,3.5075067207328754,2.2553303536635863,0.0,0.0,11.85307482920172,190.58736249449572,12.653792577045378,9.999,9.4201370383508,0.7444516717809495,17.251,7.205590000000001,0.406031236330492,-1.2280780838945102,747.4378517358392,750.0,42.92601893913384,0.057430887182717674,0.0,0.0,-16.694378503896733,276.7047213120741,14.276874365074391,12.7,9.959080918777772,0.697567315093893,18.301000000000002,8.700999999999999,0.28606805136764635,-1.1229855733955072,19155.0,11.924306302129562,40,attack,1
1069.4171683620511,750.0,2018.4851626446302,1.88746283710425,0.0,0.0,16.423763035203972,420.2715968121326,1.5637845131824788,1.0,3.566857573789154,2.280913734418686,0.0,0.0,11.897323540455023,192.20708725821066,13.220061885964913,10.999,9.683781397223557,0.7325065102383786,17.65,7.835268833333334,0.39229293259814274,-1.2363959947923393,747.4528549800756,750.0,42.80078255907426,0.05726218352623079,0.0,0.0,-16.744064601826057,278.3660455824072,14.881910431129333,13.4,10.172249692981651,0.6835311729671335,18.507931999999997,9.051064,0.26558988949430745,-1.1372427046018492,19268.0,11.901869081085952,41,attack,1
1069.65170611743,750.0,2043.7952385609906,1.9107109602802015,0.0,0.0,16.644506653523273,433.208633212334,1.565734194077262,1.0,3.622005552905623,2.3132953004454175,0.0,0.0,12.019339180770922,196.4475737290868,13.730042139576899,11.6,9.962791830286864,0.7256199018915666,17.851,8.2,0.3833028178454749,-1.2391273507560072,747.4854590878261,750.0,42.52710737501246,0.05689355807256676,0.0,0.0,-16.853482627554513,282.0421438632363,15.424570315862278,13.9,10.42977103800012,0.676179032830132,19.13792875,9.157120500000001,0.2551230095325078,-1.1442685918844602,19518.0,11.900351748296176,42,attack,1
1073.6179137747606,750.0,2091.198179645293,1.9478048501377887,0.0,0.0,16.712905169669817,435.0892212640577,1.5728253710927604,1.0,3.7000078971649155,2.3524594434754325,0.0,0.0,12.079839042713521,198.12287537251774,14.21955795231495,11.999,10.259190129682125,0.7214844627439296,18.551000000000002,8.101,0.37548657603959784,-1.2389170511447654,747.5135919093001,750.0,42.28953227570484,0.05657359643145601,0.0,0.0,-16.94961930726778,285.2917843201344,15.941254993870004,14.469424,10.681750943698505,0.6700696367886988,19.501,9.470424000000001,0.24163881296170905,-1.1506948740947816,19739.0,11.893368564141584,43,attack,1
1077.0783254892247,750.0,2121.1740101255186,1.9693776765603843,0.0,0.0,16.91081558986591,446.74007181135954,1.5776071340104039,1.0,3.751169768337988,2.3777591311990416,0.0,0.0,12.222571687952858,203.37824900208304,14.576059505710566,12.434322,10.593330165334486,0.7267622748922136,19.208505000000002,8.615678,0.3759392095437215,-1.2337035119427466,747.5685117211251,750.0,41.82163079823577,0.0559435424880991,0.0,0.0,-17.14200065998307,291.85032702894546,16.322418615159776,14.9,11.018844617082824,0.675074256878135,20.133707,9.898670000000001,0.23869074221660783,-1.1599829684038212,20185.0,11.898717908085189,44,attack,1
1097.06963209312,750.0,2210.677668084279,2.015075072187064,0.0,0.0,16.47292650751693,425.4192083600972,1.6146331324049055,1.0,3.9189335121539335,2.4271355724732975,0.0,0.0,11.909333051425467,193.00187978708428,13.346945034946325,10.999,10.075017930153868,0.7548557294402902,17.04584991666667,7.699994153846154,0.5269882768482334,-0.9594190669534197,747.4495969883832,750.0,42.828703427093586,0.057299787971869395,0.0,0.0,-16.73348551327078,278.0114909331201,15.216430735398045,13.7,10.806264977247713,0.7101708124040583,18.4290435,9.0815555,0.4107980460563962,-0.8867675408605664,19244.0,11.871749877894835,45,attack,1
1094.1503416856492,750.0,2221.627724226347,2.0304592884408414,0.0,0.0,16.652325819765547,436.56878318026406,1.6101746393318148,1.0,3.9474333513244124,2.451556033053971,0.0,0.0,12.04900796876278,197.61406628133963,13.710074513901658,11.099614,10.354694986116959,0.7552617584694794,17.5,7.799614000000001,0.5345834580697989,-0.9580886797999724,747.5155502734585,750.0,42.27338456312427,0.05655184637651977,0.0,0.0,-16.95653406923147,285.5259682457883,15.577064952113389,14.234634,11.042370536891186,0.7088864667918736,19.2462055,9.334634,0.4093722590141729,-0.9107804248989946,19755.0,11.905630939159245,46,attack,1
1089.7665803624775,750.0,2235.276076930549,2.0511512439545108,0.0,0.0,16.924153162196713,450.5866871711349,1.6051583349930292,1.0,3.9864395316171457,2.4835179463055637,0.0,0.0,12.201048309439654,202.18149453750726,14.189449751542695,11.5,10.609645772388276,0.7477136857428022,17.9,7.85,0.5364934873069167,-0.9613884481121899,747.5562319110799,750.0,41.927175786434695,0.05608564813813476,0.0,0.0,-17.098598594018046,290.3639457473477,16.056523551284606,14.556460999999999,11.256547677458283,0.7010575883070094,19.500999999999998,9.557461,0.4110493783646177,-0.9170707674027025,20084.0,11.910903159549243,47,attack,1
1090.3016547517873,750.0,2286.337502626061,2.0969770087586976,0.0,0.0,17.003508849985693,452.58186039764786,1.6098085287206918,1.0,4.080352973245735,2.5346821689958214,0.0,0.0,12.222240188628618,202.356666283208,14.734616348642533,11.999,10.84284317640104,0.735875500239948,18.177993,8.0,0.5295552452755123,-0.9549310206574209,747.546320135313,750.0,42.01195907819025,0.05619980721808073,0.0,0.0,-17.063723335540015,289.17244311982836,16.609383584812278,15.2,11.453460886179212,0.6895777213943284,19.6640435,9.549999999999999,0.4144631891358697,-0.8959957172805195,20003.0,11.916626764391118,48,attack,1
1087.1379715825576,750.0,2303.6542737374825,2.119008197629258,0.0,0.0,17.239630920658936,464.5828026364032,1.605732484076433,1.0,4.118898791693689,2.5651214212451774,0.0,0.0,12.371313092387393,206.94228731236618,15.100455438134075,12.25,11.164409357904223,0.7393425584840361,18.66838775,8.251,0.523620066009818,-0.9570915365201227,747.5952344289013,750.0,41.59263450761676,0.05563523226494343,0.0,0.0,-17.238206606718133,295.15751993632006,16.932852566731995,15.315930999999999,11.729118977371721,0.6926841730386256,19.95,9.734069000000002,0.4083188880992199,-0.908092995057348,20410.0,11.915516161880696,49,attack,1
1091.669193659545,750.0,2361.1241699491693,2.162856828481252,0.0,0.0,17.213005876327568,461.4389437730492,1.6157822191592006,1.0,4.219430365238355,2.6113855662021126,0.0,0.0,12.34826132265508,205.7743307485522,15.617862079574737,12.85,11.488620044919418,0.7356077282782769,18.95,8.621848,0.5048303858176396,-0.9744168560679003,747.5838554691345,750.0,41.690714014890204,0.055767274413286855,0.0,0.0,-17.197202759989075,293.7454597448442,17.431382676036232,15.75,12.009066315914515,0.6889336628713889,20.3375,9.751000000000001,0.40372723526659776,-0.9037584997398205,20314.0,11.896659540889631,50,attack,1
1088.7515092972712,750.0,2373.2576468474695,2.1797973427189787,0.0,0.0,17.532325554362696,479.29632473746494,1.6120743781695244,1.0,4.252897538655696,2.6381521822118215,0.0,0.0,12.52744866731339,211.8560968976831,16.02002837398536,13.160622333333334,11.79449371192033,0.7362342585530746,19.582545,8.939377666666667,0.5010134738624016,-0.9782407488294718,747.629469058814,750.0,41.29673039159465,0.05523689488000365,0.0,0.0,-17.36357152414962,299.4952600073662,17.85209731707317,15.9,12.302100222822666,0.6891123213325381,20.701,9.901,0.39929163006105073,-0.9132586714031916,20705.0,11.92066508699864,51,attack,1
1088.8896263165489,750.0,2396.80117410896,2.201142444727626,0.0,0.0,17.667928972003434,488.6562950226142,1.6147742028567307,1.0,4.31124674824549,2.6698759124454514,0.0,0.0,12.588513518564175,214.03649764106694,16.5623609653323,13.7,12.090286346422673,0.7299856808899164,20.344637000000002,9.2,0.4876921045456149,-0.9950024881119846,747.6394885112963,750.0,41.209761383137376,0.055119829832951266,0.0,0.0,-17.40079164712357,300.7891391059477,18.424432567498677,16.55,12.565221258371555,0.6819868786915604,21.084065,10.200000000000001,0.38587740864214326,-0.9287537448056873,20793.0,11.916744026475657,52,attack,1
1082.7231356291516,750.0,2415.103605549196,2.230582801895908,0.0,0.0,17.813713814534662,496.98349942002386,1.6063504027889008,1.0,4.348498489013313,2.7070672011931958,0.0,0.0,12.703997618069296,217.75031603713546,16.854387631478595,13.999,12.436044541897799,0.7378520545398667,20.851000000000003,9.549,0.48903196363109797,-0.9935334136051632,747.6877383823202,750.0,40.78788699916059,0.05455203409836346,0.0,0.0,-17.58322361536807,307.17131529152704,18.668307250577094,16.65,12.891567543289213,0.6905589976772369,21.4257135,10.600000000000001,0.3930628241267354,-0.9252291461754907,21227.0,11.957842663854082,53,attack,1
1080.6965905390948,750.0,2421.5664540814555,2.240745899710372,0.0,0.0,18.139671072767083,517.1625605293523,1.6046792874087168,1.0,4.381166691197532,2.730244432999674,0.0,0.0,12.86432894519504,223.43726743421723,17.277213154697215,14.3667755,12.760769518880377,0.7385895748708212,21.451,9.8667755,0.48184498912130924,-1.0022559245855835,747.7169808070315,750.0,40.53007499662124,0.05420510171224948,0.0,0.0,-17.696598449573884,311.1711221351937,19.10068030424671,17.25,13.207706083367135,0.6914783072114258,21.848872999999998,10.85,0.3869632144076527,-0.936328837274436,21499.0,11.96647557545628,54,attack,1
1079.370980963658,750.0,2421.71676675228,2.243637089993082,0.0,0.0,18.365653591827513,534.2271152611315,1.6025138901539302,1.0,4.3988191848523215,2.7449491775885893,0.0,0.0,13.010090784146618,228.9926614499472,17.639672164983526,14.585886166666667,13.080066033180954,0.7415141228727687,21.94972375,10.064113833333332,0.4806901367370921,-1.0085172698287515,747.7646929261648,750.0,40.10575171078203,0.05363418745252542,0.0,0.0,-17.88629249254678,317.9209617940499,19.47659653247108,17.583454,13.514957968960763,0.693907580127197,22.544494750000002,11.066545999999999,0.3843827202353797,-0.9479050921390799,21958.0,11.983321161085476,55,attack,1
1072.3441979446918,750.0,2413.079082755866,2.2502840854465322,0.0,0.0,18.70128809426132,556.3104134305286,1.5909231244211177,1.0,4.396517970310701,2.7635012043152263,0.0,0.0,13.23401232192131,237.08499938608963,17.739226958816136,14.55,13.450924711475741,0.7582587867387777,22.401,10.551,0.49726034124955926,-0.9978124698568238,747.8351736804632,750.0,39.4704307101945,0.052779585795545265,0.0,0.0,-18.177845015268048,328.4355467294054,19.536422977418074,17.45,13.900191443920857,0.7115013562097795,23.3,11.35,0.40055817780170516,-0.9512250854273709,22673.0,12.033498456200478,56,attack,1
1071.2886660326792,750.0,2429.515255460352,2.267843703096025,0.0,0.0,18.88751333876944,567.8855386424832,1.5891761044350308,1.0,4.429907755501329,2.7875499405877417,0.0,0.0,13.367297963013325,241.83390719638473,18.109683690654062,14.8,13.751076912614227,0.7593217610813822,23.085181499999997,10.7301845,0.500056677540217,-0.9995087371936182,747.8783032189273,750.0,39.07652868568218,0.052249849363852,0.0,0.0,-18.363369316674564,335.2148080234666,19.93825978192271,17.95,14.195031008693205,0.7119493458282312,23.9,11.636722499999998,0.39919494163732516,-0.9616656346860641,23134.0,12.045280327501672,57,attack,1
1074.563898174338,750.0,2478.552502973296,2.3065659540435948,0.0,0.0,18.931158473395467,566.8004178029944,1.5950115710979687,1.0,4.50631614557393,2.8252560841749172,0.0,0.0,13.414588349712425,243.01587747124805,18.674891354999033,15.5,14.018838687236673,0.7506784602248305,23.651,10.900580999999999,0.4908531056657445,-1.0123742199531254,747.8964793124138,750.0,38.90936396129155,0.05202506635285042,0.0,0.0,-18.443274337846304,338.1558063215648,20.540683450458555,18.55,14.441613172715392,0.7030736444357695,24.35,11.95,0.38981740486185307,-0.9745592903657241,23334.0,12.041683093755372,58,attack,1
1072.3879353861687,750.0,2497.024770089869,2.328471523871337,0.0,0.0,19.124850325811128,578.4747243416562,1.591914857815918,1.0,4.5423492249487945,2.8533870405486548,0.0,0.0,13.547229869267115,247.78330873876575,18.9160253061384,15.55,14.405716730863425,0.7615615065913797,24.301000000000002,11.200000000000001,0.4942073414997255,-1.0175473878966443,747.9352278852489,750.0,38.55044504499959,0.05154249139193394,0.0,0.0,-18.617073445881065,344.596840115772,20.768077880279318,18.55,14.813415194515175,0.7132781030536054,25.6,12.25,0.3900992815367007,-0.986132972414878,23772.0,12.059318553300502,59,attack,1
1068.6805962753438,750.0,2524.5141483946195,2.3622719053693593,0.0,0.0,19.424366741667065,593.7339288901342,1.586736589998761,1.0,4.5868136511437525,2.8907215476434773,0.0,0.0,13.724546527608792,254.10289114343107,19.231113535720393,15.899,14.725626178967376,0.7657188519851228,24.951,11.301,0.5033556877367751,-1.017932745265248,747.9731607273127,750.0,38.19577329706803,0.05106570035203843,0.0,0.0,-18.792004273812644,351.1408204915947,21.076177329148948,18.75,15.141972649347046,0.7184401807250536,26.2,12.600000000000001,0.40016282743648196,-0.9954352666103299,24217.0,12.092396735642101,60,attack,1
1064.2181478927514,750.0,2538.0523072328147,2.3848985400769465,0.0,0.0,19.6537486263779,608.7070707050559,1.5806189916034559,1.0,4.617916621883693,2.921587458087579,0.0,0.0,13.868422950996978,259.5476965922924,19.620641701822247,16.15,15.007485691886139,0.7648825109778308,25.601000000000003,11.415039999999998,0.5088182776299716,-1.0159175349408665,748.0089983395764,750.0,37.857603686608286,0.050611160789033625,0.0,0.0,-18.96183208055333,357.5524512330227,21.447671021214454,19.1,15.404967559835544,0.7182582922219427,26.442234999999997,12.8,0.40784909554522375,-0.9941802985821826,24653.0,12.122810121842672,61,attack,1
1061.1302383737345,750.0,2579.6982353011754,2.4310854049873893,0.0,0.0,19.72166518639745,610.1293970705078,1.5782680595329326,1.0,4.689075682894351,2.97102615399948,0.0,0.0,13.914546152799602,260.74072297648735,20.118623829885987,16.558295,15.307731789061025,0.7608737018245534,25.9,11.708295000000001,0.5052805332901328,-1.0240281530391446,748.0202333384943,750.0,37.75100532542394,0.050467893304085056,0.0,0.0,-19.01603989518433,359.61111287578166,21.914638952405923,19.5,15.704114480353331,0.7166038425026956,27.050052,12.899999999999999,0.41271560208933533,-1.0017545736378726,24793.0,12.135222532877346,62,attack,1
1055.4826976707648,750.0,2582.91124979901,2.447137461844679,0.0,0.0,19.980805120774516,626.3631276933975,1.5690718409992537,1.0,4.699866187486009,2.995316125546507,0.0,0.0,14.098893186164634,267.46303127499925,20.22371098296794,16.5,15.717080825971578,0.777161067976507,26.750000000000004,11.896880666666668,0.5126904494702937,-1.0209544739912444,748.0720161953518,750.0,37.25543366277187,0.049801934648285216,0.0,0.0,-19.2718394839755,369.4051298108941,21.97952819077733,19.45,16.13430710136929,0.7340606659673109,27.7,13.45,0.4210110281732237,-1.0061554055760853,25459.0,12.174024774416871,63,attack,1
1057.713387171921,750.0,2600.92555628735,2.459007882316417,0.0,0.0,20.063446391440923,634.0195584320101,1.5727597453020656,1.0,4.740487930653863,3.014120843831364,0.0,0.0,14.165943670193144,270.21273741559344,20.73110127665554,16.999,15.991129409923474,0.7713593791532166,27.45,12.099999999999998,0.5068364239989118,-1.0283157379780539,748.0942413903556,750.0,37.040714114417206,0.04951343302091983,0.0,0.0,-19.384822253932896,373.7726408242199,22.509394140782728,20.15,16.396341659456652,0.728422167069775,28.125,13.75,0.4154640857789595,-1.0148069576343226,25756.0,12.162675936766615,64,attack,1
1054.1138962514199,750.0,2598.0848098531546,2.4647097615279683,0.0,0.0,20.354697004942672,653.9710293226357,1.5664521014767134,1.0,4.7457981836484375,3.0296478131533777,0.0,0.0,14.358096896488437,277.56494420027684,20.95184071538755,17.05,16.34449810310343,0.7800984326450909,27.923665000000003,12.3972695,0.5091708266869656,-1.0269148156789796,748.1414277808523,750.0,36.5805393583365,0.04889521954003031,0.0,0.0,-19.631324259985295,383.3901919135696,22.732652202499054,20.313325,16.761875916061914,0.7373480123106464,29.300000000000004,14.051108000000003,0.41538080173337216,-1.0209250345941572,26410.0,12.183887815089085,65,attack,1
1054.7215025906735,750.0,2640.8560156576564,2.503842018173536,0.0,0.0,20.326046013949526,655.2530833910805,1.5707863456263333,1.0,4.829706216419182,3.074706009424465,0.0,0.0,14.324860178577946,276.96034841782057,21.720451198931816,17.9,16.605740795075405,0.7645209872938576,28.450000000000003,12.901,0.48818781855481835,-1.0512229468813241,748.1299504493271,750.0,36.69308301477589,0.04904640295811979,0.0,0.0,-19.570549640098957,381.0076667167042,23.481293865056386,21.125,16.96482453265192,0.722482527161677,29.451000000000004,14.175,0.40105818729138165,-1.035238259781359,26248.0,12.165084115329604,66,attack,1
1049.8719028279743,750.0,2636.721000725065,2.511469250317772,0.0,0.0,20.578929911833466,674.6666521484243,1.5631729945228958,1.0,4.836083741757681,3.093761060805511,0.0,0.0,14.492617269051316,283.6661798842307,21.962708370809437,18.15,16.937582893194733,0.7711973681582194,28.951,13.151,0.49749721647159784,-1.0465599570627309,748.1711232206641,750.0,36.28799637765431,0.04850226806595368,0.0,0.0,-19.79134920105504,389.6987473526015,23.696993136480494,21.05,17.305105971061227,0.7302658979303482,30.099999999999998,14.450000000000001,0.41256715922240844,-1.0353058117184437,26839.0,12.19238076948581,67,attack,1
1047.0342681408802,750.0,2648.797769582654,2.529810007351406,0.0,0.0,20.723013020147246,685.416970873316,1.5589807424763857,1.0,4.863003785186916,3.1193482078952477,0.0,0.0,14.606033229524844,288.10229778996546,22.257487424983665,18.3487555,17.28454415217973,0.7765721180539953,29.7134795,13.3497555,0.5002464605196222,-1.0478257316681596,748.2029222247587,750.0,35.97199094803665,0.04807785412154636,0.0,0.0,-19.96704054319048,396.68393767626844,23.9671438894706,21.1,17.664484194338137,0.7370291710936242,30.801000000000002,14.850000000000001,0.4184523679325493,-1.0413131892481475,27314.0,12.214558901388557,68,attack,1
1047.7634416516396,750.0,2674.3555924810903,2.5524421698330833,0.0,0.0,20.788181582293273,692.6806140785791,1.5632429249622788,1.0,4.928781300460658,3.152920906761558,0.0,0.0,14.608351131191432,288.3661899563267,23.042480106255063,19.3,17.539004838563248,0.7611595955681066,30.55,13.65,0.4781954832094245,-1.0680010893926462,748.1935915713435,750.0,36.065076958014906,0.04820286803348802,0.0,0.0,-19.915046213288843,394.6102542752149,24.75922884782689,21.9,17.883754296708485,0.7223065955173372,31.55,14.901,0.4015961299571169,-1.0544397493459459,27173.0,12.183497515275441,69,attack,1
1043.646894175907,750.0,2672.352833735519,2.5605909897769443,0.0,0.0,21.097485054296126,714.5092164913827,1.5559981339936124,1.0,4.9324622450119,3.1699666839267224,0.0,0.0,14.811005108556706,296.46436407929855,23.203154645970773,19.307952,17.919510878975156,0.772287697616448,31.051,13.842047999999998,0.4801557079886183,-1.0642134235345573,748.2385730177527,750.0,35.61438253260384,0.04759762970915274,0.0,0.0,-20.169652278209544,404.8160577283215,24.907952899379193,21.85,18.276830115502552,0.7337748786235293,32.300999999999995,15.149999999999999,0.40264179311287657,-1.0558371209801483,27867.0,12.206388663490216,70,attack,1
1040.3423996568856,750.0,2691.1081151002886,2.586752319224748,0.0,0.0,21.317091575219234,732.7558515931803,1.5533078380213732,1.0,4.980756569092415,3.20654827534829,0.0,0.0,14.904181391835023,300.92203174529453,23.737222890475266,19.9,18.25157845651124,0.7689011701463535,31.81824266666667,14.399999999999999,0.4683314689873181,-1.0808432639373402,748.2456188217623,750.0,35.543306559933264,0.04750219134714365,0.0,0.0,-20.210438782036043,406.46299238733553,25.41103248529254,22.5,18.584850763793007,0.7313693677952516,32.900000000000006,15.501000000000001,0.3969622872743087,-1.0661322596983396,27979.0,12.204462355587069,71,attack,1
1039.7898190284686,750.0,2703.713255017224,2.6002497865803766,0.0,0.0,21.46177127684968,744.8311184031511,1.5527569054926447,1.0,5.011982861436322,3.227796214402386,0.0,0.0,15.002749145900419,305.05157319326,24.089756031755176,20.1,18.59250805256024,0.7718014258032149,32.25272725,14.850000000000001,0.4696377018701144,-1.0861214963549302,748.2683891691458,750.0,35.31250037829755,0.047192292083202206,0.0,0.0,-20.34388156553333,411.87465702584274,25.77145109164991,22.85,18.93323279642694,0.7346591671961152,33.599999999999994,15.851000000000003,0.39826901162378486,-1.076328388433239,28347.0,12.21861862202866,72,attack,1
1030.9218052913714,750.0,2701.697488478872,2.6206618917283317,0.0,0.0,21.787648099632854,768.0029733317208,1.539961957461525,1.0,5.021002315858723,3.2604716574527264,0.0,0.0,15.192207469294413,312.5583143078058,24.27664167206439,20.1,18.97381476813415,0.7815667020355495,33.150999999999996,15.101000000000003,0.47716128109245376,-1.0879908114299266,748.302399806708,750.0,34.96486686931019,0.04672558430701529,0.0,0.0,-20.5481479614698,420.227516033838,25.88475149047207,22.9,19.305197303440405,0.7458135076377482,34.125,16.25,0.41176786867590087,-1.0749591162887053,28915.0,12.255109391876443,73,attack,1
1026.8413774311114,750.0,2705.2490785265823,2.6345345425156204,0.0,0.0,22.043759429926897,787.888855812785,1.5342825028100413,1.0,5.040343540027409,3.285146986161942,0.0,0.0,15.339422358464542,318.6662648269289,24.560596271122346,20.3,19.339701459360416,0.7874280105365149,33.900999999999996,15.301000000000002,0.4792622941843187,-1.0921871415883724,748.3280682842317,750.0,34.700182221852295,0.04637028021869199,0.0,0.0,-20.706417366172825,426.75683838650957,26.12525450430873,22.82034,19.688098911513215,0.7536041001348384,34.900999999999996,16.52966,0.4177083603113916,-1.0844993966215286,29359.0,12.262822498297355,74,attack,1
1026.715631778742,750.0,2722.477655719467,2.6516374850579494,0.0,0.0,22.181919655345958,799.594308602202,1.5355545010845988,1.0,5.084977127288265,3.31149244373718,0.0,0.0,15.405340838439527,321.43595635770293,25.16449608841171,20.85,19.604425708870284,0.7790509947027373,34.650000000000006,15.549999999999997,0.4704150877123946,-1.10039863776149,748.3362807302964,750.0,34.61509663852657,0.04625607167508427,0.0,0.0,-20.75784161074624,428.88908269423047,26.726155761286602,23.4,19.92746833830397,0.7456167103227516,35.6,16.800000000000004,0.411468534754533,-1.090595994266652,29504.0,12.244371699035012,75,attack,1
1022.4772021244613,750.0,2730.4824589657524,2.670458033971288,0.0,0.0,22.454536696573538,818.539676946237,1.5297123960316665,1.0,5.108777074228764,3.3396977676861344,0.0,0.0,15.55707404485409,327.4528323170913,25.50192004263487,21.2,19.952387220318307,0.7823876471638729,35.351,15.876746999999998,0.46752221925405835,-1.1039204180890188,748.3603400474329,750.0,34.364515145477654,0.045919743880734706,0.0,0.0,-20.910656681731282,435.2566445458965,26.994257810301637,23.55,20.242421297792863,0.7498787868162052,36.0,16.749999999999996,0.41485086868228016,-1.0868903110980024,29937.0,12.24503873129834,76,attack,1
1022.0276093832367,750.0,2735.750320031014,2.6767870994032714,0.0,0.0,22.636642238533337,836.0659614863574,1.529026093832367,1.0,5.130481267299482,3.35539157114081,0.0,0.0,15.672621841648084,332.8006521122415,25.894328017272695,21.5,20.258400619080398,0.7823489609603741,35.694446,16.1,0.4684654912109811,-1.106128142868404,748.3827548966584,750.0,34.12939103789832,0.045604192259362165,0.0,0.0,-21.05607828545951,441.3595014302374,27.366578247924355,23.750542,20.533955434447343,0.7503296630080072,36.699999999999996,16.899458,0.4198036202372978,-1.0871643732789307,30352.0,12.253287820968731,77,attack,1
1021.5939512195122,750.0,2730.1915515161054,2.672482103341529,0.0,0.0,22.925074683655275,863.6422221991285,1.5284552845528456,1.0,5.142580420976604,3.3645605945751185,0.0,0.0,15.821455167766349,339.8280032568018,26.29586865419439,21.85,20.575414322523116,0.7824580580737416,36.300000000000004,16.400000000000002,0.4659541342565953,-1.1095281229136873,748.4036831352929,750.0,33.908376511735526,0.04530760240206585,0.0,0.0,-21.194605538355333,447.2123593028189,27.79383653837398,24.3,20.839740383676887,0.7497971845270149,37.0,17.301000000000002,0.41627457110117305,-1.0923515856856691,30750.0,12.254260511635351,78,attack,1
1016.1639629761022,750.0,2738.7824641070706,2.6952170750927134,0.0,0.0,23.13728419840955,881.7947413345225,1.5219789079885186,1.0,5.174058665180809,3.3995600320236767,0.0,0.0,15.926153029901721,344.3368949205674,26.705630814142204,22.25,20.934766803388563,0.7839083431162529,36.875,16.713299,0.46187687440026637,-1.1200554353921797,748.4169103505824,750.0,33.767949893427094,0.0451191701128307,0.0,0.0,-21.28357683948895,450.9916807964517,28.15720188328442,24.35,21.197818259753245,0.752838238246158,37.5711185,17.451,0.4172415047828835,-1.1032124433243176,31007.0,12.278808232087936,79,attack,1
1012.5978061569144,750.0,2741.7466071509707,2.707636329528156,0.0,0.0,23.43898523878963,908.9245571705839,1.518930742754206,1.0,5.207541988179682,3.4284262222101645,0.0,0.0,16.036177501513592,349.339627367649,27.309114747947667,22.804482,21.237483177252418,0.7776701432201663,37.5,17.145518000000003,0.45055386363558647,-1.1329807359914272,748.420980634992,750.0,33.724645180599765,0.045061063296203095,0.0,0.0,-21.311195131886944,452.1680527932527,28.7179744660469,24.75,21.48413656317146,0.748107656010769,38.101,17.751,0.4120454644284609,-1.1133363754482835,31087.0,12.272164443169821,80,attack,1
1009.8126463700235,750.0,2749.0601774647125,2.722346751495703,0.0,0.0,23.70834994649057,929.1752725856026,1.5145895309829736,1.0,5.226815635815948,3.450978320458697,0.0,0.0,16.194280024909627,356.03180494766923,27.599629802524824,23.0,21.58676096255095,0.782139511182001,38.05,17.4,0.4520392256047159,-1.1331930228531324,748.4465128672779,750.0,33.45150565728394,0.04469458415823483,0.0,0.0,-21.486779246658447,459.6826888373266,28.971213577125134,25.05,21.814804451890463,0.752982072836425,38.650000000000006,18.15,0.41685444959793183,-1.1103488053858077,31598.0,12.280980395191863,81,attack,1
1009.3044134288948,750.0,2762.915047948397,2.7374447304376557,0.0,0.0,23.81532774731626,941.9812347857381,1.5148686030428768,1.0,5.264498960072299,3.4752182133141036,0.0,0.0,16.256489024891142,359.21007535947956,28.20483377245844,23.65,21.82302905074275,0.7737336524228192,38.75,17.651,0.4476374598632717,-1.1377281111425137,748.4569597912124,750.0,33.33911607366838,0.04454379859460265,0.0,0.0,-21.55988573924957,462.8296620452445,29.591913122720985,25.587397,22.03239393796471,0.7445410456091128,39.451,18.387397,0.4138833542377577,-1.1143977098148035,31812.0,12.28271948264994,82,attack,1
1003.8386159947538,750.0,2761.436569317573,2.7508770088318704,0.0,0.0,24.477177839797445,998.4236754142178,1.5085407363457515,1.0,5.288153709609193,3.505476240846551,0.0,0.0,16.50316028682556,371.50798358481217,28.732888123831923,24.2,22.121040439771857,0.7698857262254817,39.479628,18.049999999999997,0.44071457296832267,-1.1437620519073528,748.4671235922675,750.0,33.229404052127876,0.04439661142715711,0.0,0.0,-21.631725495961042,465.93251985320353,30.103625835899194,26.0,22.30326426042608,0.7408829880495318,39.650000000000006,18.55,0.4078945895367436,-1.1207344128423808,32023.0,12.287606014064227,83,attack,1
1006.8384447900467,750.0,2782.4313568830707,2.763533088432359,0.0,0.0,24.608476247119746,1016.0759865004802,1.5139346811819596,1.0,5.33582410583632,3.5244744520090743,0.0,0.0,16.562122605999335,375.6142408098487,29.306253431526837,24.8,22.447614886427008,0.7659667223882839,40.099999999999994,18.25,0.4262312380701134,-1.1538689103378832,748.4731755906096,750.0,33.16391568359915,0.04430875649942962,0.0,0.0,-21.674850136539195,467.8000813708135,30.6857770325972,26.6,22.62434521247005,0.7372909341170155,40.3,18.75,0.3943612039404704,-1.1310458281357902,32150.0,12.262963846153923,84,attack,1
1001.378911273039,750.0,2777.378134051961,2.773553649658069,0.0,0.0,25.018231234480055,1050.8573274018645,1.5060008572653236,1.0,5.343209184235955,3.5479456458865757,0.0,0.0,16.761891710742656,384.58346823918066,29.594930631078075,24.95,22.783097886483752,0.7698310960918044,40.5,18.5,0.4300860653546346,-1.152790724287431,748.497106549435,750.0,32.903568612171355,0.043959513436005807,0.0,0.0,-21.847848509635288,475.32943015378817,30.925721778948017,26.645681,22.964909274804768,0.7425828066020308,40.849999999999994,18.895681,0.40253658307238444,-1.1301526233263472,32662.0,12.29014557631177,85,attack,1
1001.9109819516672,750.0,2803.5082985581394,2.7981610632683758,0.0,0.0,25.123199161381333,1065.2089653222274,1.5085959008871215,1.0,5.399693193848896,3.5792840154700385,0.0,0.0,16.798778655296875,387.50073989527925,30.291146277481683,25.65,23.048812323474326,0.7609092146046886,41.101,18.9,0.41779755941519214,-1.1644302528350994,748.4983908029624,750.0,32.889568927712205,0.043940734317984904,0.0,0.0,-21.857268441597373,475.74110855135956,31.61801790400734,27.317783,23.21930798230806,0.7343694994671122,41.55,19.318783,0.3935118267446,-1.1413476090278198,32690.0,12.294853684562424,86,attack,1
1004.7944343319039,750.0,2835.3685788482326,2.8218394548866033,0.0,0.0,25.078839394414757,1066.0517775948015,1.5159658161848641,1.0,5.474681764990415,3.6113490862005073,0.0,0.0,16.74388434368689,385.34454759513727,31.256374896193016,26.85,23.25200611683954,0.7439124400722363,41.599999999999994,19.310367,0.39483681691622563,-1.17907166238055,748.4855551430159,750.0,33.02957631132234,0.0441285420732151,0.0,0.0,-21.76388258221873,471.6674813442148,32.583129223521425,28.35,23.37688569800663,0.717453671734239,41.701,19.351,0.3763960257031917,-1.1493197962604966,32413.0,12.277148448124775,87,attack,1
1008.3390144497962,750.0,2863.9083048752664,2.840223638909745,0.0,0.0,25.087647848479822,1068.4761819542703,1.5228788440163024,1.0,5.53572510168282,3.635039729807659,0.0,0.0,16.741959402795718,385.30912122353936,32.02895319490984,27.7,23.494815755167,0.733549286240828,42.099999999999994,19.701,0.3789994202592596,-1.1876522127600768,748.4843832451974,750.0,33.04235741853652,0.04414568714884211,0.0,0.0,-21.755433260795566,471.29975195054385,33.388515806656784,29.2,23.590534256664537,0.7065463584326563,42.02936175,19.75,0.36172707066372967,-1.1562505550775461,32388.0,12.26402073856906,88,attack,1
1009.9588295655959,750.0,2896.8775593626992,2.8683125237973375,0.0,0.0,25.02462424276268,1067.3035161234334,1.528374638514879,1.0,5.6102455277603385,3.670726657183877,0.0,0.0,16.68805807769192,383.1605465454932,32.92005830687601,28.75,23.747204464071938,0.7213597328019271,42.451,19.750999999999998,0.3542812225748183,-1.199527113276906,748.4735878714994,750.0,33.15960703995787,0.044302975518824624,0.0,0.0,-21.67789581235482,467.93201705443704,34.27090994437017,30.05,23.809835470472795,0.694753524464971,42.3,20.051000000000002,0.34278691764270447,-1.1631635231431856,32159.0,12.253385443992837,89,attack,1
1013.8228213166144,750.0,2932.6633737791185,2.892678397168626,0.0,0.0,24.974633697996744,1065.9927074049165,1.5370846394984325,1.0,5.689029008697501,3.7011813549538126,0.0,0.0,16.634618022890614,380.95648429619035,33.873280344892315,30.0,23.994570456277827,0.708362762979226,43.00529775,20.257838,0.3250846684131861,-1.2103955845809653,748.4611919191918,750.0,33.293722421404425,0.04448289741787842,0.0,0.0,-21.58986529610825,464.12310845046653,35.2683250155486,31.45,24.019397137998443,0.6810472889599694,42.51676125,20.451,0.3148112417274562,-1.1715736807142814,31900.0,12.23811443372455,90,attack,1
1018.0394979812838,750.0,2960.6191223709507,2.9081574224199502,0.0,0.0,25.17292209211263,1089.9565470279301,1.5444900003129793,1.0,5.746260913831698,3.720490849838627,0.0,0.0,16.705183385415225,386.2955985061066,34.59418190624698,30.9,24.24974688314244,0.7009776079937721,43.6,20.67202833333333,0.3091140851190394,-1.2122815590971368,748.463645396574,750.0,33.267255995890544,0.04444739059872957,0.0,0.0,-21.607226326741056,464.87303792582634,36.02176158473913,32.35,24.244549870009354,0.6730528659176048,42.825,20.55,0.30001543638565503,-1.1716459401425172,31951.0,12.228557935815454,91,attack,1
1019.1824794827157,750.0,2978.768375160099,2.9227036719390695,0.0,0.0,25.543472370327628,1132.3506002743034,1.5468167122606318,1.0,5.786692379316687,3.741033008920358,0.0,0.0,16.853259616829618,396.29195444728026,35.12286657631317,31.55,24.5826320206783,0.6999039206343369,43.99115125,20.950000000000003,0.295145764668094,-1.2123731601298784,748.4740067093411,750.0,33.155154547765086,0.044297001967418224,0.0,0.0,-21.680944515414073,468.06415152580337,36.581970147973145,33.0,24.5627295614062,0.671443595357237,43.1151335,20.85,0.28453752661027704,-1.1705150297032698,32168.0,12.237734033100221,92,attack,1
1018.507378120914,750.0,3000.578862395751,2.9460551065733482,0.0,0.0,25.68141433097443,1144.2941148451632,1.5482535334038976,1.0,5.843020725343013,3.7739430908947433,0.0,0.0,16.88745672091775,397.5617069073713,35.92321764503108,32.65,24.822586542685947,0.6909900663121534,44.400999999999996,21.43802025,0.2779575895867795,-1.2169144227728181,748.4718187983582,750.0,33.17889191568779,0.044328845899576,0.0,0.0,-21.66533712430377,467.38761118547313,37.387495104040845,34.05,24.7861427536247,0.6629527515724317,43.40698449999999,21.050999999999995,0.2689212191199765,-1.176494394885749,32122.0,12.234308290854166,93,attack,1
1020.0142228876205,750.0,3033.49631302708,2.973974524040822,0.0,0.0,25.608068071151468,1140.1215008949355,1.5526964224447148,1.0,5.910196336969923,3.8064081629455555,0.0,0.0,16.854716384478465,396.1106630355217,36.67366611060019,33.7,25.140071839761458,0.6855074636919092,44.706778,21.793003000000002,0.2551124864632751,-1.2223485573277129,748.4689086694447,750.0,33.21042864252535,0.04437115324077205,0.0,0.0,-21.644623438643027,466.49048452857966,38.12454238202177,35.05,25.094424781121226,0.658222321193156,43.849999999999994,21.299999999999997,0.2486771875450824,-1.181694684354716,32061.0,12.23757066132329,94,attack,1
1021.1941865916549,750.0,3058.290974317482,2.9948182377779253,0.0,0.0,25.680293944595828,1147.9191239346471,1.5567432411314268,1.0,5.970306617574346,3.835126088766688,0.0,0.0,16.865549583397122,396.5580683147813,37.45641644945799,34.75,25.438998000810678,0.6791626218470985,45.25,22.15,0.23264260831607605,-1.2269704709967453,748.4657477730896,750.0,33.244645906047616,0.04441705716655762,0.0,0.0,-21.622189695252285,465.51983064865726,38.92092082941085,36.15,25.374671940266744,0.6519545632407598,44.3,21.549999999999997,0.22688267965860526,-1.185673823243023,31995.0,12.233439045735297,95,attack,1
1025.1182066497126,750.0,3090.743659445306,3.015011965836079,0.0,0.0,25.65630628064628,1148.129312886279,1.5649430159178677,1.0,6.04130190165723,3.860397369238327,0.0,0.0,16.835994365340817,395.32088877478066,38.39677973313051,35.95,25.644808986930823,0.6678895773335727,45.35,22.299999999999997,0.20937440991000206,-1.2263983120402806,748.4588088547717,750.0,33.31960428872916,0.04451761926579766,0.0,0.0,-21.573163731208396,463.40211828826097,39.897757698219834,37.4,25.538896651793312,0.640108570636109,44.4,21.7,0.2052614363048035,-1.1833099011548016,31851.0,12.21797557820269,96,attack,1
1025.0653043638827,750.0,3095.1321656590494,3.0194487633934437,0.0,0.0,25.826118155118884,1164.1173007219356,1.5629962454607005,1.0,6.047366802824897,3.869085943352607,0.0,0.0,16.979252957067764,402.0217559448105,38.3991168975834,35.95,26.208648319990335,0.6825325798479429,46.349000000000004,22.750000000000004,0.20654672732924903,-1.2294286054996455,748.4893039730094,750.0,32.98903829656411,0.044074161275861994,0.0,0.0,-21.791219145018797,472.85795629461643,39.90057326272543,37.4,26.124953877552286,0.6547513416795407,45.1875,22.2,0.19740760923137182,-1.1850072540686578,32494.0,12.249266300271483,97,attack,1
1027.6281481941555,750.0,3128.6901337207264,3.0445741868970346,0.0,0.0,25.870902571668054,1168.2465438051686,1.570261793112015,1.0,6.126710044254593,3.9017124858603385,0.0,0.0,16.94957170402757,400.4407197272584,39.47929311133728,37.35,26.38239093385751,0.6682589493042689,46.45,22.900000000000002,0.1804356458764157,-1.2311648831666162,748.4755556456923,750.0,33.138518232373194,0.04427468336462287,0.0,0.0,-21.69212676622255,468.54906717060146,41.0023612026024,38.85,26.26413687011464,0.6405518145732463,45.2824,22.25,0.17402504656746284,-1.1868639559469922,32201.0,12.229846721993663,98,attack,1
1029.6564675308605,750.0,3159.964516785667,3.068950292094346,0.0,0.0,25.833640556246028,1164.25004180834,1.5742660025368933,1.0,6.183091820541542,3.927602965812406,0.0,0.0,16.95587237297873,400.5342648064694,40.08404631894886,38.15,26.71883122233888,0.6665702112440713,46.943324000000004,23.25,0.16738315333281376,-1.2349091055266712,748.4813072093955,750.0,33.07610179695159,0.04419095237030175,0.0,0.0,-21.7334405586722,470.34313064387595,41.627989293042106,39.65,26.583430913550476,0.6385951222965687,45.699999999999996,22.65,0.16063274108361358,-1.1898075466253089,32323.0,12.238590004548925,99,attack,1
1030.0558268079226,750.0,3186.335437957625,3.0933618887743934,0.0,0.0,25.88230371222391,1165.8714789548264,1.5753416244434209,1.0,6.228852197867944,3.953969158955373,0.0,0.0,17.00601253002443,402.4745870639825,40.52604727409383,38.8,27.128858112037747,0.6694178173497765,47.539878,23.700000000000003,0.15702001403950588,-1.2402143922000743,748.4925908183633,750.0,32.95328014815878,0.04402619418333769,0.0,0.0,-21.815160328535306,473.90190370373557,42.06133092538001,40.25,27.001086862638303,0.6419456129560017,46.150000000000006,22.963803,0.14961501268475688,-1.1953499962505796,32565.0,12.254240685391448,100,attack,1
1032.2500996840781,750.0,3209.509763579614,3.109236574122773,0.0,0.0,25.940777263172095,1172.9715725047117,1.580069318774346,1.0,6.281971818174809,3.975757103522339,0.0,0.0,17.027864995709436,403.5905869858394,41.243141625899376,39.7,27.414933074843297,0.6647149560892712,48.001000000000005,24.109149000000002,0.1435518856944305,-1.2436955434452275,748.4943455668144,750.0,32.93415806675782,0.04400054357366945,0.0,0.0,-21.827963784388597,474.4606739551196,42.79484257249333,41.15,27.26393199188988,0.6370845259146707,46.675,23.250999999999998,0.1374740687098493,-1.1982305274959124,32603.0,12.250664292764691,101,attack,1
1031.1883696148577,750.0,3221.529961812611,3.124094546388098,0.0,0.0,26.227303068156317,1200.9496031132235,1.579174912467651,1.0,6.314523188217685,3.9986217729044857,0.0,0.0,17.149295217503788,410.0482842668084,41.738939395570306,40.3,27.777117073580637,0.6654964758526802,48.5,24.699999999999996,0.1348412137015533,-1.246361225054808,748.5054370050653,750.0,32.81290433551531,0.043837897112420386,0.0,0.0,-21.909331033834913,478.0194492278741,43.29410702027706,41.75,27.62166680066688,0.6380006125944601,47.438836,23.349999999999994,0.12775671949806433,-1.2008970535860686,32845.0,12.261402037411967,102,attack,1
1034.0849111077343,750.0,3248.4818416988865,3.1414072546702587,0.0,0.0,26.219419488532665,1202.639741926604,1.5846831788481994,1.0,6.36975044416405,4.01957345744895,0.0,0.0,17.15446305432473,410.51075554529143,42.43544971124612,41.2,28.07671276395582,0.661633444561211,49.3,24.950000000000003,0.11947995026657904,-1.2459818955133042,748.5081601491792,750.0,32.783082111262104,0.043797895409354484,0.0,0.0,-21.929457367919188,478.9017518225539,44.01932151107734,42.6,27.895466722586416,0.633709602170188,47.650000000000006,23.55,0.11297488050170598,-1.1989328644505006,32905.0,12.268477349509423,103,attack,1
1036.3019179590713,750.0,3288.784456341175,3.1735775060787503,0.0,0.0,26.21693771384397,1206.1038246798842,1.591018934875042,1.0,6.451480918613297,4.054936605213936,0.0,0.0,17.12350662696422,410.0141817910628,43.401346018649676,42.5,28.322333845823405,0.6525680985482161,49.35000000000001,25.0,0.09510923349804196,-1.246083401961763,748.4983922886327,750.0,32.89003027074067,0.04394135058884369,0.0,0.0,-21.857584611159293,475.75463991555876,44.99940417897892,43.95,28.123240233438136,0.6249691689601451,47.849999999999994,23.700000000000003,0.08988736352907883,-1.1999144133829758,32691.0,12.2708591244686,104,attack,1
1037.811758211427,750.0,3312.32432895152,3.1916427066311193,0.0,0.0,26.314885925527335,1215.966602660728,1.5956083049651915,1.0,6.5113937501590184,4.080822172896039,0.0,0.0,17.13906185760873,410.6533332525925,44.165555821344654,43.6,28.664567521666985,0.6490253997395355,50.29852,25.187716,0.07315425753044584,-1.246657611657384,748.4945219183144,750.0,32.93232310111892,0.04399808166493559,0.0,0.0,-21.829307711283583,474.5192965162569,45.791583425399466,45.1,28.45629108529116,0.6214305983030749,48.349999999999994,23.949999999999996,0.06657150303529258,-1.2001743522092272,32607.0,12.277690780621167,105,attack,1
1040.3202495290448,750.0,3351.9412574807407,3.2220282735034447,0.0,0.0,26.240084194623087,1209.74107872165,1.602482937525092,1.0,6.593691380117713,4.114671816912539,0.0,0.0,17.083128766385624,407.9120689792312,45.16012411908837,44.9,28.8932820790257,0.6397963389744765,50.099999999999994,25.15,0.04770363351799768,-1.241358908670248,748.4840125790048,750.0,33.04684948158126,0.04415171055920592,0.0,0.0,-21.75304834693618,471.1957179749325,46.79873892189864,46.4,28.66996821085815,0.612622666151428,48.55,24.000000000000007,0.04250239659703883,-1.1962941417289996,32381.0,12.277516914071553,106,attack,1
1039.5843738410188,750.0,3390.2819125028004,3.2611897579573164,0.0,0.0,26.25824000620472,1212.0218636200962,1.6037211027321052,1.0,6.664136054864579,4.1554208169435025,0.0,0.0,17.08652699511167,408.63721822467943,45.89202495648787,45.9,29.253124054168072,0.6374337171197865,50.65572449999999,25.300000000000004,0.025999793581452286,-1.2391297508913264,748.4828392775235,750.0,33.059629506090076,0.04416885434274089,0.0,0.0,-21.744595457075828,470.8280255603357,47.508731145753494,47.4,29.038803677346618,0.6112308827667399,48.885223749999994,24.349999999999998,0.021641927009570548,-1.1947969724772605,32356.0,12.287855807926128,107,attack,1
1041.9066169617893,750.0,3426.6778358884208,3.2888531276254387,0.0,0.0,26.212931954721505,1208.2706655382638,1.6100031065548306,1.0,6.74065339342037,4.186733159692079,0.0,0.0,17.047934003770205,406.6738199270779,46.79578545164875,47.125,29.560253795932407,0.6316862407721573,50.6631065,25.275000000000006,-0.0012905455764962064,-1.232434768582871,748.4750135192664,750.0,33.14462399090338,0.04428287303147256,0.0,0.0,-21.688389150566454,468.38680408477865,48.41494812472817,48.6,29.336968478000436,0.6059485678353218,49.014633,24.449999999999996,-0.004709665207499815,-1.188229723096443,32190.0,12.278886327384551,108,attack,1
1042.6169705600098,750.0,3448.1678421441025,3.3072239753512016,0.0,0.0,26.26852375974523,1214.592617820485,1.6122341578181594,1.0,6.788094226800601,4.210364973278414,0.0,0.0,17.079809792631952,408.1738991207491,47.42355569423183,47.95,29.913119185007684,0.6307650016349584,51.386182000000005,25.5,-0.01513076942091803,-1.2309407719850936,748.480346217169,750.0,33.08676461940795,0.04420525506999477,0.0,0.0,-21.726664615871304,470.0485269576392,49.06553124229947,49.45,29.670346773128966,0.6047085606106739,49.14999999999999,24.642471000000004,-0.01947596448558668,-1.1840931709130307,32303.0,12.286093662038207,109,attack,1
1045.728005956074,750.0,3479.1529841337756,3.3270152126727286,0.0,0.0,26.228747341543155,1213.491133010826,1.6189043305621045,1.0,6.854222859266883,4.233865293872559,0.0,0.0,17.05683972201297,407.2469121929236,48.199115966433425,49.0,30.272234922062328,0.6280661857604268,51.68568900000001,25.599999999999994,-0.03791459468732811,-1.2269491700015553,748.4771858678608,750.0,33.12109854905238,0.04425131343268452,0.0,0.0,-21.70397730593025,469.0631911084103,49.85108343591017,50.55,30.026265911030553,0.6023192244082938,49.75000000000001,24.802858999999998,-0.043212156035799455,-1.1793880513419093,32236.0,12.282024394248522,110,attack,1
1047.3537328671762,750.0,3501.495892720041,3.3431836664529224,0.0,0.0,26.25870915672116,1218.6519713149908,1.6225364314222952,1.0,6.903886839339426,4.254996501550085,0.0,0.0,17.076787047157385,408.33740941957666,48.78171894220684,49.85,30.70191439642967,0.6293733608035246,53.14999999999999,26.05,-0.0542126567822299,-1.2281834124292206,748.4811888402124,750.0,33.07764923178136,0.044193026792077275,0.0,0.0,-21.732754068918755,470.31315111551083,50.43167482509823,51.4,30.463993678189485,0.6040646832341275,50.099999999999994,25.074984999999998,-0.06067314146267605,-1.1803486739522289,32321.0,12.291859482389423,111,attack,1
1051.8006671196492,750.0,3536.370906418974,3.3622063732886835,0.0,0.0,26.272732738418735,1221.8904130419908,1.6301192167521157,1.0,6.966289973095185,4.273484970611517,0.0,0.0,17.09057406828797,409.7420628280175,49.48934609758767,50.775,31.017164683739836,0.6267442819425685,54.2921845,26.0943345,-0.06742242797098599,-1.2266754927690715,748.4838608446653,750.0,33.048620639709476,0.0441540858374876,0.0,0.0,-21.752029889657123,471.15134724414804,51.169129851874736,52.3,30.746210204975466,0.6008742047007661,50.5,25.25,-0.0738561168812267,-1.1763073962916937,32378.0,12.282145817575355,112,attack,1
1058.6726333907056,750.0,3594.3964274701225,3.3951915956852754,0.0,0.0,26.055834557801244,1201.340195185137,1.6443749022062275,1.0,7.077850563057959,4.304280339940568,0.0,0.0,16.964361383421963,403.56377268476456,50.81986481674993,52.4,31.123930431809075,0.6124363089913378,52.07892700000001,25.699999999999996,-0.10211964931922879,-1.2047662580722098,748.4637893719458,750.0,33.266214760689856,0.04444599088568379,0.0,0.0,-21.608567608912526,464.9307206074386,52.55055735177593,53.95,30.785985900632014,0.5858355734373883,50.14999999999999,25.14999999999999,-0.10602806074752638,-1.1522223156528562,31955.0,12.255029760763975,113,attack,1
1058.004255319149,750.0,3619.9243020293175,3.421464785070605,0.0,0.0,26.07702890857305,1205.4886311109415,1.6455256570713392,1.0,7.135259361998257,4.3361580728539915,0.0,0.0,16.970091531711304,403.966638162028,51.51514961255097,53.4,31.51458345789997,0.6117537014824445,53.45,25.949999999999996,-0.11999651358179002,-1.20348393130422,748.4640279516062,750.0,33.26365567960382,0.04444255760779804,0.0,0.0,-21.61026829349294,465.00421317706775,53.234764862640795,54.95,31.194867501057317,0.5859867622510965,51.04697725,25.39999999999999,-0.12534434067950623,-1.1517562761970765,31960.0,12.27017057155126,114,attack,1
1055.8181085521217,750.0,3627.2395870685864,3.43547771883051,0.0,0.0,26.306083613478616,1225.810590058274,1.6424785344533648,1.0,7.158391138839197,4.358285961540185,0.0,0.0,17.08151193118106,409.07382588897224,51.75673997898491,53.9,32.110289031149755,0.6204078743017369,56.50000000000001,26.6,-0.1266095966136193,-1.2154833150222961,748.4783570955914,750.0,33.10848070220247,0.044234386189438,0.0,0.0,-21.71244191333142,469.43064718414587,53.47134028517405,55.45,31.821506852174686,0.5951133201910371,52.85400799999999,26.049999999999997,-0.1355865964082244,-1.162699135611631,32261.0,12.299011245252123,115,attack,1
1055.4320607869074,750.0,3639.449282384748,3.448302754486398,0.0,0.0,26.443839432852393,1239.5970513048192,1.6422309041129604,1.0,7.189088664708976,4.377635719011215,0.0,0.0,17.15720175989237,412.6848067251538,52.135500885537,54.55,32.601535486197356,0.6253231470389767,58.53377600000001,27.113895999999997,-0.1317512802723301,-1.2253735072022975,748.4898706167266,750.0,32.98326657361783,0.044066416752495126,0.0,0.0,-21.795590149152652,473.04825838609065,53.861900032885224,56.1,32.316549295860426,0.5999890326210113,53.962371000000005,26.550000000000004,-0.14300287565969785,-1.1710946932214787,32507.0,12.313547461048817,116,attack,1
1055.1916669223453,750.0,3658.158031303697,3.466818537312152,0.0,0.0,26.528848967399966,1249.1889786875413,1.6433283220323383,1.0,7.235167024915781,4.402751980789755,0.0,0.0,17.193453299419165,414.45924941683734,52.67269040497682,55.4,33.08830899296036,0.6281871827423112,60.16864849999999,27.6,-0.145844216200204,-1.2296417707537448,748.4938536170396,750.0,32.93984944249222,0.04400817626399055,0.0,0.0,-21.82458311648204,474.3129293783367,54.408204102475985,56.95,32.80722177247094,0.6029829933493056,55.81246599999999,27.049999999999997,-0.15923863589185946,-1.173667812901941,32593.0,12.319584475270227,117,attack,1
1056.4487498846756,750.0,3691.2404293300424,3.4940080432041656,0.0,0.0,26.490122235069766,1246.251664176189,1.6475997170710706,1.0,7.30390821595178,4.43305988722546,0.0,0.0,17.170145544606758,413.2507732155172,53.50959773377549,56.5,33.40013123073032,0.624189540667169,60.443537000000006,27.700000000000003,-0.16328351222223872,-1.2258377436112375,748.4903317847301,750.0,32.978275389523915,0.04405972126705926,0.0,0.0,-21.798962293887136,473.1952487266169,55.242851760094716,58.05,33.10798074227466,0.5993170100279034,56.737143,26.900000000000006,-0.17595698273324892,-1.1698435250959118,32517.0,12.318773400084698,118,attack,1
1057.7811982584167,750.0,3710.264250685783,3.507591415686482,0.0,0.0,26.601739545929867,1255.9485458991603,1.6507021524498682,1.0,7.3494430291471735,4.4523132281857105,0.0,0.0,17.21632516299786,415.184862168463,54.07573059395266,57.35,33.832136907420534,0.625643639684898,61.818999999999996,28.199999999999996,-0.17326257314646887,-1.2305010505891107,748.4948202375326,750.0,32.92933398102784,0.04399407062106029,0.0,0.0,-21.831655938108916,474.6216859108089,55.823311084871534,58.85,33.53151514290164,0.6006722727700917,58.3,27.15,-0.1876062701053854,-1.173223133472374,32614.0,12.325186564537036,119,attack,1
1056.5603591118609,750.0,3704.01134287113,3.5057262095132007,0.0,0.0,26.850665457164354,1281.2834193437386,1.6468833790256983,1.0,7.342891707590175,4.458659186866197,0.0,0.0,17.37270749325304,422.84254822079026,53.93899792931121,57.45,34.529636566936624,0.6401608834518732,65.89825599999999,29.450000000000003,-0.15969233535990654,-1.261418570170979,748.5210742224766,750.0,32.64149825827872,0.04360798831507176,0.0,0.0,-22.025800137280772,483.1363570461029,55.68969528885608,58.95,34.24829794391951,0.6149844736315669,61.12910699999999,28.75,-0.17740478694364273,-1.2033627304626713,33193.0,12.345372804593019,120,attack,1
1054.0901363080502,750.0,3713.9293762383722,3.523350848577719,0.0,0.0,26.978509362776705,1294.2227601438674,1.6397530348674203,1.0,7.337451072475631,4.474729374761541,0.0,0.0,17.537549117388743,431.6236837878083,54.139302126350515,57.9,35.0881272462353,0.6481082294771088,69.201,30.35,-0.15463705817600615,-1.283150289143882,748.5573408578801,750.0,32.239590564631285,0.043068965869312394,0.0,0.0,-22.30261166981933,495.40698387893895,55.86377911742774,59.45,34.84683289863752,0.6237822333034109,63.699999999999996,29.700000000000003,-0.17348348800043834,-1.2292368171574461,33527.0,12.369313601714854,121,attack,1
959.0762483330864,750.0,2712.938029585746,2.828699005215636,0.0,0.0,23.312428287989665,650.9780253414856,1.2787968587938954,1.0,3.617244711405622,2.828631214200234,0.0,0.0,23.312521716949757,650.9816247596696,54.51366215661571,58.55,35.59112699139242,0.652884535424174,70.90100000000001,30.950000000000003,-0.15690239400825687,-1.2954634429200003,749.9786042376649,750.0,3.9303031215594766,0.005240553662933538,0.0,0.0,-183.68995625682683,33740.000029634924,55.77311878879834,59.65,35.29057072236452,0.6327523274429544,65.501648,30.449999999999996,-0.17699503107088727,-1.2605244234401245,33745.0,12.390669663795599,122,attack,1
916.7658549481538,750.0,2146.2807114405578,2.341143815355053,0.0,0.0,23.955324663745024,665.1492370430408,1.2243339306171606,1.0,2.86124064902569,2.3369773372068514,0.0,0.0,23.965121738272213,665.519143595095,54.82441290398156,59.05,36.06529908213497,0.6578328370848048,72.65100000000001,31.75,-0.15203328870228733,-1.3125333189002457,748.557823928561,750.0,32.23617923634828,0.043064380874636016,0.0,0.0,-22.307719614807052,495.63435441284696,55.99933718884939,60.15,35.75456756883859,0.6384819778895178,68.70100000000001,31.15,-0.17245262383146814,-1.2816182268432914,34043.0,12.401394346118035,123,attack,1
891.2618171194858,750.0,1806.8381917351956,2.0272810492149294,0.0,0.0,26.420571263549693,815.6380348993017,1.1922582529944492,1.0,2.408935966987978,2.0204816875351868,0.0,0.0,26.422007428864774,815.7134223960957,55.2748899326107,59.8,36.50308271790042,0.660391775766605,73.601,32.287505499999995,-0.15224872487023142,-1.325355083893771,748.5657026000584,750.0,32.14818056634521,0.04294637124661487,0.0,0.0,-22.369272305038315,498.38434345695407,56.38222277280164,60.775,36.189663267483695,0.6418630108520893,70.94790549999999,31.824999999999996,-0.17224146099934468,-1.298252585824278,34230.0,12.415229598428427,124,attack,1
888.3283765587495,750.0,1739.2272736489501,1.957865266430478,0.0,0.0,26.65475481730984,827.6805497473507,1.1902991628124817,1.0,2.3200398474630575,1.9491233128159007,0.0,0.0,26.61174350717733,825.8812361894053,56.14866267011932,60.875,36.75014535184867,0.6545150606303938,74.551,32.325,-0.16412026830663706,-1.3231772501049635,748.5628476084538,750.0,32.180096639068736,0.042989171506279435,0.0,0.0,-22.34690912468676,497.38434742700883,57.25995650201979,61.85,36.419517637687576,0.6360381645837072,71.6955715,31.999999999999993,-0.18351623907717762,-1.2968861806555194,34162.0,12.40579275506013,125,attack,1
883.3811635642178,750.0,1684.9099633502817,1.9073419638608768,0.0,0.0,28.251615579941316,934.1233200051224,1.1856217540993172,1.0,2.249876478298942,1.8976342754507813,0.0,0.0,28.12093336268355,928.2061259748652,56.73478304865943,61.7,37.11632559497668,0.6542075883703179,75.551,32.599999999999994,-0.16804072858972255,-1.328483566868742,748.5675439108362,750.0,32.12757952178906,0.0429187449858444,0.0,0.0,-22.383730692626628,499.0313997200352,57.83834046440451,62.65,36.77716992308554,0.6358614308050442,73.16449875,32.4,-0.18727462860476674,-1.3035229307845142,34274.0,12.409538198126432,126,attack,1
873.0764563821641,750.0,1537.8534173210478,1.7614189525778448,0.0,0.0,30.175228704607687,1076.2924539924886,1.1739117629734346,1.0,2.057674416478585,1.7528356741793292,0.0,0.0,29.860655817391493,1060.7234515378304,57.93804076720845,63.2,37.30034187717398,0.643797087082121,76.067086125,32.141666666666666,-0.19431093287791062,-1.3137618170295748,748.5540437061908,750.0,32.27831554661252,0.04312088862254792,0.0,0.0,-22.27836475462701,494.32553614020725,59.001255239647755,64.15,36.95729461740465,0.6263814976019363,73.65100000000001,31.5,-0.21175594521769397,-1.2917627510130776,33954.0,12.40017119644275,127,attack,1
875.6953857992719,750.0,1542.1746304253347,1.7610857102070356,0.0,0.0,30.588708531617726,1100.5760785059435,1.1794181193950335,1.0,2.0679146435155666,1.7533346397766683,0.0,0.0,30.086119352444843,1075.2438588564416,58.92682655781073,64.45,37.55962602526001,0.637394345144512,76.851,31.64999999999999,-0.21466475121501719,-1.301679319731326,748.5468967354308,750.0,32.35782823246131,0.04322752304976555,0.0,0.0,-22.223178524369185,491.8696637259842,60.008038019682125,65.4,37.18562222600141,0.6196773541205404,73.751,31.049999999999997,-0.23198553622952,-1.2785123899254562,33787.0,12.379492502371415,128,attack,1
874.3188078841131,750.0,1459.771677039196,1.6696102884620572,0.0,0.0,31.078131500340806,1155.2269403945486,1.179589171218238,1.0,1.9645508168435422,1.6654534178324336,0.0,0.0,30.262811798499566,1112.2838802529661,59.794780410929334,65.6,37.89302638761184,0.6337179621230907,76.95100000000001,31.400000000000006,-0.23345355570246926,-1.2915134156319508,748.5426264545239,750.0,32.40524281937592,0.04329111218804402,0.0,0.0,-22.190398538815717,490.41378731147455,60.87761017602707,66.55,37.500080277267436,0.6159913335762736,74.05012475,30.799999999999997,-0.24987518938207656,-1.2683655476461946,33688.0,12.361471163383582,129,attack,1
871.1411944686084,750.0,1376.1773564476073,1.579740879189014,0.0,0.0,32.293190670181275,1265.1057016875761,1.1774904760476348,1.0,1.8617578762916223,1.581123511538539,0.0,0.0,31.005828052632538,1192.9334994471753,61.05938950211575,67.1,38.0776879247651,0.6236172394656138,77.20100000000001,30.5,-0.26564179984824227,-1.2646735519668928,748.5272819989801,750.0,32.575044104741146,0.043518846791726594,0.0,0.0,-22.07378635270382,485.2520439448133,62.149597099319074,68.05,37.65666987517424,0.6059036845403268,73.743953,29.900000000000006,-0.2815205454772237,-1.241116616437085,33337.0,12.338951041798865,130,attack,1
870.3171213918545,750.0,1343.6802294835322,1.5438972719905268,0.0,0.0,33.64194468204809,1379.4943440978686,1.178635520272531,1.0,1.8282214241538126,1.551133826113675,0.0,0.0,31.81490376672632,1271.577342157296,62.53605770920608,68.8,38.16105886196839,0.6102248888060402,76.21126,29.299999999999997,-0.30381222927763046,-1.22716951213021,748.5066763999148,750.0,32.801671053269814,0.04382281693335815,0.0,0.0,-21.920022051076426,478.48736671967646,63.638816482252025,69.75,37.70001734257204,0.5924060098302747,72.45,28.650000000000006,-0.3182972364003361,-1.2036232239581448,32877.0,12.316626086583025,131,attack,1
867.841307814992,750.0,1259.5542180992834,1.4513646754964071,0.0,0.0,32.85061614773418,1333.762683627962,1.177524230155809,1.0,1.7294146519902422,1.4686871044355558,0.0,0.0,30.36317203501314,1186.1361067745672,63.71862718255339,70.25,38.37492075328604,0.6022559249957188,75.1852235,28.5,-0.3334954627689767,-1.1992937772600467,748.4941724941725,750.0,32.93842653695153,0.044006256491205986,0.0,0.0,-21.82825412688603,474.4726782279173,64.83262764633174,71.2,37.88501258693919,0.5843510275968699,72.05513425,27.89999999999999,-0.3472407160458797,-1.1750885449181943,32604.0,12.302820829086233,132,attack,1
870.966669772932,750.0,1285.6584788115101,1.4761282187143758,0.0,0.0,32.486894478195396,1304.9785082294072,1.1840151585748455,1.0,1.7755058866941738,1.4995634758859704,0.0,0.0,29.605028165969895,1134.54914149779,65.25419309035489,71.85,38.34552501745588,0.5876331190604158,72.29427299999999,27.400000000000006,-0.36942995197930073,-1.1526284824176292,748.4749479700556,750.0,33.14757580767888,0.04428682068461832,0.0,0.0,-21.689365765733044,468.42858731975275,66.39432868145249,72.8,37.80713763308687,0.5694332390116994,70.426775,26.85000000000001,-0.3813002322335262,-1.1287738562125387,32193.0,12.269209152969585,133,attack,1
876.1718715671196,750.0,1315.9750716070166,1.5019599627790672,0.0,0.0,31.898869672894097,1263.0512602261865,1.1932770471736607,1.0,1.8277904491765518,1.5317402220262004,0.0,0.0,28.679716758444858,1074.0059197996254,66.5965073605573,73.4,38.45998333785643,0.5775075129635835,69.993202,26.5,-0.4045088276513166,-1.1078675449392796,748.4590565267882,750.0,33.31946399435711,0.04451741709022204,0.0,0.0,-21.576520954098477,463.5462564826511,67.7859531526945,74.35,37.85884261156048,0.5585057205919894,63.2,25.950000000000003,-0.41592387317697294,-1.080849187851644,31861.0,12.23881688274033,134,attack,1
878.2542009628825,750.0,1332.036326089274,1.5166865408999846,0.0,0.0,31.67112937051545,1243.632966128157,1.1978568100636744,1.0,1.8611171001252893,1.553705822339782,0.0,0.0,28.0908001571922,1033.6401485343022,66.6112895806012,73.85,39.270081882720575,0.5895409341265323,73.673451,27.450000000000003,-0.40047782082108396,-1.1352314195984918,748.4750427084952,750.0,33.146548383287495,0.04428544238875433,0.0,0.0,-21.690043774798724,468.4579989526855,67.81876220257804,74.8,38.679007677846386,0.5703290125276874,71.46414200000001,26.85000000000001,-0.41487530786058713,-1.1039241263561146,32195.0,12.256358002833283,135,attack,1
880.241741182315,750.0,1331.5361584605866,1.5126937251034087,0.0,0.0,32.267443421859674,1299.4847391648264,1.2025583705911576,1.0,1.8750104254575475,1.5591845446436199,0.0,0.0,28.105485994772778,1048.09259088268,67.34575957925563,74.8,39.62844326442357,0.5884326424113899,73.82701649999998,27.5,-0.41070438357180344,-1.1308023570111019,748.4756582215599,750.0,33.13987245262544,0.044276486601272404,0.0,0.0,-21.694450317238992,468.64917456715114,68.5653066925298,75.8,39.01916960690025,0.569080362782821,72.21636575000001,26.900000000000006,-0.4246308705089229,-1.0997356383940013,32208.0,12.24943688803205,136,attack,1
872.5776164400419,750.0,1112.4567386672586,1.274908635871133,0.0,0.0,30.44371777132551,1242.4744623735103,1.194118008982957,1.0,1.6184836058505085,1.3553799487782519,0.0,0.0,24.8431354748902,887.87284779643,67.47915098198634,75.35,40.31916967901794,0.5975055864259644,77.17318974999999,28.349999999999994,-0.4037715740299392,-1.1598190493533027,748.489632683197,750.0,32.98793708767094,0.04407267067870437,0.0,0.0,-21.795217550451454,473.0315080715066,68.70355277068849,76.3,39.70521721850822,0.5779208733357957,74.384058,27.75,-0.4187606051382268,-1.1269263041673743,32506.0,12.266199325636952,137,attack,1
875.5933891499891,750.0,1127.7252074629905,1.2879553699666082,0.0,0.0,30.368409393400427,1240.2273690343477,1.2005664664321951,1.0,1.6578506155629322,1.3808903229570284,0.0,0.0,24.296136002340177,853.4746048001424,68.92018724516387,76.9,40.387239523657996,0.5860001421643259,75.15,27.349999999999994,-0.4391032783606705,-1.1151914481542673,748.4719101123595,750.0,33.18050391678366,0.044330994214335506,0.0,0.0,-21.66765827390152,467.48741507457305,70.17349179628995,77.9,39.728859924414806,0.5661519600555955,74.05000000000001,26.75,-0.45344385227842515,-1.0808377147146073,32129.0,12.236615683668953,138,attack,1
877.8322337998644,750.0,1125.5558379555807,1.282199257007683,0.0,0.0,30.44119226123532,1258.7570008696384,1.2052839262593256,1.0,1.673979608498895,1.3888674461080683,0.0,0.0,23.856484893174866,831.2319236938496,69.02890845725686,77.4,41.06602979306863,0.5949106064526136,79.23642875,28.25,-0.4290997463364803,-1.1470052169977163,748.4864664899193,750.0,33.0224228455784,0.044118931101639565,0.0,0.0,-21.772264753011815,472.03151247524056,70.31404321798509,78.4,40.40321618658782,0.5746109075441902,75.286214,27.549999999999997,-0.445376240556782,-1.1104912506179676,32438.0,12.251476643187335,139,attack,1
874.163856159143,750.0,1049.9816907313807,1.2011268634975794,0.0,0.0,30.521696242243678,1340.9467424853892,1.2021729150726856,1.0,1.6054273455015513,1.3354379601910131,0.0,0.0,22.854539746101658,803.7256698385688,69.25623829819584,78.0,41.694754076026314,0.6020360779126013,82.207648,28.950000000000003,-0.4226563073847019,-1.17266796001789,748.4974445294567,750.0,32.90269558547069,0.04395832721400269,0.0,0.0,-21.852157589678164,475.516791324129,70.54674874243304,79.05,41.05174801332041,0.5819084329910199,78.0886175,28.199999999999996,-0.440649765486959,-1.1360540983212664,32675.0,12.272491377953179,140,attack,1
874.3207853965332,750.0,1061.3450255777066,1.2139080338760924,0.0,0.0,30.555971691858623,1339.859410747848,1.2045098941555454,1.0,1.642310796914016,1.3634680834775565,0.0,0.0,22.463196280582416,771.5981524118612,70.1147287602992,79.1,42.029489782826445,0.5994388130133457,82.355249,28.80000000000001,-0.4369827871689197,-1.1625353675544206,748.4937567111521,750.0,32.94296413049445,0.044012343236160524,0.0,0.0,-21.82522224090807,474.3403258650279,71.4199834964872,80.15,41.38260429835058,0.5794261251878612,79.29327699999999,28.0,-0.4555681746975183,-1.125895354914941,32595.0,12.272143193195529,141,attack,1
874.2359244404985,750.0,1075.2159210393852,1.2298921732454677,0.0,0.0,30.236742983065806,1311.282407986602,1.2063496923124024,1.0,1.6817408376020777,1.3940740801105669,0.0,0.0,21.923946086094222,730.0077701053003,70.69276326275278,80.0,42.494105785976544,0.6011097009750955,83.43254300000001,29.0,-0.4414420324578795,-1.1690750425463046,748.4968925083427,750.0,32.90872645431667,0.04396641694000068,0.0,0.0,-21.848119404279597,475.3403215036586,72.00283890493832,81.05,41.85179699022263,0.5812520398741142,81.0657285,28.199999999999996,-0.46068310730805395,-1.1323179040739049,32663.0,12.28810699802259,142,attack,1
877.3633064764131,750.0,1100.2189291987897,1.2540060896977663,0.0,0.0,29.693235508233688,1263.0865885007422,1.212743711175349,1.0,1.7356711229567372,1.4311936701568917,0.0,0.0,21.333243826242143,685.572215195839,71.75234520339694,81.2,42.68472721343732,0.594889645661596,83.24161699999999,28.64999999999999,-0.45887504363170445,-1.1497991700805381,748.4901900485885,750.0,32.981862573689504,0.044064522170355336,0.0,0.0,-21.799265535437847,473.2079778845285,73.09004054840396,82.25,42.00692199136781,0.5747283990566222,80.95330700000001,27.799999999999997,-0.47751931977060896,-1.1126736783519662,32518.0,12.271660506533484,143,attack,1
877.737858537318,750.0,1109.0967151393704,1.2635853681731286,0.0,0.0,29.58436241604225,1252.8687344373545,1.2142363718276017,1.0,1.764688869069537,1.4533322423980963,0.0,0.0,21.08084771806892,663.8058934287197,70.88063967736294,80.95,43.81899923432647,0.6182082926139405,89.903006,30.75,-0.4159113748707525,-1.2330980285326056,748.5254242378736,750.0,32.595541513787474,0.04354633851879552,0.0,0.0,-22.059791464780503,484.6343994696024,72.2153454224358,82.05,43.19470223397955,0.5981374454598932,85.4634435,30.0,-0.4369567006704707,-1.1966583622985876,33295.0,12.311870573916199,144,attack,1
873.3475011956002,750.0,1008.3764097490459,1.1546107458584276,0.0,0.0,29.064363090023296,1345.0138833445367,1.2101566236250598,1.0,1.679779140862964,1.3880675509845464,0.0,0.0,19.798525987921863,620.6224801531047,71.32424369640218,81.7,44.26429641560193,0.6206066005272589,90.729537,31.175000000000004,-0.41133700097272147,-1.2476155732227654,748.5325203252032,750.0,32.517177439121475,0.04344123542554203,0.0,0.0,-22.11339043791968,487.0020366598777,72.68088313390723,82.8,43.633226227910576,0.6003397915174027,85.9031125,30.425,-0.43308384237076025,-1.2110110363353241,33456.0,12.321158203207629,145,attack,1
875.2892527287993,750.0,1027.6219561038931,1.1740369859451396,0.0,0.0,28.86206782593918,1324.2130064498208,1.2148854504018232,1.0,1.7290195320221475,1.423195521396914,0.0,0.0,19.512259510662126,595.6445804359615,72.32088770298665,82.85,44.47613903663164,0.6149833118654446,90.8544875,30.950000000000003,-0.42486583338382833,-1.2351874419220794,748.5277677821758,750.0,32.569682122578996,0.043511655177576374,0.0,0.0,-22.07745021453143,485.4138079751137,73.71074067929109,83.95,43.805862780271774,0.5942941608858227,86.1,30.14999999999999,-0.4465572178616901,-1.197166082950785,33348.0,12.314398065437386,146,attack,1
877.3619474313023,750.0,1047.3225550073062,1.193717778704224,0.0,0.0,28.705597988541417,1307.3256930857685,1.2194444444444446,1.0,1.7766635873424688,1.4569450830143251,0.0,0.0,19.31298962060493,576.8989356849644,72.75068895656132,83.6,45.0005007952651,0.6185577269534097,92.051,31.400000000000006,-0.42375167868266833,-1.2479432878588146,748.5335722819593,750.0,32.50554417592621,0.04342563297038326,0.0,0.0,-22.121369224652558,487.3549763734061,74.17620625468936,84.75,44.315148675857415,0.5974307788632133,88.140581,30.5,-0.4467422963082734,-1.2078983916819386,33480.0,12.320052666977153,147,attack,1
879.6930033317468,750.0,1062.423528728797,1.2077207897584465,0.0,0.0,28.95294812583359,1332.9881026379705,1.224327701094717,1.0,1.81955623390109,1.4861676594217033,0.0,0.0,19.297869499662287,572.9652626043151,73.18277237340658,84.4,45.52743265633233,0.6221058751919633,93.56978000000001,31.75,-0.42260822128899606,-1.2606734416383756,748.5395049976202,750.0,32.4398573681552,0.04333753549621718,0.0,0.0,-22.166528102590515,489.354968122935,74.6272604263446,85.525,44.82659583507499,0.6006732068011235,89.3457495,30.875,-0.4461748958980438,-1.2191978198012985,33616.0,12.317480252084023,148,attack,1
880.6828014820127,750.0,1086.096188951389,1.233243327931131,0.0,0.0,29.159587154575135,1348.6426181198196,1.2278594478307636,1.0,1.8746446526017202,1.5267583402266602,0.0,0.0,19.26777735928179,567.2130567165482,74.22948122272005,85.6,45.74474384681529,0.6162611282377358,93.69473149999999,31.4625,-0.4389340649606534,-1.2445755269030399,748.5330464921716,750.0,32.511359246545744,0.04343343209615497,0.0,0.0,-22.117380191070975,487.17850651637895,75.69705816340984,86.75,45.0219936664731,0.5947654342033026,90.11843525,30.5,-0.46286137121081294,-1.2018294699751553,33468.0,12.318842713922278,149,attack,1
882.9877820117341,750.0,1109.0411716803776,1.2560096461964854,0.0,0.0,28.91398333538841,1329.6317481179685,1.2335934192221618,1.0,1.9322878403612296,1.5663895496294291,0.0,0.0,18.990902211514562,546.8449273932391,75.75599670594974,87.25,45.81246715073272,0.6047371712176904,92.65711999999999,30.35,-0.47477016283594087,-1.199599500307342,748.515212000242,750.0,32.7079858814494,0.04369715585878946,0.0,0.0,-21.983329288652033,481.2667666133063,77.25515260345976,88.4,45.04698962909201,0.5830936592710146,89.51313175,29.349999999999994,-0.49920272499963203,-1.1533255468451171,33066.0,12.298674163983602,150,attack,1
887.1998048304464,750.0,1137.3020294374053,1.2819006758627005,0.0,0.0,28.599058095071793,1307.8131252385285,1.24170529397414,1.0,1.994275809386004,1.6060782047592181,0.0,0.0,18.743825489312158,530.5784925398958,77.11556649459236,88.65,45.85325211692886,0.5946043607180693,91.91885725,29.69999999999999,-0.5004241535096442,-1.1642705138103202,748.5028055623322,750.0,32.844067848120055,0.04387968569262087,0.0,0.0,-21.8914908606797,477.2373721032235,78.6549813090388,89.8,45.044968522281266,0.5726906010605691,88.71665375,28.60000000000001,-0.5247456852363415,-1.116217045781657,32792.0,12.276436443897621,151,attack,1
887.3568709320889,750.0,1163.4932526360085,1.3111897712741696,0.0,0.0,28.38344614223551,1292.8360537422398,1.2443509762986615,1.0,2.0540125452171263,1.6506697743162575,0.0,0.0,18.548965092001986,516.9357498670197,78.28036734019425,89.95,46.08544739436901,0.5887229322020023,91.44463225,29.14999999999999,-0.5257258353111619,-1.1321958497735087,748.4926931106472,750.0,32.9545687280845,0.04402790973299847,0.0,0.0,-21.817472173700807,474.00209205020894,79.83416406916984,91.15,45.267029043207664,0.5670132526719694,89.2759435,28.0,-0.5510497718844608,-1.081490606692033,32572.0,12.276732875508612,152,attack,1
891.1737576738645,750.0,1184.7224430174247,1.329395567156038,0.0,0.0,28.447266636423617,1300.4403154413017,1.2511529886075563,1.0,2.103501925327706,1.681250769874876,0.0,0.0,18.529510613409503,513.360311824849,78.6352986227148,90.7,46.652589566895166,0.5932779602037268,92.354402,29.64999999999999,-0.5214078405685865,-1.1489284070238164,748.5004734125408,750.0,32.86958497089686,0.04391391340213699,0.0,0.0,-21.874354284110794,476.48737534679645,80.22819537854677,91.9,45.81604383719708,0.5710715992179528,90.645456,28.400000000000006,-0.5482767643352612,-1.095486514526092,32741.0,12.270619616967995,153,attack,1
895.7676415181743,750.0,1214.5825155678604,1.3559124702354162,0.0,0.0,28.211846217511383,1284.611128831423,1.2600290293690743,1.0,2.169228977103794,1.7215706357098588,0.0,0.0,18.332037211147114,500.77155576261435,80.15813307473425,92.25,46.68534044221321,0.5824155160735446,91.275595,28.700000000000003,-0.5578005541432922,-1.0925472055663816,748.4838022297026,750.0,33.05141350193764,0.044157820654874336,0.0,0.0,-21.753006249407626,471.19328088676735,81.81017540622588,93.45,45.777702806323894,0.5595600129081271,89.269496,27.450000000000003,-0.5857317289948626,-1.0326505386103308,32381.0,12.238019045684332,154,attack,1
896.1956282818416,750.0,1239.1705804742717,1.3827009877854135,0.0,0.0,28.397081252873512,1302.3049072765891,1.261875686897057,1.0,2.2191400773272534,1.7586043541135992,0.0,0.0,18.42023940519088,504.54794194882027,79.9381697598447,92.6,47.58904956519426,0.595323231794827,93.97913249999999,29.80000000000001,-0.5372706999142753,-1.141731275964049,748.5011600928075,750.0,32.86207376179487,0.04390383811525458,0.0,0.0,-21.879395846938905,476.707962627048,81.61910662324459,93.85,46.725645067704356,0.5724841523124096,91.767537,28.5,-0.5684062923897503,-1.0808885629247782,32756.0,12.27015448925583,155,attack,1
897.9270086356839,750.0,1258.4291435567293,1.4014826722595133,0.0,0.0,28.40764821307395,1303.7734756581665,1.2661804644350187,1.0,2.2690683813892933,1.792057645117572,0.0,0.0,18.359806599926433,497.88737350541714,80.63889429144947,93.55,47.96218558807523,0.5947773219053288,95.1492365,29.900000000000006,-0.5418039226052339,-1.142443347555764,748.501846144457,750.0,32.854567699593545,0.04389376975999173,0.0,0.0,-21.884436248351815,476.9285499081754,82.3424530167221,94.85,47.09942720559221,0.5719944631237456,92.05656400000001,28.5,-0.5734771343139977,-1.0816823518910261,32771.0,12.27304440284951,156,attack,1
896.8941808523482,750.0,1276.3008217292363,1.4230227478076907,0.0,0.0,28.54171442849344,1310.5832342450963,1.2660569841844742,1.0,2.312285684698561,1.826367780900487,0.0,0.0,18.408259424294418,496.3163393740454,80.44153923793775,93.95,48.863164849547196,0.6074369699094769,99.67929825,30.89999999999999,-0.5223951397069716,-1.189065686162021,748.5181697452614,750.0,32.67545903300252,0.043653528202425275,0.0,0.0,-22.00539367371365,482.23735073511625,82.15191065178678,95.275,48.04616635378387,0.5848453915750634,93.742358,29.52499999999999,-0.5557665714265703,-1.129239478729821,33132.0,12.307050654604827,157,attack,1
896.5073429631193,750.0,1276.4302272038587,1.4237811181613143,0.0,0.0,28.792643575213816,1359.2309577340784,1.2674828865233256,1.0,2.343496601550381,1.8489374700581043,0.0,0.0,18.394654930441977,497.24095024170515,80.99237395882811,94.85,49.40711360911964,0.6100217982773958,101.721881,31.05000000000001,-0.5267108644783007,-1.194598306578412,748.5194656373451,750.0,32.661197587318426,0.04363439975406418,0.0,0.0,-22.015081637847715,482.66381952109947,82.71055484038479,96.25,48.62317611942737,0.5878714779904524,96.56120399999999,29.599999999999994,-0.5616544220440332,-1.1341137512493027,33161.0,12.319539074899502,158,attack,1
892.5451859729977,750.0,1270.0149514828968,1.4229138999818869,0.0,0.0,29.568397368281573,1447.1058340383618,1.2626960914650358,1.0,2.3577626615243976,1.867244761000897,0.0,0.0,18.67529400226067,512.8950457855993,79.97305732406585,94.75,50.69299478430415,0.6338759137203748,106.65100000000001,32.95,-0.4825900366830376,-1.2787253516495531,748.5495583325948,750.0,32.32824002070077,0.043187841954930015,0.0,0.0,-22.243682805025216,492.7814247305741,81.67792948243671,96.15,50.01255304096461,0.6123141631757312,101.041812,31.549999999999997,-0.5194266098029044,-1.223068429665272,33849.0,12.36697883381268,159,attack,1
893.0338022378197,750.0,1296.6304326947409,1.4519388061745968,0.0,0.0,29.494498741305954,1437.8394336847139,1.2648674047751902,1.0,2.411586965538171,1.9065927040524786,0.0,0.0,18.656737882463425,509.4328348614745,80.19057411694271,95.4,51.3071176723144,0.6398148191019647,108.45100000000001,33.650000000000006,-0.47200809207677613,-1.3034589259368026,748.5581627558662,750.0,32.23239978074905,0.04305931240143497,0.0,0.0,-22.310356362023892,495.75200100050034,81.90697471448708,96.85,50.65543702503374,0.6184508364716125,103.0777025,32.099999999999994,-0.5098457470569114,-1.2492028004586253,34051.0,12.388742862015738,160,attack,1
893.8324898341281,750.0,1304.299852384576,1.4592217973936257,0.0,0.0,29.851131969049597,1488.6800683592187,1.267589152502706,1.0,2.448470564268338,1.9315963373732887,0.0,0.0,18.731710356666305,514.2544702582574,80.62277493498628,96.2,51.780693158124656,0.642258880321104,109.7049115,34.05,-0.466253215626459,-1.3187921070036306,748.5637305093175,750.0,32.17023006170303,0.04297594012444957,0.0,0.0,-22.35381778866165,497.69316972868575,82.35391770950473,97.6,51.13972532240968,0.620975015454638,105.581826,32.55000000000001,-0.5044418501394574,-1.2655835561501327,34183.0,12.39751680845805,161,attack,1
898.0841027462121,750.0,1341.3896416920252,1.4936124997539189,0.0,0.0,29.792457780338218,1489.0964970073303,1.2761008522727273,1.0,2.5226365035856353,1.9768316109912756,0.0,0.0,18.650251112418914,511.02476165977237,82.31612703803735,97.8,51.67126136553338,0.6277173529028726,109.65100000000001,32.89999999999999,-0.4980375984310892,-1.275773275844747,748.5471117424242,750.0,32.35543907414478,0.043224318906033427,0.0,0.0,-22.224832796643362,491.9431928387537,84.10666167045454,99.25,50.95511517485637,0.6058392303633204,103.21576725,31.400000000000006,-0.5369162374690701,-1.2175801472330818,33792.0,12.377157165896934,162,attack,1
896.6063335011997,750.0,1297.3006682469745,1.4469010755044356,0.0,0.0,28.313744659103296,1441.5657643783975,1.2761797553100098,1.0,2.5150798338275386,1.9707880675607292,0.0,0.0,17.973387167261905,474.14416742175183,83.10661752318371,98.85,52.037547719035,0.6261540809854091,110.078692,32.875,-0.5056388939566647,-1.2714462681322334,748.5456053559262,750.0,32.37217430511254,0.04324676288723902,0.0,0.0,-22.21325030361914,491.4284890512356,84.91944360526706,100.3,51.30535638631042,0.6041650087204321,104.153932,31.299999999999997,-0.5451778180021917,-1.2115417237780335,33757.0,12.376809969656007,163,attack,1
898.5164414683726,750.0,1329.41578835752,1.479567570499838,0.0,0.0,28.237043270590625,1433.1287702274794,1.2814480449599426,1.0,2.583874414675327,2.0163707961769903,0.0,0.0,17.89815567564075,468.9892002417184,84.5661194004366,100.3,52.077230414539784,0.615816721681933,109.95100000000001,32.10000000000001,-0.5329949290875625,-1.234402869745923,748.5323448523258,750.0,32.519117530897645,0.0434438374701272,0.0,0.0,-22.11206036023091,486.94321337449463,86.41952656666265,101.75,51.300479555097574,0.5936213908268196,103.392516,30.5,-0.573531156067914,-1.1701113624724349,33452.0,12.361495111297504,164,attack,1
898.7678198004421,750.0,1362.1295414821748,1.5155521943193462,0.0,0.0,28.962537102626182,1513.019467006328,1.2837127322698214,1.0,2.646804466457611,2.061835486961022,0.0,0.0,18.136127845904852,486.92425809893956,85.21399579724405,101.25,52.506310146995396,0.6161700276551698,110.59845325,32.19999999999999,-0.5358153051791072,-1.2374962245622243,748.5333094341877,750.0,32.50845132116598,0.043429532008053114,0.0,0.0,-22.119374797783646,487.26674144482655,87.08709902823087,102.725,51.73663681690673,0.5940792309563022,105.37487775,30.575000000000017,-0.5774343193697611,-1.17235273563308,33474.0,12.367880328146855,165,attack,1
899.5364508393285,750.0,1400.3715817227783,1.556770245848444,0.0,0.0,29.243074877776117,1542.262077771092,1.2870203836930456,1.0,2.717663488902377,2.1115931987838197,0.0,0.0,18.217423104288162,493.8821709526889,86.22354775611574,102.4,52.75103600157174,0.6117938472072459,111.39273975,31.94999999999999,-0.5486551207658789,-1.2235314663127048,748.5282973621103,750.0,32.563835706224516,0.04350381384509147,0.0,0.0,-22.081446461381535,485.59027782685865,88.11002739739207,103.9,51.978822045985886,0.5899308351313075,106.334926,30.25,-0.5911363082311442,-1.1567844615109877,33360.0,12.366465032976114,166,attack,1
899.5987285975591,750.0,1397.0272288823903,1.5529448680527858,0.0,0.0,29.81998803334208,1638.4805598679857,1.2891241116675163,1.0,2.7485409502319875,2.1320995591934717,0.0,0.0,18.334235002032376,503.2837832958557,87.0186731217994,103.4,53.067245542738775,0.6098374479746541,112.564195,31.94999999999999,-0.5536767330870421,-1.2209046775219516,748.5278119283937,750.0,32.56919480094036,0.0435110015712496,0.0,0.0,-22.07778326272981,485.4285137960718,88.9286687580737,104.9,52.27689491926787,0.5878519902449538,107.25648199999999,30.19999999999999,-0.5966492583087335,-1.1529252001374901,33349.0,12.362562642937888,167,attack,1
902.7317557206002,750.0,1426.3970067845032,1.58008954237562,0.0,0.0,29.827462901197244,1635.5628472921887,1.2955468021769854,1.0,2.8109279834915823,2.1696846295079504,0.0,0.0,18.316133547688352,500.8415271825164,87.92623653866589,104.5,53.38226535767585,0.6071255572755101,113.31474700000001,31.75,-0.5651708223746582,-1.2083679582844247,748.5237393631415,750.0,32.614120168169975,0.043571256932904624,0.0,0.0,-22.047121768688513,484.07557828337843,89.88373853949544,106.05,52.57984718721618,0.584976193041996,107.56584900000001,29.950000000000003,-0.6101208309674094,-1.1369564276369073,33257.0,12.36247991822583,168,attack,1
902.61257789686,750.0,1447.015248835656,1.6031410200457055,0.0,0.0,30.101283725312783,1663.0983094075689,1.2974982689586658,1.0,2.864471995067021,2.2076884906875156,0.0,0.0,18.373960239090756,502.6034869251377,88.77498769218349,105.55,53.68630006620638,0.6047457900231664,113.60954699999999,31.700000000000003,-0.5726531366815796,-1.2015050188682532,748.5219616461451,750.0,32.6337110072975,0.043597533111159,0.0,0.0,-22.03377737614636,483.4873454615793,90.74836472399676,107.1,52.88704588197639,0.582787866677573,108.33164200000002,29.849999999999994,-0.6183861202050548,-1.1291023477145592,33217.0,12.364342030406707,169,attack,1
904.5386953614202,750.0,1476.3721644170714,1.6321824284445539,0.0,0.0,30.24779376812587,1674.6916512711914,1.302997142683446,1.0,2.9326115466192735,2.2506661377474186,0.0,0.0,18.35753449641461,500.53658578003837,90.29610549180381,107.05,53.72657608477646,0.5950043558595474,112.75927324999999,30.85000000000001,-0.6037665837629149,-1.154815887599114,748.5076296431394,750.0,32.79122181882397,0.04380880103314058,0.0,0.0,-21.927065214554585,478.79618892332974,92.31462106222263,108.6,52.86983357704724,0.5727135416762584,107.78120275,28.950000000000017,-0.6509448541196763,-1.0757085092235081,32898.0,12.353818006196493,170,attack,1
907.6032341723875,750.0,1511.653480006001,1.6655443954917442,0.0,0.0,30.25900084804795,1661.4555687766572,1.3094736842105263,1.0,3.0015201255285278,2.2921576521319142,0.0,0.0,18.345105709241256,497.5324308982631,91.36135326618492,108.2,53.93878475164707,0.5903895117938357,111.834217,30.60000000000001,-0.618509319188605,-1.134337461428696,748.5020289855072,750.0,32.852566951510916,0.043891086034914435,0.0,0.0,-21.88578015934755,476.9873731832907,93.41526153537757,109.8,53.04987894382051,0.5678930623528773,107.893316,28.60000000000001,-0.6667249680916733,-1.0518030494732862,32775.0,12.342130463949482,171,attack,1
910.5988842569888,750.0,1539.4870663259007,1.6906313997760483,0.0,0.0,30.419384956974348,1673.5333705535197,1.315963707699853,1.0,3.0646392004272984,2.3288174153251697,0.0,0.0,18.359636098736832,497.10383964505127,92.53379318001076,109.42500000000001,54.06794525549121,0.5843048620119792,110.97993325000002,30.224999999999994,-0.635535226533966,-1.107923177409009,748.4950956351153,750.0,32.928349705069316,0.04399273942754275,0.0,0.0,-21.83499014405638,474.7667945910396,94.63267675763242,111.05,53.13426668203257,0.5614790630737085,107.9589105,28.14999999999999,-0.6848032524649862,-1.0212702415969175,32624.0,12.322668123873159,172,attack,1
912.7142813239498,750.0,1570.549378666744,1.7207459232352131,0.0,0.0,30.73002872184552,1704.655346298049,1.3210916131411536,1.0,3.1291255558204547,2.3685908870319348,0.0,0.0,18.436360002077443,502.1988268350691,93.4134588426672,110.55,54.460326414343854,0.58300299645332,111.19753899999999,30.049999999999997,-0.6492915340744368,-1.0907837697317713,748.4911644488153,750.0,32.97124024411058,0.04405027314970434,0.0,0.0,-21.806347701040977,473.5168000586954,95.54866952254218,112.2,53.51277405333762,0.5600577624025701,108.28508299999999,27.950000000000003,-0.7003440972288796,-0.9995544271304388,32539.0,12.316398726754368,173,attack,1
914.734573405073,750.0,1605.6846866128878,1.7553558521744435,0.0,0.0,30.640988339504396,1684.5313536935778,1.3258724058416602,1.0,3.195428510021623,2.410057329757288,0.0,0.0,18.41328658331103,499.0318764868315,94.11434916017707,111.5,54.9049465480778,0.5833854990022066,113.034781,30.099999999999994,-0.6553468751565313,-1.0870698254082343,748.4905149884704,750.0,32.978320656521205,0.04405977096053007,0.0,0.0,-21.80162651292457,473.3109186090556,96.28591079102227,113.2,53.96754448691966,0.5604926415875126,109.213009,27.89999999999999,-0.708368802925943,-0.993106942373776,32525.0,12.318167931183675,174,attack,1
918.3478502251558,750.0,1634.427580617614,1.7797478158378588,0.0,0.0,30.545333946686895,1679.0311093023251,1.3330763062118314,1.0,3.2584293677542093,2.44429321305215,0.0,0.0,18.36086352092531,495.9357731679668,95.08795520812026,112.65,55.20360739407318,0.580553102369783,113.14201999999999,29.849999999999994,-0.6689698912209272,-1.0688833134980467,748.4857195731294,750.0,33.030552871385616,0.04412983709324922,0.0,0.0,-21.766860577411176,471.7962193964565,97.31435117010054,114.35,54.22379967583461,0.5572024991571302,110.10545299999998,27.599999999999994,-0.7236652975012847,-0.9698029734814861,32422.0,12.315760985341608,175,attack,1
917.7804559667284,750.0,1646.215455489801,1.793691993316406,0.0,0.0,30.927519233004325,1718.9061800757493,1.332624996205337,1.0,3.2892236740276357,2.468229009206441,0.0,0.0,18.538724470696458,504.674582203773,94.28972137955412,112.8,56.43738810305244,0.5985529204807936,118.475324,31.299999999999997,-0.6295178192734314,-1.1510527755380997,748.5095777298807,750.0,32.76985688834893,0.0437801437193831,0.0,0.0,-21.94147987614201,479.4285391551443,96.52519123177802,114.55,55.53381712745515,0.5753297809491654,113.77930900000001,29.049999999999997,-0.684827220918451,-1.0584496262425598,32941.0,12.34740678839922,176,attack,1
918.4499397590362,750.0,1661.3194552443822,1.8088296196962512,0.0,0.0,31.449820756615903,1782.94677035293,1.3346686746987952,1.0,3.3299231889700414,2.4949436905916222,0.0,0.0,18.714649993175176,515.9318949102553,94.1720018479428,113.35,57.36275944979862,0.6091275360421969,121.05100000000002,32.15,-0.6138909204469771,-1.1877924067261705,748.5212048192772,750.0,32.64204781099676,0.04360871489122055,0.0,0.0,-22.02810356145356,483.23734651412195,96.43172052210845,115.15,56.49103282961671,0.585813801970538,116.33850249999999,29.799999999999983,-0.6703480337017051,-1.0962488043234322,33200.0,12.355133256200753,177,attack,1
916.8426717694193,750.0,1675.780701054299,1.8277734584715624,0.0,0.0,31.766530757291726,1820.4842205146924,1.333702086946122,1.0,3.3703622883040163,2.527072815805056,0.0,0.0,18.825565165527372,521.5598825313396,94.10438563362895,113.95,58.21328672973137,0.6186033343479838,123.62029224999999,32.85000000000001,-0.5969941450554869,-1.225419199616037,748.5320815643126,750.0,32.5220283197782,0.04344774141385143,0.0,0.0,-22.110065093674603,486.85497844652866,96.36842184590085,115.75,57.40316296316322,0.5956636195096613,118.50139675,30.5,-0.6543855411271995,-1.1371923956654606,33446.0,12.375463524940583,178,attack,1
914.927649407034,750.0,1680.026045097132,1.8362392328901194,0.0,0.0,32.10409866839239,1865.7337959053789,1.3302543780413183,1.0,3.3840705135174187,2.5439273641032196,0.0,0.0,19.04198909216173,533.4890015388796,92.44674281147806,113.55,59.68538609018298,0.6456191345961896,127.64177950000001,35.45,-0.5313146066371038,-1.3349291078629468,748.5694221859611,750.0,32.106551182804495,0.04289054592832209,0.0,0.0,-22.398508026520005,499.6931618140814,94.69093443229698,115.4,58.98844144843537,0.6229576442780959,123.44464299999999,32.900000000000006,-0.5875647941654689,-1.259373836841948,34319.0,12.418503354878277,179,attack,1
914.5912429702743,750.0,1693.4119649405366,1.8515506002888498,0.0,0.0,32.38413093187111,1897.8320893145012,1.3300241019166763,1.0,3.415118453580231,2.5677117043659274,0.0,0.0,19.193416821080245,541.3621676786756,91.74575753835497,113.7,60.67076918300516,0.6612923671990099,129.90504399999998,36.999999999999986,-0.49343584047982636,-1.3950329598843023,748.5913003557902,750.0,31.860582361781777,0.042560716837931584,0.0,0.0,-22.57280148068708,507.5313666865088,93.98904881584988,115.55,60.029649955393936,0.6386877057667468,126.98720375,34.500000000000014,-0.5493043076676456,-1.325905392189474,34852.0,12.443244495897297,180,attack,1
914.5660050773137,750.0,1714.4937572056103,1.8746528382723717,0.0,0.0,32.499911928753626,1918.3697553886384,1.3325063466420495,1.0,3.472832860618638,2.6062411405170915,0.0,0.0,19.177679288913616,540.3737381916138,92.91573706853941,115.0,60.8808919305229,0.6552269168958326,130.851,36.5,-0.5093533027245197,-1.3783227279129986,748.5836602815601,750.0,31.94669401543081,0.04267618398645637,0.0,0.0,-22.51147865928632,504.7666714275029,95.18472325931803,116.85,60.22949323349864,0.6327642837119087,127.951,33.900000000000006,-0.566380003495302,-1.3063713990143748,34664.0,12.442398452431895,181,attack,1
915.0148179628843,750.0,1714.235843548248,1.8734514566274298,0.0,0.0,32.99103749977361,1986.9509419380208,1.3329650092081031,1.0,3.488694205045665,2.617243649267472,0.0,0.0,19.38510286942593,552.3224920483456,92.03739812414308,115.0,61.85900318204344,0.6721072568631935,133.351,38.30000000000001,-0.4656089913698325,-1.440877490882384,748.6089814421306,750.0,31.66039270371358,0.042292296096585115,0.0,0.0,-22.71664693533321,514.0460479845839,94.30559701980451,116.9,61.25424406627247,0.6495292538512731,130.551,35.75,-0.5216332304348693,-1.3761853641338715,35295.0,12.453789906208247,182,attack,1
914.501099892831,750.0,1731.0930169869307,1.8929370529896519,0.0,0.0,34.55534417273128,2208.5990134318067,1.3336341587229963,1.0,3.5326375578338016,2.6488805304870353,0.0,0.0,19.83197384711907,591.1169513005337,92.33593102786323,115.725,62.377848883600095,0.6755533646460661,134.251,38.82500000000002,-0.45540710634429815,-1.4586741733160096,748.6153759377291,750.0,31.58767780584287,0.04219480232592815,0.0,0.0,-22.769345575078017,516.4430979173248,94.59528119375037,117.6,61.813397181942534,0.6534511700994485,132.81131475,36.25,-0.5113198938025415,-1.3967676606805415,35458.0,12.469343334752999,183,attack,1
918.597054500389,750.0,1775.73949441824,1.9330994865687192,0.0,0.0,34.08312120691695,2151.929094625272,1.3435167305530737,1.0,3.627592394580528,2.7000723638827995,0.0,0.0,19.58256210519446,575.5780632046557,95.02815132863314,117.9,61.98151492404357,0.6522437199656201,134.212909,36.75,-0.5133389621817872,-1.3861832911530316,748.5850073493385,750.0,31.931528143453047,0.04265584780614196,0.0,0.0,-22.52225485319059,505.2519636720669,97.34187693691096,119.8,61.32980939457537,0.6300454781072727,131.333088,34.000000000000014,-0.5712990042703892,-1.3141154725167112,34697.0,12.442739301174207,184,attack,1
918.0886144698853,750.0,1789.3969049384286,1.9490459599824648,0.0,0.0,34.329519327593324,2183.8748772355866,1.3437669725295143,1.0,3.66507928619489,2.727466414281432,0.0,0.0,19.67788955082265,580.2696532850277,95.01010965429425,118.45,62.63700489094961,0.6592667361279964,135.979692,37.55,-0.49437546393335025,-1.4161214920005791,748.5965754795186,750.0,31.800989031834618,0.04248081019000692,0.0,0.0,-22.615433445767472,509.45782993993816,97.32459679924536,120.35,62.01213753899265,0.6371681936366725,133.885497,34.80000000000001,-0.5518144650372606,-1.3478515609438877,34983.0,12.455148343158179,185,attack,1
920.7982936530813,750.0,1817.876287117231,1.9742394177395506,0.0,0.0,34.594681436374785,2217.5451530447717,1.3502911166195883,1.0,3.7327413117518513,2.7643974442316206,0.0,0.0,19.69316953545736,582.1364109181376,96.49304960027608,119.9,62.713022374755795,0.6499226901268582,136.851,36.75,-0.5187600903054764,-1.386665055142629,748.5848849945236,750.0,31.932905966655667,0.04265769534859,0.0,0.0,-22.521275412266085,505.20784619514063,98.83717893252435,121.8,62.056310879060064,0.6278640441713295,134.2581945,34.000000000000014,-0.5772420847604046,-1.3140439489608025,34694.0,12.438839887330216,186,attack,1
919.4193659644181,750.0,1823.2482932721052,1.983043169163206,0.0,0.0,35.25282677460597,2297.3300728320874,1.3500129336360762,1.0,3.7687499330992065,2.7916398718852204,0.0,0.0,19.84661959952301,589.838122517141,96.97927914568997,120.75,63.14005668862339,0.651067498591832,136.851,37.05000000000001,-0.5135235422804233,-1.3965511009779683,748.5889115626707,750.0,31.887531751043767,0.0425968529035234,0.0,0.0,-22.55357450492545,506.66372294922314,99.34612822240105,122.65,62.486720750394085,0.6289799297513466,134.851,34.29999999999998,-0.5720534416632729,-1.3251392354017713,34793.0,12.443799288973738,187,attack,1
921.9391390689797,750.0,1856.5147967365876,2.0137064563843,0.0,0.0,35.1627319342513,2286.2685505530076,1.3573097365808071,1.0,3.8496103561367763,2.8362062485710244,0.0,0.0,19.719643414467477,581.573580450332,99.16727939641758,122.6,62.94389231542922,0.6347244040427216,137.201,35.5,-0.5588831434715545,-1.335364404887552,748.5662052450207,750.0,32.142558169747836,0.04293883152155785,0.0,0.0,-22.373216428270464,498.5608133462316,101.58877362064132,124.5,62.2210491319049,0.6124795773621045,134.45570375,32.69999999999999,-0.6196890760597324,-1.2546495016742099,34242.0,12.425678611989435,188,attack,1
925.7933311902744,750.0,1876.2639538024687,2.026655291835158,0.0,0.0,35.17778848779889,2300.808695036866,1.3644758759753353,1.0,3.9019749614457706,2.8596877600760924,0.0,0.0,19.702761974161156,580.9434554205733,99.9088097290788,123.6,63.36116842022901,0.6341900037848968,138.201,35.5,-0.5637259788655908,-1.3328045542171052,748.565241532482,750.0,32.15333702258467,0.04295328615146428,0.0,0.0,-22.365656247743214,498.2225793922149,102.3633395911628,125.55,62.61955800493219,0.6117381306142755,135.0559895,32.64999999999999,-0.6253646332521873,-1.25020984118109,34219.0,12.418836945748192,189,attack,1
929.7901172578787,750.0,1906.9304483650915,2.0509257013711637,0.0,0.0,35.03468775639279,2289.6499157514913,1.373157692648492,1.0,3.9753409127555814,2.895035970040776,0.0,0.0,19.595006809647312,574.5577935998645,101.63905114770495,125.15,63.33249756220604,0.6231118536335934,138.256975,34.44999999999999,-0.596304841065388,-1.286275412344583,748.5499010544348,750.0,32.324428096195675,0.043182729769468006,0.0,0.0,-22.246327142087992,492.89907131280097,104.14930940012405,127.1,62.52058642528994,0.6002976571366058,134.285253,31.650000000000006,-0.6598695381788192,-1.1956363619113972,33857.0,12.39965702382168,190,attack,1
932.9159252403416,750.0,1936.2278876595446,2.0754580721309113,0.0,0.0,34.9956680002617,2287.713821511891,1.3807547620469338,1.0,4.04820786750689,2.9318804314717877,0.0,0.0,19.511284699339182,569.240810646252,103.33701150524088,126.7,63.33589438411611,0.6129061936429615,137.919199,33.39999999999999,-0.62992839199464,-1.235725937616001,748.5341852272048,750.0,32.49876386895258,0.043416539298186,0.0,0.0,-22.12602218822746,487.56085787393397,105.91080603021435,128.7,62.47572537674719,0.589890000071608,133.951,30.600000000000023,-0.696268962239545,-1.1361198672370367,33494.0,12.380075228901708,191,attack,1
936.6165308780326,750.0,1980.472891883471,2.1144970503850424,0.0,0.0,34.60164742441049,2234.444810478902,1.3896780446436685,1.0,4.138581328937302,2.978086431521977,0.0,0.0,19.336298353597567,558.1384713557402,105.54146572079088,128.45,62.98616501879096,0.5967906982211179,135.86952,32.0,-0.6742401188824431,-1.162450540770588,748.5130084501923,750.0,32.73219752922101,0.043729630827650585,0.0,0.0,-21.9669338197806,480.54618144262116,108.17821559108944,130.45,62.02533086623646,0.5733624882544784,130.992527,29.25,-0.7427297825241469,-1.0516172328969053,33017.0,12.357671681148528,192,attack,1
939.2833323228036,750.0,2004.1099164329114,2.133658553779339,0.0,0.0,34.71205253292843,2246.117998492948,1.3953798581216275,1.0,4.195393846877583,3.006632081191969,0.0,0.0,19.3501816436996,558.1855921967274,106.30160201083446,129.5,63.43863882482199,0.5967797062772037,136.5834275,31.900000000000006,-0.6814220371819291,-1.154917586814645,748.5116109864791,750.0,32.74754289876587,0.043750213648131926,0.0,0.0,-21.95655485346521,480.09030103322687,108.97283069241497,131.5,62.45442656949867,0.5731192460786998,131.6761305,29.19999999999999,-0.7507982919348031,-1.0413681392569172,32986.0,12.352744284664801,193,attack,1
942.9779449686012,750.0,2020.7043835240024,2.1428967605295233,0.0,0.0,34.87145740582673,2275.1088192356315,1.4024208961562965,1.0,4.245931815782001,3.027573125456911,0.0,0.0,19.367007282465494,559.224026171334,107.04112726253068,130.55,63.89266350889526,0.5968982683841805,137.38149750000002,31.849999999999994,-0.6875832295742871,-1.1489500100780894,748.510572460031,750.0,32.75894212975811,0.0437655035680974,0.0,0.0,-21.94885115862473,479.75206718346215,109.75871270606437,132.5,62.874950510942476,0.5728470110552647,132.2412365,29.150000000000006,-0.7580216763453919,-1.032248151225559,32963.0,12.342334077458773,194,attack,1
945.0111280953837,750.0,2043.887738162402,2.162818698528706,0.0,0.0,35.10359472717593,2298.6144074419253,1.408284928156527,1.0,4.311199022978202,3.06131162578133,0.0,0.0,19.36396668374867,557.8272081967086,108.54451205629123,131.95,63.922941680010275,0.5889099362928621,136.47679749999998,31.100000000000023,-0.7137859415564407,-1.1055040463098964,748.499052277591,750.0,32.885124471619825,0.04393475766142177,0.0,0.0,-21.86393137041898,476.0314949703918,111.31801162898196,133.9,62.83362778542366,0.5644515821468801,131.82623274999997,28.424999999999997,-0.7860070882888779,-0.9808009565533817,32710.0,12.329866005366576,195,attack,1
948.7445815168661,750.0,2077.001889486716,2.1892108054688193,0.0,0.0,35.048969968170184,2287.9730994988076,1.4169990415236682,1.0,4.389807735773078,3.09796097748437,0.0,0.0,19.27922728901071,552.0431414120625,110.40381022487728,133.5,63.803748063337544,0.5779125551317309,134.384243,30.099999999999994,-0.7525905116422067,-1.036402839312166,748.4820208391305,750.0,33.07078307834417,0.04418380422988409,0.0,0.0,-21.740157769323048,470.63445983505727,113.23974003425779,135.5,62.61937215108597,0.5529805360922064,125.894461,27.400000000000006,-0.827330541980758,-0.8994060978642597,32343.0,12.310055573782154,196,attack,1
951.0140599183215,750.0,2102.4055329827324,2.2106986863719964,0.0,0.0,35.05878386879167,2295.744002024899,1.423356298905758,1.0,4.458447859637653,3.132348423978733,0.0,0.0,19.219455193810386,548.5176822483479,111.93057391995671,134.9,63.86671683974752,0.5705922394842682,132.197276,29.400000000000006,-0.782853026045148,-0.981728784859627,748.4694329270194,750.0,33.20733038241902,0.04436698270035692,0.0,0.0,-21.65000491080328,466.7227126378062,114.82488931203044,136.9,62.61352753567737,0.5452957796068802,86.95249999999999,26.69999999999999,-0.8602129674359996,-0.833808365216322,32077.0,12.29881911992233,197,attack,1
950.9965859714463,750.0,2118.7308057071054,2.2279057958371267,0.0,0.0,35.5081438872246,2353.8608825985925,1.4247051520794538,1.0,4.50261092164303,3.1603808795603525,0.0,0.0,19.342867653826218,556.4151945630305,112.1526254508047,135.7,64.59499629172915,0.5759561671613607,135.12208575,29.80000000000001,-0.7727560316215434,-1.0081992228707686,748.476225946617,750.0,33.133713633952304,0.04426822454119669,0.0,0.0,-21.69851710061619,468.8256443657333,115.04012701281813,137.7,63.3886673875535,0.5510135379152574,92.97100474999999,27.05000000000001,-0.8499151252518051,-0.8638421539832497,32220.0,12.298870993744053,198,attack,1
956.4357658026519,750.0,2162.2877975369433,2.260776807862603,0.0,0.0,35.128240518145155,2306.153798981298,1.4363642090012914,1.0,4.595609182277927,3.1994734716157183,0.0,0.0,19.170210890976463,546.0801366935249,114.42317800686243,137.4,64.19393284690513,0.5610221107742275,107.925,28.5,-0.8235707977104603,-0.9071802264975601,748.4537179931341,750.0,33.37700736903237,0.044594617631839396,0.0,0.0,-21.53900222502512,461.9286168496371,117.39725691571918,139.4,62.86964313996437,0.5355290642361362,63.19999999999999,25.900000000000006,-0.9048447689868707,-0.7443877817788276,31751.0,12.267465729961119,199,attack,1
956.159877162196,750.0,2166.4502755833487,2.2657824568138074,0.0,0.0,35.83652409358783,2405.2356761496985,1.4372649786914014,1.0,4.628795301325033,3.2205580529342965,0.0,0.0,19.341516422845466,557.2537034450756,114.5803792853538,138.15,64.93511735306564,0.5667210892307278,125.665625,28.949999999999996,-0.8100866092483475,-0.9405049594305721,748.4615191777388,750.0,33.292885582840874,0.044481759889829074,0.0,0.0,-21.59389388362329,464.2962530571833,117.59336547706192,140.15,63.61832703190867,0.5410026898525855,74.1625,26.25,-0.8917506586282897,-0.7802312398888418,31912.0,12.271714644772636,200,attack,1
956.1031075647539,750.0,2182.4070642127604,2.2826063914502575,0.0,0.0,36.0122814201032,2428.756711707592,1.4383941651341832,1.0,4.671254764908785,3.2475484662947163,0.0,0.0,19.402862849201814,560.1373324159148,114.68031707626326,138.85,65.7491538502865,0.5733255324587464,135.5174755,29.5,-0.7964525006173091,-0.9754059617820703,748.4697191659134,750.0,33.204231699880424,0.0443628257090786,0.0,0.0,-21.65204257186338,466.8109475337845,117.69075930873049,140.9,64.479031705391,0.5478682615705398,86.95287499999998,26.75,-0.8777052803813864,-0.8198883409773048,32083.0,12.284817291950082,201,attack,1
957.1424797962328,750.0,2206.5853039641256,2.3053885398899943,0.0,0.0,36.088056841333895,2443.3415842563873,1.4433193924719347,1.0,4.7408356071659155,3.2846753337432903,0.0,0.0,19.351985633832722,556.9456462640601,116.3658118901584,140.3,65.66350664414178,0.5642852103857082,114.43333333333334,28.69999999999999,-0.8283126289167689,-0.9144219906035227,748.4561491776988,750.0,33.35081435797237,0.04455947672367136,0.0,0.0,-21.556064287933783,462.6639075855341,119.42146213713406,142.35,64.32720458808649,0.5386569837356225,66.24999999999999,25.950000000000017,-0.9121142992035187,-0.7474889704985248,31801.0,12.27412027156371,202,attack,1
959.7530941563529,750.0,2220.882602641013,2.314014527448046,0.0,0.0,36.27878930028427,2474.684410470534,1.4482845057183142,1.0,4.784280862114145,3.30341230830282,0.0,0.0,19.402049840422343,559.7374128416947,116.64645176853982,141.15,66.37243469099204,0.5690051749083125,128.36875,29.0,-0.8198793021132653,-0.9381452778338812,748.461663794454,750.0,33.29132412690887,0.04447966507480534,0.0,0.0,-21.594915385411586,464.34037050308586,119.72536744934985,143.15,65.05993213110366,0.5434097511425676,74.225,26.25,-0.9039922587459666,-0.7731773750613393,31915.0,12.269395008537064,203,attack,1
961.4177674826269,750.0,2245.4901737494943,2.3356029498280213,0.0,0.0,36.34336278229718,2476.8904282399926,1.4524197082576848,1.0,4.840051611731467,3.3324056291810913,0.0,0.0,19.419473213841723,559.7047058654755,117.23987549168116,142.05,66.88860807972151,0.5705277986623897,132.005,29.149999999999977,-0.8194942971637942,-0.9444307703591774,748.4631565767232,750.0,33.275201936249246,0.04445803596858582,0.0,0.0,-21.605468075920655,464.7962507796268,120.34468558792963,144.1,65.57693888822243,0.5449093042027914,77.15,26.349999999999994,-0.9042836347439542,-0.7789438858672288,31946.0,12.265836779247252,204,attack,1
958.1566317355987,750.0,2245.770776675492,2.3438451525483024,0.0,0.0,37.07105732802428,2562.1900260709303,1.4485025113164258,1.0,4.863001808545883,3.3572615653432987,0.0,0.0,19.61739424733817,569.5779239530925,116.87035666050367,142.55,67.8702065438343,0.5807307214864608,141.06398575,30.075000000000003,-0.7895192134124378,-1.0094650330795614,748.477832206858,750.0,33.11628227712161,0.04424484046438561,0.0,0.0,-21.71003551658958,469.3256421315809,119.99352008538476,144.65,66.63019135226936,0.5552815794124281,98.98112,27.150000000000006,-0.8737932233179673,-0.8530665680665188,32254.0,12.293078285301053,205,attack,1
960.3364597383858,750.0,2262.7517245361805,2.3562072454820657,0.0,0.0,37.48792671013032,2615.8278655820423,1.4555036230747513,1.0,4.931700880502194,3.3883123355502036,0.0,0.0,19.610985452146153,568.4407758359971,118.89843317937948,144.1,67.58075649551272,0.5683906397114173,124.78125,29.05000000000001,-0.8303396412384452,-0.9291078655224951,748.4599265974466,750.0,33.31007611156579,0.04450482240645244,0.0,0.0,-21.58265417307986,463.81096115476146,122.09906693356129,146.2,66.2449905945096,0.5425511615953298,72.1,26.200000000000017,-0.9183113706734936,-0.7569019588620991,31879.0,12.26592140829503,206,attack,1
961.1452116369085,750.0,2276.201101863962,2.3682176993707396,0.0,0.0,37.71210289223718,2649.0689945322356,1.457797477837433,1.0,4.97226651838149,3.4108074639816155,0.0,0.0,19.676445036152945,571.8790483435705,118.96094853244891,144.85,68.47129038943815,0.5755778785738354,141.569652,29.5,-0.8177698949405865,-0.9621818079224496,748.4674740916469,750.0,33.22852795672969,0.04439542011769638,0.0,0.0,-21.636075757538613,466.11977418595035,122.17509410844052,146.95,67.17410506790984,0.5498183206496019,87.0013125,26.650000000000006,-0.90556872964682,-0.79389575047797,32036.0,12.277298281472223,207,attack,1
962.7936676450385,750.0,2294.74455930796,2.383422987108785,0.0,0.0,37.889952769512405,2671.751919818223,1.4621245238243927,1.0,5.025012554452341,3.43678836690921,0.0,0.0,19.700751034193917,572.5570221578718,119.75393894905011,145.875,68.8101856768049,0.5745964289832716,143.24376924999999,29.474999999999994,-0.8202640319660743,-0.960929267704032,748.4669955661026,750.0,33.23370425756984,0.044402364372036936,0.0,0.0,-21.632677042567387,465.9727160280223,123.01082832301881,148.0,67.48151485398508,0.5485819075763216,87.0010875,26.55000000000001,-0.9088198243687279,-0.7907394204496616,32026.0,12.2766293492978,208,attack,1
961.428013150549,750.0,2294.9867010074286,2.3870603618953,0.0,0.0,38.58325257849299,2761.128789030547,1.4611686619936728,1.0,5.051892134829483,3.457432578615869,0.0,0.0,19.863339852918916,580.9714468865606,119.72789822501693,146.525,69.60597083335662,0.5813680175236934,145.31876825,30.125,-0.8002885894889028,-1.0055127356664646,748.4772656783078,750.0,33.12243137886032,0.04425308943598053,0.0,0.0,-21.70597089123938,469.1491723313309,122.99546613780163,148.65,68.31344883443673,0.5554143659075996,98.96624899999999,27.150000000000006,-0.8878285313989086,-0.842271748973241,32242.0,12.292020571341931,209,attack,1
962.622107649781,750.0,2308.618703847821,2.398260631562118,0.0,0.0,38.88214353148097,2805.5803383067305,1.4650743858123427,1.0,5.102404985730624,3.482693462626803,0.0,0.0,19.897253757594488,582.5945338012642,120.62310147345089,147.6,69.92631958865655,0.5797091828553863,145.450537,30.0,-0.8072690663232494,-0.9950891252131973,748.4751374351648,750.0,33.14552105442608,0.04428406422156841,0.0,0.0,-21.6907217626716,468.48741058563553,123.9251676556201,149.7,68.60863256839116,0.5536295319692449,92.058268,27.05000000000001,-0.8958337242487857,-0.828623684959918,32197.0,12.284773795191837,210,attack,1
963.2343293227067,750.0,2321.731184464008,2.410349292779589,0.0,0.0,39.28322118845531,2863.9728282982296,1.4662584238545096,1.0,5.1351589352487865,3.502219562189759,0.0,0.0,20.03426069225182,591.5761796771603,120.27824343020447,148.1,70.85693022204111,0.5891084555384137,148.983446,30.900000000000006,-0.7782615320191628,-1.0555835529143884,748.4892143890205,750.0,32.99249517640092,0.044078785027426425,0.0,0.0,-21.792181068266594,472.89915571211696,123.61929220906546,150.25,69.57679311389221,0.562831188162958,146.156939,27.849999999999994,-0.8660124595150263,-0.8975398235419667,32497.0,12.299156601036001,211,attack,1
961.8246733329244,750.0,2331.803272705927,2.424353769825575,0.0,0.0,39.630414002809616,2914.126920983583,1.4658303171584566,1.0,5.175256338800976,3.530597149084296,0.0,0.0,20.107479453715616,595.3325682200348,120.54023351501287,148.9,71.56818902929457,0.5937286409884133,152.65379249999998,31.199999999999996,-0.7694859885874146,-1.078055323255679,748.4940801177842,750.0,32.939434729032094,0.044007608882956954,0.0,0.0,-21.827580410840145,474.4432665916922,123.8918073239065,151.1,70.33748755599721,0.5677331623075346,148.07466675,28.150000000000006,-0.8574778609349383,-0.9228289701890757,32602.0,12.31758348942163,212,attack,1
961.8942031641317,750.0,2347.563052804996,2.440562636808429,0.0,0.0,39.7570334686202,2935.2054623028794,1.4671675523792072,1.0,5.217984238314121,3.556501934528518,0.0,0.0,20.150779560715232,597.4923436348391,120.7669423780982,149.7,72.23594387953503,0.5981433532810503,155.57324375,31.650000000000006,-0.7579365760688094,-1.1039723709584188,748.5005192107996,750.0,32.86908406337966,0.04391324150053497,0.0,0.0,-21.87469042444835,476.5020811654526,124.10915552791522,151.85,71.05250929991439,0.5725001431013115,150.126029,28.55000000000001,-0.8451784390124226,-0.9535474238109107,32742.0,12.32536914123759,213,attack,1
963.8729750421069,750.0,2367.838766000793,2.456587981312946,0.0,0.0,40.107045575532844,2988.6357022066695,1.4723319552901546,1.0,5.275803884482263,3.5832978191677927,0.0,0.0,20.195479284248187,601.2782328305149,121.89567496311597,150.85,72.35230510136383,0.5935592474733553,155.574634,31.349999999999994,-0.7677945360547103,-1.0875912989554148,748.4965242688716,750.0,32.91274887639528,0.043971812572602555,0.0,0.0,-21.845426865982578,475.2226749569934,125.28193655103352,153.0,71.11465232384293,0.5676369178319208,150.1663645,28.25,-0.8559604912475758,-0.9332473544986213,32655.0,12.313991451069377,214,attack,1
964.1292275701792,750.0,2381.870005006043,2.47048832967017,0.0,0.0,40.65610430486371,3062.9411620567994,1.474435814323283,1.0,5.32184202875948,3.609409088588932,0.0,0.0,20.303452000048026,608.1425043869234,122.47694046707682,151.75,72.81134302389752,0.5944902178828514,156.54244225000002,31.5,-0.7650357972232633,-1.0960548152060758,748.4986850957127,750.0,32.88913824431287,0.0439401416451483,0.0,0.0,-21.8612407795681,475.9138484222515,125.87925254583818,153.95,71.57359667870398,0.5685893046802203,152.17794775000002,28.400000000000006,-0.8529252474423216,-0.943278921719374,32702.0,12.312254352997137,215,attack,1
966.56821839792,750.0,2419.498603846531,2.5031845220990534,0.0,0.0,40.40391795120385,3024.355519862016,1.4820477900210474,1.0,5.410013767991652,3.6503639116217848,0.0,0.0,20.17366149886631,599.7524900946897,124.66854276042564,153.35,72.4468326106081,0.5811155806146583,153.16550425,30.400000000000006,-0.806704040047532,-1.0181954944909892,748.4803763773679,750.0,33.08865363815762,0.04420777709404505,0.0,0.0,-21.72831692147289,470.11975623996494,128.1168352767426,155.55,71.12790274459537,0.555179985448075,132.20237425000002,27.299999999999983,-0.8975993235739007,-0.8513477211951392,32308.0,12.289833919957744,216,attack,1
964.947146780592,750.0,2414.668543808001,2.5023842516807235,0.0,0.0,41.10907541843869,3121.637911784921,1.479188281965212,1.0,5.418963037617136,3.6634707722384325,0.0,0.0,20.382830740647734,611.2958435243809,123.69935847744736,153.65,73.716659049087,0.5959340449007008,158.6795815,31.700000000000003,-0.7621580440151753,-1.1073600603346117,748.50180042722,750.0,32.855067943732344,0.04389444076818487,0.0,0.0,-21.884100257707786,476.9138440894062,127.1491882615197,155.8,72.48191554347056,0.5700540957791267,153.761059,28.624999999999986,-0.8506238744734598,-0.9551512780558955,32770.0,12.311547488020064,217,attack,1
965.3070507960576,750.0,2435.1425506351566,2.522661104181279,0.0,0.0,41.15894595342706,3120.878715596037,1.4804852160727824,1.0,5.461537418165698,3.6890185453207542,0.0,0.0,20.434463845993676,613.2717273342139,123.70865510854713,154.3,74.45728509768016,0.601876117983404,160.58270650000003,32.39999999999998,-0.7443888978509722,-1.1427195820926344,748.5111144806672,750.0,32.75299321998865,0.043757524218879996,0.0,0.0,-21.9528708149497,479.92853701787016,127.16454815815011,156.5,73.25309361706293,0.5760496512436832,154.995268,29.19999999999999,-0.8316915238930944,-0.9967147540584254,32975.0,12.320581306891869,218,attack,1
964.4983001457018,750.0,2451.887293350346,2.5421374957114513,0.0,0.0,41.38289396836474,3150.9036588809604,1.4816051481301602,1.0,5.513788107843458,3.7214963209341296,0.0,0.0,20.458329008157055,613.9425703107181,124.49427213504994,155.35,74.86584095641724,0.6013597225999574,161.6989685,32.325,-0.7489412956671616,-1.1379458113003897,748.5097134531326,750.0,32.76836786973829,0.04377814646995902,0.0,0.0,-21.942485196837715,479.47265661344244,127.96469116175936,157.55,73.68616930548043,0.5758320411396469,157.534534,29.099999999999994,-0.8371777765634394,-0.9905261503507852,32944.0,12.327210539422788,219,attack,1
965.9465966027129,750.0,2473.6548216241463,2.560860849165084,0.0,0.0,41.554723176993896,3172.0251081278366,1.4868324575339118,1.0,5.5799252093960705,3.752894403886662,0.0,0.0,20.43514787864917,611.7773522456714,125.98515894000931,156.7,74.91377434691465,0.5946238031305461,160.62048175,31.650000000000006,-0.7718794496162482,-1.0984465787370707,748.5000611022853,750.0,32.87409416931802,0.04391996190475348,0.0,0.0,-21.87132878860055,476.35502297906703,129.492792034645,158.9,73.68387110668822,0.5690190932555887,157.13323799999998,28.47500000000001,-0.8618185794293808,-0.9435189307115501,32732.0,12.311107709443714,220,attack,1
966.4852485434486,750.0,2506.6197514467963,2.5935416554204247,0.0,0.0,42.38252906981769,3273.7245415183424,1.4924693194496095,1.0,5.6696241253688715,3.798821222978109,0.0,0.0,20.501473995072004,617.9096609297253,128.42581005576392,158.4,74.45644368809131,0.5797623052232374,157.36023699999998,30.375,-0.8205622952802483,-1.0068517635973087,748.4784926242718,750.0,33.109112651676725,0.044235222491953614,0.0,0.0,-21.714776617915,469.53152356594813,131.99920157199085,160.6,73.12864006896724,0.5540082000350868,125.1813345,27.200000000000017,-0.914579405707086,-0.8344727356318793,32268.0,12.288979460782908,221,attack,1
964.1974419471005,750.0,2500.4543018007607,2.593301115538476,0.0,0.0,43.80858533550013,3464.1533661626117,1.4918353408667577,1.0,5.706077562049775,3.8248708860419804,0.0,0.0,20.714816681870058,630.1463560759455,129.46177669371397,159.45,74.59798937797763,0.5762163264178325,157.12789475,30.25,-0.8276809884539997,-0.99372024293584,748.4758475102446,750.0,33.13781913149008,0.04427373206726823,0.0,0.0,-21.695805996396626,468.70799783327965,133.0890714427853,161.7,73.21904773151789,0.5501507143882554,99.0158905,27.05000000000001,-0.9225386840939015,-0.8181522051033592,32212.0,12.281287927426469,222,attack,1
959.9522724473458,750.0,2489.8327212858912,2.593704700482868,0.0,0.0,44.92952203404691,3615.3751414448075,1.4865439093484418,1.0,5.720684599330952,3.848311888639974,0.0,0.0,20.934174268858026,641.5835316121379,129.10540196652389,160.05,75.65674122490988,0.5860075571781818,160.811211,31.0,-0.8028842788873803,-1.0472542578510307,748.4882374676685,750.0,33.00313806881446,0.044093061743325064,0.0,0.0,-21.785094297281905,472.5903335414642,132.71418511100507,162.3,74.3659301439072,0.5603465076600961,158.0941315,27.75,-0.896034002190764,-0.881522130147911,32476.0,12.297852553351689,223,attack,1
959.2706771537422,750.0,2506.8852545721347,2.613324178750391,0.0,0.0,45.10611132540161,3637.785217130425,1.4872188767358978,1.0,5.7677002415469065,3.8781784791527643,0.0,0.0,20.971746867997854,643.0561619001646,129.48336164403733,160.95,76.30654973766057,0.5893154824589346,163.16877675,31.200000000000017,-0.7971811413379307,-1.0624638893920384,748.4915816640039,750.0,32.966690957886435,0.04404417065666492,0.0,0.0,-21.809382210864865,473.64915241958846,133.10563493142436,163.15,75.05441614140787,0.5638710651136272,160.16117624999998,28.02499999999999,-0.8907063565137047,-0.8982275167609819,32548.0,12.309444521367622,224,attack,1
958.5115694627478,750.0,2509.4807951433886,2.6181017267741167,0.0,0.0,45.81030887214573,3737.0941594524543,1.4877256428330625,1.0,5.802986773566772,3.9005758901326706,0.0,0.0,21.08369141564711,648.8052847478875,129.91377437762313,161.8,76.85603600734093,0.591592665023663,164.58123,31.44999999999999,-0.7906954984818968,-1.0777429226172521,748.4953262435257,750.0,32.92583194182075,0.04398936210739707,0.0,0.0,-21.8366738236863,474.8403236820666,133.55544565224187,164.05,75.61006265480587,0.566132382588749,161.79638,28.19999999999999,-0.8839600691055797,-0.9157361064499274,32629.0,12.310907133778901,225,attack,1
955.020085731782,750.0,2501.175389379798,2.6189767385502454,0.0,0.0,47.18195225014549,3915.408895202531,1.4849050826699326,1.0,5.833071765007733,3.9282455377683685,0.0,0.0,21.281155860280535,658.3096379336539,130.57640808082436,162.75,77.23522238552546,0.5914944630558248,165.94431575000002,31.55000000000001,-0.7885283236028363,-1.0840460993829986,748.4967544396816,750.0,32.910234689763165,0.0439684400694556,0.0,0.0,-21.847109741305147,475.29620404863,134.22607673055728,165.0,76.00226048182448,0.5662257463904714,162.10767975,28.30000000000001,-0.8815859401131476,-0.9238008944044669,32660.0,12.317135221073228,226,attack,1
955.1341400539835,750.0,2510.9789838557135,2.6289281039768873,0.0,0.0,47.41854811592148,3952.488715726597,1.4850635368331666,1.0,5.859907522614435,3.94589684365319,0.0,0.0,21.380064885393505,663.7936690389242,130.0637304933498,163.25,78.27322949085529,0.6018067388499012,169.295181,32.5,-0.7585011183900793,-1.1431545355439479,748.5110241712916,750.0,32.753984479891024,0.04375885380733617,0.0,0.0,-21.95220092334169,479.8991253787639,133.73830718736542,165.5,77.0917854621555,0.5764375748688895,164.937759,29.19999999999999,-0.8503847984945322,-0.9916892044529955,32973.0,12.335885664764612,227,attack,1
953.5978447220182,750.0,2526.6247678042073,2.6495705519770127,0.0,0.0,48.03847315526497,4026.2774138868517,1.487049963262307,1.0,5.928735596392728,3.9869108253674277,0.0,0.0,21.389726039063284,662.6226976186384,132.00182779239591,164.75,78.05263357328475,0.5912996424264744,167.621370125,31.599999999999994,-0.7905094823205875,-1.0860524891193781,748.4969385255939,750.0,32.90822375524607,0.04396574262557363,0.0,0.0,-21.84845594823602,475.35502732200996,135.71169038874604,167.0,76.81292376957147,0.5660007885064353,164.948596,28.30000000000001,-0.8848054602746948,-0.9240195937626638,32664.0,12.327698904820794,228,attack,1
953.00700077101,750.0,2539.0381875289863,2.6642387574013955,0.0,0.0,48.974257167983886,4151.232037305602,1.489899768696993,1.0,5.991396921881892,4.021342272656186,0.0,0.0,21.465513875408746,666.8210644800351,133.6678801688109,166.1,77.97562221067093,0.5833534736407467,166.904933,30.950000000000017,-0.8167409342629193,-1.037661765951006,748.4858596761758,750.0,33.02902803415275,0.04412779160376176,0.0,0.0,-21.767873962531358,471.84033684865017,137.41185207888975,168.35,76.69205045833216,0.5581181630118948,164.985437,27.650000000000006,-0.9130196639931982,-0.8669804830020902,32425.0,12.314980788472106,229,attack,1
955.5508142524795,750.0,2554.0926851802974,2.67290095627028,0.0,0.0,49.11729938839654,4169.234018609196,1.493694134933268,1.0,6.025850655056945,4.034193155164363,0.0,0.0,21.54063370896491,670.7348647021324,133.3347643821696,166.7,79.01539051055069,0.5926090684352471,169.4927225,31.69999999999999,-0.7942375382178182,-1.0839709718194859,748.4971225664259,750.0,32.90621318930792,0.04396304567809162,0.0,0.0,-21.849802072226044,475.4138505954533,137.10625989916738,169.0,77.78172474502365,0.5673097989998924,167.15592425,28.30000000000001,-0.8896507125766825,-0.92035202291029,32668.0,12.320507328460966,230,attack,1
952.6502553438733,750.0,2542.6108882679778,2.6689867283457396,0.0,0.0,50.67829496059434,4381.054194816937,1.4916363413962876,1.0,6.053771070259186,4.058476521557785,0.0,0.0,21.74452102955488,680.8013848398683,133.8710079144743,167.65,79.59077326260663,0.5945333086119328,170.778381,31.75,-0.7931723810667006,-1.0893259373500277,748.4986391853461,750.0,32.889640069243676,0.04394081478229571,0.0,0.0,-21.86090443242805,475.8991426037522,137.6422699648023,169.95,78.38318609520132,0.5694703096312301,168.027009,28.400000000000006,-0.8881474310345145,-0.9276441995037983,32701.0,12.315632975760076,231,attack,1
956.8465637465364,750.0,2571.2274483732613,2.6871888825159287,0.0,0.0,50.54047295999207,4361.605073879603,1.498310039280168,1.0,6.10455713889531,4.074295024965672,0.0,0.0,21.773514491578872,683.5497445286245,133.99688960731447,168.4,80.34446172712077,0.5995994531109998,172.697227,32.25,-0.7811106794440243,-1.114515172315844,748.5050394324168,750.0,32.81960729040561,0.04384687552042717,0.0,0.0,-21.907942788670322,477.95795723165224,137.81072033412502,170.7,79.13096502968924,0.5742003585630677,168.787542,28.80000000000001,-0.875752952757924,-0.9558730349873619,32841.0,12.312914293453286,232,attack,1
954.5738887029544,750.0,2582.089915408365,2.7049660020732698,0.0,0.0,51.03945793750139,4425.651232055296,1.497124775610795,1.0,6.149560595277814,4.107580540686012,0.0,0.0,21.838208815557895,686.0960583081832,134.49891432156176,169.35,80.98233466339748,0.6021040026374032,174.79661149999998,32.349999999999994,-0.780506560426781,-1.1196926878316158,748.5062220464296,750.0,32.80665039139613,0.0438294959014531,0.0,0.0,-21.91666736819396,478.3403085280577,138.30754013262543,171.65,79.81744514423167,0.5771011838377964,170.8682425,28.900000000000006,-0.8750712248539468,-0.9625677500412113,32867.0,12.321123742765174,233,attack,1
950.593742507792,750.0,2576.0833406530332,2.7099729626422584,0.0,0.0,51.84955611002267,4548.344746153089,1.4904399424598418,1.0,6.151685260921426,4.1274291473755085,0.0,0.0,22.0542639526417,698.553064649492,133.19456505968378,169.55,82.41963921694327,0.6187913086394439,179.26812974999999,33.79999999999998,-0.7329595631487628,-1.2088672494899673,748.5286502037881,750.0,32.559939843958674,0.043498588644662,0.0,0.0,-22.08411022420834,485.70792439498314,136.95786741521817,171.9,81.39522116473826,0.5943084738459791,175.51703475,30.299999999999983,-0.8238284331742323,-1.0691887895581507,33368.0,12.36025275921838,234,attack,1
952.3677625488966,750.0,2599.2218883494593,2.7292207806288586,0.0,0.0,51.58963068970889,4514.88089574562,1.4939830989280063,1.0,6.199325398021878,4.149528466868297,0.0,0.0,22.044096049582972,697.8294026693278,133.5008027185637,170.35,82.94990061790224,0.6213438341099038,180.601,34.20000000000002,-0.7221746735434034,-1.229202232501184,748.5339663770193,750.0,32.501184920066244,0.04341978638240732,0.0,0.0,-22.124360527855274,487.4873287665205,137.29349136955418,172.7,81.92515550400277,0.5967155084102571,176.425008,30.650000000000006,-0.8126463749587679,-1.0924700371399134,33489.0,12.36241355661592,235,attack,1
953.5749880210828,750.0,2623.494033251855,2.751219428160852,0.0,0.0,51.698983589776766,4514.448776518245,1.4982331097268806,1.0,6.261706563470623,4.179394062791802,0.0,0.0,22.03748506018678,696.097865504419,134.61156403809184,171.5,83.15713656609537,0.6177562615836177,180.8429025,33.900000000000006,-0.7323523282758854,-1.2138547872893182,748.5297077144227,750.0,32.548260641420505,0.04348292433282854,0.0,0.0,-22.092099585615934,486.0608641007718,138.43688248388835,173.85,82.10583729726622,0.5930922151964951,176.63467799999998,30.349999999999994,-0.823768904846447,-1.0738642271651995,33392.0,12.356693206073636,236,attack,1
954.5537527792801,750.0,2649.1340420212578,2.7752591557133743,0.0,0.0,51.7248244291865,4503.977314867567,1.502283516615588,1.0,6.326104644846427,4.210992515645889,0.0,0.0,22.015606138401736,693.562824201638,135.81150892857005,172.675,83.28957510764762,0.6132733209779276,181.07832775,33.57499999999999,-0.7436227622863116,-1.1962978735362977,748.5248482663302,750.0,32.6018937957948,0.04355485842761873,0.0,0.0,-22.055457914086208,484.4432238000279,139.6636198433087,175.0,82.2106242883318,0.5886330626441265,177.317041,30.099999999999994,-0.835901021167968,-1.0529850700561638,33282.0,12.35102387703272,237,attack,1
957.7504816955684,750.0,2673.103699200778,2.791023079903241,0.0,0.0,51.6371905499257,4490.927319115252,1.5090016859344895,1.0,6.3864048228383155,4.232205227049408,0.0,0.0,21.982897849953257,691.1658440819236,136.82012682124852,173.8,83.53906591133783,0.6105758549725595,182.30767675,33.349999999999994,-0.7511653223024907,-1.185130292476256,748.5219171483623,750.0,32.634201230705195,0.04359819062484027,0.0,0.0,-22.03344366278477,483.4726396411107,140.706722225554,176.125,82.42683450066701,0.5858059458490984,177.6512845,29.875,-0.8441720818554892,-1.0390831484948753,33216.0,12.339995710684306,238,attack,1
959.2042548033214,750.0,2700.5541231971615,2.8154109092759314,0.0,0.0,51.68030267835442,4482.762811042603,1.514485726407661,1.0,6.459665134322207,4.2652532286616145,0.0,0.0,21.936195675430447,687.1491350011743,138.5018138701502,175.1,83.35299003169344,0.6018187610874143,180.63520524999998,32.75,-0.7724809824794013,-1.14748935361418,748.5121522516516,750.0,32.74160019585586,0.04374224265746864,0.0,0.0,-21.960573099732343,480.2667708686875,142.46285855270017,177.45,82.17517187090301,0.5768182156790332,177.4734815,29.25,-0.8679642778552555,-0.993148642942169,32998.0,12.33182383076891,239,attack,1
960.8568203313299,750.0,2733.0733262957006,2.844412682998141,0.0,0.0,51.526048227410264,4443.617793054046,1.5203038716172925,1.0,6.537289075056098,4.299988441193508,0.0,0.0,21.865668155213257,681.6605854063581,140.17540241456769,176.45,83.247168385537,0.5938785760666777,179.750734,32.150000000000006,-0.7956596683923213,-1.1066261546132248,748.5021203892974,750.0,32.85156671452882,0.04388974435696008,0.0,0.0,-21.886452083900473,477.01678482087135,144.17807559779726,178.8,82.00514344851315,0.5687767929243052,177.11999500000002,28.649999999999977,-0.8929217969274483,-0.9444307411602164,32777.0,12.3215774384754,240,attack,1
963.1305900095412,750.0,2774.035352101943,2.880227646050015,0.0,0.0,51.05022672140891,4359.885589983238,1.5239297036102306,1.0,6.593463916411571,4.326619463346293,0.0,0.0,21.886208195890685,683.3577654110721,142.11098514657635,177.9,83.02735983684822,0.584243081217205,178.632865,31.25,-0.8265938937623395,-1.0494695451677234,748.5111569357668,750.0,32.75252721098686,0.04375689915574298,0.0,0.0,-21.953185756924952,479.9423648780525,146.15689642941123,180.25,81.71154994292964,0.5590673580181932,177.18589550000002,27.849999999999994,-0.9262156957596892,-0.8766299609131054,32491.0,12.312774965674837,241,attack,1
965.9857988899569,750.0,2804.968325375968,2.9037366062723087,0.0,0.0,50.97164108854576,4338.229227168629,1.5315804161111284,1.0,6.671712989922909,4.356097087519055,0.0,0.0,21.817667260741608,678.429203302058,143.89032415258197,179.3,82.85232845911547,0.5758019446203935,177.1693865,30.549999999999983,-0.8536648066779943,-0.9972079433089789,748.4776906142445,750.0,33.117819231487715,0.04424690227481503,0.0,0.0,-21.709019431597167,469.2815246814631,148.00635913407336,181.65,81.43953986323599,0.550243518857612,170.816528,27.150000000000006,-0.9559406334244802,-0.8129977381847491,32251.0,12.293683754629855,242,attack,1
935.4344589288519,750.0,2060.899842365906,2.203147235698162,0.0,0.0,27.382211834510585,970.9439124376507,1.2473064237474478,1.0,2.747861835797064,2.203036706522603,0.0,0.0,27.382287027820244,970.94805190219,146.39797054258602,180.95,82.33258412465287,0.5623888351696991,149.30208333333334,29.400000000000006,-0.9016273327004355,-0.900368905946531,749.977320559133,750.0,4.046485135140686,0.005395476668712991,0.0,0.0,-178.41524607334668,31830.000031412914,150.28027342368463,183.3,81.13247748516719,0.539874433528815,70.15,26.049999999999983,-1.0004045544144973,-0.7198338384780798,31835.0,12.28432749643895,243,attack,1
931.5184496612573,750.0,2046.7645584844906,2.197234589641019,0.0,0.0,27.96575079588587,1013.9657095915262,1.2441783519773122,1.0,2.7284937561057694,2.1930085439675966,0.0,0.0,27.979740345285812,1014.6612032030013,147.5644559299321,182.1,82.52836095265494,0.5592699165430584,141.9083333333333,29.099999999999994,-0.9149613622582216,-0.8744415050894729,748.4529383960927,750.0,33.38540217542433,0.044605880293513214,0.0,0.0,-21.533539509713822,461.6933238164057,151.47561521291948,184.45,81.2941420381089,0.5366813788730218,63.25,25.850000000000023,-1.014745923414818,-0.6891546827137853,31735.0,12.276914403184344,244,attack,1
928.403340000635,750.0,2022.765948643351,2.1787577246781207,0.0,0.0,29.085709533604074,1094.940812066276,1.2421500460361303,1.0,2.6967937440678886,2.171069230060993,0.0,0.0,29.088599618851987,1095.1267571934757,149.35538446320498,183.5,82.36379052528655,0.5514618091695087,122.05000000000001,28.400000000000006,-0.9445804367626437,-0.8121338968460639,748.4412483728609,750.0,33.51102756048098,0.04477442636056632,0.0,0.0,-21.45211737981704,458.1933400774484,153.2995024894117,185.8,81.07245320172017,0.5288500737784181,55.5,25.399999999999977,-1.046655229937206,-0.6161083842554373,31497.0,12.265007277398189,245,attack,1
920.6631336993999,750.0,1827.6080496896336,1.9850996339409794,0.0,0.0,27.51015609130857,941.3018056802563,1.233973949687141,1.0,2.4378509502973893,1.9756097370738472,0.0,0.0,27.4684257735043,939.4027397100101,150.86739484703875,184.75,82.35490325711619,0.5458760876769568,113.33125000000001,27.94999999999999,-0.9672964899299272,-0.7636338653724741,748.4326395096411,750.0,33.60323875956509,0.04489814712193911,0.0,0.0,-21.392737889429164,455.64923440581765,154.8407102675265,187.1,81.01647732069839,0.5232246557169747,51.35000000000002,25.150000000000006,-1.070988626877799,-0.5595815218548665,31324.0,12.254351288582907,246,attack,1
911.7203314212875,750.0,1722.7833001717931,1.8895962290169988,0.0,0.0,29.34829707628247,1091.1589818882326,1.224155513065647,1.0,2.3005201432044093,1.8792711535834425,0.0,0.0,29.209400707295536,1084.1357102809632,151.2184678140202,185.65,83.14048379748446,0.5498037706593937,116.65,28.099999999999994,-0.963022704819653,-0.7772785065584693,748.4354365838113,750.0,33.573306774950446,0.044857986586249565,0.0,0.0,-21.41197702050556,456.4727599266583,155.19345721172724,188.0,81.8471781908079,0.5273880720315772,52.55000000000001,25.25,-1.066204039821944,-0.576194531253817,31380.0,12.26328110418471,247,attack,1
907.3323061119671,750.0,1643.2342571375757,1.811061114068605,0.0,0.0,30.171468103056252,1174.1751635143783,1.2204994863893168,1.0,2.1981805188265318,1.8010499335231616,0.0,0.0,29.87498579177968,1158.2698208257927,153.04011497551556,187.0,82.89571559162557,0.5416600451776178,108.32499999999999,27.44999999999999,-0.9925195746815327,-0.7115040215636657,748.4239856189009,750.0,33.695675714016154,0.045022175079212474,0.0,0.0,-21.333537790986867,453.1198346794646,157.06481667218796,189.35,81.5231488977698,0.5190414417757087,50.25,25.0,-1.0983839128577024,-0.49812120267543225,31152.0,12.249361174480644,248,attack,1
906.4850678733031,750.0,1628.6850538173924,1.7967036761437631,0.0,0.0,31.084722415246326,1255.4269900755576,1.221590174531351,1.0,2.1835073888677914,1.7874303791821744,0.0,0.0,30.587931702086628,1227.5012372469444,154.75702342808,188.35,82.75021092992175,0.5347105358896885,98.4,26.900000000000006,-1.0212546009228833,-0.6457516198159854,748.4131868131868,750.0,33.81066613938975,0.045176470344354465,0.0,0.0,-21.26034342721613,450.0022026431716,158.8337672293148,190.7,81.30988105065897,0.5119181045002136,49.650000000000006,24.75,-1.1302069551812448,-0.41911907969342543,30940.0,12.234278856892963,249,attack,1
904.8365991902834,750.0,1642.9168183609333,1.815705531618792,0.0,0.0,31.397303925158614,1266.2499204096587,1.2215708502024292,1.0,2.2080253608072766,1.8075295104179834,0.0,0.0,30.683914668828184,1225.85749822143,155.7661994468132,189.45,83.06379825335925,0.5332594526177781,95.72500000000001,26.75,-1.0317714134629643,-0.6236785271852341,748.4098461538462,750.0,33.846159127272315,0.04522409653108006,0.0,0.0,-21.237851231647927,449.04632493760965,159.86042719287448,191.8,81.62114871561651,0.5105775716284001,49.5,24.69999999999999,-1.1417010556049159,-0.39308367647882303,30875.0,12.240756111789048,250,attack,1
905.0988021020335,750.0,1639.6005799838997,1.8115155783833028,0.0,0.0,31.875267597958118,1295.432132014474,1.2242060253941314,1.0,2.2104633924053876,1.8056302179151031,0.0,0.0,30.885203337882256,1238.4971137374503,157.64700460169567,190.8,82.78528389807767,0.5251307128051022,65.94999999999999,26.099999999999994,-1.065128642686864,-0.5438544975133364,748.3974932271436,750.0,33.97707848013472,0.0453997759046775,0.0,0.0,-21.15529111411221,445.5463421228351,161.80960890472306,193.15,81.24749346927196,0.5021178533168089,49.0,24.400000000000006,-1.1787175060992365,-0.2966971219290615,30637.0,12.21658397669376,251,attack,1
907.9543108832133,750.0,1644.6733667015767,1.8114054275503348,0.0,0.0,32.32597420355878,1334.882372781829,1.2303191664201427,1.0,2.225031682086748,1.8084995689052934,0.0,0.0,31.029102769006943,1258.5984427839294,159.414515597049,192.15,82.59906329022438,0.518140164218229,57.875,25.599999999999994,-1.0968926587428636,-0.4657688022044555,748.386220951254,750.0,34.096102275428066,0.04555950032336166,0.0,0.0,-21.080780321934437,442.39929898165843,163.65496362580942,194.5,80.94335951146307,0.4945976444474783,48.44999999999999,24.150000000000006,-1.2141789107828007,-0.2010677523866944,30423.0,12.186304484206635,252,attack,1
908.8476711967278,750.0,1658.9713943382712,1.8253569293452838,0.0,0.0,32.11502020157219,1312.979790445942,1.233770946035097,1.0,2.2526337761513786,1.8258119818679035,0.0,0.0,30.52958387953023,1219.9708995945407,160.60621905791703,193.3,82.81366947836366,0.5156317729421163,54.36249999999998,25.350000000000023,-1.114009439049395,-0.4248957978850503,748.3805251352421,750.0,34.15608516088472,0.045639997319160956,0.0,0.0,-21.043425992320792,440.8257774942823,164.90100766384086,195.65,81.1274879610672,0.4919769085125892,48.25,24.05000000000001,-1.2339468245121108,-0.14983773153722968,30316.0,12.185076929261974,253,attack,1
908.0621060314511,750.0,1650.504196874234,1.817611577348508,0.0,0.0,33.19979044460609,1411.599147898877,1.235054077367129,1.0,2.251604916162902,1.823082047518795,0.0,0.0,31.175910519172724,1287.5822946728663,162.2619062533762,194.6,82.58720676982462,0.5089747105575263,50.900000000000006,25.05000000000001,-1.1400182707222504,-0.35777552747877417,748.3711764315573,750.0,34.25430703135764,0.045771814989844666,0.0,0.0,-20.982539573933053,438.2669669716662,166.62606202315703,196.95,80.8156346656104,0.4850119704226039,47.837500000000006,23.899999999999977,-1.263521267572894,-0.06707353189725573,30142.0,12.177408869858631,254,attack,1
902.751064526695,750.0,1587.9181267118918,1.7589767424361047,0.0,0.0,35.09487440563784,1609.0359145259483,1.2298395021290534,1.0,2.1806117669448266,1.7730864581677779,0.0,0.0,32.39298063060428,1429.7853730499892,160.96175084561827,194.95,84.43160430798686,0.5245445198279867,61.48750000000001,25.89999999999999,-1.0864925993962462,-0.5021193558200068,748.3918768424501,750.0,34.036434297106034,0.045479427757433175,0.0,0.0,-21.118068579410952,443.9728205247038,165.3043380943007,197.3,82.81418918691853,0.5009801324129542,48.70000000000002,24.299999999999983,-1.204311532159695,-0.2410634607477613,30530.0,12.207688670222986,255,attack,1
899.1748449500305,750.0,1563.5955558989963,1.7389227075028877,0.0,0.0,36.274667226664334,1742.305959596184,1.226710369870497,1.0,2.1600353474482232,1.7608356467030246,0.0,0.0,32.97880747533786,1512.34234942085,158.75001010853524,195.0,86.71147907626548,0.5462140066446737,112.62500000000001,27.5,-1.009433145719681,-0.6941949949255104,748.4223143417205,750.0,33.71349808669316,0.04504608887342713,0.0,0.0,-21.32216083999815,452.63454288675035,163.03696788315818,197.4,85.3059502306418,0.5232307208496236,50.099999999999994,24.94999999999999,-1.119432081331347,-0.4713700084493886,31119.0,12.245497865849629,256,attack,1
894.0036619629384,750.0,1482.204565997577,1.6579401506512206,0.0,0.0,37.06154058812588,1857.086355844128,1.221422483189696,1.0,2.067666611391566,1.692834903441385,0.0,0.0,32.894056986825376,1551.551435234038,156.74484650220893,195.1,88.75963503873943,0.5662682826225396,148.34999999999997,29.099999999999994,-0.9419275051964828,-0.8501851230969106,748.4501057549642,750.0,33.41588653238268,0.044646779091140565,0.0,0.0,-21.513725539295685,460.84038658014384,160.9834598567415,197.55,87.53271263220296,0.5437373051249983,61.35000000000002,25.69999999999999,-1.0453720394218182,-0.6576932374401459,31677.0,12.281338790167567,257,attack,1
894.5405557465696,750.0,1455.3915211957215,1.6269709761577824,0.0,0.0,37.33580212007419,1926.0107650709817,1.2239239833713624,1.0,2.047156141158018,1.6726170652518955,0.0,0.0,32.48884163524937,1558.0410357227777,155.96591768476546,195.55,89.99584886947831,0.57702253290604,191.45624999999998,30.099999999999994,-0.9055774185015517,-0.9297106712782037,748.4654143093802,750.0,33.25080322918016,0.044425303552417514,0.0,0.0,-21.62145749272736,465.48742410981595,160.2262105606852,198.05,88.82580670467198,0.5543775041164658,92.05000000000001,26.5,-1.006582249993731,-0.7500370639662468,31993.0,12.298437052848971,258,attack,1
892.4211851339019,750.0,1455.5598214765291,1.631023384163759,0.0,0.0,38.55210419852324,2032.9624158906502,1.2234005727412909,1.0,2.063725606820592,1.6868764432538828,0.0,0.0,32.90327873891977,1594.4171008005724,157.78579705191092,196.9,89.75172961455661,0.5688200794462421,157.03333333333333,29.44999999999999,-0.9311351348933681,-0.8771943278282324,748.4549831639235,750.0,33.36337930461191,0.04457633398815223,0.0,0.0,-21.547876183767446,462.31096803097273,162.08351625634896,199.35,88.52682278466777,0.5461802953771994,65.25,25.950000000000017,-1.0345831270671413,-0.6875134836840946,31777.0,12.290608926323866,259,attack,1
892.3443989980659,750.0,1466.6273108145456,1.6435664441456581,0.0,0.0,38.87305579941629,2066.357569514769,1.2256571229271696,1.0,2.0950721810940114,1.7093460657989452,0.0,0.0,32.5994525977624,1574.254298065146,159.70724601208133,198.3,89.46212525346486,0.5601632204383347,143.98333333333335,28.75,-0.9601287336671935,-0.8159972620029592,748.4433241383683,750.0,33.48875531219174,0.044744544085211876,0.0,0.0,-21.466508431712967,458.81098424880395,164.03499071299026,200.75,88.19380535936483,0.5376523934071865,56.82500000000002,25.44999999999999,-1.0664301431497534,-0.6146156302071621,31539.0,12.27849591698476,260,attack,1
893.3284657446125,750.0,1500.933566284362,1.680158669334795,0.0,0.0,38.829696639282396,2033.5678745868706,1.2296236732068189,1.0,2.157095874474527,1.7542732150308156,0.0,0.0,32.11414625638031,1513.6644495683624,162.6973152442383,200.0,88.5027186247767,0.5439715983752897,114.96249999999999,27.5,-1.0165995603813238,-0.6881199262814337,748.4208427146992,750.0,33.72918353970958,0.045067135513444365,0.0,0.0,-21.312157899793267,452.2080743457206,167.10398566735284,202.45,87.11408990337044,0.5213166493633787,50.05000000000001,24.900000000000006,-1.129121825236063,-0.4608750728988791,31090.0,12.249702183885594,261,attack,1
890.2619368070243,750.0,1485.8456005652506,1.6689982342661098,0.0,0.0,40.151045657459534,2180.458349667586,1.2275203486509005,1.0,2.1563465254690124,1.7566686595777685,0.0,0.0,32.45731859997946,1563.038677501867,162.82381134648162,200.8,89.29908209788047,0.5484399447440529,119.44999999999999,27.85000000000001,-1.0023832283195726,-0.7238816200980214,748.4267128116388,750.0,33.666572700822016,0.04498312543434709,0.0,0.0,-21.352141544414643,453.9139485327179,167.22845266993528,203.25,87.9873448804062,0.5261505651437793,50.45000000000002,25.05000000000001,-1.1139428578188202,-0.5032959053260058,31206.0,12.263909772615117,262,attack,1
887.3624907338769,750.0,1428.3501475724431,1.6096580174254969,0.0,0.0,40.62702690368922,2331.07339195035,1.2260289425339221,1.0,2.1072376571980853,1.718750336222003,0.0,0.0,31.677377921984963,1569.1969597198822,164.4867268584143,202.1,89.14538494400657,0.541960963334996,112.4125,27.30000000000001,-1.0261693062852404,-0.6703834020276394,748.4176362522963,750.0,33.763334414893954,0.045112959368466994,0.0,0.0,-21.290411180108272,451.2816082180792,168.93969497531182,204.55,87.77004312172042,0.5195347554909862,49.900000000000006,24.849999999999994,-1.1405594390532758,-0.43784942263314663,31027.0,12.261427600743755,263,attack,1
889.7205186385737,750.0,1455.242454653292,1.6356175047868569,0.0,0.0,40.88708854521495,2369.514058538839,1.2315721231766612,1.0,2.161424351433574,1.7550124030564238,0.0,0.0,31.41608799642817,1554.725227667693,166.22618642752772,203.35,88.86406083516714,0.5345972421373609,104.8,26.849999999999994,-1.05012719528912,-0.6142062861436681,748.4085575364668,750.0,33.859840069856375,0.0452424544440174,0.0,0.0,-21.229194041966508,448.67867967146606,170.73398799513777,205.8,87.39963905806945,0.5119053334627107,49.45000000000002,24.650000000000006,-1.1673286646935392,-0.36924448734316817,30850.0,12.244546239956295,264,attack,1
891.5568939835503,750.0,1472.7488537459474,1.6518843202093174,0.0,0.0,40.914736709188915,2370.0166076978667,1.2361246033288,1.0,2.2034657468636536,1.7825595744392346,0.0,0.0,30.967136248282294,1513.0622532012908,166.7519875479973,204.3,89.49200784369167,0.5366773083765051,107.25625,26.94999999999999,-1.0478143118434402,-0.622648277371399,748.4102065928372,750.0,33.84233143407892,0.04521896031876326,0.0,0.0,-21.24027461245855,449.1492656126511,171.27668851916977,206.75,88.03801753359372,0.5140105071785076,49.55000000000001,24.69999999999999,-1.1647141660398415,-0.3793315165219422,30882.0,12.244648922038715,265,attack,1
891.1237884602875,750.0,1472.3466668237488,1.652235846343769,0.0,0.0,42.03581586812955,2531.2474365732533,1.2379171274312106,1.0,2.2262474235804355,1.7983816317333772,0.0,0.0,31.08032223369713,1552.0877213294016,168.23832911890557,205.5,89.38498920661986,0.5312997916393081,86.69999999999999,26.599999999999994,-1.0665321645358044,-0.5780472272732102,748.4031743966694,750.0,33.91693137058805,0.04531906401643797,0.0,0.0,-21.193142178442187,447.1492753956655,172.82552682963637,208.0,87.87523916831707,0.5084621512824348,49.19999999999999,24.5,-1.186354348991093,-0.3235599509266849,30746.0,12.235411054560137,266,attack,1
893.3289934247113,750.0,1497.4150338439358,1.6762190020312335,0.0,0.0,42.33753796036117,2556.4379296067864,1.2433183944518957,1.0,2.279987863073959,1.8337924326126203,0.0,0.0,30.847726973704166,1527.071834993595,169.91286551631774,206.8,89.21379222194139,0.5250561336297025,67.9,26.149999999999977,-1.0920334504491016,-0.5163398854199661,748.3939284896463,750.0,34.01476392361042,0.04545034724193516,0.0,0.0,-21.131643265069542,444.54634708215923,174.55800838480158,209.25,87.63630767463074,0.5020469039807232,48.80000000000001,24.349999999999994,-1.2151489721053446,-0.24781131318022087,30569.0,12.221895567704765,267,attack,1
893.4814103625228,750.0,1514.920657134036,1.6955256590278351,0.0,0.0,41.95786101188128,2494.2084423010174,1.2463499420625723,1.0,2.3272986108517713,1.8672914663118991,0.0,0.0,30.050116448031893,1441.9630229067584,172.65862228539996,208.4,88.3020370441704,0.5114255857909579,53.25,25.25,-1.1455974210810596,-0.3793855616262367,748.3745737460686,750.0,34.21864615719843,0.045723956101171845,0.0,0.0,-21.00460503873374,439.1934328331989,177.3705090778348,210.85,86.58966341682587,0.488185233650246,48.0,23.94999999999999,-1.2753501949877053,-0.08005918346894525,30205.0,12.198467081599398,268,attack,1
890.7680520847034,750.0,1341.3388144192788,1.505822768654629,0.0,0.0,32.49089003726989,1306.0418596057384,1.2445416283046167,1.0,2.1540251948373386,1.7307779393218614,0.0,0.0,22.329786523162404,665.917349232463,172.25897858959294,209.05,89.53356776902778,0.5197613993888907,59.94999999999999,25.700000000000017,-1.1175212463315958,-0.4557820490741271,748.3856372484546,750.0,34.10225417068836,0.045567756078363705,0.0,0.0,-21.076943210244117,442.2375350878555,176.96366253202686,211.5,87.89548110100021,0.4966866069755586,48.412499999999994,24.150000000000006,-1.2437169278429818,-0.17347357157303067,30412.0,12.202778184131725,269,attack,1
893.2578044653817,750.0,1374.8324100695002,1.539121632295553,0.0,0.0,32.402689392374555,1298.670548972162,1.2505722721693262,1.0,2.2211030734816717,1.776069342740822,0.0,0.0,22.0813054630575,649.8828453168026,174.49427964242122,210.45,88.9480543023355,0.5097476804661474,52.22500000000002,25.19999999999999,-1.1577366739091126,-0.3517248620168494,748.371230468102,750.0,34.253740114654384,0.04577105415079741,0.0,0.0,-20.982890000637102,438.2816727788369,179.2835555992768,212.95,87.17587123804259,0.4862457738895616,47.82499999999999,23.899999999999977,-1.2895503839377425,-0.0441206359353421,30143.0,12.187624574419765,270,attack,1
896.6288833479344,750.0,1377.671034693791,1.5365008425221445,0.0,0.0,32.72126063394926,1333.3720550871271,1.2582384257699306,1.0,2.257684205342414,1.7943214569694221,0.0,0.0,21.81382359167877,636.9639363640578,177.88501132905296,212.25,87.53980393609227,0.49211455918655517,49.30000000000001,24.599999999999994,-1.2319080628823578,-0.14775950512700797,748.3457106274008,750.0,34.52043240876844,0.04612899081071378,0.0,0.0,-20.819305295615255,431.44347299203343,182.7867541852551,214.65,85.51576605322022,0.4678444367284385,47.0,23.5,-1.3736416309589332,0.20906788883839722,29678.0,12.127085480736007,271,attack,1
899.4566047852021,750.0,1390.6789419030392,1.5461323364623525,0.0,0.0,32.563318298645314,1324.415005272096,1.263889819717177,1.0,2.2980810367861686,1.8182605801037424,0.0,0.0,21.515445799218828,618.0071390193,177.58512760719287,212.95,88.83618988845602,0.5002456629417531,49.70000000000002,24.80000000000001,-1.2076982966013246,-0.22045505389260045,748.3548019569733,750.0,34.42566354428672,0.04600179414131163,0.0,0.0,-20.877145998634592,433.8552250483047,182.51359603391197,215.4,86.87613424501562,0.4759981510028085,47.25,23.599999999999994,-1.3468160199777253,0.12119789073941467,29842.0,12.127862422804407,272,attack,1
902.2461385482267,750.0,1409.8774538971331,1.562630632219406,0.0,0.0,32.59189716441459,1324.9255979324369,1.2691083858137222,1.0,2.342967453272115,1.8461523692240518,0.0,0.0,21.409539288572198,608.9226945450777,176.4309625731426,213.4,90.61144798864059,0.5135801940154127,53.037499999999994,25.25,-1.158364750296615,-0.35873694224497976,748.3726881007624,750.0,34.23844399548824,0.0457505258274181,0.0,0.0,-20.99234931050715,438.6787295743497,181.36214055986082,215.9,88.77056252683272,0.48946578515670364,47.89999999999998,23.900000000000006,-1.2915568975878853,-0.04784099594161484,30170.0,12.143118174347363,273,attack,1
901.5855107273849,750.0,1410.9872274124461,1.5650065474921886,0.0,0.0,32.87400777140986,1349.7778862646953,1.2690123016001817,1.0,2.3642639662670693,1.8630741114848233,0.0,0.0,21.398219555828668,606.245295146099,173.55243694189372,213.35,93.46575714933851,0.5385447695017463,109.82499999999999,26.900000000000006,-1.0680798053770655,-0.593257551887846,748.4064396767178,750.0,33.8823127738615,0.04527260987825991,0.0,0.0,-21.214988603374323,448.07574144130194,178.44022955003408,215.9,91.86136921767019,0.5148019000497449,49.349999999999994,24.599999999999994,-1.1910349782746867,-0.33268280664919203,30809.0,12.194394566819156,274,attack,1
902.6789055946313,750.0,1419.5559883934357,1.5726034801470368,0.0,0.0,32.87080451473042,1353.901273769542,1.2722139768987546,1.0,2.3998446603173673,1.8863530065653036,0.0,0.0,21.200935122578088,593.5947573119197,173.28391167632262,214.05,94.53129029044482,0.5455283723454951,118.94375,27.399999999999977,-1.0444302010753865,-0.6528329425673558,748.4159514744789,750.0,33.78126441823939,0.04513701819380761,0.0,0.0,-21.279011171673062,450.7963164441871,178.1674940357166,216.6,92.98718301614056,0.5219088000277972,49.80000000000001,24.80000000000001,-1.1646532917438301,-0.4049331000359664,30994.0,12.201304773299073,275,attack,1
900.7986140345196,750.0,1402.4973553602113,1.5569488379635386,0.0,0.0,34.10484555895256,1462.0362022856752,1.2721090638256534,1.0,2.4136824042338128,1.8973863742272774,0.0,0.0,21.374055767206634,604.7556344259773,174.66810295660187,215.25,94.53191958719312,0.5412088297007529,114.47500000000001,27.05000000000001,-1.0601700570548298,-0.6169611002626527,748.4101551115573,750.0,33.842878167885566,0.04521969395623845,0.0,0.0,-21.23992843212793,449.1345598019169,179.58241971341604,217.75,92.95195413851737,0.5176005217373358,49.55000000000001,24.69999999999999,-1.1821396913943816,-0.36164422049671874,30881.0,12.192097423362133,276,attack,1
903.3985723556133,750.0,1421.9342075000172,1.5739832350989016,0.0,0.0,33.82092865122561,1447.6807602834988,1.2778715120051913,1.0,2.4650200987658333,1.9290046578296514,0.0,0.0,21.07845622488885,588.0101893887528,175.79467661851663,216.35,94.67194619854384,0.5385370479902913,111.93125,26.900000000000006,-1.0691986260707438,-0.5967055001557178,748.4070084360804,750.0,33.876279120162884,0.045264513477703716,0.0,0.0,-21.218800752067494,448.23750535594036,180.75868053517198,218.85,93.02854282849127,0.5146560184720412,49.39999999999998,24.599999999999994,-1.19239421773725,-0.33606920345768554,30820.0,12.186172337509323,277,attack,1
905.8432324016563,750.0,1440.1975494721898,1.589897123428083,0.0,0.0,33.73282188271738,1444.9966187460416,1.2830615942028984,1.0,2.5128243217096395,1.9584596196028536,0.0,0.0,20.913773344473164,577.6329948184323,176.10021420507692,217.2,95.30130068184651,0.5411765176552465,116.36250000000001,27.150000000000006,-1.057486692908956,-0.6266692573287331,748.4117494824017,750.0,33.825941731152916,0.04519696778484142,0.0,0.0,-21.250657400109688,449.5904399368363,181.08165448615426,219.725,93.66390799531348,0.5172468092424853,49.61250000000001,24.724999999999994,-1.1794237759204307,-0.37199621870145183,30912.0,12.179040008132501,278,attack,1
908.6754876462938,750.0,1470.170285430832,1.617926647541639,0.0,0.0,33.38729861031822,1423.4618112692506,1.289369310793238,1.0,2.5768129563191065,1.9985065060481508,0.0,0.0,20.65550722591002,563.3441889596868,177.77528217674728,218.45,95.05649617975222,0.5347002970032999,110.225,26.75,-1.0786340320252608,-0.5766952237810585,748.4039011703511,750.0,33.90922917927353,0.04530872851711009,0.0,0.0,-21.197998885213874,447.35515673752894,182.80191760780235,220.95,93.34169881029663,0.5106166282706032,49.25,24.549999999999997,-1.203055062987753,-0.31088225119420443,30760.0,12.166795392060747,279,attack,1
910.513691915561,750.0,1491.750056517828,1.6383609272030248,0.0,0.0,33.385676147647295,1428.3485561998302,1.294392523364486,1.0,2.632731100228127,2.0339511027033184,0.0,0.0,20.508044677717667,554.883791049719,179.4893935382642,219.7,94.73252166385778,0.5277889673389662,71.9375,26.350000000000023,-1.100550501947896,-0.5224170533532533,748.395660414352,750.0,33.99645974703509,0.04542578417439356,0.0,0.0,-21.14312273034229,445.03163879031655,184.61185028929484,222.2,92.90340050120389,0.5032363868062651,48.900000000000006,24.350000000000023,-1.2285025611159646,-0.24236967534963005,30602.0,12.152092219842757,280,attack,1
910.196111691023,750.0,1447.7917920858745,1.590637197291549,0.0,0.0,32.96037185126287,1426.7993338022154,1.2959942588726514,1.0,2.619994407866752,2.021609578846291,0.0,0.0,19.912672680373465,522.7425535416959,179.93690055877087,220.6,95.34023525106899,0.5298537151357068,77.8125,26.5,-1.0938581776504743,-0.5411974442156788,748.3984864300626,750.0,33.966571092473956,0.0453856758242497,0.0,0.0,-21.161893878048545,445.8257525057883,185.08143639891048,223.125,93.52216524948037,0.5053027849206324,49.01249999999999,24.42500000000001,-1.2211957207752953,-0.264707760090658,30656.0,12.151765815349986,281,attack,1
911.0117539803991,750.0,1426.03562523055,1.5653317523071517,0.0,0.0,33.11265380206577,1489.583570767455,1.2990915898805067,1.0,2.6304938859552065,2.0248717692007885,0.0,0.0,19.700462772926947,518.7388915382504,180.38468811005828,221.5,95.9322379714763,0.5318202945969841,91.69999999999999,26.650000000000006,-1.0865875165954322,-0.5613711322130173,748.4014586657116,750.0,33.93510732204638,0.045343454277264,0.0,0.0,-21.181689820808167,446.66398366492933,185.54100682183443,224.05,94.13379373384164,0.5073476496989883,49.150000000000006,24.5,-1.21325415593169,-0.2886540580096133,30713.0,12.15265591867714,282,attack,1
911.8531191049242,750.0,1444.7209801510842,1.5843790517152845,0.0,0.0,33.053959098277275,1492.3558956014772,1.3022832238339948,1.0,2.6810101905129446,2.05869978315462,0.0,0.0,19.60185330246645,512.9834262938776,181.02686481272073,222.45,96.33656162205972,0.532167210218901,112.18125,26.75,-1.082551212391967,-0.5725497607617913,748.4031743966694,750.0,33.91693137058805,0.04531906401643797,0.0,0.0,-21.193142178442177,447.1492753956653,186.21246985185064,225.0,94.51960411434109,0.5075900888352979,49.19999999999999,24.5,-1.2090761141170803,-0.3010907169563053,30746.0,12.157325141449622,283,attack,1
913.0570827262425,750.0,1450.069695057218,1.5881479071686753,0.0,0.0,33.43255467528222,1541.2275808037255,1.3056499919054558,1.0,2.716599833173675,2.080649370057506,0.0,0.0,19.63532655893303,516.0562420949441,181.0220985302851,223.2,97.19223103691232,0.5369081003149017,118.92500000000001,27.150000000000006,-1.0642757604525037,-0.6185288318000621,748.4103610166748,750.0,33.84069139162962,0.04521675962056282,0.0,0.0,-21.241313119599777,449.1933830448815,186.22157379553184,225.75,95.40699340044894,0.5123305074481017,49.55000000000001,24.69999999999999,-1.189023016452887,-0.3560545473255363,30885.0,12.155107886471152,284,attack,1
913.2982010995088,750.0,1461.4191404751914,1.6001555009259916,0.0,0.0,33.953298778368236,1596.1421386748636,1.3085455905793566,1.0,2.764332753807502,2.112523074250396,0.0,0.0,19.681476499441718,518.9447671562962,182.61783986301057,224.45,97.03080058975497,0.5313325393759006,113.225,26.75,-1.0845250397784532,-0.5702411822792137,748.4029146742135,750.0,33.9196834254087,0.04532275698067563,0.0,0.0,-21.191407370564683,447.0757463452235,187.87984401753357,227.0,95.16548955155808,0.5065231454134959,49.19999999999999,24.5,-1.211946731549455,-0.2964097812695967,30741.0,12.146606858898284,285,attack,1
913.7715051128753,750.0,1493.7328427614968,1.6346896728597164,0.0,0.0,34.10292000076316,1603.6915881024165,1.3117383776013591,1.0,2.83179439673938,2.1588103581429023,0.0,0.0,19.688520398472424,517.8243130053961,184.17247558208544,225.65,96.89322679803315,0.5261004745242074,73.9,26.400000000000006,-1.1036638017076779,-0.5242514931382214,748.3960273122284,750.0,33.99258084035333,0.045420578944590964,0.0,0.0,-21.145556967276914,445.134579456353,189.4779414391519,228.2,94.96008109149741,0.5011669451876142,48.900000000000006,24.350000000000023,-1.233582568228031,-0.23931292994809716,30609.0,12.144018043699742,286,attack,1
919.7463725297091,750.0,1533.3089749709561,1.6670997796421623,0.0,0.0,33.65151558516691,1567.4920372748288,1.3223360252117393,1.0,2.9063580128243136,2.197896720206902,0.0,0.0,19.514063052979512,508.5111826523934,185.75663389992778,226.9,96.80435787285872,0.5211354008762341,63.849999999999994,25.94999999999999,-1.1260465977537013,-0.46913025761712124,748.3882870461558,750.0,34.07431780725588,0.04553026603575691,0.0,0.0,-21.094379002923244,442.97282551896853,191.12451163226314,229.45,94.78194403847083,0.4959172595341297,48.57500000000002,24.200000000000017,-1.259045375720676,-0.1703515041982846,30462.0,12.113563390198014,287,attack,1
921.2274477538259,750.0,1564.9776856957546,1.6987961979547468,0.0,0.0,33.68236021268946,1575.2739098901618,1.3267401678459767,1.0,2.9721659996417653,2.24020201669722,0.0,0.0,19.491173026173506,508.0556358259765,187.01779806020846,228.0,96.84385434200296,0.5178322884051125,60.94999999999999,25.80000000000001,-1.1383279769061598,-0.4387883900837948,748.384202731611,750.0,34.11736840619936,0.04558803924731518,0.0,0.0,-21.067521882274388,441.84047826011016,192.41897539960507,230.55,94.7741529946455,0.4925405760935157,48.400000000000006,24.149999999999977,-1.272868029184892,-0.13287350651327356,30385.0,12.099705456088095,288,attack,1
925.9553229086787,750.0,1597.1151524525303,1.7248296034797395,0.0,0.0,33.462801822106805,1560.8818139501932,1.3365451938785717,1.0,3.046461769102882,2.279355597592804,0.0,0.0,19.31245907471521,498.4762758231182,190.20235318605495,229.65,95.54774732891399,0.5023478717713323,50.599999999999994,25.049999999999983,-1.198726028722906,-0.2787976618229626,748.3630847197679,750.0,34.339093475117906,0.045885605765784834,0.0,0.0,-20.930260432190064,436.0758017593006,195.7186384679425,232.15,93.21767750203031,0.4762841098411728,47.54999999999998,23.75,-1.3412872736010117,0.0663161840907649,29993.0,12.054067855249402,289,attack,1
925.7649844901771,750.0,1619.974628630867,1.7498767568131715,0.0,0.0,33.47157100820651,1566.2767491275056,1.338547746906374,1.0,3.102862483391351,2.318081286650123,0.0,0.0,19.266753193032333,495.61067688244697,190.9977112477558,230.65,96.00153521566541,0.5026318618610851,50.55000000000001,25.0,-1.2023018222860105,-0.2713891040781067,748.3624295387078,750.0,34.345949339583505,0.045894807093341684,0.0,0.0,-20.92604434867345,435.8993320826477,196.53823122641006,233.2,93.66393316479432,0.47656851585732657,47.50000000000003,23.75,-1.34545088945108,0.07629023753490882,29981.0,12.05524104458521,290,attack,1
927.7801173512154,750.0,1644.5388138757908,1.77255233553711,0.0,0.0,33.35164915628583,1561.731352929506,1.3440067057837384,1.0,3.1647497445249186,2.3547127636386604,0.0,0.0,19.15354161461429,489.3277394562072,192.7095534272003,231.95,95.77291933944285,0.49698065112077017,49.79999999999998,24.849999999999994,-1.228277534802031,-0.20155903349447168,748.3538642078793,750.0,34.43545090259523,0.04601493030178258,0.0,0.0,-20.87115776264144,433.60522635306836,198.31379785589272,234.4,93.3256946810677,0.4705960739498521,47.19999999999999,23.599999999999994,-1.3753534985150762,0.16497285127826178,29825.0,12.04101467018148,291,attack,1
928.1734833561484,750.0,1662.9651891563797,1.7916534128332615,0.0,0.0,33.29071667868934,1565.7830771835306,1.3462989549597677,1.0,3.21337907135626,2.3868243078687437,0.0,0.0,19.107299618346357,486.96720575893613,192.68443985998277,232.7,96.7680956215524,0.5022102235752429,50.32500000000002,25.0,-1.2094591168784572,-0.2563526542094201,748.3607892891723,750.0,34.36310698209777,0.045917834651301594,0.0,0.0,-20.915500421797674,435.4581578942186,198.29827275316353,235.25,94.36630113165407,0.4758806005795056,47.474999999999994,23.69999999999999,-1.354020490732686,0.09746470778090144,29951.0,12.058007966639394,292,attack,1
929.6813085344942,750.0,1669.9650546466887,1.7962768954440345,0.0,0.0,33.406629742621384,1591.5731921076679,1.3491623796332937,1.0,3.2444033611610363,2.404753801423721,0.0,0.0,19.142114007480686,489.4836950284,191.11840043899386,233.1,98.80992637951987,0.5170089648749472,59.0,25.650000000000006,-1.1533035433683663,-0.4091185644720534,748.3809523809524,750.0,34.15158950560922,0.04563396408868629,0.0,0.0,-21.046221132514248,440.94342395868944,196.7306340234138,235.65,96.54695283228165,0.4907570867727247,48.25000000000003,24.05000000000001,-1.2909936641493525,-0.08992764629545702,30324.0,12.07777630037886,293,attack,1
931.5915811559519,750.0,1702.1300026276672,1.8271204217148505,0.0,0.0,33.32972488375057,1590.0336506246556,1.3532439432186998,1.0,3.3037586743908136,2.441362247321648,0.0,0.0,19.151463930009022,490.83048390379247,190.77518507043285,233.8,99.95195962076107,0.5239253710269474,67.85000000000002,26.149999999999977,-1.1276536452927242,-0.4771993818048119,748.3904533980265,750.0,34.05146114869372,0.0454995931523243,0.0,0.0,-21.108665606369332,443.5757636815199,196.4017923547848,236.35,97.75779724977014,0.4977439160696567,48.64999999999998,24.25000000000003,-1.2626231775046992,-0.17233978648093196,30503.0,12.090623217153658,294,attack,1
932.7158361307564,750.0,1723.6214777927826,1.8479599155762054,0.0,0.0,33.53547834544658,1629.4293655302863,1.3562559071798717,1.0,3.3531933978698283,2.472389893469504,0.0,0.0,19.22022347800709,498.2520855370664,190.4455192073201,234.5,101.06780467512772,0.5306914286867769,86.77499999999998,26.649999999999977,-1.1025756964210995,-0.5423653234830019,748.3998957077209,750.0,33.951656296554205,0.04536566144821276,0.0,0.0,-21.171273210856402,446.22280936872596,196.05722224779194,237.1,98.97164387614283,0.5048099873161265,49.10000000000002,24.450000000000017,-1.2346490653916462,-0.252099474578825,30683.0,12.108465062128753,295,attack,1
933.7647213373182,750.0,1710.1998138078297,1.831510416626704,0.0,0.0,33.80930438438214,1700.5800170153493,1.3607015008703078,1.0,3.383204248163614,2.4863676904888465,0.0,0.0,19.115270732850934,496.9164693600978,192.66648583713268,235.9,100.48742149550112,0.5215615007399182,63.85000000000002,25.950000000000017,-1.136920677333919,-0.4569728107701354,748.3875989359257,750.0,34.081574656553876,0.0455400045444524,0.0,0.0,-21.089847083507067,442.7816500057117,198.34703407957568,238.45,98.24987044255725,0.49534328001668015,48.55000000000001,24.19999999999999,-1.2732331187993038,-0.14657144556324075,30449.0,12.090082949159179,296,attack,1
935.3599973708426,750.0,1739.5816566349663,1.8597990736450893,0.0,0.0,33.554546389692575,1682.066878313822,1.3650913632180885,1.0,3.4458057069564547,2.524230831578376,0.0,0.0,19.022733927436725,491.8375297692294,193.59813105196977,236.95,100.74578527291729,0.5203861459069197,61.99999999999997,25.900000000000034,-1.1407726815753458,-0.4485272740127044,748.3864861311949,750.0,34.09330705977961,0.04555574919053646,0.0,0.0,-21.082524232750004,442.4728280244905,199.30238544031812,239.5,98.48982450811428,0.49417283335832146,48.44999999999999,24.19999999999999,-1.2776885997827272,-0.1356373700050617,30428.0,12.084281318887593,297,attack,1
937.1293543815707,750.0,1761.2004731032055,1.8793568517181438,0.0,0.0,33.722078413170735,1704.4864914252312,1.369970009557394,1.0,3.503505603927129,2.5573593432596615,0.0,0.0,19.02408597215622,492.20610567586,194.98755762267083,238.05,100.62259756621427,0.5160462482479706,59.474999999999994,25.700000000000017,-1.1535108530253513,-0.4163667233691699,748.3819661865999,750.0,34.14091943480117,0.0456196447500828,0.0,0.0,-21.05285810318676,441.2228343129162,200.7498967837063,240.6,98.27329630447973,0.4895309929367595,48.30000000000001,24.099999999999994,-1.2924750454658738,-0.0943372585999489,30343.0,12.07847474730486,298,attack,1
937.9465832372798,750.0,1768.7500461852683,1.8857684198608713,0.0,0.0,34.35498898693921,1775.0641108800935,1.3731598880289808,1.0,3.5454320054139785,2.5819513345259844,0.0,0.0,19.150029288991735,499.550173909762,195.58738332789665,239.05,101.17500805016016,0.5172880087083284,60.14999999999998,25.75,-1.1513092527586049,-0.4240514174177701,748.3831384818047,750.0,34.128577101425996,0.04560308129156995,0.0,0.0,-21.060540403648336,441.5463620937039,201.3615284868105,241.6,98.84604595176255,0.49088843680602634,48.35000000000002,24.099999999999994,-1.2900239432345317,-0.10367879984832884,30365.0,12.077085009570542,299,attack,1
1217.0536912751677,750.0,1129.9235246749627,0.9284089377281997,750.0,722.0,1.196100677064965,1.0623553411903917,1.8456375838926173,1.0,1.317027526758062,0.71358945995255,1.0,0.0,1.6517538959968476,2.1977082814279623,0.5744093381991051,0.559962,0.3076097231945603,0.5355235417289383,0.577114125,0.2859610833333333,0.08189547857190341,-1.4302925704089138,585.248322147651,750.0,302.99768324895126,0.517724992592988,0.0,0.0,-1.2953783675395827,-0.32199488491048545,0.7537837617449664,0.7724975000000001,0.1886255928963608,0.2502383342136521,0.31258675,0.17041800000000007,-0.36297464459647505,-0.6725473715399519,298.0,3.5507115414596,2,baseline,0
1521.6791208791208,750.0,1369.640855429176,0.9000851997219312,1500.0,694.0,1.4860263090904486,2.2735264296661306,2.320879120879121,2.0,1.6395869543859618,0.7064508184144058,2.0,1.0,1.7699229580779114,3.3676508407229413,0.7829637881493109,0.6686,0.5290766289158806,0.6757357580565219,0.6559545,0.330975,0.5941187988683737,-0.8396886312103691,642.0967032967033,750.0,257.41611989217097,0.40089930157019177,0.0,0.0,-1.9664402012020288,1.8668870649034792,1.3291646175824177,1.570754,0.6165305439870128,0.4638481462953805,1.166165,0.32501099999999994,-0.5803714201966642,-1.3113282592098492,455.0,4.166178036674282,3,baseline,0
1559.9149606299213,750.0,1363.5559991606674,0.8741220089395382,1500.0,666.0,1.7953714939798493,4.032305227209442,2.393700787401575,2.0,1.7048216953200783,0.7122116950843748,2.0,1.0,1.8190569807944799,4.415174309267018,1.0125629399387008,0.8479736666666667,0.7681169349808612,0.7585868538970644,0.9486779999999999,0.4703844666666668,1.0566399299779852,0.1256617205535,672.6834645669292,750.0,223.25924825481218,0.33189346849568474,0.0,0.0,-2.54129194453932,4.458164747380437,1.8109958850393701,1.843502,0.9805365610390826,0.5414350022213144,1.9171845,0.9527,-0.2653201787817346,-1.4911669722205132,635.0,4.503079857896653,4,baseline,0
1597.8699186991869,750.0,1445.082154392391,0.9043803487888556,1500.0,638.0,2.189471686037614,6.936188398893879,2.4905149051490514,2.0,1.8936613724236107,0.7603493432255847,3.0,1.0,1.9620184645329801,6.040764991279632,1.3803146554598444,0.99985625,1.014018982166829,0.7346288602789732,1.130155125,0.4437829285714286,1.1058350060495539,0.2601244460853085,683.4742547425474,750.0,208.82028946877094,0.3055276596298859,0.0,0.0,-2.8203605644995124,5.95443371378402,2.4877309295392953,2.485913,1.2160916581531076,0.4888356870565244,2.288915,1.1167715,-0.295887942844925,-1.2518067512958144,738.0,4.654874687914619,5,baseline,0
1708.2741738066095,750.0,1659.9157440478427,0.9716916461653179,1500.0,610.0,2.6232556174922403,9.928462326906024,2.6842105263157894,2.0,2.247404681828327,0.8372684108772199,3.0,1.0,2.2190129070290165,7.641850745936354,1.7606947301003357,1.2913810000000001,1.2718509999945267,0.7223574752916131,1.537864,0.6364670000000001,1.0465845614904472,0.13264165702217845,689.9069767441861,750.0,199.4391921029412,0.2890812802678646,0.0,0.0,-3.0175310436363154,7.105493599308879,3.2054201750305995,3.364038,1.4436969063495744,0.4503924064606577,2.3060080000000003,1.2076859999999998,-0.37668046926941845,-1.0668689022633369,817.0,4.815068744343725,6,baseline,0
1815.3226544622426,750.0,1854.7676530832227,1.0217289188365608,1500.0,582.0,2.9774033553023767,13.382656278361704,2.876430205949657,2.0,2.5731082589750627,0.8945491719746239,3.0,1.0,2.419715931280387,9.539782600335094,2.164039281012542,1.6756975,1.5582601334621544,0.7200701702295594,1.9313179166666665,0.8763652857142858,0.9472609536184319,-0.15885642004135114,693.8260869565217,750.0,193.3961134841521,0.27873860196362316,0.0,0.0,-3.1523496668561655,7.937308422128163,3.975555897025172,4.309029499999999,1.6450316092927768,0.41378656266000957,2.85316325,1.3561765000000006,-0.45861897538771085,-0.9229308284271482,874.0,4.80643739956541,7,baseline,0
1871.6185671039354,1500.0,2004.4377053050066,1.070964853916036,1500.0,750.0,3.3890643316112814,17.833881738134842,2.9646821392532794,2.0,2.8436847152438096,0.9591870499682149,3.0,1.0,2.6825729875076676,11.989824388453371,2.3703103940972223,1.70273225,1.8618851967541235,0.7855026925548533,2.367208202380952,1.01812125,0.9498865077754959,-0.12676168658406484,700.4581231079718,750.0,182.52352601804384,0.2605773564423477,0.0,0.0,-3.412799762340574,9.647202217831875,4.445217428859738,4.5784,2.1193596839754028,0.476773007820913,3.7079545000000005,1.9229260000000004,-0.5525685746192428,-0.8613356266638723,991.0,4.97008316025498,8,baseline,0
1925.3384030418251,1500.0,2132.3261712722347,1.1075072142660176,1500.0,750.0,3.6429579873330273,20.554877984050105,3.0722433460076046,2.0,3.0899858961039164,1.0057751122219432,3.0,1.0,2.7925881932968584,12.824400081982018,2.758865539007017,1.948289,2.124064461724722,0.7699050322290172,2.8482848125,1.1171342499999999,0.9590616329293635,-0.15795185305449655,703.3307984790874,750.0,177.53069911285576,0.25241422598975577,0.0,0.0,-3.5411430254016865,10.539693926351022,5.161009239543726,5.4617945,2.3549882934925375,0.4563038320971378,3.950561,2.0761890000000003,-0.5411377059272054,-0.927810158339319,1052.0,5.051854801828804,9,baseline,0
2035.5433364398882,1500.0,2323.1560008974693,1.1412952794022102,1500.0,750.0,3.6850478599580687,20.835584673674404,3.271202236719478,2.0,3.407693744076089,1.0417251815936306,3.0,1.0,2.770268768967365,12.384969155164967,3.2082579579636676,2.4143086666666664,2.3865203420572407,0.7438679723783816,3.3357350000000006,1.4090953333333336,0.9321369057612521,-0.24122755218756975,704.2441752096925,750.0,175.90369523225127,0.24977657100234446,0.0,0.0,-3.5842814421091647,10.847073456248163,6.055131917986952,6.439731,2.449303638328242,0.404500458702231,4.243867999999999,2.106171999999999,-0.5528087931864003,-0.9042508865508507,1073.0,5.032218502684937,10,baseline,0
2053.3873720136517,1500.0,2481.653406118574,1.2085656315714768,1500.0,750.0,4.027957618635253,24.160102781577656,3.304607508532423,2.0,3.684236219124039,1.1148786080075843,3.0,1.0,2.993674169636883,13.95079274148899,3.4520680983820466,2.772705833333333,2.71725254786749,0.7871375854784098,3.6314330178571432,1.7728133333333331,0.8805077348429244,-0.29511329406002007,708.1092150170648,750.0,168.790725133796,0.23836820868053285,0.0,0.0,-3.78112262701775,12.29688832054561,6.499884293515358,7.368748,2.972559457133893,0.457324980399956,5.509567999999998,2.1995575,-0.6313310874793616,-0.7705831452692307,1172.0,5.152975315802241,11,baseline,0
2086.0251968503935,1500.0,2630.709601464809,1.2611111339579277,1500.0,750.0,4.344680815246772,27.307106514637194,3.3566929133858268,2.0,3.9404442483306052,1.1739066843490191,3.0,1.0,3.204962188273359,15.46558851106536,3.7363577948000506,2.7917166666666664,3.0161117530221198,0.8072331180969047,4.054689857142858,1.7919143939393938,0.8882549684689224,-0.3266537622810284,711.3417322834646,750.0,162.53248176440073,0.2284872015629651,0.0,0.0,-3.9664900059880415,13.733042967603012,6.9725154574803145,8.0831575,3.3884068840124066,0.4859662061239644,5.52474575,2.4833784999999997,-0.5563386479978023,-0.9945754546892767,1270.0,5.330373886836598,12,baseline,0
2141.4992805755396,1500.0,2791.037682727046,1.303310119243626,1500.0,750.0,4.413201295839986,27.44731920093372,3.4287769784172664,2.0,4.194073321033363,1.2231980520848456,3.0,1.0,3.271174552897538,15.51956815361078,3.9292915014668965,2.6670142500000003,3.33950986061179,0.849901275933606,4.448597875,1.839532916666667,0.9149705219949413,-0.30827615514017825,714.6791366906475,750.0,155.73727853161733,0.2179121658045952,0.0,0.0,-4.182417206225022,15.492613686927118,7.3243175561151075,8.315321999999998,3.86504592620202,0.5277004849380232,6.20150875,3.040154499999998,-0.4682264325906994,-1.1692078109507302,1390.0,5.389021137109208,13,baseline,0
2181.3247106875424,1500.0,2960.0047810239803,1.3569757709713022,1500.0,750.0,4.490335123520374,27.67900889919789,3.4962559564329476,2.0,4.468574897192372,1.278102905758488,3.0,1.0,3.3232730773769856,15.48267251913872,4.286451293839009,3.14199375,3.6060803478473513,0.8412740751377331,4.9639714999999995,2.1421514423076924,0.9249019582743578,-0.3133836237913008,716.5786249149081,750.0,151.70116841625824,0.21170205632950936,0.0,0.0,-4.318735687203853,16.65147793592812,7.911243915588835,9.243491,4.139831338510693,0.5232845027509894,8.00263,3.303977999999999,-0.4039631315236346,-1.2666148421923797,1469.0,5.5538274918185335,14,baseline,0
2199.4146658014274,1500.0,2987.8079007748925,1.3584559324951981,1500.0,750.0,4.606888820219692,29.68828929717879,3.536015574302401,2.0,4.580893872035973,1.295495954635242,3.0,1.0,3.358287063511652,15.88221339579021,4.609483076177102,3.438849333333333,3.8712488134895553,0.8398444575048087,5.312539,2.296195666666667,0.9394803055518708,-0.2723677210832194,718.1401687216094,750.0,148.28266700430814,0.20648151080070087,0.0,0.0,-4.439361327538663,17.70792899644584,8.5202134256976,9.656809,4.411178417023853,0.5177309765174907,8.110958,3.8024510000000005,-0.3711545318708646,-1.2901155684229761,1541.0,5.564221510735389,15,baseline,0
2233.6296296296296,1500.0,3056.5079584164064,1.368404106872106,1500.0,750.0,4.730678319800317,31.11217337028745,3.59320987654321,2.0,4.734358607571635,1.3175847696729168,3.0,1.0,3.422956487301456,16.22081280421087,4.873962966830038,3.4964115,4.10180664266164,0.8415752582809224,5.7041445625,2.2649185,0.9724257018659929,-0.1516814555488497,719.6938271604938,750.0,144.78464241053138,0.2011753289336522,0.0,0.0,-4.568078791434575,18.867343844754387,9.076637390740741,10.2457005,4.727455355548101,0.5208377455257465,8.6904955,4.296826,-0.3521910522315856,-1.2825472633898065,1620.0,5.6230414639644675,16,baseline,0
2305.0602836879434,1500.0,3197.6095494730507,1.3872129818475236,1500.0,750.0,4.7858668324315445,31.455049540788607,3.701536643026005,2.0,4.964785926258507,1.3412769898178818,3.0,1.0,3.4699405517188016,16.383351511882843,5.160562436729036,3.7485435000000003,4.372035501476007,0.8472013574255236,5.62076445,2.53437575,0.9699246606393122,-0.15322180714959055,720.983451536643,750.0,141.8026371610112,0.19667946172521034,0.0,0.0,-4.682331135487827,19.92422486235872,9.667512238770685,10.649771000000001,5.016451053639036,0.5188978229084636,8.90078075,4.279586500000001,-0.3367768736601428,-1.2779748044152497,1692.0,5.716568971417158,17,baseline,0
2239.789090909091,1500.0,3216.391717951898,1.4360243698867294,1500.0,750.0,5.063814675975531,34.8877321032014,3.572987012987013,2.0,5.0187697216859695,1.4046425871249624,3.0,1.0,3.691086224600921,18.263182496423006,5.063692121330701,3.570592,4.6604395944727415,0.9203639326413101,6.20689375,2.710957125,1.0411531375633614,0.023262833834581276,724.4955844155844,750.0,133.28057937166042,0.18396327353626513,0.0,0.0,-5.0344256604713005,23.34544173081187,9.440276341818182,10.309317,5.749844577298988,0.6090758754411184,10.247891,5.027882999999999,-0.21099658300065294,-1.4055625552450906,1925.0,5.9339439087960555,18,baseline,0
2255.2361516034985,1500.0,3280.764662286112,1.4547322061831314,1500.0,750.0,5.280310984152831,38.37582653507778,3.5879494655004858,2.0,5.1444905355281,1.4338246915109467,3.0,1.0,3.8430696865212726,19.985381000645862,5.247876008361498,3.5577986,4.8879173417526385,0.9314086944822375,6.363280906249999,2.557899988888889,1.0894634304164086,0.12089509404761545,726.1438289601555,750.0,129.054401684272,0.17772567435996675,0.0,0.0,-5.224832699390888,25.298876736624266,9.790313663265305,10.401005000000001,6.086005595323313,0.6216354046100586,11.674687500000001,5.634532000000002,-0.13658838511943103,-1.4563708090624838,2058.0,5.991725386548279,19,baseline,0
2209.256298870547,1500.0,3204.145017900366,1.4503274335071228,1500.0,750.0,5.580163647551483,43.52026210345461,3.4939183318853173,2.0,5.08329468164469,1.4548979680649103,2.0,1.0,4.049571004246852,22.26949991111156,5.246093937229416,3.2675804,5.111614094230219,0.9743657195985669,6.45887325,2.4562566777777777,1.1647373472892981,0.31043358041721847,728.6724587315377,750.0,122.24410324948913,0.16776276059930942,0.0,0.0,-5.557281696251588,28.883379851492958,9.697572106429192,9.3282805,6.571852437448433,0.6776801827636318,13.610398,6.6871805,-0.003215515995505476,-1.5104165868717576,2302.0,6.138213876383373,20,baseline,0
2229.4518828451883,1500.0,3285.6072582121133,1.473728714888916,1500.0,750.0,5.677003393113081,44.92685548260135,3.528451882845188,2.0,5.238718313658453,1.4847073128950201,2.0,1.0,4.112757925951418,22.795546493413823,5.633632416079814,3.6082567,5.324865482995331,0.9451922116531452,6.828632000000001,2.60828295,1.179074724045463,0.339677908343881,729.4577405857741,750.0,120.03968875013703,0.16456016856266675,0.0,0.0,-5.672419582733809,30.17634392258195,10.322465386192468,9.749967,6.7290388515030815,0.6518829174766695,13.780790000000001,6.5174365000000005,0.036725984609653387,-1.5116484053458517,2390.0,6.177540094149085,21,baseline,0
2237.7238895558226,1500.0,3382.8821208506433,1.5117513544184977,1500.0,750.0,5.781100983508833,46.48178196004548,3.5418167266906764,2.0,5.405019681363491,1.5260585452183215,2.0,1.0,4.194005102864232,23.59596899774776,5.941743980081222,3.901577,5.5479919466354435,0.9337312353467649,7.054548428571428,2.73801,1.1953225516365713,0.39620014265384373,730.3537414965987,750.0,117.46754090502324,0.16083650186321433,0.0,0.0,-5.811881969549284,31.777972027972055,10.847403541016407,10.556537,6.946590788006702,0.6403920313040925,13.996800499999999,6.794601,0.06912846280787052,-1.491750880190448,2499.0,6.218392874097683,22,baseline,0
2229.2232716282583,1500.0,3400.220038827887,1.525293622268852,1500.0,750.0,6.015721428823548,50.9937497549373,3.5243672081601813,2.0,5.47095149690422,1.552321643510073,2.0,1.0,4.345204936632472,25.543629524240174,6.161367775017458,4.2076435,5.767575424838908,0.9360868617881792,7.34858525,2.8434350624999993,1.2261447016847975,0.4971284897639192,731.4522100491122,750.0,114.2255830909991,0.15616274244810827,0.0,0.0,-5.996068495028714,33.95283739707591,11.216517402720061,10.492162,7.230414520096824,0.6446220569624769,14.351193999999998,6.849724,0.10769681879324948,-1.4630272773784894,2647.0,6.264577722051273,23,baseline,0
2200.731847591661,1500.0,3411.8037570078623,1.5503041684708296,1500.0,750.0,6.213677216566655,54.77240742228072,3.483465132997843,2.0,5.536388331489377,1.5893336434014496,2.0,1.0,4.465448081306754,26.973549412402928,6.463910555648374,4.455427125,5.987434769786994,0.9262867606599197,7.4551609999999995,2.9098848333333334,1.2296327125452782,0.5332358022309851,732.352264557872,750.0,111.49090735562723,0.15223672097598462,0.0,0.0,-6.159287294391941,35.936819974858025,11.650172604601007,10.858554,7.485439134712558,0.642517444913763,14.561606,6.5958995,0.13577152467888703,-1.433263981450657,2782.0,6.390180923710497,24,baseline,0
2198.876997915219,1500.0,3430.8041082531704,1.5602528524814967,1500.0,750.0,6.376997232681937,58.66308091463058,3.485753995830438,2.0,5.6178669826692165,1.611664790283294,2.0,1.0,4.55436210035272,28.295608897445998,6.839619426378988,4.7493681,6.210407328333452,0.908004808627393,7.538307324999998,3.0287661,1.222589341493397,0.5373634586505207,732.9409312022237,750.0,109.66146015691739,0.14961841464774328,0.0,0.0,-6.272776793416208,37.34772870002094,12.242159604933983,11.5740065,7.680367167869053,0.627370285613138,14.699641249999999,7.005482,0.14619977592151592,-1.4045477231947,2878.0,6.42908169057564,25,baseline,0
2173.467369808833,1500.0,3408.4356809911196,1.5682019101537779,1500.0,750.0,6.6034437755631314,63.53365297049291,3.445286750164799,2.0,5.637986148001064,1.6364345138271525,2.0,1.0,4.689819675427312,30.03100037956694,7.0451682035133185,4.737686500000001,6.431899949941872,0.9129519358720749,7.108901625,3.1189111666666673,1.2391149617721482,0.6198381344838477,733.8180619644035,750.0,106.87143745226243,0.14563751288183285,0.0,0.0,-6.452950763732874,39.64057355916068,12.586221666446933,11.426252,7.993360866308129,0.6350882002672245,14.45306575,7.0883,0.16065247992438975,-1.3639206152198484,3034.0,6.516389877385809,26,baseline,0
2177.7665369649803,1500.0,3468.5329750014926,1.5927019338975492,1500.0,750.0,6.794112437171279,67.24393863959905,3.4636835278858626,2.0,5.776111763640926,1.6676211083194734,2.0,1.0,4.784335231089539,31.201399731924596,7.5332223556719216,5.233813833333333,6.640259179887929,0.881463318932613,7.352722083333333,3.2792908333333344,1.227053933870312,0.595672513095904,734.0804150453956,750.0,106.02125801978356,0.14442730775377952,0.0,0.0,-6.5096457350280374,40.37548759556873,13.373524150453958,11.807824499999999,8.099614025419966,0.605645447998464,15.091446000000001,7.090492499999998,0.16176598512088752,-1.3486588377648627,3084.0,6.549531487256236,27,baseline,0
2171.8477157360408,1500.0,3481.1101622300143,1.6028334477632855,1500.0,750.0,7.022734815836513,72.69959411222442,3.4647842639593907,2.0,5.858529159511696,1.6908784828111774,2.0,1.0,4.891775697421264,32.79479369688236,7.974731389514017,5.567107166666666,6.873402252240431,0.8618976510328956,8.003999875,3.3365846874999994,1.2041640625965122,0.5524533332510808,734.4238578680203,750.0,104.89689421319254,0.14282882165307195,0.0,0.0,-6.585969212129017,41.3749904631113,14.07330592036802,12.3877565,8.262966796015212,0.5871375810893432,15.113598499999998,6.956571500000001,0.15503286625590573,-1.320029464980668,3152.0,6.5851577023660335,28,baseline,0
2152.3703927492447,1500.0,3455.4664288713543,1.6054236949699219,1500.0,750.0,7.29611537294399,79.58111078094046,3.4317220543806646,2.0,5.871948501967238,1.711079279999257,2.0,1.0,5.047489252638772,35.12738433401155,8.153133655211342,5.7206019999999995,7.136331694712117,0.8752869751068901,8.515977750000001,3.5794277499999994,1.2001022035525408,0.5767649116107307,735.1673716012085,750.0,102.41655549134063,0.13931052906806163,0.0,0.0,-6.759988557328063,43.69744529520633,14.37541819123867,12.4361455,8.644910940528918,0.601367614181666,15.499228000000002,6.8802175000000005,0.1406829925778028,-1.2678147820200858,3310.0,6.653088414582642,29,baseline,0
2137.016919988529,1500.0,3494.343836176738,1.6351502898701873,1500.0,750.0,7.408087904950726,81.8921380090865,3.4017780326928593,2.0,5.945940118549347,1.7478918557900498,2.0,1.0,5.148575710796184,36.3501464434961,8.34339993483743,5.910621,7.391639600732078,0.8859265597312042,9.520808625,3.832649000000001,1.1938491122775006,0.5838184344458686,735.920275308288,750.0,99.83647920485633,0.13566208535704952,0.0,0.0,-6.949769825044328,46.29930062109666,14.621549526813881,12.74521,9.031605236267362,0.6176913889806726,16.129706000000002,7.283633,0.14233099999625298,-1.2427273736601105,3487.0,6.765959295604667,30,baseline,0
1455.2406864796985,750.0,2615.293398275722,1.797155221520263,750.0,0.0,10.099668097567339,153.7719274610703,2.218361936654109,1.0,4.4625984500767135,2.0116638211019437,1.0,0.0,7.26654288656434,72.25430633300282,4.833705614083453,0.999,6.615712527615918,1.3686626898296044,5.176846500000001,0.09999999999999998,2.0703930581313994,3.735711494652681,743.1529636280983,750.0,69.96004419403964,0.09413949431418843,0.0,0.0,-10.119847302776286,100.4128306031976,8.104533960792521,0.999,9.655708365869312,1.1913958794646233,12.5784255,0.2993229999999999,1.0741863308885133,-0.2902447384287643,7167.0,9.802481276430408,31,baseline,0
1418.0847651775487,750.0,2603.3101720298564,1.8357930611460407,750.0,0.0,10.487240608143694,164.84057690293218,2.1528573246786307,1.0,4.43488976334995,2.060001706807009,1.0,0.0,7.582771018078832,78.32644247261183,4.8211781516616465,1.999,6.089923525771979,1.2631608569936483,3.560075666666667,1.0,2.2491709265496875,4.667453751388713,743.7541762122947,750.0,66.84658499168688,0.0898772566657917,0.0,0.0,-10.60931937128171,110.55922303801492,7.851318243858979,1.999,9.213899569390701,1.173548095136442,10.757608,1.0,1.2561267235955487,0.19939460841841594,7857.0,9.993825375313635,32,baseline,0
1421.048678720445,750.0,2638.2978938593697,1.8565851637362434,146.0,0.0,10.572579211327401,169.1310304649306,2.1634846377544568,1.0,4.524523508677682,2.0913129817153755,1.0,0.0,7.616768277430856,79.19220423414689,5.243543530057185,2.999,5.986295946991249,1.1416508536024235,3.4022799999999997,1.0827825,2.272786100638541,4.866333920439057,743.7951547335794,750.0,66.62928351362802,0.08958015266648789,0.0,0.0,-10.645283044352352,111.32353551866969,8.307821376533065,2.999,9.08450291549552,1.0934879920692966,11.537913999999999,1.5958520000000003,1.288262237435975,0.3425017158700201,7909.0,9.994062864927786,33,baseline,0
1440.8358132375577,750.0,2725.8977360022595,1.8918864390781405,750.0,0.0,10.560163321922671,168.65491772296414,2.202283222165213,1.0,4.6864213225606095,2.1279830293367414,1.0,0.0,7.583966840478442,78.39694890089555,5.692018803230089,3.999,5.833849300327839,1.0249174329883213,3.3239885048076925,1.64192725,2.209255946983686,4.719661838775223,743.7051353635349,750.0,67.10706486245412,0.09023342944869021,0.0,0.0,-10.566933814851426,109.66147143405509,8.906392602103644,3.999,9.036483959100496,1.0146065149840942,11.301027249999999,2.0,1.2841664525881977,0.4077821161686823,7796.0,9.980621341268543,34,baseline,0
1473.9287322824216,750.0,2838.3667949156134,1.9257150856407552,750.0,0.0,10.293191572059511,160.046367397483,2.2644058815737185,1.0,4.891107877000472,2.159996101759481,1.0,0.0,7.407646242810878,74.37050899571705,6.072222652454886,4.899,5.7272179237834235,0.9431831228171478,3.5395134285714285,1.9,2.0787325301409423,4.249286293509227,743.4990897564484,750.0,68.18708659354066,0.09171105591518214,0.0,0.0,-10.39363579001595,106.02892985303848,9.508556296198172,4.999,9.079139388403274,0.9548388951573444,12.271792999999999,2.9999999999999996,1.2469153776850073,0.39429695571751466,7549.0,9.930484819220123,35,baseline,0
1491.405384006334,750.0,2895.359364600448,1.9413630899083245,750.0,0.0,10.348028957455162,163.55248523724148,2.295328582739509,1.0,5.005922259796967,2.1809174936611138,1.0,0.0,7.431917754970032,75.31230586831823,6.367216813886706,4.999,5.7125561189040015,0.8971825973390902,3.6521561041666666,1.9999999999999996,1.9514090141441998,3.8461960172364114,743.5238922612241,750.0,68.05844609535609,0.09153498200088095,0.0,0.0,-10.414120430287849,106.45510634640765,9.94864466165215,5.999,9.179588350594598,0.922697378666871,12.010578249999998,3.9999999999999996,1.2240777475187283,0.4183706937634155,7578.0,9.904314478290535,36,baseline,0
1540.3342072581759,750.0,3009.40339604565,1.9537340545091477,750.0,0.0,10.147470670391964,158.0805513455416,2.383744997930178,1.0,5.227352211591062,2.1929158597626874,1.0,0.0,7.26587320792249,71.96057834909215,6.829306169425568,5.899,5.914477717762821,0.8660437196741327,4.367324999999999,2.9,1.7627561163677963,3.1372479531742483,743.2280272545208,750.0,69.58170139386615,0.09362093306801209,0.0,0.0,-10.177736906732639,101.58741926699585,10.72338205616117,6.999,9.430345257414855,0.879418937796458,13.222994000000002,4.47853,1.1228085825284448,0.24381624832337945,7247.0,9.724212913794915,37,baseline,0
1492.711093990755,750.0,2950.5904790193254,1.9766654719038348,750.0,0.0,10.567300044792095,172.09151524317014,2.305855161787365,1.0,5.156929369240995,2.2364498233460783,1.0,0.0,7.552871234124484,77.62218047021638,6.5383621140964365,5.243394892857143,5.763995256246268,0.8815656208179927,6.0,2.7556051071428564,1.6246189149772627,2.7062122085848888,743.6983821263482,750.0,67.14419291701633,0.09028417236170494,0.0,0.0,-10.561326211291789,109.54272270391009,10.197366471237803,6.999,9.405630360470589,0.9223587665501336,12.704861499999998,5.0,1.195915524841182,0.5753290967588445,7788.0,9.914530453990025,38,baseline,0
1561.7181594083813,750.0,3115.184668528024,1.9947162999680654,750.0,0.0,10.211339328767375,160.60793192303288,2.427964941112024,1.0,5.451984196999884,2.2454954372211153,1.0,0.0,7.2931004035536455,72.18354774669635,7.084413338141583,5.85077875,5.967459262383114,0.8423364049433805,6.480940416666668,3.1482212500000006,1.4837105615060762,2.088994942787603,743.2788979485775,750.0,69.32300420151422,0.09326647694807853,0.0,0.0,-10.217376029890978,102.3957646709175,11.117303335250616,7.999,9.656987262849539,0.8686447577830566,14.248780749999996,5.6697595,1.0921444016898534,0.3489606843582602,7302.0,9.698610396403513,39,baseline,0
1503.6250314149283,750.0,3039.62023942735,2.02152809106073,750.0,0.0,10.671835080171638,176.24039700580173,2.3303593867805983,1.0,5.34554286262152,2.293870590495662,1.0,0.0,7.623341303949792,78.82519516043733,6.829624334900423,4.999,6.202835339924055,0.9082249675471342,7.899999999999999,3.7279610689655174,1.502639509216127,2.0707861354325505,743.8328788640362,750.0,66.43065111344896,0.08930857051506014,0.0,0.0,-10.67900558653667,112.04218748504395,10.665939106056797,7.899,9.943010119647864,0.9322207843847141,13.821866999999997,5.9,1.1241516462301746,0.41279383568416783,7958.0,9.944581371461563,40,baseline,0
1537.7938144329896,750.0,3121.1846447067965,2.0296509294112552,750.0,0.0,10.577531503423156,174.3457208774027,2.392783505154639,1.0,5.515988894950067,2.3052603309356163,1.0,0.0,7.534737420665581,77.08034007488382,7.144851670267006,5.0771421,6.261532641974219,0.876369857758044,8.0,3.0781420999999995,1.4404979402355484,1.8044483198806578,743.6754651747548,750.0,67.26600873674003,0.09045075693190084,0.0,0.0,-10.541792713582721,109.13034852671342,11.189733100773195,7.999,10.08541866481717,0.9013100289336019,14.632878,6.0,1.0961503022943826,0.38461301541100434,7760.0,9.841086562332272,41,baseline,0
1555.2329087600729,750.0,3193.6334509059507,2.053475998943535,750.0,0.0,10.608152519926314,176.01242252198128,2.4276059266961267,1.0,5.660359018562682,2.3316630414830963,1.0,0.0,7.529874040566476,77.10070467972393,7.4268500376174424,5.3460055,6.35713871166035,0.8559670222854993,7.7791109999999986,3.3470055000000003,1.3775408478614688,1.5334394862522398,743.6211581071211,750.0,67.5519021770071,0.090841823743907,0.0,0.0,-10.495652556765,108.15962599901022,11.636435937093838,8.340993000000001,10.287754443814215,0.8840984043077669,15.528361499999997,5.341993,1.081730773986403,0.3764074857510269,7694.0,9.79950412734771,42,baseline,0
1583.6481262327416,750.0,3304.362486988318,2.086550940358762,750.0,0.0,10.529664600377624,172.75252105386954,2.478369493754109,1.0,5.8466901663768,2.359087368171454,1.0,0.0,7.479351003807269,75.94714814851535,7.625749133628509,5.999,6.443352519054876,0.8449468250457617,7.783164,3.8999454,1.3338986369160957,1.3852513778894657,743.5464550555785,750.0,67.94302179996578,0.091376969573323,0.0,0.0,-10.433113085873174,106.85070167327336,11.991126850361601,8.735371,10.443849042324395,0.8709647702550535,14.572223,5.736371,1.0673873188782925,0.392901577445151,7605.0,9.745855033271608,43,baseline,0
1597.7065217391305,750.0,3362.142903340569,2.1043557484392186,750.0,0.0,10.62491108381215,176.38165185411708,2.4998706004140785,1.0,5.946361344029922,2.378667657055916,1.0,0.0,7.546762849245899,77.53944768262355,7.670219573404216,5.899,6.5687312398843725,0.8563941588661746,8.305093000000001,3.9,1.291339789881117,1.2063636932748665,743.6491212591757,750.0,67.40550858834669,0.0906415494369348,0.0,0.0,-10.519432101748086,108.6592802180509,12.120122945134577,7.999,10.722934280592035,0.8847215765989057,15.728086750000001,6.0,1.0659992940941343,0.3957588445733946,7728.0,9.739520027504412,44,baseline,0
1571.5979650080656,750.0,3357.388780721867,2.1362898498692298,750.0,0.0,10.80375956130729,183.0709539397279,2.4581213550068246,1.0,5.952375578609498,2.4215141235746565,1.0,0.0,7.689298082016831,80.46005394876546,7.564960643546397,5.999,6.656320801500081,0.8798883583325092,8.38789175,3.9999999999999996,1.318469800408946,1.2513029370005562,743.9099198963202,750.0,66.0192645477508,0.08874631562508535,0.0,0.0,-10.748289368607878,113.52655055450006,11.907430133391241,7.999,10.865159826422602,0.9124689126627022,15.693812500000002,6.0,1.108441304508262,0.5059886414312644,8059.0,9.850370070020805,45,baseline,0
1565.7471542746428,750.0,3378.3698915675586,2.1576727010771046,750.0,0.0,10.907999812722945,187.43765417040376,2.449624606442238,1.0,6.003727991717507,2.450876749004062,1.0,0.0,7.77196586785003,82.22425129018633,7.72218484249139,5.801281666666666,6.757450216687028,0.875069731496726,7.9827685,3.802281666666666,1.3482083348947205,1.3238784856802202,744.056635462845,750.0,65.2260927023893,0.08766280628868393,0.0,0.0,-10.88356285049082,116.45275095077555,12.060341063453622,7.999,10.941378364928234,0.9072196472190845,14.802818499999999,6.0,1.1234780079111164,0.5539104745330778,8258.0,9.916645635726763,46,baseline,0
1569.0773888821607,750.0,3428.0781642417674,2.184773159394001,750.0,0.0,10.991211512533505,190.17377048047268,2.46215332445198,1.0,6.114490627160565,2.483391495743472,1.0,0.0,7.802340727310437,82.67805391311471,8.00911952086918,5.999,6.837399545085623,0.8537017742424203,7.899999999999999,3.4460666666666664,1.3860227301210535,1.447765602450752,744.0558752212822,750.0,65.23044387781536,0.08766874377332996,0.0,0.0,-10.882882533599423,116.43790935323076,12.419911272496062,7.999,11.042267091608315,0.8890777759468744,14.766287,5.672896,1.146702641187177,0.631022051238086,8257.0,9.896361273793286,47,baseline,0
1609.3062420382166,750.0,3586.7399213510403,2.228749151440789,750.0,0.0,10.786238130594224,182.30026813711422,2.5434394904458597,1.0,6.400693504760246,2.5165503361899195,1.0,0.0,7.628936979681973,78.8411147070528,8.13776576166411,6.0977785,6.555829304763373,0.805605555230771,8.0,3.1987785000000004,1.304119526908457,1.2669016057780373,743.7476486199574,750.0,66.88610595917656,0.0899311830878194,0.0,0.0,-10.604341768705227,110.45277391798022,12.771642575796177,8.999,11.099946413671404,0.8691087577652039,14.6784305,6.0,1.2134954997763896,0.9040131999248908,7850.0,9.838459214308354,48,baseline,0
1610.5029652996845,750.0,3634.211979309824,2.2565695671560375,750.0,0.0,10.87409519727437,185.02616183264226,2.549652996845426,1.0,6.497286126447437,2.5483021158119343,1.0,0.0,7.679466981662036,79.73539263097538,8.191819713920058,6.470988,6.685156686849753,0.8160771257563093,7.535495399999999,3.5280120000000004,1.2769377561547264,1.2321338336284846,743.8067804030129,750.0,66.57201803119082,0.08950176280339964,0.0,0.0,-10.656212062975738,111.55554339854606,12.76510123154574,8.724393,11.210192957047278,0.8781906820561753,14.860707,5.725392999999999,1.228101620266819,1.0053561415089964,7925.0,9.805850816466275,49,baseline,0
1665.0922155688622,750.0,3812.466046620308,2.289642586142184,750.0,0.0,10.598829920068502,175.17819215421324,2.653226879574185,1.0,6.811327784950203,2.567186333512251,1.0,0.0,7.475525539261662,75.41154424340678,8.176540610997721,6.3816145,6.580231083907868,0.8047695715052448,8.0,3.776364944444445,1.1963407677258409,0.9788096510486963,743.4688542914171,750.0,68.34816579555124,0.09193144460730947,0.0,0.0,-10.369461641158352,105.52636227024479,12.916528017831006,8.999,11.38822901825034,0.8816788073799028,14.990605500000001,6.0,1.2915412502693975,1.2623079589088748,7515.0,9.687643956400198,50,baseline,0
1665.417050994861,750.0,3850.762112921816,2.312190877727298,750.0,0.0,10.745855483073887,180.27196926221703,2.6581894847806034,1.0,6.898959643244379,2.59536036943348,1.0,0.0,7.549481257758439,76.93558419454848,8.294665993393982,6.899,6.70313662811709,0.8081261660753531,8.899999999999999,4.0,1.191738354233373,0.9915976095673451,743.5325018925741,750.0,68.01753199941201,0.09147889544341561,0.0,0.0,-10.421795666153246,106.61443437939656,13.122054595203585,8.999,11.612937571585437,0.8849938466061736,15.542533,6.1000000000000005,1.298701341439035,1.2954159979250228,7589.0,9.720838236897535,51,baseline,0
1700.6174386920982,750.0,3959.913446639081,2.3285151360582015,750.0,0.0,10.631756411011608,177.21163927104914,2.729019073569482,1.0,7.121024814282757,2.6093715808913904,1.0,0.0,7.441476209614265,74.79772514980712,8.462014708354374,6.999,6.7373870884592355,0.7961918432743388,8.527840249999999,4.000000000000001,1.1754850089201736,0.8980235049697125,743.3130632990986,750.0,69.15138233156227,0.09303130234876114,0.0,0.0,-10.244620142023384,102.95280964137125,13.551272581607629,9.725184500000001,11.861879148611449,0.8753332262470244,16.483172500000002,6.449483000000001,1.297764118207356,1.2916224749681477,7340.0,9.651418895517198,52,baseline,0
1686.91732547233,750.0,4001.5752043126436,2.372122891791522,750.0,0.0,10.683311872784422,179.10066153714146,2.7120460940640494,1.0,7.20229119097461,2.6556669544586717,1.0,0.0,7.4896506805381575,75.69420035807303,8.314661484733055,6.899,6.732207521299513,0.8096790871956531,8.563609,4.0,1.1336555676474722,0.7815265250934003,743.4232376579806,750.0,68.58480565150016,0.0922553966265086,0.0,0.0,-10.332515366913242,104.76142975217553,13.283393190539996,9.494751,11.966506331800527,0.9008621637672133,16.358021,6.495751,1.3662869520848013,1.5863436372501178,7463.0,9.749608211025574,53,baseline,0
1699.5677863213275,750.0,4050.617001982199,2.383321827221531,750.0,0.0,10.779175645686994,182.96381557254375,2.7409955483609876,1.0,7.326064037350088,2.6727748761689156,1.0,0.0,7.5112946123943996,76.18879335157514,8.350448314223039,6.856523,6.779349582663769,0.8118545648760833,8.858341333333332,4.282212666666666,1.0926391666151525,0.6169296802873832,743.3788439728005,750.0,68.81392906232138,0.092569124908859,0.0,0.0,-10.29687186557737,104.02610260178632,13.442227604748412,9.999,12.227666761919249,0.9096458653623656,16.271246,7.0,1.3801303264757985,1.638457981510883,7413.0,9.739869432466213,54,baseline,0
1696.2099140779908,750.0,4053.0558568245983,2.389477754601923,750.0,0.0,10.912001763784255,188.96634195884218,2.7357567746199605,1.0,7.360554537003061,2.6905003417292304,1.0,0.0,7.5955218318898305,78.07293320026425,8.433432624702577,6.729319333333333,6.948075286575813,0.823872745034333,9.09061125,4.269680666666668,1.1189959639761875,0.6550304349668452,743.5118476236255,750.0,68.12576467905461,0.09162700620951057,0.0,0.0,-10.404837857350344,106.2611747120865,13.558479977924653,9.999,12.435872635237244,0.9172025666213918,15.577969,7.0,1.3849917581552686,1.6590662371186866,7565.0,9.784774187822354,55,baseline,0
1657.7307547406756,750.0,4004.5573952093105,2.415686252883543,750.0,0.0,11.209789729283074,200.2845899600695,2.669094562350873,1.0,7.295067946707526,2.733162042892257,1.0,0.0,7.8025335624493595,82.43671849105257,8.06084531513311,5.999,6.905959902783152,0.8567289946400756,9.34285375,3.9999999999999996,1.1347651904334861,0.6428093313136407,743.8361035862291,750.0,66.41680118454703,0.08928956374170895,0.0,0.0,-10.68237611073473,112.11369114325771,12.958572088408891,8.999,12.533110564858069,0.967167561313998,15.6484915,6.599080000000001,1.471472034289872,1.9773851455985394,7963.0,9.935840189071893,56,baseline,0
1657.3190964078508,750.0,4038.8483024787183,2.436976868988418,750.0,0.0,11.302442161928886,203.7696916444738,2.668929761757808,1.0,7.3633883281262325,2.7589292283497806,1.0,0.0,7.869811493412664,83.84509128785673,8.152711875911336,5.999,6.978015032129959,0.8559133621228254,9.361176,3.9999999999999996,1.1583286426393253,0.6842423988817781,743.9410772332633,750.0,65.85379703461076,0.08852017861350363,0.0,0.0,-10.776938085901465,114.14291684528516,13.148228140723367,8.999,12.739455775077785,0.9689104599288545,16.445316000000002,6.899999999999999,1.4765081232394777,1.9813577730223155,8101.0,9.955194585970196,57,baseline,0
1687.7658988482724,750.0,4166.3080797394005,2.4685343403267477,750.0,0.0,11.199018396693624,198.75451232408614,2.7243365047571357,1.0,7.573153412009898,2.779815708810544,1.0,0.0,7.8060394573578105,82.3033490454724,8.48964959331256,5.999,7.089230465857787,0.8350439423839228,9.450646916666665,3.9999999999999996,1.1681032258966781,0.6928783715886899,743.8553390430474,750.0,66.31427151884819,0.0891494192999407,0.0,0.0,-10.699564277497133,112.48117358540927,13.705132073860792,9.488714,12.977906111894361,0.9469376903449593,16.224818499999998,6.589714,1.4626693906720716,1.912901003734084,7988.0,9.913475740980841,58,baseline,0
1684.186614076174,750.0,4205.440898224736,2.4970159856849024,750.0,0.0,11.291595599394178,202.06966380698617,2.720448662640207,1.0,7.648234978255868,2.811387358007787,1.0,0.0,7.870514423928787,83.64742939900452,8.178726856241685,5.999,7.0411622808386785,0.8609117781534834,9.0,3.9999999999999996,1.1948040852955415,0.7934738365898046,743.949986107252,750.0,65.80605434133403,0.0884549439750202,0.0,0.0,-10.785117066060893,114.31923893003511,13.366378373351413,8.999,13.136750350580572,0.9828204756474161,15.995908000000002,6.578899999999999,1.5097484116940485,2.1021912417026964,8113.0,9.956252875545676,59,baseline,0
1675.5382003395587,750.0,4259.451346779788,2.542139203938521,750.0,0.0,11.446972493443244,206.60317081510902,2.709313606597138,1.0,7.736208611848004,2.855412748457931,1.0,0.0,7.963248449793138,85.55834786309843,8.09295022657944,5.999,6.920608840025004,0.8551404180512381,8.724280631578946,3.9999999999999996,1.2310809065736301,0.8979303075633509,744.0475422427036,750.0,65.27791891404375,0.0877335320768394,0.0,0.0,-10.875406655214018,116.27495044164328,13.268755609143826,7.999,13.273731507404653,1.000375008659998,15.215858999999998,6.0,1.5826601358241368,2.330887239582415,8246.0,10.045109921725267,60,baseline,0
1665.3925200143387,750.0,4291.00423607266,2.5765723002260845,750.0,0.0,11.557733984164374,210.9542233909918,2.6967379615246743,1.0,7.804137810606847,2.8939177339256816,1.0,0.0,8.032962554060338,87.09901199571817,8.225292262977325,5.999,6.922587222732877,0.841622036203136,8.607455,3.8999999999999995,1.2429372138126242,0.9563913238857387,744.1350025170957,750.0,64.80066064667406,0.08708186072081099,0.0,0.0,-10.958245492586025,118.0836162456335,13.37269160700203,8.314315,13.335589846971825,0.9972255577919124,16.288969,6.315315,1.6292777025218226,2.5379600103440305,8369.0,10.123833340030671,61,baseline,0
1682.2194794085299,750.0,4423.912204727631,2.6298067873302022,750.0,0.0,11.42459211942954,205.25751847717476,2.7381156055236464,1.0,8.036241550937687,2.9349533433599526,1.0,0.0,7.939760786713693,84.91635387855317,8.237150598011718,6.570716666666667,6.703361333470674,0.8137961366262662,8.319792999999999,3.6671376666666666,1.2031434178425024,0.8676444335121909,744.0016675010742,750.0,65.52713309168948,0.08807390622090894,0.0,0.0,-10.83272643360132,115.34840909563954,13.433985609434194,8.657239,13.480888831451843,1.0034913854593317,14.754249,5.7582390000000006,1.7244893797677876,2.873472354995111,8183.0,10.134707653018104,62,baseline,0
1651.734193548387,750.0,4401.399585158403,2.6647142151262035,0.0,0.0,11.650658141317187,213.48282167184885,2.6853958944281526,1.0,8.003901041454146,2.9805292612762235,0.0,0.0,8.104284929918068,88.38778307117957,7.817534171403412,5.926965666666667,6.687359692807084,0.8554308233495784,8.413313342105262,3.9279656666666667,1.187998822713254,0.7661397129707206,744.242282735186,750.0,64.21032132972569,0.08627609962409621,0.0,0.0,-11.062415975258682,120.37749825819407,12.813521748269794,7.999,13.625582366309557,1.0633752869814588,15.560138,6.0,1.7996783753550059,3.2033581964641584,8525.0,10.252060063582748,63,baseline,0
1671.9004237288136,750.0,4464.023128784376,2.670029306427433,750.0,0.0,11.615281270423266,213.04093856294352,2.7217514124293785,1.0,8.13170062930534,2.987672052697551,1.0,0.0,8.082047932616476,87.97207755233471,8.066165514442874,5.999,6.794584141956265,0.8423561517291235,8.084461166666667,3.9999999999999996,1.209620809849334,0.8241850646589888,744.2226084333804,750.0,64.31916311317174,0.08642462938416538,0.0,0.0,-11.043122649809826,119.95099366945107,13.195212592396423,8.3649695,13.845659399398365,1.0492941513785654,16.30588625,6.3659695,1.7939110596220402,3.1601268500803696,8496.0,10.202093609292723,64,baseline,0
1649.1723903434206,750.0,4433.42757253262,2.6882741904316085,0.0,0.0,11.857198475671698,222.45345969160377,2.680720843250595,1.0,8.094488959461271,3.0195195370085743,0.0,0.0,8.246820194809672,91.57990566628398,7.997745092661444,5.999,7.024449835972657,0.8783037912046158,8.321337,3.9999999999999996,1.2430324314907049,0.8954081231375941,744.436711741166,750.0,63.12566016013899,0.08479654370147077,0.0,0.0,-11.258733904995692,124.75952785217687,13.05623131372549,7.6588,14.06247668117193,1.0770701240861607,15.798297499999999,5.659800000000001,1.7900372154525774,3.1544542348782203,8823.0,10.261422466623902,65,baseline,0
1697.341726618705,750.0,4617.915430320506,2.720675134476256,750.0,0.0,11.54427998011104,212.03097766012218,2.7808153477218225,1.0,8.439979446197393,3.035073671148942,1.0,0.0,8.015619882703634,86.76031466862192,8.361993013037047,6.212944416666667,7.026616900916089,0.8403040865928739,8.37289075,3.950181638888889,1.231080665413905,0.8296323234081693,744.1145011263717,750.0,64.91346861217683,0.08723586022570025,0.0,0.0,-10.938760975694285,117.65689444903359,13.61177309148681,7.999,14.188175013848756,1.0423458368346181,16.184894999999997,6.0,1.8053307008787678,3.234602784874019,8340.0,10.16769720763207,66,baseline,0
1672.442200557103,750.0,4589.845919365005,2.7443973357262172,0.0,0.0,11.743856669999458,220.41841210803088,2.738741875580316,1.0,8.413322519510865,3.0719662172354796,0.0,0.0,8.1526948440549,89.81178427037958,8.25826073080947,5.999,6.979471366685892,0.8451502797250345,8.621553874999998,3.6060990499999996,1.242138160006434,0.9052541940651921,744.3030148699401,750.0,63.873923390871,0.08581709614871352,0.0,0.0,-11.122726867850222,121.71545670820156,13.365944754294333,7.999,14.228507352258653,1.0645343530757292,15.176638999999998,5.3593795,1.8813879402264608,3.5799443513363096,8616.0,10.25122437909636,67,baseline,0
1664.899977163736,750.0,4615.2773185282895,2.7721048602515515,0.0,0.0,11.813896045767908,223.50132102533337,2.7280200959123087,1.0,8.468148507742034,3.1041371434289613,0.0,0.0,8.210766092866441,91.09060769020975,8.111919961007521,5.999,6.919196628766485,0.8529665802948951,8.345718,3.9999999999999996,1.237347948112621,0.9002334742571603,744.3953662533751,750.0,63.358276574676694,0.08511374391483113,0.0,0.0,-11.216199998526072,123.80354087797717,13.151143344370862,7.999,14.377775174241009,1.0932718774140036,14.866015499999996,6.0,1.9521307034631727,3.8609950029094176,8758.0,10.308120696550674,68,baseline,0
1711.7734986159585,750.0,4768.103426714592,2.7854756663599516,0.0,0.0,11.575524547042985,215.5957797449227,2.8259718377662777,1.0,8.781403802770452,3.1073925385298615,0.0,0.0,8.013437037165453,86.8312406407816,8.504748640502532,6.644575,6.9385944089587435,0.8158494392079708,8.631178,4.0310950000000005,1.1825089383760263,0.7630224293784953,744.0924857104485,750.0,65.0340720966153,0.08740052257686991,0.0,0.0,-10.917899681440959,117.20090108100746,13.810433918642437,7.999,14.651290492027288,1.0608856013024903,15.652223000000001,5.729046,1.9483032513801855,3.814054494015034,8309.0,10.18822735465486,69,baseline,0
1679.2188614146062,750.0,4720.371864262236,2.8110521938073663,0.0,0.0,11.862771689743521,226.72269234517216,2.7660724554341574,1.0,8.706987876464035,3.147780116662708,0.0,0.0,8.210520245831749,91.16309405510061,8.339643839057025,6.368041,7.220966990416259,0.8658603568414192,8.831743499999998,4.28809,1.2007412455927107,0.7951973755449231,744.3547227470632,750.0,63.585979564008575,0.08542429787956826,0.0,0.0,-11.174822304601225,122.87702720822553,13.4854456426682,7.999,14.820415874443446,1.0989934086828674,16.5951305,6.0,1.9512730231457054,3.8859848654299025,8695.0,10.266942077539404,70,baseline,0
1692.2432432432433,750.0,4814.568606511093,2.8450807091324553,0.0,0.0,11.830748378495638,226.6011675303734,2.8027027027027027,1.0,8.904215045379578,3.1770101897689913,0.0,0.0,8.153261558080263,90.13340198125425,8.353871937791721,6.721247999999999,7.197119984957005,0.8615310407618608,8.8648140625,4.461892000000001,1.2249777696039796,0.8475579676662406,744.2319822578244,750.0,64.26809612561605,0.08635492381104316,0.0,0.0,-11.052428849418092,120.15653922130572,13.520985420916569,7.999,14.94304957340043,1.1051745940265545,15.023552500000001,6.0,2.0135970126334626,4.171967915210576,8510.0,10.25148362676955,71,baseline,0
1698.8378789652347,750.0,4859.472382368966,2.860468584164652,0.0,0.0,11.856167378669777,228.24336751079244,2.8171602481563855,1.0,9.001582731196955,3.195268262459616,0.0,0.0,8.169198075476002,90.53001427022652,8.204829900132335,5.999,7.060345499009602,0.8605108923581374,8.505067,3.9721907499999998,1.244335045744145,0.895815208109322,744.2542464916046,750.0,64.14502814967798,0.08618698308011812,0.0,0.0,-11.074358711869191,120.64176826745295,13.429573583167503,7.999,15.13965632323964,1.127337084046774,15.405527000000001,5.6604,2.0705039640852188,4.372899996715441,8543.0,10.283176172559468,72,baseline,0
1661.4920923882125,750.0,4839.679973376717,2.9128516443434935,0.0,0.0,12.076780777203922,236.93527643223408,2.7594720673569233,1.0,8.987111819394164,3.2568228994621413,0.0,0.0,8.306804018136818,93.52535729432476,7.87418350829543,5.899,6.924558463898211,0.879400188807285,8.038394,3.9,1.3166432430396866,1.144357690792896,744.4150518160153,750.0,63.24823786956595,0.08496367411603327,0.0,0.0,-11.236496009696879,124.25919021522161,12.807463269427693,7.445636,14.975340499858472,1.1692667146354934,14.516321,5.446636,2.216291786967378,5.1587889866252805,8789.0,10.397985259407292,73,baseline,0
1644.279848248159,750.0,4838.014687988659,2.9423304634811123,0.0,0.0,12.240568417703443,243.93972026960571,2.73343003793796,1.0,9.006730630375282,3.295028775336706,0.0,0.0,8.405551047897834,95.76761445365703,7.599706631393399,4.999,6.783559221090577,0.8926080374035199,8.04758725,3.117688333333333,1.3349196633003924,1.1827749618365555,744.5228472167771,750.0,62.63968152359824,0.0841339950248161,0.0,0.0,-11.349132153632251,126.80314562694196,12.361785574648517,6.899,15.017662329342965,1.2148457226228795,13.0,4.9,2.3331481304359913,5.704555409310252,8962.0,10.42589813304457,74,baseline,0
1666.207650273224,750.0,4928.572371007862,2.957958073352788,0.0,0.0,12.166565347443232,241.57448825687686,2.781193078324226,1.0,9.197857101599572,3.3071623733299487,0.0,0.0,8.334729337527762,94.16967020459327,7.85325798834043,5.999,6.761979729741125,0.8610413333906127,8.100000000000001,3.9999999999999996,1.2930906849295682,1.0701595407266131,744.4118427443838,750.0,63.266431259485735,0.0849884803366974,0.0,0.0,-11.233221367579837,124.18559168773895,12.717142185678508,6.999,15.1338536805848,1.190035737559645,13.643007499999998,5.0,2.3552795950606007,5.834616358535239,8784.0,10.359007027727689,75,baseline,0
1648.6176668914363,750.0,4933.8257288301165,2.992704632441025,0.0,0.0,12.303669155986444,247.9189501450705,2.7580355135985615,1.0,9.23787226236666,3.3494391993210764,0.0,0.0,8.409116209747241,95.89876001445437,7.81216689822015,5.999,6.874182858327705,0.8799329235904898,8.127781971153848,3.9999999999999996,1.3257830028669393,1.179741396571548,744.4834232411778,750.0,62.86314576984613,0.08443861046115114,0.0,0.0,-11.307591206654369,125.86194388904269,12.449890889413352,6.999,14.954951851361981,1.2012114792169613,13.0,5.0,2.4444877713782485,6.515393370471928,8898.0,10.383301348751914,76,baseline,0
1650.7472527472528,750.0,4948.253672916568,2.9975840727170358,0.0,0.0,12.377629906450275,252.44205454727987,2.7613497613497615,1.0,9.28558562195441,3.3626981094258666,0.0,0.0,8.460602202323766,97.25734682007787,7.861760644120032,5.999,6.860430913784446,0.8726328903075292,8.255498000000001,3.9999999999999996,1.3506135418529035,1.2812827165783611,744.5513793565742,750.0,62.477795533961164,0.08391334334502633,0.0,0.0,-11.379537029318309,127.49418360229325,12.430532964146966,6.999,14.928090907626634,1.200921227648348,11.367631,5.0,2.522723366809748,7.007593645975605,9009.0,10.399398708272534,77,baseline,0
1654.1407894736842,750.0,4953.8402532519885,2.994811738381837,0.0,0.0,12.49486514599935,258.69031306217363,2.7663377192982455,1.0,9.324645857062341,3.370754695644241,0.0,0.0,8.526947472797804,98.94689453911923,7.894352402874175,5.999,6.957069894570282,0.8812717674013832,7.92646825,3.7147764999999997,1.3814163421132661,1.370507040495501,744.6176816239316,750.0,62.099445344830116,0.08339775817490375,0.0,0.0,-11.451030949398763,129.12642612997254,12.54009671754386,6.999,15.115396551905398,1.2053652290224077,12.0,5.0,2.51755181326998,6.974289169797901,9120.0,10.396375214616311,78,baseline,0
1642.4521853434112,750.0,4994.035043105164,3.0405969121475453,0.0,0.0,12.68982385050789,269.9827673515975,2.757476174827473,1.0,9.42331621061289,3.417369947431179,0.0,0.0,8.596395892059661,101.50816986846257,7.6615130840310375,5.899,6.732238168447828,0.8787086956073852,7.386724000000001,3.9,1.3872094995565376,1.4505745378029538,744.6229750509921,750.0,62.06920295497997,0.08335655094543577,0.0,0.0,-11.456807250662033,129.25874114400796,12.172677229817067,6.999,15.07227277629064,1.238205243738082,11.899999999999999,4.8999999999999995,2.6648337909060884,7.803818493254287,9129.0,10.474281998589085,79,baseline,0
1644.0547031354236,750.0,5037.921205081601,3.0643269931795083,0.0,0.0,12.757640273575781,274.32291225934074,2.775517011340894,1.0,9.562347455742369,3.4452490893300833,0.0,0.0,8.582787507360438,101.28214435995149,7.65550599503133,5.77615325,6.607198931887065,0.8630649543185454,7.1000000000000005,3.77715325,1.390016061616316,1.498998232863344,744.5422531687792,750.0,62.52991907260599,0.08398437940422862,0.0,0.0,-11.369837968329545,127.27351222563041,12.08361186791194,6.999,15.04347993836465,1.244948952582021,11.761752249999999,4.2915735,2.7873742437865254,8.544187137096749,8994.0,10.451715641175415,80,baseline,0
1633.5782922035378,750.0,5062.282264904427,3.098891732991813,0.0,0.0,12.913677076497242,281.289008483741,2.7583533522603187,1.0,9.605190755441114,3.482219110024533,0.0,0.0,8.677312151370284,103.71272740604928,7.610006002621167,5.8163168333333335,6.608928736099035,0.8684524997513374,7.886095,3.7257924166666667,1.3898362257346513,1.5283906060734074,744.6399774601712,750.0,61.97186762894875,0.0832239330479184,0.0,0.0,-11.475401376623113,129.6851315579064,11.910656400960907,7.3273065,14.924049381601836,1.2529997406690214,11.0,4.4283065,2.876333362132774,9.263250720801922,9158.0,10.470507881806926,81,baseline,0
1639.386433260394,750.0,5116.297225331432,3.1208610255217226,0.0,0.0,12.931900009613,282.72163508996033,2.774507658643326,1.0,9.7225642733092,3.5042484900053665,0.0,0.0,8.677957129808687,103.78795031576954,7.9210043897854865,5.999,6.597557155931142,0.8329192651930615,8.0,3.6110644999999995,1.3912018271260782,1.5497253883114315,744.6294097240753,750.0,62.03253899191489,0.08330659275853909,0.0,0.0,-11.4638615934493,129.42040981742292,12.307856333260393,7.318578499999999,15.01649516739919,1.2200739723309129,10.4100425,4.5804215,2.899709588150603,9.400443798495617,9140.0,10.471474548456614,82,baseline,0
1614.4447561501943,750.0,5103.863042890791,3.1613736075190735,0.0,0.0,13.240963508293673,294.92258244541233,2.740289167026327,1.0,9.741190568993574,3.554803882089713,0.0,0.0,8.8116676742807,106.6925734065154,7.85422450699979,5.999,6.543779861899207,0.8331541651333372,7.899999999999999,3.48613,1.365481688685379,1.5416862833636245,744.7035712985737,750.0,61.60600516544599,0.08272554012064261,0.0,0.0,-11.5456642295352,131.30264675399258,12.12996228895123,7.320064,14.889333078332,1.227483872055743,10.3035215,4.3357015,2.9731404864430546,10.033882023414344,9268.0,10.515972829403522,83,baseline,0
1633.7646292476386,750.0,5176.256491546879,3.168300010222761,0.0,0.0,13.167617671665745,292.7069801909511,2.7768971881446096,1.0,9.884945130695025,3.5597087183842318,0.0,0.0,8.772108345927473,105.84716838214877,7.880671394317734,5.999,6.627517618955895,0.8409838816188414,7.999999999999999,3.9999999999999996,1.3263119572680844,1.4127505642883333,744.6707844140805,750.0,61.79504349967556,0.08298303732742374,0.0,0.0,-11.50930701793439,130.46442395330672,12.212003835305612,7.601393,15.125818054046112,1.2386024650857457,10.830803499999998,4.885611000000001,2.976067430407586,10.02741686806367,9211.0,10.44824381607695,84,baseline,0
1587.9040712731794,750.0,5098.746773617024,3.210991687633155,0.0,0.0,13.539732093239895,309.99327219683073,2.6952242826064436,1.0,9.761070581428086,3.621617185783346,0.0,0.0,9.004443840562473,111.53029250583066,7.700590212363358,5.899,6.593349105818943,0.8562134750701665,7.855871,3.9,1.343100469320969,1.489451159354573,744.9147927191182,750.0,60.37410435891103,0.08104833592917524,0.0,0.0,-11.788291843527757,136.96410686931455,11.716317369418832,7.379597,14.862480981768325,1.2685283705749901,11.313559999999999,4.653902,3.147035250284264,11.359475680591538,9653.0,10.552270346619217,85,baseline,0
1595.363075958625,750.0,5168.633068805418,3.2397848155659985,0.0,0.0,13.544120738817547,311.8378270783463,2.7170619579981192,1.0,9.908302827600776,3.6466974183029044,0.0,0.0,8.984692642471193,111.41169190437616,7.7442698310886,5.999,6.483121868636215,0.8371508237755828,7.441921499999999,3.6438849722222217,1.3659093389910917,1.5446194023849342,744.8712146430715,750.0,60.63045966546513,0.08139723817159202,0.0,0.0,-11.73703441605663,135.7582504015328,11.764366124020476,7.32329,14.956421917556664,1.271332578388448,11.0,4.575709999999999,3.2370189431149328,11.882573121491559,9571.0,10.558175421664933,86,baseline,0
1610.3937125748503,750.0,5241.8970704072435,3.2550406956234332,0.0,0.0,13.52572851329126,312.3356001112603,2.7580196749358428,1.0,10.096642710588302,3.6608305598194004,0.0,0.0,8.919955552479193,109.89670486112878,7.869033570535081,6.27230635,6.452034058204528,0.8199271232446654,7.611581249999999,3.6233861249999997,1.3229946382139859,1.4631936703082644,744.7511012457843,750.0,61.33123700634838,0.08235132100342839,0.0,0.0,-11.599031010092146,132.53778167895317,11.88863354384089,7.613731,14.891815359709392,1.252609503421388,10.32176325,4.614730999999999,3.3232629985500535,12.687850418750811,9352.0,10.509882208071867,87,baseline,0
1626.007121277514,750.0,5310.5770521717595,3.2660232434894683,0.0,0.0,13.469556257207685,310.8699491059175,2.7915407854984893,1.0,10.245314606450668,3.670128933696073,0.0,0.0,8.878764564946644,108.96778347878852,8.057613632350137,6.2408210833333335,6.42285382957231,0.7971161342094506,8.0,3.6581789166666656,1.295048228353127,1.4024708563679598,744.7035179699456,750.0,61.60661825361553,0.08272636930943278,0.0,0.0,-11.545660162432144,131.30252179082464,12.194381231873113,7.999,15.037166572781894,1.2331225575823757,10.452401749999998,5.0,3.3324031725672865,12.742441760439766,9268.0,10.473359361764304,88,baseline,0
1642.020284422886,750.0,5421.941978054613,3.301994518271277,0.0,0.0,13.368223162973285,305.73442979894907,2.8337559254767943,1.0,10.467705000140782,3.6939331669432804,0.0,0.0,8.79443010647064,106.80664352212875,8.043415415503578,6.428972,6.3349582075553075,0.7875955524247521,8.0,3.5700280000000006,1.197711775605423,1.099737882320082,744.5884811332323,750.0,62.267115259320434,0.08362621345491741,0.0,0.0,-11.419515698660067,128.40558121425047,12.151766747326645,8.621784,14.995139909502244,1.2339884579171283,10.4889885,4.861902,3.4535302133531793,13.79937448147842,9071.0,10.443174083412591,89,baseline,0
1665.2193642592385,750.0,5516.309988589721,3.3126626479290393,0.0,0.0,13.264487706459875,301.9741692154984,2.8843086600022465,1.0,10.668063307886596,3.6986552291800447,0.0,0.0,8.71541961267688,104.96836479871425,8.113901030002328,6.2447915,6.46780183154148,0.7971260442573607,8.0,3.7542085000000007,1.183111122928974,0.9502823444727726,744.4863554107854,750.0,62.84749615633355,0.08441725721307031,0.0,0.0,-11.310829545289872,125.93509779967607,12.39259175783444,7.999,15.33689388113513,1.2375856625341781,11.305013,5.000000000000001,3.3928036083314628,13.314195619724554,8903.0,10.412983114107655,90,baseline,0
1667.6104240282687,750.0,5524.0647731236095,3.3125631103814497,0.0,0.0,13.355833287707604,307.0720256005118,2.883613074204947,1.0,10.691750560840608,3.7077618549043634,0.0,0.0,8.784392540543177,106.71287375357674,8.238822648659198,6.899,6.6114946527284255,0.8024805162912922,8.41765875,4.1000000000000005,1.1670303386512615,0.9204945017372594,744.5794980196482,750.0,62.3184963450132,0.08369622922839157,0.0,0.0,-11.409852344216967,128.18496213331747,12.51505984860866,7.999,15.408056044102155,1.2311611954308888,11.471512749999999,5.000000000000001,3.392193000092889,13.456841218747222,9056.0,10.388155226210486,91,baseline,0
1636.107970784376,750.0,5452.129407477719,3.3323775110415736,0.0,0.0,13.688343527723449,322.9217408167443,2.82131893722875,1.0,10.574181526413035,3.7479568108664667,0.0,0.0,8.99144602137936,111.7833104117142,8.097055479451884,6.037963636363636,6.803175413910617,0.8402036309588368,9.0,4.038963636363636,1.1842575261276704,0.9146340660109793,744.803836966877,750.0,61.02488294193685,0.0819341683180007,0.0,0.0,-11.659092138187814,133.93466578610054,12.290290801524293,7.999,15.457759116149754,1.2577211854281445,12.561316,5.1,3.3735747853364653,13.530883140562228,9447.0,10.460747379414798,92,baseline,0
1633.4826892535734,750.0,5487.382510636868,3.359314761483239,0.0,0.0,13.81444632456514,328.19531987680944,2.8249867654843834,1.0,10.670053794379106,3.777027887261474,0.0,0.0,9.029579109145054,112.5833570906087,8.329880893724983,6.727392,6.779316468137967,0.8138551504673881,9.0,4.171607999999999,1.185570479550975,0.9006574293672296,744.8027277332833,750.0,61.03140061890817,0.081943041219317,0.0,0.0,-11.657830158911663,133.90523526302707,12.509727252091052,8.324206,15.481797986723189,1.2375807781209094,12.578543,5.362781999999999,3.431812320728903,13.95045742543017,9445.0,10.466525809854248,93,baseline,0
1635.8721004469037,750.0,5545.418207896956,3.389884946617773,0.0,0.0,13.837100112937797,329.0268072901835,2.8384762715471377,1.0,10.79998072371937,3.804851508528814,0.0,0.0,9.02338889984451,112.32504792407863,8.268777762034949,6.488412,6.737523615696749,0.8148149351203076,8.899999999999999,3.61464225,1.1561687932967897,0.7994375680430661,744.7767270537416,750.0,61.1828136333854,0.08214920178214775,0.0,0.0,-11.628148866860737,133.2140713646507,12.38209150776761,7.999,15.512339818529792,1.2528044885469063,12.079968000000001,5.0,3.5270343711558625,14.696523288156161,9398.0,10.493766682243129,94,baseline,0
1653.013304488913,750.0,5633.164872928813,3.407815809849457,0.0,0.0,13.807664780924275,327.23435089921213,2.879394267171444,1.0,10.989274108949731,3.816522882691219,0.0,0.0,8.972743231870101,110.9805245059904,8.353685749496648,6.505869,6.693569233676994,0.8012713710328779,8.466877499999999,4.009594,1.1415201274155484,0.7226626677188843,744.6902758247701,750.0,61.68338836154893,0.08283093033977441,0.0,0.0,-11.530999207195688,130.96415980140293,12.554268515521905,8.457931,15.707080458537963,1.2511346590299521,11.596948999999999,5.458931,3.551927589252121,14.781648691389464,9245.0,10.473000398698233,95,baseline,0
1675.971135837832,750.0,5714.772611037275,3.409827585234881,0.0,0.0,13.752280410056942,325.5640217556799,2.929822628621791,1.0,11.179646638198752,3.815810052452812,0.0,0.0,8.908356835085245,109.44354693579487,8.702501539550324,6.899,6.876428322665355,0.7901668608059417,8.964680640000001,3.9,1.111459180220368,0.616712361066269,744.5919930410195,750.0,62.24742963940556,0.08359938089742036,0.0,0.0,-11.42337374169158,128.49367646680082,13.053992369395173,8.789281,15.92994591224372,1.2203121820103988,12.494179,5.790281,3.4899826741563866,14.347448542766553,9077.0,10.412639019362496,96,baseline,0
1646.8066945606695,750.0,5618.06942952241,3.4114929506168803,0.0,0.0,14.136346286322008,344.50066176412463,2.8627615062761507,1.0,11.004838908560716,3.8441340238906916,0.0,0.0,9.155363565852884,115.63334182570036,8.368757924687198,5.999,6.998344576888956,0.8362465063357098,8.899999999999999,3.9999999999999996,1.1407618459291529,0.6931512555118884,744.8652137342018,750.0,60.666245217673286,0.08144593692802181,0.0,0.0,-11.73013403831018,135.59625986209835,12.581006860251046,7.999,15.951925888471585,1.2679371425247974,12.731737250000002,5.5742295,3.50682142695255,14.666209925780528,9560.0,10.488375728647577,97,baseline,0
1677.9749514143814,750.0,5748.909465879464,3.4260996929862704,0.0,0.0,13.959837260541773,336.2218069806633,2.932951846253509,1.0,11.2785321052713,3.845454237401906,0.0,0.0,9.020324466698208,112.21985360769376,8.642852222328376,6.999,7.041985888046568,0.8147756905820916,9.0,4.300267249999999,1.1239529546670533,0.6138783828397161,744.6999964745129,750.0,61.62746191471056,0.08275474984082364,0.0,0.0,-11.541832222113271,131.21409553791187,12.98912960526884,7.999,16.192928961181043,1.2466523511023118,12.999999999999998,5.636705000000001,3.507385830975707,14.545076978250844,9262.0,10.407462927933802,98,baseline,0
1680.5215993139673,750.0,5785.410788253587,3.442628045135119,0.0,0.0,13.964188183012698,337.4296612116421,2.938471433165398,1.0,11.35347298240533,3.863734339651236,0.0,0.0,9.039142455321883,112.76082532590523,8.659549326598695,6.999,7.004484111231132,0.8088739779697471,8.899999999999999,3.9999999999999996,1.1117451704494097,0.596243636920561,744.7380526239997,750.0,61.407484839331374,0.08245514597108218,0.0,0.0,-11.584434544751186,132.1993255741132,13.04183288530389,7.999,16.285535581820394,1.2487152476989374,12.54728,5.000000000000001,3.5427701726713723,14.811661177556186,9329.0,10.422153016818552,99,baseline,0
1666.5550199119682,750.0,5785.55248114788,3.4715640420041387,0.0,0.0,14.072330849468958,342.9757027383822,2.911234542024733,1.0,11.349656143573347,3.898571544043229,0.0,0.0,9.12923790111265,115.01533484779655,8.464569553610627,6.899,6.988396114454562,0.8256056105621589,8.7126295,4.1000000000000005,1.1335136840312483,0.6412222133420027,744.8555040871935,750.0,60.72330169826987,0.08152359936265108,0.0,0.0,-11.718844359380178,135.33151544517236,12.72686671284846,8.899,16.267891342344043,1.2782322396698573,12.43265475,5.571967999999998,3.6270729008807643,15.54356794455224,9542.0,10.467644389644216,100,baseline,0
1669.3387398627574,750.0,5818.308827505254,3.4853973543941112,0.0,0.0,14.12458349857499,345.7806599288015,2.9164067373674363,1.0,11.417896044128772,3.91505611951624,0.0,0.0,9.165124315639494,115.92870587921477,8.511941239423141,6.9089715,6.895192663654096,0.8100611211598762,9.0,4.04566425,1.1141260164773172,0.6346709530350068,744.896147693372,750.0,60.48471499793872,0.08119885595493315,0.0,0.0,-11.76643088981822,136.44909581935636,12.783646929611146,8.7632705,16.28651610624665,1.2740117273202927,12.30813125,5.7642705,3.6968818072087184,16.11097177658192,9618.0,10.451456448195247,101,baseline,0
1656.9529232333502,750.0,5805.208615332843,3.503544689733644,0.0,0.0,14.342757660768955,357.69466014068456,2.8914082358922215,1.0,11.401397643504543,3.9431988544455177,0.0,0.0,9.288900436672078,119.38496827737926,8.552045951747019,6.70333,6.993082689959454,0.8177087365311574,8.899999999999999,4.29567,1.1487217154446427,0.7092307094876684,745.0087522553505,750.0,59.818506963271005,0.08029235466319504,0.0,0.0,-11.901256898213312,139.64011618819438,12.78036203548551,7.999,16.34746200576709,1.2791078969732854,11.7289035,5.000000000000001,3.7153777577256237,16.320242869056493,9835.0,10.481772392865127,102,baseline,0
1651.7662233776623,750.0,5814.940810711646,3.5204381397391664,0.0,0.0,14.43639942931664,362.85911019216735,2.87981201879812,1.0,11.42137069855436,3.9660125813771105,0.0,0.0,9.360652679093832,121.26973958249815,8.646984444538415,6.999,7.14800823247173,0.826647518371163,9.0,4.348573999999999,1.1748409341914194,0.7475402563994229,745.0915918116926,750.0,59.32349537712185,0.07961906432587244,0.0,0.0,-12.0033734528137,142.08117411383847,12.885390788121185,7.999,16.434540462150913,1.2754398164859406,12.437308,5.000000000000001,3.707779809488493,16.378188931587854,10001.0,10.527230477180003,103,baseline,0
1678.4349974266597,750.0,5944.897828614124,3.5419291409728184,0.0,0.0,14.241430040787016,353.8845669821116,2.9421513124035,1.0,11.68879131529491,3.972872253720395,0.0,0.0,9.225290949520588,117.83856102101365,8.710804572393561,6.899,7.023482363693102,0.8062954811260544,9.623043749999999,4.0,1.165962442668525,0.7340638571826594,744.9470861871016,750.0,60.18439047618142,0.08079015488767943,0.0,0.0,-11.826887444219832,137.8754571642045,13.064520497066392,7.999,16.684504449702683,1.277085098794797,12.0,5.000000000000001,3.7523954230028966,16.50073415272847,9715.0,10.520247262873347,104,baseline,0
1678.0612182430364,750.0,5976.984859077286,3.5618395765890525,0.0,0.0,14.263856865467709,355.72324505983596,2.942250790735639,1.0,11.752581960195156,3.994418829693544,0.0,0.0,9.254510719799093,118.63564749655846,8.44988149078669,6.612694,6.9601114595118885,0.8236933816291779,9.0,3.7136940000000003,1.177171715865359,0.7703243798487605,744.991416813639,750.0,59.92169421919232,0.08043273099102273,0.0,0.0,-11.88023166388565,139.14009298621605,12.790421595959595,7.999,16.82593605087782,1.3155106674664279,11.338199999999999,5.0,3.79693014625118,16.81912884689526,9801.0,10.5472331312453,105,baseline,0
1694.232198142415,750.0,6057.915330921218,3.575611027557627,0.0,0.0,14.20636862671316,353.26581603777765,2.9787409700722396,1.0,11.92315271886865,4.002749093882941,0.0,0.0,9.207058963976541,117.44253145295293,8.592625153655002,6.384461,6.969605552870946,0.8111148139525579,9.0,3.7044883181818182,1.1701260334201171,0.7322402282271185,744.9340362560118,750.0,60.2615890278542,0.08089520158150496,0.0,0.0,-11.811334183217836,137.50779820980756,13.013147686584107,7.999,16.967103321982982,1.3038431385417382,11.704779749999998,5.000000000000001,3.8178852463070263,16.97530536886016,9690.0,10.539399757626745,106,baseline,0
1688.3392357875116,750.0,6108.62284368223,3.6181252642825155,0.0,0.0,14.218245186618036,354.4889386583753,2.980221600911256,1.0,12.043220732557673,4.041048735730001,0.0,0.0,9.200826995508827,117.29747969233303,8.506953899289204,6.561005,6.968988388637591,0.8192107858042915,8.883021999999999,3.8808,1.1701970273979314,0.7192385470622487,744.9167182006371,750.0,60.36381312470089,0.08103431115160233,0.0,0.0,-11.79077323132873,137.02251243722193,12.816045037485761,7.999,17.015653534973588,1.3276836563233319,12.0,5.000000000000001,3.9190658621716556,17.785180612590864,9657.0,10.57656070592388,107,baseline,0
1708.400928465921,750.0,6205.899321749716,3.6325778207826063,0.0,0.0,14.103821193855797,349.9965681723944,3.02774847014138,1.0,12.253829225044361,4.047175432796824,0.0,0.0,9.117115649200676,115.2711304443305,8.39709291656809,6.4498695,6.977222507098808,0.8309092892532162,8.899999999999999,3.8061430000000005,1.1903507095159152,0.7588550611887128,744.8207095574155,750.0,60.927154143032055,0.08180110107200961,0.0,0.0,-11.678617030296188,134.39026830212862,12.71661359210804,7.999,17.236075194253345,1.355398201683984,12.0,5.000000000000001,3.971216688765756,18.08066773315629,9478.0,10.541602310276106,108,baseline,0
1690.9786443825442,750.0,6187.702430404354,3.659243391961213,0.0,0.0,14.276658936655064,358.7563653853776,2.994738471061591,1.0,12.227901939901805,4.083128479518678,0.0,0.0,9.226550045795836,118.026654648082,8.493684349167413,6.830595,7.141205997956891,0.8407665866058351,8.421237,3.9315949999999997,1.2320865520508948,0.8644835543565428,744.9355848399063,750.0,60.25255664226167,0.08088290835939932,0.0,0.0,-11.813200291346032,137.55187434931918,12.779714250593212,7.999,17.28942095227633,1.3528800889639443,11.755578,5.000000000000001,3.971153329068169,18.212712172205464,9693.0,10.577215819557626,109,baseline,0
1709.545388223033,750.0,6272.678280688871,3.669208389494083,0.0,0.0,14.210151746374367,355.5297997691884,3.0339760291818654,1.0,12.39979711971773,4.086979264322477,0.0,0.0,9.180019484259564,116.83159815548755,8.323277033869156,6.258487000000001,6.972921028731095,0.8377614971070674,8.439735999999998,3.757723333333334,1.2252544394187719,0.893349347786168,744.8838523852385,750.0,60.55736292168186,0.0812977254477559,0.0,0.0,-11.752045899305916,136.1107512417507,12.65350652965086,7.999,17.47292935168991,1.3808764638280886,11.100000000000001,5.267901,4.031653605137105,18.561635784464556,9595.0,10.572585671191788,110,baseline,0
1706.7511591962905,750.0,6294.255937905184,3.687858012570005,0.0,0.0,14.34352090795775,362.81029608687294,3.028541988665636,1.0,12.444187997907633,4.10896994147025,0.0,0.0,9.249881557655455,118.85391125538762,8.230271603750284,6.309109,6.936548703303082,0.8428092093755822,8.299270499999999,4.088340333333333,1.236949581345837,0.9346294010844454,744.9418345702735,750.0,60.21570278529067,0.08083275766090738,0.0,0.0,-11.820666016226209,137.7283123641552,12.528972581658936,7.999,17.534711443463824,1.399533068587982,11.75219,5.000000000000001,4.085636385897153,19.028416079703813,9705.0,10.600100806181885,111,baseline,0
1721.7131895479054,750.0,6355.496100070018,3.691379109280606,0.0,0.0,14.326343242893145,362.5781131473603,3.0601410203235173,1.0,12.582449436615708,4.111722091580438,0.0,0.0,9.227470878822158,118.30824830786594,8.489894101847534,6.388778875,6.9851754828111865,0.8227635585337987,8.899999999999999,3.6102211250000007,1.2430819090295193,0.9871103745364951,744.9098347603247,750.0,60.404562880239205,0.08108976423928464,0.0,0.0,-11.78266180554464,136.83128255382186,12.89765401099129,7.999,17.66380819705993,1.3695365205181464,11.7059075,5.0,4.075622993849748,18.972461222073694,9644.0,10.561632848905859,112,baseline,0
1784.047197640118,750.0,6590.600223233178,3.6941849027038183,0.0,0.0,13.909740708952201,341.8043500478207,3.191521905386212,1.0,13.03395988781784,4.083932454237871,0.0,0.0,8.968974288923919,111.75721499790447,8.78447540442649,6.999,6.979538524913171,0.7945310566179271,8.787672333333335,4.000000000000001,1.2101277182181938,0.9300912187820578,744.636773667708,750.0,61.991819405097445,0.08325108508911906,0.0,0.0,-11.47217859571336,129.61103415424256,13.524591845405876,8.899,18.136976828684837,1.3410369078787192,12.404216,5.2853629999999985,4.007419756051758,18.15630710880004,9153.0,10.455854007605538,113,baseline,0
1791.5316664830927,750.0,6667.255883597373,3.7215395118779466,0.0,0.0,13.891942856995765,340.78009462877935,3.2154422293204097,1.0,13.19600931558371,4.103948500537269,0.0,0.0,8.942765099792288,111.07073178050483,8.818533417241843,6.999,6.926684238024011,0.7854689561510396,8.2727125,3.9999999999999996,1.163099727544482,0.852472546826712,744.5930535668393,750.0,62.24211612647746,0.08359212569646975,0.0,0.0,-11.424653007712838,128.52284493620778,13.554839056063443,8.899,18.304244280197388,1.3503844792616264,12.269188999999999,5.125640999999999,4.050951280347382,18.407509719773373,9079.0,10.486325680551127,114,baseline,0
1763.9360477510127,750.0,6608.088694967501,3.746217842417075,0.0,0.0,14.139650713338689,353.43007437156325,3.159027925815391,1.0,13.092665855519787,4.144523620233708,0.0,0.0,9.099873820294007,115.02188794514097,8.468914374685719,6.899,6.87956968645794,0.8123319450508958,9.0,4.1000000000000005,1.1419084037432414,0.8091525953533871,744.7676698210264,750.0,61.236314082147274,0.08222203589592288,0.0,0.0,-11.618017907673888,132.97849094146892,13.089850303560011,8.497283,18.271783015955645,1.395874100331485,12.0,5.5982829999999995,4.1184550911725,19.133256387974228,9382.0,10.586665431998949,115,baseline,0
1753.2574174676138,750.0,6586.814609992188,3.756901037102762,0.0,0.0,14.298204610847057,362.19745670173995,3.1357083159214376,1.0,13.066957315093251,4.167146940532154,0.0,0.0,9.19820913310443,117.58032530835591,8.382810932558053,6.8987805,6.95548636975161,0.8297319867655791,9.0,4.219849860465116,1.18178841546703,0.8748310814902882,744.8715236249406,750.0,60.62996984765055,0.08139654682003805,0.0,0.0,-11.737645123755378,135.77246428052325,12.98499961397827,7.999,18.353106324403072,1.4134083072783514,13.0,6.0,4.1267771515290805,19.29826197087542,9572.0,10.623004058573713,116,baseline,0
1752.7004281090112,750.0,6627.861757143883,3.781514314054618,0.0,0.0,14.382482511609917,367.65638674211334,3.141484807350945,1.0,13.165452971146665,4.1908377020764345,0.0,0.0,9.224119578133601,118.52446694785341,8.183192916125869,6.4632194,6.885949470313571,0.8414746592059514,8.029609974358975,4.0258986,1.221103771663414,0.9403778876502686,744.8741955664792,750.0,60.61431914523272,0.08137524363981402,0.0,0.0,-11.740776433230325,135.84598000802265,12.788639347916883,7.999,18.510973919973683,1.4474545271298858,13.321360999999998,5.1,4.166786275408665,19.568886596676748,9577.0,10.650378308776736,117,baseline,0
1767.576788922947,750.0,6724.207193450591,3.80419523247299,0.0,0.0,14.433616806630088,372.09074941440076,3.178205263714195,1.0,13.358336276412224,4.203106837977187,0.0,0.0,9.208256547428318,118.81747828896974,8.260676575074015,6.720549,6.803790425929026,0.8236359775250085,8.207039499999999,3.8519240000000003,1.217641906231651,0.9477028281000215,744.8113432664695,750.0,60.982169739536154,0.08187599489568823,0.0,0.0,-11.667905743098222,134.14016894639343,12.88964382454286,7.999,18.56513790505252,1.4403142676218166,12.43101,5.0,4.231827708121441,20.130324114782468,9461.0,10.613712593777702,118,baseline,0
1769.4515218073423,750.0,6744.954868042155,3.8118901732627095,0.0,0.0,14.497070589861925,375.6022514484922,3.1790607677021234,1.0,13.402163028724853,4.21576182653852,0.0,0.0,9.254202994223794,120.0006047502733,8.202272094398067,5.999,6.71158862105159,0.8182596899748578,8.3949585,3.9999999999999996,1.1859324176461083,0.8792289506917381,744.8656068640195,750.0,60.664780013789915,0.08144392687050821,0.0,0.0,-11.730751624818689,135.61067728103072,12.844468314716035,7.999,18.641192662852603,1.4513012299228614,11.100000000000001,5.0,4.268910377296579,20.46346858633889,9561.0,10.643084040946446,119,baseline,0
1732.4958250497018,750.0,6633.535205300616,3.828889576175639,0.0,0.0,14.916627691693149,398.16533980730895,3.0957256461232605,1.0,13.183642555609353,4.258659862872237,0.0,0.0,9.513066411127834,127.02930604361336,8.121754447526396,5.999,6.876723528706756,0.8467041909646957,8.420479624999999,3.9999999999999996,1.2256230403626984,0.9763417205375489,745.1202799867461,750.0,59.15165228579904,0.07938537424702923,0.0,0.0,-12.03945290202787,142.9485746793524,12.624686030815107,7.6515865000000005,18.52847298853149,1.4676383193456104,12.44636375,5.2839945,4.292721889267,20.97162762924251,10060.0,10.706104516332635,120,baseline,0
1711.5458515283842,750.0,6611.660492360316,3.862975967869166,0.0,0.0,15.075976979963574,406.7182950327219,3.044347404172732,1.0,13.090313441278123,4.299875048207671,0.0,0.0,9.67025432519195,131.46010234067856,7.9389104794135905,5.999,6.66353456264931,0.8393512661376569,8.100000000000001,3.9999999999999996,1.2605914117071935,1.0830294443592434,745.3063529298543,750.0,58.02041239567587,0.07784773625985254,0.0,0.0,-12.280593445437123,148.81312939114915,12.269142669286753,6.999,18.366157498333994,1.4969389462158469,11.490117999999999,5.0,4.450433650707602,22.37414856556021,10305.0,10.779753618879008,121,baseline,0
1392.6653291296454,750.0,4795.055326369179,3.443077978659724,0.0,0.0,13.321542382915565,214.46991712453203,1.8569790770994554,1.0,6.393387850324983,3.4428970843932496,0.0,0.0,13.321621539110819,214.47176933556085,7.811509056357005,5.999,6.643315155652565,0.8504522119508056,8.100000000000001,3.8999999999999995,1.2858959299988122,1.1518277386544344,749.931021305054,750.0,7.056759857800928,0.009409878585260453,0.0,0.0,-102.29369528738074,10462.000095547493,10.586088700582785,6.999,13.638877532626406,1.2883774091063076,10.899999999999999,4.746504000000001,4.855652228067733,32.71457514784233,10467.0,10.828006692562845,122,baseline,0
1252.430711610487,750.0,3762.4368661534877,3.0041077971614185,0.0,0.0,13.73130113002325,219.22374722345901,1.6762172284644195,1.0,5.015167623309359,2.991955659532117,0.0,0.0,13.739356122091273,219.40540479443473,7.874051963143028,5.999,6.6507137954085405,0.8446367672628139,7.7918185,3.5484819431818178,1.3298803328537558,1.3085384567233556,745.4029962546816,750.0,57.42738249899066,0.07704206018427308,0.0,0.0,-12.412301614511014,152.06523136959268,10.341521530805244,6.999,12.526311689876206,1.2112638988917566,10.24686825,4.3203605,4.747965927093912,33.92725867582039,10680.0,10.842884412167894,123,baseline,0
1167.1703771849127,750.0,3130.977929215522,2.682537177448847,0.0,0.0,15.213406279555043,271.0640844372356,1.5685372585096595,1.0,4.173209775353809,2.6605742086859765,0.0,0.0,15.220482256107871,271.2595287640554,7.888025195940869,5.999,6.591118473965058,0.835585372794804,7.42284675,3.8999999999999995,1.3489257199556648,1.410792183932247,745.4833486660533,750.0,56.92646242159293,0.07636181616055614,0.0,0.0,-12.524345743670688,154.85923630700213,10.108192942502301,6.899,11.595251951430148,1.147114228763398,10.0,4.1000000000000005,4.603275052882953,34.311846925436754,10870.0,10.859224266080123,124,baseline,0
1155.7145243619489,750.0,3003.246069019165,2.5986054563753176,0.0,0.0,15.400253616520141,278.11283497385784,1.5595359628770302,1.0,4.004609382248303,2.56782111959804,0.0,0.0,15.383818468740078,277.74834036690413,8.205402842726778,5.999,6.611456807278458,0.8057443289501398,8.0,3.1673264999999997,1.3627488982047338,1.4943384095730963,745.4435266821346,750.0,57.17527688085489,0.07669967587663426,0.0,0.0,-12.468449516210022,153.46223333827797,10.405156946542922,6.999,11.426499983526053,1.0981573889015166,9.6662125,3.9999999999999996,4.588342701250679,34.52547067563142,10775.0,10.833382918392225,125,baseline,0
1133.6746584637656,750.0,2878.154837908075,2.538783782825526,0.0,0.0,16.46223885961345,318.581434409228,1.5356916674206098,1.0,3.8414375574338457,2.5014380418473134,0.0,0.0,16.39573721243006,316.86786363805976,8.188026214040555,6.899,6.647230207029064,0.8118232689131618,7.9021144,3.9,1.3525713399619368,1.5593319878675285,745.5581290147471,750.0,56.456183306197225,0.07572338240185766,0.0,0.0,-12.63132249237995,157.55030790650355,10.280036524925357,6.999,11.08460609329608,1.0782652441379885,9.0,4.000000000000001,4.464434903308282,34.07568059566157,11053.0,10.856968398018205,126,baseline,0
1111.4450564839883,750.0,2678.2586028293676,2.4097085026424345,0.0,0.0,17.562226431326852,367.71322570187436,1.5130239940248342,1.0,3.581270758777358,2.3669623039160976,0.0,0.0,17.39325945595822,362.88778580349066,8.406426802835659,6.999,6.46259297859402,0.7687681258836461,7.1422558333333335,3.8999999999999995,1.3096512613843827,1.5508679523824753,745.416300998973,750.0,57.34475025849764,0.07692983126562541,0.0,0.0,-12.43065143338583,152.5210950583372,10.36165198431519,7.999,10.451900329518603,1.008709841378578,8.6527595,4.1,4.561403707653716,36.780461094089944,10711.0,10.83283052878122,127,baseline,0
1132.2318173095375,750.0,2737.860153041021,2.418109181516249,0.0,0.0,17.410919581944686,361.2415552132688,1.5479754365764729,1.0,3.668099268489834,2.3696107714746826,0.0,0.0,17.14434210372089,353.597247504533,8.526370073205165,6.999,6.4613431992649,0.7578070320417143,7.1000000000000005,3.7325598999999996,1.2251255604715412,1.4163535732272496,745.289195931683,750.0,58.12924274713045,0.07799555268537513,0.0,0.0,-12.258518401197351,148.271273392494,10.534452017559008,7.999,10.454718057769725,0.9924311241195668,8.9561155,4.000000000000001,4.553806260677171,36.842247438956896,10422.0,10.769029888813007,128,baseline,0
1128.5472782159898,750.0,2582.805704211246,2.2886109904887206,0.0,0.0,17.600511382242825,372.98805396210656,1.5501022494887526,1.0,3.472825833651496,2.240385003503406,0.0,0.0,17.153733419670342,359.71003209852074,8.547027871809972,7.091944,6.5007336765032,0.7605841204688344,8.002549333333333,3.97296,1.1320054893323146,1.1831948463601716,745.2190086668614,750.0,58.55781642444076,0.07857799619094005,0.0,0.0,-12.16640340838199,146.0213718954889,10.54728966978284,8.482329,10.233793372477528,0.9702770752373044,9.415198,4.5166710000000005,4.401168131696791,36.08131763163685,10269.0,10.723697993506837,129,baseline,0
1128.5712572456525,750.0,2486.7192307033674,2.203422437651264,0.0,0.0,18.25634241543681,407.0972662410611,1.5579652208674795,1.0,3.359407186871125,2.156278678031463,0.0,0.0,17.561433964112265,385.1483446636125,8.561055961212714,7.899,6.489939858560264,0.7580770278764692,9.0,4.1266614,1.0671370349139566,0.9653995539925915,745.0933439936039,750.0,59.317201244267466,0.07961042964943821,0.0,0.0,-12.006410839487053,142.15390124655224,10.575016318009194,8.5746795,10.045081076624854,0.9498879977630046,9.7279325,4.6756795,4.245825451274598,34.67585220095726,10006.0,10.666047897235535,130,baseline,0
1144.725361640129,750.0,2510.3669855100356,2.1929862564705087,0.0,0.0,18.27330298507577,408.5736981476987,1.5886148402539286,1.0,3.407196940921766,2.144759607292319,0.0,0.0,17.355479571285056,379.2689642817248,8.594399656543223,7.899,6.286111467670846,0.7314194962861664,8.682818000000001,4.117595,0.9655225467653785,0.6294640231251676,744.8906233739203,750.0,60.521601057163274,0.08124897690755684,0.0,0.0,-11.760780189465844,136.3159506649321,10.65528425257571,8.999,9.767621492337655,0.9166927189179886,9.714278,5.0,4.326406672275042,36.56826045244469,9609.0,10.60699943194987,131,baseline,0
1146.5771176407277,750.0,2388.9983487819213,2.0835915107896805,0.0,0.0,17.38465613700038,364.98131250921176,1.6003659455386934,1.0,3.2692004843189917,2.042783085601436,0.0,0.0,16.16094146323125,327.6672076831519,8.718239076142202,7.899,6.366634676862681,0.7302661261360935,8.100000000000001,4.1000000000000005,0.9381574823669568,0.4731093399069475,744.7157464212679,750.0,61.541106164581066,0.0826370416636373,0.0,0.0,-11.560264954288197,131.6397258133439,10.840384222903886,8.999,9.724323085610813,0.8970459797047575,9.565213,4.899999999999999,4.173330511193388,34.795140727102755,9291.0,10.546304131964376,132,baseline,0
1167.3000112828613,750.0,2411.17736609935,2.0656021098204813,0.0,0.0,17.13151975925485,358.7683687966273,1.6389484373237053,1.0,3.323008031303407,2.027524451427929,0.0,0.0,15.639804528005374,313.0401615025611,9.1129847252178,7.899,6.6283565007430685,0.7273529694832942,9.100000000000001,4.427449999999999,0.9282930592533934,0.42183560056262737,744.460566399639,750.0,62.998299459968536,0.08462274874361846,0.0,0.0,-11.284767031704149,125.34596695983674,11.347098071646167,9.899,9.790187352690499,0.8627921686121638,9.899999999999999,4.8999999999999995,3.9645987279399293,32.57833397844365,8863.0,10.410231252601509,133,baseline,0
1197.257008244994,750.0,2495.5410774820434,2.0843821003312786,0.0,0.0,16.56657133305979,335.7881899070527,1.690341578327444,1.0,3.459489739695785,2.0466216911725468,0.0,0.0,14.90670847481432,286.16273018046815,9.113030823420676,7.427045416666667,6.856040152985003,0.7523336951044695,9.100000000000001,4.528045416666667,0.9613666081904757,0.4234809606025376,744.2171967020024,750.0,64.35637627439077,0.08647526093133291,0.0,0.0,-11.039067681110362,119.86101526813536,11.548217961484099,9.796402,10.15114467860535,0.879022608722982,10.0,4.947037999999999,3.822813401667564,30.32058754720154,8490.0,10.287241798142826,134,baseline,0
1183.6206934998327,750.0,2459.968809840807,2.0783421778196165,0.0,0.0,16.826175395977636,346.076538850296,1.674545657263909,1.0,3.4327230848384627,2.0499429621090735,0.0,0.0,14.910737419096826,287.4910218852433,8.354061930162013,6.999,6.964419999132704,0.8336567357716058,10.3038188,5.0,1.0288690530470739,0.46674128356378697,744.5260341175159,750.0,62.62778189167271,0.08411765206559257,0.0,0.0,-11.353620498087235,126.90469841458668,10.700584944252425,7.999,10.262862886938239,0.9590936327691788,11.177634000000001,5.675547999999999,3.6575162671891936,28.63699614716833,8969.0,10.383296073714579,135,baseline,0
1181.0286526684165,750.0,2411.1946362710282,2.04160553668463,0.0,0.0,17.326013187153876,371.68710624275457,1.676509186351706,1.0,3.3952438649652286,2.025186555854015,0.0,0.0,15.031851887977714,298.1239716483003,8.318553642784462,6.899,7.071476850222212,0.8500849010399821,10.0,4.9,1.1125397506932053,0.6460905768971399,744.6307961504812,750.0,62.03012840043856,0.08330320035259862,0.0,0.0,-11.466389166718752,129.47808052264534,10.616116996062994,8.297991,10.087427890176484,0.9501993896560695,12.0,5.9070205,3.517944214523461,27.93288594150412,9144.0,10.387944960783132,136,baseline,0
1144.7445606694562,750.0,2001.5796262009449,1.7484945506361738,0.0,0.0,16.62131294184394,359.0158980844518,1.6306485355648535,1.0,2.909456878586723,1.7842329693558967,0.0,0.0,13.517386492486732,255.53924379221309,8.098001499328625,5.999,7.019263387703291,0.866789588552834,8.69013725,3.9999999999999996,1.2023475913982817,0.8770238967705937,744.8644351464435,750.0,60.67539697358969,0.08145830853323081,0.0,0.0,-11.730106530702766,135.59539922163566,10.333463205020921,8.479449500000001,9.793824900299885,0.947777594595892,12.0,5.519550499999999,3.1591454492712443,23.768742785867264,9560.0,10.459193825620083,137,baseline,0
1165.6686494822648,750.0,2053.4682065183033,1.761622573816631,0.0,0.0,16.296217475629287,349.4304443757704,1.6714033928178014,1.0,3.0201788187163814,1.8069718128456673,0.0,0.0,12.948339312247944,238.03946365818572,8.20716734580098,5.899,6.756811982622115,0.8232818581528122,8.24468725,3.9,1.199342074685988,0.88531021136501,744.5917602996254,750.0,62.253514013376815,0.08360757845121179,0.0,0.0,-11.423989984668724,128.50754716981135,10.551131639237717,8.698892,9.645489774910562,0.9141663761487687,11.19371525,5.564036999999999,3.3410128834129464,25.876329049843868,9078.0,10.37840567630524,138,baseline,0
1157.9076564651064,750.0,2010.0344814171492,1.735919501174593,0.0,0.0,16.412682654680122,361.2546205068156,1.6635603092237636,1.0,2.995392188381316,1.8005912811054026,0.0,0.0,12.748382198688054,234.8951780329233,8.061130746485066,5.470354333333333,6.733122638539481,0.8352578379249532,8.24293475,3.571354333333333,1.254508712843743,1.070021063568328,744.8008048289738,750.0,61.047418316047285,0.0819647587922054,0.0,0.0,-11.656538954258965,133.87490039215666,10.416990350206502,7.999,9.649759091004023,0.9263480877480826,11.0,5.0,3.2305294796929247,24.417238047717856,9443.0,10.460535644746088,139,baseline,0
1129.0011092064133,750.0,1879.6621848917614,1.6648895820952698,0.0,0.0,17.300767598994778,417.3034816577934,1.6259957648482404,1.0,2.8676534572529224,1.763629106082309,0.0,0.0,12.887700567512596,249.56176312165445,7.882938980613601,5.899,6.660951477339098,0.8449832598882574,8.639527999999999,3.9,1.300718203960435,1.2511025330636611,745.0493092669154,750.0,59.5809480501312,0.07996913400101711,0.0,0.0,-11.951783948363383,140.8451395483567,10.084672442270847,6.899,9.31595875095286,0.9237740545646428,10.5186,4.9,2.9527387376120307,20.990372841293826,9917.0,10.566939050874634,140,baseline,0
1126.3424248457097,750.0,1892.4008718374364,1.6801292662812235,0.0,0.0,17.47081524305686,425.0937323044434,1.627513438184352,1.0,2.9197262614730994,1.7939798179057345,0.0,0.0,12.780484519978055,244.6228378636824,7.81948258355959,5.999,6.4824669310614915,0.829014818025279,8.0,3.6800254,1.3165949485379975,1.3366496963355354,745.1128807485567,750.0,59.199798690234395,0.07945077882798239,0.0,0.0,-12.030881476875734,142.74210911063167,10.006311014732232,6.999,9.143342574029056,0.9137575836456979,10.49278825,4.762934500000001,2.979656163873154,21.36534540677324,10046.0,10.581016680511155,141,baseline,0
1126.031705646345,750.0,1912.9698224518459,1.6988596438799175,0.0,0.0,17.37999971191581,420.9676120305765,1.6314707897054506,1.0,2.97949608275238,1.826263823755193,0.0,0.0,12.5566634363134,234.9919323468272,7.783054668914613,6.103908333333333,6.3338543091068145,0.8138005678418423,7.795066,3.226931333333333,1.2982686938694263,1.3456989642059787,745.1956160093943,750.0,58.69994153053434,0.07877118473251236,0.0,0.0,-12.136148920152152,145.28611061211024,9.977945841080341,7.659559,9.091412696102417,0.9111507359232232,10.3766915,4.760559,3.0769521452026996,22.641675222693983,10219.0,10.6270289385352,142,baseline,0
1138.3961238010481,750.0,1963.6499996647651,1.7249268146734682,0.0,0.0,17.161641592208845,411.3937076219252,1.6558884603975081,1.0,3.0843075101847286,1.8626299922667002,0.0,0.0,12.260741974504533,223.4851840378331,8.015885250189921,6.899,6.270164752004006,0.7822173791541547,7.321192,3.6194700000000006,1.2783191128485432,1.315997600744562,745.1452585780678,750.0,59.004701442861325,0.07918550210660635,0.0,0.0,-12.071758685973514,143.72735777237716,10.269438321665183,7.999,8.947049680265991,0.8712306749426226,10.899999999999999,5.0,3.039311112267565,23.372780690932768,10113.0,10.58435183594666,143,baseline,0
1119.8834260695064,750.0,1933.9650201991908,1.726934228312401,0.0,0.0,17.520393981261137,431.39663237776057,1.626562072425431,1.0,3.0606259025413274,1.8816533069515797,0.0,0.0,12.433998432392393,229.4443949403576,7.7680225269066,5.999,6.335663828381256,0.8156083232812481,7.0,3.7703870000000004,1.2601280996339035,1.3138750046199412,745.5216637781629,750.0,56.68600582904531,0.07603535696303089,0.0,0.0,-12.578824652185498,156.22682963042953,9.904808636778254,7.999,8.993241254775931,0.9079671889250321,10.654203500000001,5.0,2.9588194546503943,22.51968717376332,10963.0,10.692144127680047,144,baseline,0
1100.1218836565097,750.0,1732.3505780874543,1.5746896810466002,0.0,0.0,17.146451348248117,460.1856435582284,1.603431328746314,1.0,2.8760164580945053,1.7936636303240978,0.0,0.0,11.589729715821061,211.4936153400966,7.952171526272535,6.362748,6.424217543442121,0.8078570139260288,7.999999999999999,4.069134999999999,1.256357708959261,1.3186637901352487,745.6129032258065,750.0,56.10915480437753,0.07525239244335483,0.0,0.0,-12.711398147739848,159.57964287036404,10.054533329103744,7.999,8.802887805589233,0.87551430956109,10.861502,5.0,2.467185344085366,16.211172596747545,11191.0,10.715026960114429,145,baseline,0
1106.9786926688334,750.0,1772.3970547022207,1.6011121681385925,0.0,0.0,16.857185947485977,444.4720623446624,1.6199891657638137,1.0,2.971599260790367,1.8343327990031826,0.0,0.0,11.319148353034041,199.2195953521379,8.225265307733732,6.899,6.443083454367218,0.7833283442309352,8.0,3.97102425,1.232660715696223,1.2370425593587013,745.5673528349585,750.0,56.397897941946695,0.0756442697329736,0.0,0.0,-12.644703644876682,157.88853026675775,10.387511282412424,7.999,8.819262698579864,0.8490255710732335,11.373144,5.0,2.463316202835263,16.531673009947806,11076.0,10.70472360590132,146,baseline,0
1113.4583668723728,750.0,1812.2649472318303,1.6276000981719294,0.0,0.0,16.75784779448127,441.3526109631472,1.633217064663268,1.0,3.056672222348284,1.87156520004798,0.0,0.0,11.223998687194243,195.05539478717645,8.327175855088205,6.999,6.585209968171568,0.7908095232728592,8.638382,3.9999999999999996,1.2245071021867036,1.2041247878555579,745.6089795188266,750.0,56.13408702865954,0.07528622719228151,0.0,0.0,-12.705612521559607,159.43258954801217,10.560850531526697,7.999,9.033650636385149,0.8553904450609838,10.50994,5.0,2.3787337134056856,15.4253988158756,11181.0,10.6977796543386,147,baseline,0
1116.397377978563,750.0,1834.3038266873168,1.6430563729992376,0.0,0.0,16.828276754745563,444.8807878653644,1.6415980157675614,1.0,3.1229550747008856,1.9023872133767699,0.0,0.0,11.1857977254554,191.91317187947817,8.22755119825187,6.899,6.46305926024924,0.7855386255903778,8.899999999999999,3.999999999999999,1.1771007825403368,1.0434883107675086,745.650987687129,750.0,55.866564077230606,0.0749232080420336,0.0,0.0,-12.767958566203946,161.02076594830066,10.469847727876694,7.999,8.938877933109309,0.8537734421207415,10.268236,5.0,2.202990157430538,12.938055758769407,11289.0,10.702833923471985,148,baseline,0
1124.5023280802293,750.0,1883.5154628356513,1.674976934953281,0.0,0.0,16.603495703947384,433.3283792358122,1.6600107449856734,1.0,3.229908982350509,1.9457157082307828,0.0,0.0,10.997681751352394,183.88722308560895,8.475189011792141,6.6283425000000005,6.522436200303802,0.7695918275366681,8.221331999999999,3.7293425000000004,1.1492983924371243,0.9456616831400435,745.6038681948424,750.0,56.16654866088411,0.07533028067151414,0.0,0.0,-12.698087267134898,159.24142024377335,10.766621197797278,8.8897455,9.023214573387472,0.8380730042990194,11.0,5.1092545000000005,2.213420014084513,13.062182705997653,11168.0,10.692284366701506,149,baseline,0
1140.4786356474187,750.0,1959.3644962231347,1.7180194656700927,0.0,0.0,16.094618502255667,406.9436262461334,1.6931133561961256,1.0,3.3805627486251884,1.9966547049278567,0.0,0.0,10.652398582756346,170.7060057722422,8.633469038754262,6.999,6.555912128293608,0.7593601249816461,7.9199364999999995,3.9999999999999996,1.1465149772282277,0.8574836826031347,745.4494392436741,750.0,57.1384044480617,0.07664960417172462,0.0,0.0,-12.476702585130234,153.66810739779544,11.01738513912318,8.420109,9.147771362003265,0.8303033112202967,11.444861,5.4211089999999995,2.2490456395707534,13.28964911871379,10789.0,10.640339273592335,150,baseline,0
1151.93143072431,750.0,2009.1313110972565,1.7441414111202411,0.0,0.0,15.985157177081254,401.5257585264078,1.7174343034755581,1.0,3.493913529546418,2.034379727059028,0.0,0.0,10.516535129215224,165.16386668282794,8.965215310493845,7.269944,6.676803824641045,0.7447455073193614,8.0,3.729056000000001,1.117407527433952,0.7932008940442765,745.375718187812,750.0,57.59641903904447,0.07727165996106668,0.0,0.0,-12.374926224014928,151.13879904981232,11.393617046434962,8.290556,9.17750009196589,0.8054948709055927,11.586973999999998,4.716557,2.20596153911471,13.350088112740583,10617.0,10.586381778350857,151,baseline,0
1164.069742384171,750.0,2081.8596117591824,1.7884320294205525,0.0,0.0,15.731261739937871,388.2571668076249,1.747379762954256,1.0,3.6492765524578754,2.0884278448367315,0.0,0.0,10.279145462666946,156.49527353748647,8.995266904611213,7.899,6.690126704318822,0.7437385433098472,8.216023499999999,4.1000000000000005,1.028432602785293,0.5464726992372895,745.1909099813889,750.0,58.72849092757329,0.07880999370891417,0.0,0.0,-12.130088968935365,145.1390583942877,11.475454671956117,8.999,9.271763029970533,0.8079647643617122,11.793105,5.0,2.244782584221702,13.962382730915735,10209.0,10.560322655393577,152,baseline,0
1171.4008308376003,750.0,2119.085808251602,1.8090185293247294,0.0,0.0,15.6729810233194,386.5435810013203,1.7608926673751328,1.0,3.729673398661777,2.1180583392521015,0.0,0.0,10.252660458406732,154.93006228566762,8.955100711074639,7.899,6.952036775261865,0.7763214507084644,9.3435405,4.653802499999999,1.0374784555618466,0.5322264452027063,745.2568833929089,750.0,58.32694947596105,0.07826422107021364,0.0,0.0,-12.215858590024055,147.22720109146454,11.472640707854312,8.999,9.580331681432224,0.8350589829657448,12.5854615,5.5661130000000005,2.1291429283203676,12.560979589854659,10351.0,10.544454984168402,153,baseline,0
1198.7793360912117,750.0,2207.201361385762,1.8412073806532667,0.0,0.0,15.260911082883641,367.7206491866015,1.8129351225910604,1.0,3.906525379740562,2.154807048008054,0.0,0.0,9.961931216142947,145.61024561967596,8.9530330052412,7.622344,7.1356431994332326,0.7970084769324486,9.76857025,4.6233439999999995,1.004930840379839,0.379432746709651,745.0463121783877,750.0,59.59885556090925,0.07999349112493748,0.0,0.0,-11.948092252023638,140.75690846286713,11.636723871960447,9.355596,9.922721400831476,0.8527074724820971,13.672166999999998,6.356596,2.0641253539659554,11.768549829580502,9911.0,10.444074070520536,154,baseline,0
1177.4603053435114,750.0,2190.426118994996,1.8602972083682794,0.0,0.0,15.701576452688416,388.0355094887248,1.7791984732824428,1.0,3.8990734031762533,2.191477489289238,0.0,0.0,10.221668967715878,152.04445142407675,8.490407853356128,6.899,7.267129413471474,0.855922299492231,9.860395583333334,4.9,1.0866603784992939,0.5004400932663602,745.3152671755726,750.0,57.96921922538177,0.07777811857398335,0.0,0.0,-12.293257419605217,149.1241779846785,11.063017226145037,8.433965,10.097121230292101,0.9126914497095556,13.4488165,6.434965,2.020495484309751,10.867197683246022,10480.0,10.561361647515435,155,baseline,0
1179.5541170871013,750.0,2230.5597172485095,1.891019398717252,0.0,0.0,15.773624645865103,389.05313957972055,1.7878153260352214,1.0,3.991376238846903,2.232543921467798,0.0,0.0,10.227601239609855,150.77582990752472,8.525609149765312,6.578133,7.217353416563683,0.8465498816307288,9.383046,4.579133000000001,1.1232316635711084,0.5803058865214488,745.3264159923846,750.0,57.90064996200041,0.0776849561744126,0.0,0.0,-12.308200900205351,149.49180939981605,11.062641850642553,8.610942,10.031867601049678,0.9068238614691295,13.0,5.864073000000001,2.018817606078379,10.44345620250797,10505.0,10.58392897244833,156,baseline,0
1166.0055207949945,750.0,2243.725651048345,1.9242839000612533,0.0,0.0,16.013734050790227,398.78810726226976,1.7686786897313214,1.0,4.029501739436923,2.2782553794714637,0.0,0.0,10.374841590625872,153.82735710120267,8.299842127632493,5.999,7.240449824639272,0.8723599453215853,9.100000000000001,4.000000000000001,1.1946012205486716,0.7577557573053211,745.4825174825174,750.0,56.931667192579354,0.0763688830488429,0.0,0.0,-12.52317155149051,154.82982570806115,10.748625371089437,7.56853,10.045298525062968,0.9345658796595324,12.899999999999999,5.56953,2.0521299747767685,10.576549807011844,10868.0,10.680235400697395,157,baseline,0
1160.4369732502748,750.0,2236.8001144247514,1.927549850604712,0.0,0.0,16.30364630234561,419.37780971276726,1.766397947966288,1.0,4.073440806533756,2.3060719761499056,0.0,0.0,10.42980436017752,155.7742062048996,7.995499347319142,5.666252999999999,7.02119749488184,0.8781437143429971,8.976734624999999,3.667252999999999,1.2512508140245822,0.9354521853311137,745.5023818248443,750.0,56.8071452654765,0.07619981726473321,0.0,0.0,-12.551321850756755,155.5356802012841,10.37706774725174,6.999,9.903652356092573,0.9543786932214502,12.0,5.0,2.115643762442116,10.594092621212017,10916.0,10.705464596783248,158,baseline,0
1125.7216005425569,750.0,2142.3969158579525,1.9031321019561098,0.0,0.0,17.131578616569332,475.6181261116466,1.709393014581214,1.0,3.9655369310354347,2.319850904507736,0.0,0.0,10.843428504254428,169.57895437166192,7.38265585416721,4.999,6.887679971103166,0.9329542250320866,8.636928750000001,3.4696664999999998,1.3713288897656322,1.2936029195718382,745.8379111563241,750.0,54.659904515021736,0.0732865729904755,0.0,0.0,-13.056660611555118,168.47638632533497,9.551401993472362,5.999,9.718285682511985,1.0174721668246896,12.37067175,4.588661,2.0944376038423593,9.156808453315378,11796.0,10.836338294941898,159,baseline,0
1118.6267914837213,750.0,2169.0248915909083,1.9390067430031448,0.0,0.0,17.325073373211342,486.227612660292,1.7006875983762737,1.0,4.0229396096287635,2.3654783003472555,0.0,0.0,10.960392654830962,172.8254820561875,7.277744082728685,4.999,6.684648583419989,0.9185055846197984,7.899999999999999,2.9999999999999996,1.4189206746611054,1.4471127728703008,745.9327313395742,750.0,54.03725842852648,0.07244253557755044,0.0,0.0,-13.210615849865096,172.52037113270688,9.377529544942423,5.999,9.583430842735686,1.0219568807335095,11.322307,3.9999999999999996,2.252752129501256,10.353368563416216,12071.0,10.902543151303847,160,baseline,0
1114.2184105202973,750.0,2200.8887253949742,1.9752758567032145,0.0,0.0,18.050587653625556,532.9359158929886,1.6972964142775464,1.0,4.0929750431708785,2.411467442422573,0.0,0.0,11.249672003669124,184.93013130993015,7.304117405418431,4.999,6.57168164298458,0.8997228930232548,7.0,2.9999999999999996,1.488450100008296,1.6898586410383922,745.9898717634567,750.0,53.658470517810734,0.07192922122517115,0.0,0.0,-13.306002512500301,175.0497028626644,9.344226017397697,5.899,9.403115938703273,1.006302279203856,10.0,3.9,2.2377019153464315,9.608890781242637,12243.0,10.925221580414838,161,baseline,0
1128.55700270636,750.0,2269.2527537013157,2.010755990401447,0.0,0.0,17.912001825371057,524.996003055408,1.729533152909337,1.0,4.246018661945364,2.455008540774669,0.0,0.0,11.084386231735303,179.0005664405574,7.802307030189587,5.424662,6.578871390622842,0.8431956554858856,7.0,2.8488583529411766,1.4909013760022165,1.7097721321787036,745.8477672530447,750.0,54.5955218540575,0.0731992830857866,0.0,0.0,-13.072418950658829,168.88813722154396,9.954736697733424,5.999,9.42773044062664,0.9470597492320638,9.825321249999998,3.0999999999999996,2.1690064427449096,8.737670378874206,11824.0,10.896330898566717,162,baseline,0
1125.9011800662195,750.0,2219.110890076175,1.9709641746229087,0.0,0.0,17.266554977858128,518.4424675353266,1.7324900246200865,1.0,4.258181062027114,2.457838718558209,0.0,0.0,10.748402900563265,169.22543292560368,7.872211962291271,5.899,6.523085362091904,0.8286216622898588,6.2154065,2.9,1.4889268956360882,1.7919582721060427,745.8319042363528,750.0,54.69910528572038,0.0733397230328006,0.0,0.0,-13.047083763891342,168.2263947419971,10.029811019016893,6.899,9.36657004631047,0.9338730339535916,9.518106,3.9,2.099888619406511,7.54222358434199,11779.0,10.908389218488658,163,baseline,0
1131.8200739657693,750.0,2282.6687992258558,2.0168124348843213,0.0,0.0,17.235288921854245,518.1977534055649,1.7491184312376364,1.0,4.386947285049447,2.5080904795825307,0.0,0.0,10.699044081657693,168.0251116623312,8.03790087682132,5.999,6.50256274270652,0.8089876750605106,6.6046249999999995,3.000000000000001,1.4700421616460364,1.8017293680130217,745.7774146383418,750.0,55.053395935044165,0.07382014372444065,0.0,0.0,-12.961141036941397,165.99117697948634,10.220643927324332,6.899,9.369489165256528,0.9167220022417288,9.6833995,3.9,2.1255662886452797,7.866071296368498,11627.0,10.89066519779317,164,baseline,0
1129.9711909457258,750.0,2317.6709175146457,2.0510885021545358,0.0,0.0,17.288044087452818,523.2109860804977,1.7516076481179799,1.0,4.472034411058841,2.55310281150224,0.0,0.0,10.711796118738427,168.17762765406232,8.031473603626628,6.899,6.325218291838706,0.7875538916024751,6.726750666666668,3.12787,1.4139381859398403,1.7460889971253737,745.7904484266484,750.0,54.96886310913812,0.07370550698940004,0.0,0.0,-12.981547306818324,166.5205704791619,10.17561008076824,6.999,9.279099000591502,0.9118960855358312,8.7275665,3.9999999999999996,2.250596786232213,8.946237692968515,11663.0,10.916377057941187,165,baseline,0
1138.8406486867618,750.0,2382.9922636244523,2.0924720823517906,0.0,0.0,17.153626186084857,516.7721133274467,1.7761325577295963,1.0,4.620856624441864,2.601639502824404,0.0,0.0,10.580340647024393,163.86958478001637,8.294296652428951,6.999,6.247916433383531,0.7532786317154275,6.0,3.000000000000001,1.3361068948706154,1.5525424255069638,745.6728362418473,750.0,55.726904518341456,0.07473371941400224,0.0,0.0,-12.80074101817212,161.85897061431422,10.466087437863566,7.999,9.272607866813443,0.8859669787649178,9.550808,3.9999999999999996,2.3365486734814707,9.756823693827771,11346.0,10.901055609908745,166,baseline,0
1142.9303522313903,750.0,2357.4612263236904,2.0626464436097276,0.0,0.0,17.10663148402441,540.8036352438371,1.7891935054564811,1.0,4.663450516363033,2.606453970540898,0.0,0.0,10.495052232398733,163.29487490816646,8.490042664905998,7.899,6.256788099404156,0.7369560255882921,7.1000000000000005,3.6843200000000005,1.22285086389542,1.300758607874637,745.6440422322776,750.0,55.910885704140334,0.0749833466606354,0.0,0.0,-12.75758871428028,160.7560698027315,10.698030556472363,8.320547,9.299630412965437,0.8692843382597288,9.0,4.321546999999999,2.2376026430361984,8.528983228794567,11271.0,10.886019485701485,167,baseline,0
1146.719206588152,750.0,2395.756045091544,2.089226404622337,0.0,0.0,17.14759580427527,545.3574675861995,1.7996103781103339,1.0,4.753533300101922,2.6414235869729374,0.0,0.0,10.50589362021508,163.53801362454897,8.631839881509931,7.999,6.470436594350431,0.7496010912123854,7.201935000000001,3.9999999999999996,1.134625206104411,1.0428510726808824,745.6525281147614,750.0,55.85672913221252,0.07490986354386203,0.0,0.0,-12.770261834364383,161.07958731822362,10.862170532188081,8.999,9.521298809804314,0.876555821103127,10.0,5.0,2.174949001332917,8.196020082158615,11293.0,10.881580738039442,168,baseline,0
1150.560353982301,750.0,2432.0517232913608,2.113797607290728,0.0,0.0,17.257950332189765,552.8388242004661,1.8104424778761061,1.0,4.843515579312736,2.675321441305793,0.0,0.0,10.53248757975008,164.1036407325965,8.898702215137785,7.999,6.593947589997195,0.7410010393178548,7.480455,3.9999999999999996,1.0989760301438707,0.9270484666232535,745.655221238938,750.0,55.83953046905168,0.07488652781948192,0.0,0.0,-12.77429155449684,161.18252471928935,11.1475445119469,8.999,9.613735784211109,0.8624083782673396,10.0,5.0,2.1474940339162947,8.11865745347245,11300.0,10.87079816237459,169,baseline,0
1160.5127646043427,750.0,2499.020153759438,2.1533758438335115,0.0,0.0,17.150597628498673,547.0264887658591,1.8371036613064413,1.0,4.997163971425294,2.7201317359912074,0.0,0.0,10.418001631326819,160.3949336281905,8.985985140876297,7.999,6.734282306250098,0.7494205922527691,8.100000000000001,4.000000000000001,1.0785574511107476,0.8030262208573489,745.5395657308985,750.0,56.57329819289569,0.07588235526766898,0.0,0.0,-12.60451757701027,156.8738633491608,11.303324201962386,9.475253,9.83503568546691,0.8701011764096296,10.470350999999999,5.423746999999999,2.135287653123214,7.9774074440698595,11007.0,10.856894719623659,170,baseline,0
1180.6905695611579,750.0,2584.4497129237957,2.1889305966798656,0.0,0.0,16.864542871194715,529.3049056399982,1.8782446311858076,1.0,5.1700064293807335,2.7525735165374656,0.0,0.0,10.256494541585475,155.27690977037295,9.164422505224772,7.899,6.746398956818943,0.7361510180235276,9.0,4.122810833333333,1.0276514938803354,0.6547881686212365,745.415873015873,750.0,57.34741024957519,0.0769334439009914,0.0,0.0,-12.430059926499055,152.5063897763578,11.551664407563026,8.999,9.914556006622647,0.8582794354838994,10.5716235,5.0,2.1486836185618494,8.128396661392777,10710.0,10.826656824315702,171,baseline,0
1200.9138064018512,750.0,2670.8852682894294,2.2240441021257564,0.0,0.0,16.641844978258863,515.3248262308772,1.9215194755109912,1.0,5.3528425113681815,2.785734196081825,0.0,0.0,10.098933540654464,150.33917912986104,9.525369381859054,7.999,6.900755019495278,0.7244606211951925,9.31840175,4.8999999999999995,0.9832294158335937,0.5223773624497037,745.266486694948,750.0,58.26826287129629,0.07818446678006416,0.0,0.0,-12.228491777140288,147.53601114358779,12.022502852005399,9.899,10.119911292760857,0.8417474645117524,10.0,4.9710990000000015,2.122206186644443,7.953239834470951,10372.0,10.770815404508438,172,baseline,0
1221.9259185303515,750.0,2771.8104054615706,2.2683948048137923,0.0,0.0,16.49170629803608,505.736288503272,1.9675519169329074,1.0,5.55552547074447,2.8235724927678802,0.0,0.0,9.960057701866456,146.5949144095632,9.390462712353706,7.999,7.07612017879169,0.753543291267494,10.0,5.0,0.9351368017237934,0.3457367194955445,745.0982428115016,750.0,59.287785137925766,0.07957042673220298,0.0,0.0,-12.012533171312862,142.3009531918919,11.98863516783147,9.519559000000001,10.457186865718215,0.8722583279352335,10.821175749999998,5.520559,2.096905520821417,7.727226325621986,10016.0,10.727584647830959,173,baseline,0
1219.8105263157895,750.0,2795.0972279782077,2.2914191734516987,0.0,0.0,16.791857250443993,522.5307145626781,1.9695134061569017,1.0,5.630633695321759,2.8588958459078357,0.0,0.0,10.051176044534747,148.9111721688219,9.139463392372884,7.273876333333334,7.102232881875296,0.7770951725461576,10.899999999999999,4.906443,0.9245088297964542,0.2380698024021748,745.1245283018868,750.0,59.129690864730826,0.0793554481416487,0.0,0.0,-12.045540001776166,143.09503393438968,11.700584917974181,8.999,10.561603177208543,0.9026559997854501,12.0,6.0,2.133369416874571,7.925537562328527,10070.0,10.742360149543748,174,baseline,0
1233.8940105989402,750.0,2862.7931149706246,2.320128868751868,0.0,0.0,16.60160276522123,512.3407665502333,1.9973002699730027,1.0,5.763000216343877,2.8853950019351746,0.0,0.0,9.978719155811529,146.76101009670887,9.015904801246698,7.5895019999999995,7.085610451953137,0.7859012054977949,10.0,4.6905019999999995,0.958248488775935,0.2664371414831761,745.0908909109089,750.0,59.33192572532237,0.07963045374610107,0.0,0.0,-12.0033485027752,142.08037527907572,11.646044510348965,8.899,10.71335355083606,0.9199134986403243,12.734145999999999,5.999999999999999,2.178573664339744,8.052454666029702,10001.0,10.7525850570594,175,baseline,0
1214.6502435369052,750.0,2835.6763164698577,2.334562012034619,0.0,0.0,17.079887803673074,544.6505803362298,1.9556013488197828,1.0,5.698206180498573,2.913787201025135,0.0,0.0,10.300914342810707,156.9448175078007,8.53995956278407,6.999,7.147371645850387,0.8369327270585235,9.100000000000001,4.8999999999999995,1.046890265399414,0.43627477776859847,745.4012738853503,750.0,57.43807076233941,0.07705657714125924,0.0,0.0,-12.409931919894252,152.00641025641022,11.042698988572498,7.999,10.776351362029958,0.9758802058429584,13.2447265,5.8999999999999995,2.2094405200330622,8.120236028232634,10676.0,10.834325729176808,176,baseline,0
1210.602314474651,750.0,2848.3662031073522,2.3528504522506384,0.0,0.0,17.32764573310046,560.4095389682343,1.9497612049963262,1.0,5.738976266171721,2.9434252007196617,0.0,0.0,10.422219825662584,160.40681529848888,8.09859718531085,5.899,7.219846047856075,0.8914934133224154,10.0,4.1000000000000005,1.1487382770351826,0.6235102397427936,745.4908155767818,750.0,56.879683626062494,0.07629830232322182,0.0,0.0,-12.534908524471339,155.1239317168642,10.578288786645848,6.999,10.965979764211061,1.0366496874290896,12.4445715,5.1,2.2558090529531274,8.159776625395466,10888.0,10.851353915404175,177,baseline,0
1194.1697088415992,750.0,2842.435034811609,2.3802605389889724,0.0,0.0,17.722608630846455,585.0957124480341,1.9235152702341733,1.0,5.7451074338372194,2.9867750585301027,0.0,0.0,10.61762765775248,166.08617214786872,7.742178155522413,4.999,6.973653535071393,0.9007353479843603,9.0,3.3523729999999996,1.2437243788564334,0.8822562432169652,745.6285281809278,750.0,56.009757074149086,0.07511750819244169,0.0,0.0,-12.734514370730139,160.16785625833236,10.094032767963673,6.487218,10.784567799517355,1.0684102228937966,11.462088000000001,4.488218,2.459063690419487,9.502769328892251,11231.0,10.912560650373752,178,baseline,0
1168.8246688741722,750.0,2781.6923750226224,2.3799056001290477,0.0,0.0,18.408787772128814,632.2890234135193,1.8719370860927151,1.0,5.635557690779864,3.010548662478254,0.0,0.0,11.023192417359759,178.84000832455388,7.139286080191206,3.999,6.79201336813448,0.9513575015546337,8.0,3.0,1.4334790275928297,1.4601008527215988,745.935761589404,750.0,54.01723890196691,0.07241540315330851,0.0,0.0,-13.215624080201065,172.6527198291904,9.341837925827814,4.999,10.632043672347573,1.1381104828368587,10.609909250000001,3.9999999999999996,2.601965780481495,10.168000762216186,12080.0,11.008251517629471,179,baseline,0
1150.190588051053,750.0,2744.0199037498137,2.3857088836028764,0.0,0.0,19.044125858049316,674.4844715556376,1.8353300446323702,1.0,5.572668258155504,3.0363303180555463,0.0,0.0,11.367876621981804,189.70178101121277,6.997619398072368,4.73405,6.561278965643995,0.9376444462600277,7.7205449999999995,2.7350499999999998,1.5674585657318205,1.9893545013182976,746.155665178921,750.0,52.54360884639048,0.07041909791543434,0.0,0.0,-13.594637788319943,182.81417659561657,9.126789853887715,4.999,10.481647211434034,1.1484484007231954,9.436634000000002,3.0,2.774842040715101,11.325419394761798,12771.0,11.074741389826203,180,baseline,0
1149.7534419007159,750.0,2786.099971127007,2.423215160392269,0.0,0.0,19.036143019418127,675.6704209302371,1.8413972150106208,1.0,5.673201400298632,3.0809221139535126,0.0,0.0,11.344742240251623,188.8074837477992,7.04419714796976,4.999,6.256213969725303,0.8881372622469028,6.0,2.9999999999999996,1.6076229066503667,2.219709156756738,746.1375186846038,750.0,52.66680878697902,0.07058592748402127,0.0,0.0,-13.562147656567333,181.931849058535,9.130790478483203,4.999,10.19583723830315,1.1166434343586944,8.899999999999999,2.9999999999999996,2.9191123027096313,12.535005378094558,12711.0,11.087390139010266,181,baseline,0
1145.0922670690306,750.0,2759.7874333343675,2.4101004894551408,0.0,0.0,19.486721969775022,712.4454395904235,1.827536778574123,1.0,5.63888630702374,3.0855118064563936,0.0,0.0,11.595131792984006,197.4521283759159,6.988095901939488,4.999,6.257100360657793,0.8953941743875018,6.1000000000000005,2.9999999999999996,1.6714873715828928,2.605330255778605,746.2960392304791,750.0,51.580426037518976,0.06911523487476176,0.0,0.0,-13.853939049304714,189.9316271818502,9.019509110298001,5.899,10.158519613045252,1.1262829815701154,8.0,3.1000000000000005,2.9368915085954512,12.379451175821556,13255.0,11.094211547671021,182,baseline,0
1139.7454303263523,750.0,2778.814511010772,2.4381010329781203,0.0,0.0,19.84334845123612,744.6280437493493,1.8195811440834753,1.0,5.679689437857195,3.1214268494291635,0.0,0.0,11.755344339884815,204.57061738177094,7.1503846020320845,5.797525,5.995527308738624,0.8384901851342011,5.899999999999999,2.798525,1.6588408761519877,2.7141137830970967,746.3667579368016,750.0,51.0881622466443,0.06844913938539875,0.0,0.0,-13.990198207228525,193.72564587754022,9.117012750314512,5.999,9.952123049022264,1.0915991149270843,7.899999999999999,3.0999999999999996,3.1557654912258175,14.251504809000515,13513.0,11.127506598550875,183,baseline,0
1172.6182924875861,750.0,2939.138848835833,2.506475353203607,0.0,0.0,19.061829359549336,684.7102179783129,1.8934006086817234,1.0,6.004570821637024,3.17131556528742,0.0,0.0,11.2885761048515,188.2432648890712,7.732296613372336,5.999,5.916442447111224,0.7651597892506153,5.1000000000000005,2.9999999999999996,1.6307059618930737,2.662680159307129,746.0679160659939,750.0,53.13664758232615,0.07122226601368274,0.0,0.0,-13.43961022429118,178.6231229808721,9.853897927999359,6.999,10.084105071779673,1.0233620386026316,7.442483749999999,3.0999999999999996,3.2376257156651307,14.773923841111152,12486.0,11.04881456957697,184,baseline,0
1167.4746889914718,750.0,2950.909557796989,2.5276004573136786,0.0,0.0,19.294007237282916,699.704756365938,1.8841248728581488,1.0,6.03169126382712,3.201322455171065,0.0,0.0,11.424897467176919,192.41388479318246,7.817126788239194,6.999,5.905166988111616,0.7554139964821721,5.687051,2.9999999999999996,1.5423296741825918,2.5858647140466493,746.1586730302794,750.0,52.52315945609162,0.0703914078258797,0.0,0.0,-13.60004526494098,182.9612312084436,9.908758577263125,6.999,10.051849393567023,1.0144408419266806,7.439674999999999,3.000000000000001,3.2713807674880493,15.29799935635673,12781.0,11.07949213975943,185,baseline,0
1193.0045278669631,750.0,3073.3929023785413,2.576178740807988,0.0,0.0,18.916224918239756,673.4879596778587,1.9407261052111633,1.0,6.282903495300147,3.2373983523123306,0.0,0.0,11.161407616161595,184.15299929103386,8.117767720015031,6.999,5.895897278041895,0.7262953907273141,6.0,3.000000000000001,1.4994463294440576,2.5307820002381805,745.9581789742323,750.0,53.86890070717915,0.07221437102714567,0.0,0.0,-13.25284809187354,173.63798254627625,10.300156507203425,7.999,10.204113896990588,0.9906756164194525,6.050000000000001,3.000000000000001,3.344198978514689,15.777525352858579,12147.0,11.021889389127633,186,baseline,0
1182.9756097560976,750.0,3070.1789187464306,2.5953019600965663,0.0,0.0,19.295743218703088,698.5963053884877,1.923780487804878,1.0,6.291942650640718,3.270613612377425,0.0,0.0,11.340178481167852,189.6635992298158,8.285643657042016,7.608202,6.117358808628166,0.7383082186293382,6.999999999999999,3.390798,1.4072788980524593,2.3365050936448046,746.060975609756,750.0,53.18326519318987,0.07128541356786978,0.0,0.0,-13.427568777987616,178.29960328758804,10.435811626203465,7.999,10.277213569967156,0.9848025182978501,7.000000000000001,3.3375025000000003,3.262119707966977,15.450854111649782,12464.0,11.049952649678719,187,baseline,0
1208.068585944115,750.0,3185.57621031732,2.6369166845173506,0.0,0.0,18.873869955115534,669.8637000267382,1.9820491109229466,1.0,6.547450683261945,3.3033745971173776,0.0,0.0,11.050504557210134,180.06880907086745,8.463778843550278,7.899,6.015263398952925,0.7107065898274013,7.066458000000001,3.9,1.2620477101652936,1.9283496423455606,745.8428450465707,750.0,54.627684730996336,0.0732428890265554,0.0,0.0,-13.064542156738861,168.68226176520687,10.732615497967824,8.899,10.437331203556985,0.9724872008629444,7.416647500000001,3.999999999999999,3.338932996494381,16.035470913300742,11810.0,11.009420806711889,188,baseline,0
1219.0294367874767,750.0,3234.3707042684764,2.653234291693606,0.0,0.0,18.837442520284867,668.1752008149225,2.0040837161817255,1.0,6.656767816741473,3.3216016691280044,0.0,0.0,11.022793953501857,179.07109880577295,8.462529146932042,7.999,5.9706409624439685,0.705538599486955,7.785173375,4.000000000000001,1.0962861586396508,1.4181892927353612,745.8230389654585,750.0,54.756906993135,0.07341809535555387,0.0,0.0,-13.032987382219893,167.85876010510313,10.769802708865068,8.899,10.54023259620202,0.9786839073222688,8.525495000000001,4.100000000000001,3.380071798476783,16.512803674452616,11754.0,10.989328240742752,189,baseline,0
1242.9162465729194,750.0,3325.3636312004137,2.6754527027620774,0.0,0.0,18.63585172660036,654.3978857254649,2.0567789864685593,1.0,6.868906952190152,3.3396427119201086,0.0,0.0,10.84151268063263,173.1371452544261,8.620219250143789,7.999,6.101466499371605,0.7078087369146475,8.0,4.000000000000001,1.0431616754814637,1.1584623193876507,745.6579110285663,750.0,55.822347682081876,0.07486321388997282,0.0,0.0,-12.77832000401689,161.28546212505822,11.058000302025293,8.999,10.837281664530417,0.980039913956735,9.625331000000001,5.0,3.3326863580157515,15.98177650476292,11307.0,10.928182572773455,190,baseline,0
1258.5807856300462,750.0,3404.763183249556,2.705240078446875,0.0,0.0,18.4782891149311,643.2534311665065,2.0939853034564093,1.0,7.048107980966871,3.365882257785193,0.0,0.0,10.71735996197205,169.01516855635748,8.566267859575733,7.386071,6.1853961583686035,0.7220642944820256,8.100000000000001,4.387071000000001,0.98521285201921,0.8390706758325095,745.546040097977,750.0,56.532479960212314,0.07582694685466107,0.0,0.0,-12.613847485513288,157.1091483877897,11.068248658804317,9.218848,11.076019269638675,1.0007020632688963,10.0,4.780152000000001,3.336412476141642,15.933964541306384,11023.0,10.886072458505511,191,baseline,0
1288.4008023688987,750.0,3526.4640084546577,2.7370861629166776,0.0,0.0,18.101209465384215,618.4459830831129,2.162097621549336,1.0,7.320063775941469,3.385630557558261,0.0,0.0,10.45693269726121,160.89537958981919,9.129817815876248,7.999,6.308416483648915,0.6909684958531076,9.0,4.000000000000001,0.9701069918577091,0.7283800700757106,745.3103448275862,750.0,57.99946697036629,0.07781921634776638,0.0,0.0,-12.286676531342474,148.9624201858419,11.83450359891107,9.899,11.35288733672336,0.9593040588342019,10.0,4.999999999999999,3.2876322099618185,15.315728568478551,10469.0,10.815830925776773,192,baseline,0
1297.423076923077,750.0,3580.1630317742292,2.759441461658612,0.0,0.0,18.081302968065955,617.0607887009539,2.1834615384615383,1.0,7.442587661201885,3.408618622357742,0.0,0.0,10.428806980576576,159.88371508089787,9.149138954996738,7.899,6.489630555787639,0.7093159900302282,9.0,4.1000000000000005,0.9520182912713386,0.6240597354801114,745.2792307692308,750.0,58.190288901888145,0.07807850601421933,0.0,0.0,-12.24531575603401,147.94775796497476,11.883881298173078,8.999,11.524026686053459,0.9697191007642477,10.0,5.0,3.248226326810316,15.17475465232441,10400.0,10.79724166002056,193,baseline,0
1310.863038679336,750.0,3615.277628466627,2.7579369635053066,0.0,0.0,18.18846578028892,623.775282089885,2.206929647758902,1.0,7.530683051575563,3.412289584864129,0.0,0.0,10.457973695188464,160.61153665619912,9.05675095676722,7.999,6.610264990339519,0.7298715645261635,9.0,4.6432329999999995,0.9192817102117706,0.48241398438027616,745.2878395239467,750.0,58.13755591146268,0.07800684893583947,0.0,0.0,-12.256718877777919,148.22715764887747,11.867788785584029,8.999,11.77072823526611,0.9918215135041989,10.577925,5.0,3.196010446315818,14.764752712705974,10419.0,10.779638295122512,194,baseline,0
1327.7621354424123,750.0,3682.947891472242,2.773800964165226,0.0,0.0,18.156232997047887,623.4810867816657,2.249826989619377,1.0,7.71715569760138,3.430110729939709,0.0,0.0,10.348605622788654,157.29441943507604,9.16319951521169,7.92355,6.604372617738126,0.7207496253654966,9.499876,4.92455,0.8920107775708686,0.3576187581386563,745.146218487395,750.0,58.998907253683385,0.07917762418958235,0.0,0.0,-12.07297677416425,143.75676818950936,12.097856098467622,8.999,11.941737429082778,0.9870953441573322,11.0,5.1000000000000005,3.186380568297924,14.398568861154299,10115.0,10.737527514821275,195,baseline,0
1360.9644994840041,750.0,3809.0966596853905,2.7988214689873034,0.0,0.0,17.796956629395524,598.5465464822261,2.321981424148607,1.0,7.986129732666637,3.439359871535098,0.0,0.0,10.12881002112841,150.5739813471237,9.283930798527678,7.999,6.7517524689142085,0.7272514859745569,9.851712500000001,4.796260500000001,0.8869051487104892,0.2860386968407975,744.9333333333333,750.0,60.26991141707629,0.08090644990658175,0.0,0.0,-11.811310983028473,137.5070671378091,12.413225764189887,9.899,12.309542922728312,0.991647389370724,11.100000000000001,5.899999999999999,3.130336380893176,13.778720995860798,9690.0,10.66248310112998,196,baseline,0
1383.0148933890496,750.0,3920.957148168886,2.835079482449145,0.0,0.0,17.568574781360812,581.7210343576693,2.37790635379835,1.0,8.235628604789975,3.4633948438023174,0.0,0.0,9.957886030794453,145.29534761893174,9.239900506296888,7.922597666666667,6.856982494909113,0.7421056633928209,9.302509703703704,4.874307066666667,0.9141506602323209,0.30091966007975834,744.7395264116576,750.0,61.403496223013185,0.08244962707816876,0.0,0.0,-11.58694694255313,132.25733944954123,12.491508349726777,9.338227,12.645201004807639,1.0123037707519302,11.314519,5.660773000000001,3.1273443091825692,13.534250434626195,9333.0,10.618951301615724,197,baseline,0
1389.3933921172845,750.0,3938.7139894124025,2.834844336930544,0.0,0.0,17.68261871862639,592.0987763254592,2.388930202910868,1.0,8.296194830741445,3.4727656842517556,0.0,0.0,10.005487961886091,146.7926694283936,9.011063519730403,7.908294333333333,6.811886155841427,0.755946969070442,9.420881999999999,4.695899768115941,0.929588732404317,0.3087073516797889,744.7842345692128,750.0,61.143915739829495,0.08209614664466611,0.0,0.0,-11.637600577728557,133.43374720674794,12.275220878359715,8.999,12.78800684821452,1.0417740727385858,12.390154999999998,5.370281,3.1799987957729914,13.853118726302853,9413.0,10.608835178504469,198,baseline,0
1425.4201661801033,750.0,4065.179443090959,2.8519166064452324,0.0,0.0,17.416861051395728,575.2248336181697,2.474960700651246,1.0,8.607211581053159,3.4777164658769366,0.0,0.0,9.76864572663712,139.88313327551634,8.974419516814015,7.899,6.82854340501957,0.7608897034761924,9.67547321590909,4.9,0.9510519579686243,0.3044352908268517,744.4873119245452,750.0,62.84720407990374,0.08441675643529757,0.0,0.0,-11.31274866174093,125.97828228372123,12.385820343476308,8.999,13.05764690799431,1.05424158803271,12.14480425,5.4055875,3.2138229601067656,13.924386181640486,8906.0,10.523675501476541,199,baseline,0
1419.9377132166833,750.0,4069.539365989977,2.8659985069140586,0.0,0.0,17.613738390963647,588.565732999258,2.463519313304721,1.0,8.62815122601584,3.502368006379252,0.0,0.0,9.872458877977934,142.7607804161395,8.739066542595447,6.999,6.970481220539031,0.797623085550833,9.28121925,4.4854519999999996,1.0204169005554293,0.457533998740844,744.5971167602069,750.0,62.22291018449546,0.0835658758057399,0.0,0.0,-11.42978095064456,128.6398925797173,12.18286015637724,8.999,13.289987946822238,1.0908758515023635,12.0,5.899999999999999,3.1738421318913193,13.612803628697701,9087.0,10.533360263641951,200,baseline,0
1410.0765726681127,750.0,4075.879237964042,2.890537519002789,0.0,0.0,17.867890201716627,604.2771362274818,2.449349240780911,1.0,8.664832468220368,3.537605958331125,0.0,0.0,9.971787109492892,145.38986503234972,8.574828591430837,6.899,7.016427221290675,0.8182585979972202,9.071861375000001,4.4203244999999995,1.0915784240977262,0.583726452237955,744.675054229935,750.0,61.77585125704744,0.08295678887878091,0.0,0.0,-11.515019121306217,130.59566536404782,11.944287947396965,8.390603,13.376291979032585,1.1198902804371607,11.8736085,5.4916030000000005,3.2389338494444972,14.051879158484827,9220.0,10.565927594175959,201,baseline,0
1428.0713807718046,750.0,4166.4726220692255,2.917552076295686,0.0,0.0,17.675950898478334,593.499815417555,2.496877091233549,1.0,8.881449691549701,3.557023180168607,0.0,0.0,9.83768473654127,141.56069543254313,8.726149039669616,6.899,6.965326892366124,0.7982131477128473,9.159657999999999,4.0,1.1165584432352695,0.6302874541914867,744.52420254294,750.0,62.63817850326251,0.08413182310168069,0.0,0.0,-11.35167755634601,126.8605833432496,12.216916633281283,8.7377905,13.569930005773973,1.1107491696232759,12.100000000000001,5.738790499999999,3.2887763839333046,14.229139949885276,8966.0,10.534835453784726,202,baseline,0
1428.3407030731814,750.0,4171.585659777844,2.920581658705354,0.0,0.0,17.989429627279183,612.9800167474391,2.4993367234136636,1.0,8.930811608043841,3.5732726704571003,0.0,0.0,9.93054286633625,144.0213141428062,8.51623811267637,6.5635425000000005,7.029848154935099,0.8254640208416919,9.186797875,4.01491545,1.1599721671195893,0.7363133159237929,744.5726287862038,750.0,62.362694442017805,0.08375636174496631,0.0,0.0,-11.403376071789207,128.03698583465476,11.997976328543004,8.761479999999999,13.67378968566962,1.139674667730414,11.76890675,5.538213999999999,3.2673258665257765,13.955848579437326,9046.0,10.502301837538056,203,baseline,0
1439.3090665475659,750.0,4224.496154598444,2.9350861832140307,0.0,0.0,17.970114868977806,613.5692157251309,2.5273559624832513,1.0,9.070380717656873,3.5888813654665324,0.0,0.0,9.890321743463053,142.88580774996979,8.381601580045439,5.999,6.941575992175339,0.828192073541356,8.664182375,3.9999999999999996,1.2207024664492008,0.8994182770346186,744.5180884323358,750.0,62.67287130344209,0.08417911166591892,0.0,0.0,-11.34519868129324,126.71353311801772,11.886918835864227,7.899,13.805249095535514,1.1613816234601904,11.318074999999999,4.999999999999999,3.3582932560014256,14.49030014347214,8956.0,10.488074928126656,204,baseline,0
1403.2876451953537,750.0,4141.788866214356,2.951489582620655,0.0,0.0,18.66683744408585,664.0007405092874,2.453326293558606,1.0,8.92040877635378,3.636046619552804,0.0,0.0,10.215768759254342,152.82032503570161,8.090924949313724,5.999,7.026556409073865,0.8684490899485924,8.83227475,3.9999999999999996,1.2790305223009364,1.0817926127885897,744.8156282998945,750.0,60.96096011015071,0.08184704750261394,0.0,0.0,-11.673557229314282,134.2719383860755,11.436434455966209,6.999,13.770643054364223,1.2041028265746143,11.899999999999999,5.0,3.4003573268408225,14.995598052161373,9470.0,10.589847973112194,205,baseline,0
1419.0721112076455,750.0,4223.964800925405,2.9765681162818187,0.0,0.0,18.568714337167364,657.3423312244564,2.4981537793223283,1.0,9.132757040057525,3.655802583352158,0.0,0.0,10.099195224285738,149.24951595526775,7.988017407967515,6.122232666666666,6.951839472391187,0.8702834655138821,9.05183525,4.1232326666666665,1.2679760664719457,1.0477007440354598,744.6681146828845,750.0,61.815792463759266,0.08301119820348882,0.0,0.0,-11.507354367135294,130.41920453082756,11.413767576998262,6.999,13.94499878548182,1.2217699976285352,12.0,5.0,3.4555937865748354,15.344764267943386,9208.0,10.545086123871416,206,baseline,0
1413.331330472103,750.0,4227.068984137577,2.9908549347204985,0.0,0.0,18.806569642810903,674.9763626221886,2.490343347639485,1.0,9.170424628387991,3.6823936896413647,0.0,0.0,10.183622445716486,151.67828804924213,7.575150459004097,4.999,6.875744490593513,0.9076710129791224,8.663689499999998,3.146098743589744,1.3151321112496148,1.1151775047118662,744.7321888412017,750.0,61.44599109988869,0.0825075000390385,0.0,0.0,-11.578694800867043,132.06617329162546,10.978030188197424,6.999,14.074039439388521,1.2820186498047386,11.420046,5.0,3.528963793105203,15.85033330919422,9320.0,10.580165677248605,207,baseline,0
1403.4794607791105,750.0,4199.11319077331,2.991930632488391,0.0,0.0,19.30015654932927,712.1725328610049,2.4777624456002547,1.0,9.18633598552841,3.707512801253616,0.0,0.0,10.310605746228044,155.4780780412956,7.670931928749605,5.359128,6.772569868311914,0.8828874941425627,8.379204916666666,3.399875999999999,1.340676849319338,1.212205564190823,744.7886636238192,750.0,61.118138361511654,0.08206104811549797,0.0,0.0,-11.642653822972873,133.55138804158474,11.068975190107208,6.999,14.005804909720302,1.2653208331551649,11.529509,5.0,3.5805375474097554,16.23469915977798,9421.0,10.597882207169611,208,baseline,0
1388.4671866874676,750.0,4179.023473048322,3.009810756146436,0.0,0.0,19.700863018556774,741.2054147363785,2.452418096723869,1.0,9.181092405120001,3.743689714810382,0.0,0.0,10.454526177892596,159.6469647054696,7.60906804509135,4.999,6.754568819226523,0.8876998837701197,7.086283520833334,3.0,1.4136127695722587,1.4271048057495008,744.8938117524701,750.0,60.50284915850968,0.08122345521460032,0.0,0.0,-11.764530652765595,136.4041814798613,10.93845113447738,6.352483,13.986288079308661,1.2786351474592845,10.899999999999999,4.353483000000001,3.64028621423624,16.67887781852556,9615.0,10.650072006684661,209,baseline,0
1400.6999163529904,750.0,4244.629672164894,3.03036333665005,0.0,0.0,19.733605255927543,741.7937572392473,2.4788791300711,1.0,9.316671587385553,3.7584210840963146,0.0,0.0,10.447316301006804,159.61912885294515,7.7464948245997,5.13984125,6.873570460184671,0.8873136322710785,7.899999999999999,3.14084125,1.4273539547471148,1.4683567271835072,744.866583019657,750.0,60.66279823675742,0.08144115955750499,0.0,0.0,-11.732613508225102,135.65421973338613,11.128609849226265,6.390954499999999,14.161754080071741,1.2725537395900675,11.0,4.391954499999999,3.6271795593053704,16.554914263075062,9564.0,10.610461101108328,210,baseline,0
1377.8478542268247,750.0,4191.2227729532915,3.0418618137669373,0.0,0.0,20.306838167862626,785.2184466781223,2.425868764313452,1.0,9.200941767722863,3.7928439918417567,0.0,0.0,10.730887901050732,168.63492716086913,7.732458967182122,5.899,6.8429439705860755,0.8849635025066023,7.727569000000001,3.559561714285714,1.4594831392572531,1.6699206133823878,745.1114208901722,750.0,59.20857971259389,0.07946271933646969,0.0,0.0,-12.029047905515828,142.69799351319477,11.022976778253511,6.899,14.061274061357354,1.275633102039904,10.899999999999999,4.5718890000000005,3.6943849362966836,17.280304742092316,10043.0,10.689061823403911,211,baseline,0
1366.6329388560157,750.0,4210.133250241938,3.080661332344416,0.0,0.0,20.420148290688676,794.8437567887524,2.411834319526627,1.0,9.255789700849771,3.8376556904897234,0.0,0.0,10.783530117670685,170.1810926865155,7.50185686409276,5.899,6.399841019213225,0.8531009235654341,6.95730375,3.2782045,1.467000220297591,1.8073556051362623,745.1581854043393,750.0,58.92662360502515,0.07907934819645075,0.0,0.0,-12.08819252199499,144.12439844881567,10.669856419230769,6.899,13.907636678407938,1.3034511554758665,10.0,4.1947944999999995,3.9682807163921496,19.420431695215882,10140.0,10.751973304330013,212,baseline,0
1358.5044533620437,750.0,4204.121504424521,3.0946689162631076,0.0,0.0,20.833027837972075,824.5290461721426,2.4030537339727904,1.0,9.29579929737236,3.8683276890376916,0.0,0.0,10.88449643449948,173.04915941702998,7.628746319312195,5.999,6.261463456148278,0.8207722729352481,6.899999999999999,3.000000000000001,1.43475995577794,1.7522829173391843,745.1946755407654,750.0,58.7056480792851,0.07877894194115675,0.0,0.0,-12.134937171963612,145.25670016750414,10.74573276000783,6.999,13.769095727646972,1.2813547512451762,10.0,3.9999999999999996,4.066728930487089,20.311176273686147,10217.0,10.780523639988324,213,baseline,0
1378.6454271356783,750.0,4299.0576700199645,3.1183200447353863,0.0,0.0,20.598834281237362,805.1454401986224,2.452462311557789,1.0,9.515874146456154,3.880130635080679,0.0,0.0,10.743818090302513,168.4022959186901,8.109971303370934,6.451136916666666,6.315286910973825,0.7787064435541045,6.299831625,3.452136916666666,1.4076797091998279,1.6815486983780694,745.0657286432161,750.0,59.482744437152625,0.07983556638079735,0.0,0.0,-11.972067933732367,141.3304106099027,11.35798768723618,7.899,13.883929026907357,1.2223933859789058,9.899999999999999,3.999999999999999,4.017125479435621,19.770882831700344,9950.0,10.723164826997479,214,baseline,0
1382.7874522421073,750.0,4335.892638583588,3.1356175756101905,0.0,0.0,20.760010438881764,818.5780322983157,2.4649105167906695,1.0,9.613516095179866,3.900148110730093,0.0,0.0,10.773177876706292,169.6665010042187,8.276328770934642,6.899,6.251652694503241,0.7553654364793008,6.899999999999999,3.1000000000000005,1.3171587225720243,1.5150995254693287,745.0637442187814,750.0,59.4946220502509,0.07985172075797696,0.0,0.0,-11.969611099236486,141.27158986696526,11.550024942388898,7.999,13.917579745052734,1.204982657134778,9.050318999999998,3.9999999999999996,4.073887932302954,20.331337621540097,9946.0,10.71309812514748,215,baseline,0
1414.6408055113936,750.0,4486.783182141693,3.1716766296160372,0.0,0.0,20.30276059530099,781.6675029470551,2.5480657127715953,1.0,9.963616654150739,3.9102667581178907,0.0,0.0,10.499782929291701,160.976289347082,8.635260464979595,6.999,6.385842426810588,0.739507795127715,7.3459255,3.525353,1.2273483734524906,1.2119059595095525,744.7963963963964,750.0,61.07310628532306,0.08199973386125066,0.0,0.0,-11.651491729737035,133.75725952813056,12.05056493810281,7.999,14.135829234375784,1.1730428662045176,9.0,4.000000000000001,4.000647316312391,19.527055238621582,9435.0,10.612367400012758,216,baseline,0
1383.1299697275479,750.0,4420.608318890203,3.19609032820031,0.0,0.0,21.149808379643236,842.6535748140204,2.481029263370333,1.0,9.827256385315069,3.9609594817778637,0.0,0.0,10.838359785915706,171.78346009057168,8.51955173605936,6.999,6.575221871761063,0.7717802620918612,8.239846916666666,3.9999999999999996,1.1734098564121254,1.0992998884132996,745.0458123107971,750.0,59.60184171604591,0.07999755280979004,0.0,0.0,-11.947476858418732,140.742203282451,11.809949070938446,7.999,14.055024164553425,1.1901003196651871,9.3635315,4.8999999999999995,3.9706206558970463,19.71001322520892,9910.0,10.672814294917623,217,baseline,0
1377.147254493099,750.0,4403.732176504071,3.197720622930043,0.0,0.0,21.582000831312364,874.30378081449,2.469466785820673,1.0,9.831094452547294,3.9810595991798876,0.0,0.0,10.971694088357966,175.7073479748745,8.628219567276235,7.554021,6.789683064421207,0.7869158882061901,8.899999999999999,4.444979000000001,1.1706371802641518,1.0698249517259688,745.1250124118757,750.0,59.126775107741075,0.07935148347302845,0.0,0.0,-12.046150386620727,143.10973913708256,11.890668916989377,8.433179,14.104119952578753,1.1861502537024473,10.4817615,5.097793000000001,3.920277962774456,19.484831372045146,10071.0,10.673641881113022,218,baseline,0
1375.7297513232797,750.0,4443.98518441001,3.230274826967617,0.0,0.0,21.682424917132646,880.0813459947385,2.4778787576151005,1.0,9.948756903321307,4.015029739750766,0.0,0.0,10.965436948604161,175.21107769368427,8.512832356988808,7.703449,6.700769934521589,0.787137541716117,8.8353,4.704449,1.1222031712087193,0.9272588314257098,745.0967741935484,750.0,59.296605374582896,0.07958242127509177,0.0,0.0,-12.010696799388342,142.25683760683745,11.740447170478376,8.899,14.135583955667778,1.2040072878324455,11.504389999999999,5.899999999999999,4.01626107854697,20.317953255295183,10013.0,10.69560758891368,219,baseline,0
1399.6870425729305,750.0,4549.383604590796,3.2502862898752243,0.0,0.0,21.39383681955482,857.3971678112077,2.5373672817235335,1.0,10.200564229642854,4.02013705430694,0.0,0.0,10.795456804525733,169.7632734166554,8.565118703369645,7.354054,6.689416749987719,0.7810068933844434,8.899999999999999,4.355053999999999,1.1200228604701963,0.8454871972806979,744.9390784455211,750.0,60.23597293439519,0.08086026720479045,0.0,0.0,-11.818156530257594,137.66882377367023,11.900745165343778,8.999,14.39082072109224,1.20923694450662,11.100000000000001,5.602188999999999,4.042116776417506,20.307795340656995,9701.0,10.644213471938285,220,baseline,0
1434.575819893928,750.0,4697.1027641922665,3.2742101874682152,0.0,0.0,20.95210208135929,821.3654818640356,2.6246347007251867,1.0,10.546472406395766,4.018262961882572,0.0,0.0,10.540271799218665,161.68345967748166,8.62827565008329,6.999,6.5922726115124455,0.7640312941843495,8.347737166666665,4.000000000000001,1.080686329680047,0.6400047617688327,744.6860049788938,750.0,61.71276903651561,0.08287085915931064,0.0,0.0,-11.527144561231195,130.87506173552194,12.121719420824764,8.899,14.668651051974194,1.2101130658719814,11.638330999999999,4.999999999999999,4.084163270364083,20.375531444619504,9239.0,10.57523268229453,221,baseline,0
1442.2714584020223,750.0,4754.724634726117,3.2966919001462855,0.0,0.0,21.01558694605966,823.3021788450111,2.6531486976590832,1.0,10.714179425490387,4.038288330745911,0.0,0.0,10.49406401272743,159.9729932116906,9.01504107761245,7.216201666666667,6.831764029661532,0.7578184026944956,8.0,4.217201666666666,1.0982951713030396,0.6712591123724185,744.6042422244203,750.0,62.18217519511392,0.08351036922560602,0.0,0.0,-11.437497678671185,128.81635314960877,12.64121632509067,8.999,14.885814705572477,1.1775618993266224,11.3562545,5.0,3.9937642817917327,19.66496930356061,9099.0,10.538774866137407,222,baseline,0
1415.2441885263383,750.0,4709.132828998617,3.3274348463512364,0.0,0.0,21.61155245845625,862.841077263277,2.602473875026658,1.0,10.646904791465277,4.091070766793467,0.0,0.0,10.704752958254366,165.81684518740963,8.743701202572685,6.899,6.91899420053087,0.7913118301086356,9.14216275,4.1000000000000005,1.103649201678805,0.6829959884012404,744.764768607379,750.0,61.25707647070744,0.08225023397018477,0.0,0.0,-11.615466787008755,132.91906868010352,12.241427785348689,8.5929675,14.828709820676103,1.2113545969224306,10.921653749999999,5.045285499999999,4.0052574145585735,20.01007949799976,9378.0,10.5884029172713,223,baseline,0
1402.429416737109,750.0,4727.32878245854,3.3708140502765116,0.0,0.0,21.786506169104744,874.1650944566554,2.5859044801352495,1.0,10.700635935834923,4.138063110233388,0.0,0.0,10.766892541044024,167.45384386380795,8.515583706837601,6.999,6.864914651034985,0.8061590241339288,9.0,4.1,1.1481592245330385,0.7763646585038417,744.8123415046492,750.0,60.98014130008963,0.08187316173749114,0.0,0.0,-11.66977753474395,134.18370771041486,11.888795786031276,7.999,14.82800553217325,1.2472251857160668,10.899999999999999,5.1,4.125472601997798,21.03537583493817,9464.0,10.635587735935038,224,baseline,0
1408.977588953797,750.0,4756.070561348059,3.3755473462708276,0.0,0.0,21.989241593984143,887.8037050273042,2.6054168879447688,1.0,10.810613791599046,4.149283687236243,0.0,0.0,10.778018089514465,167.55547309109144,8.550388953992785,6.999,6.826512802936828,0.7983862301081688,8.899999999999999,3.9999999999999996,1.152345733567607,0.8074107100225616,744.7853425385024,750.0,61.137468337841085,0.08208736779037851,0.0,0.0,-11.638864094681162,133.4631574144583,11.980378132023366,7.999,14.91834421986316,1.2452314989947317,11.100000000000001,5.0,4.146589619654729,21.193307431171135,9415.0,10.621026260596484,225,baseline,0
1410.4585729499468,750.0,4790.053195430815,3.3960963386627596,0.0,0.0,22.153644675039857,897.0106658210481,2.6164004259850904,1.0,10.916598700701682,4.172373078784956,0.0,0.0,10.793954605125238,167.7100523587238,8.669601677097775,7.4411570000000005,6.780075136022055,0.7820515161535938,8.73236,4.339101250000001,1.17515121983577,0.9047780135188148,744.771458998935,750.0,61.218207763451275,0.08219730633305433,0.0,0.0,-11.623060262516827,133.09552986609793,12.127934895633652,8.7842705,14.949776415809845,1.2326728783143555,11.0,5.214729500000001,4.195652922099213,21.645258100229686,9390.0,10.626256453624661,226,baseline,0
1383.6987618950168,750.0,4721.709091875733,3.4123822481485866,0.0,0.0,22.82503788156862,946.6857453281295,2.558682083290699,1.0,10.793389045684414,4.2183392443203145,0.0,0.0,11.052075280434565,175.36180768373956,8.477544106260689,6.999,6.727517727342605,0.793569180297666,7.681992000000001,3.9999999999999996,1.1730132634429928,0.9659649352130395,744.9763634503223,750.0,60.015236937664675,0.08055992093454749,0.0,0.0,-11.862866219125658,138.72759493287262,11.830652251816227,8.899,14.798720907578769,1.2508795451499208,10.717189,4.999999999999999,4.271806751538569,22.68632084388952,9773.0,10.676170896591596,227,baseline,0
1397.4842968167784,750.0,4840.427083433946,3.4636718956052537,0.0,0.0,22.62019046269807,924.2665204533668,2.613009688065581,1.0,11.096492714395971,4.24663282538793,0.0,0.0,10.868538185912483,169.19583618301726,8.727859659679277,6.999,6.587777683808881,0.7547987640363779,7.999999999999999,4.000000000000001,1.1425962454289558,0.8943173396887931,744.7731289257958,750.0,61.20850214103493,0.08218409038107674,0.0,0.0,-11.624957856541993,133.13964516637748,12.135248877887788,8.999,14.915146174323603,1.2290762492313774,10.159497,5.0,4.374887793229648,23.356750368331245,9393.0,10.650230301618667,228,baseline,0
1410.5071095191577,750.0,4901.1127696525655,3.474716813957327,0.0,0.0,22.77108372499239,935.8319055282005,2.652230543796809,1.0,11.284436887359139,4.254696830089615,0.0,0.0,10.818931039572805,167.9440458614007,8.914758232786795,6.999,6.677833206839786,0.7490761984189294,8.100000000000001,4.000000000000001,1.0866574204478552,0.7284196325350538,744.6710083577553,750.0,61.79914088219615,0.08298851464418307,0.0,0.0,-11.51054863483455,130.49272987489147,12.379905555627914,8.999,15.103904727085485,1.2200339218435508,10.0,4.899999999999999,4.358388873608913,23.130907751845317,9213.0,10.613336225411315,229,baseline,0
1385.1518771331057,750.0,4826.205360676023,3.484242732042481,0.0,0.0,23.88442210069648,1012.2286356454265,2.612094709897611,1.0,11.234869368391358,4.301095716713788,0.0,0.0,11.052126938113817,174.28881825388316,8.606805053695545,6.999,6.919488068668763,0.8039554777295332,9.333399625,4.30477975,1.0742183226208741,0.6417246916215853,744.7636518771332,750.0,61.26356178876678,0.08225906518713093,0.0,0.0,-11.61420072518101,132.88965848479498,11.966436232935154,7.999,15.042158685371163,1.25702910980052,10.793023,5.000000000000001,4.31324131388095,23.29049023213966,9376.0,10.636909998309967,230,baseline,0
1373.578748027354,750.0,4792.7998459694945,3.4892792661888565,0.0,0.0,24.501495876236596,1060.2778973872767,2.5932667017359283,1.0,11.23003960306781,4.330460725674857,0.0,0.0,11.189859828433006,178.36370497479757,8.449664854291974,6.999,7.001051685559554,0.8285596892051165,10.429616500000002,5.0,1.0791319243579502,0.6124130625920401,744.8347185691741,750.0,60.84942942046911,0.0816952109017699,0.0,0.0,-11.695581107601145,134.78661744447703,11.728529817885324,7.999,15.030907991098871,1.2815679564694984,11.899999999999999,6.0,4.35846287783691,23.950751253247066,9505.0,10.616427548496189,231,baseline,0
1388.1167347794194,750.0,4832.42900960457,3.4812843102655004,0.0,0.0,24.459678467216392,1057.6749904434441,2.6165775961437703,1.0,11.314421925153628,4.324130093381701,0.0,0.0,11.198813905076275,178.61215147473686,8.36242819165905,6.721643,7.251088843416677,0.867103271589123,9.812230870370371,4.722643,1.1355816332556163,0.6711544355101173,744.855286597506,750.0,60.729029307299555,0.08153131272613953,0.0,0.0,-11.719445894542982,135.34541207512035,11.738309285863982,7.999,15.31529193587898,1.3047272450320104,12.3134445,6.0,4.250468921757912,23.007568585611754,9543.0,10.574489537925036,232,baseline,0
1388.790178100959,750.0,4871.422470447155,3.507673475274984,0.0,0.0,24.57156810384883,1064.7077602416402,2.6288333860259248,1.0,11.436393677477694,4.350368394691755,0.0,0.0,11.189592524402794,178.1058659749442,7.994895216253056,5.899,7.021886362588638,0.8782962343663542,8.702219,3.9,1.2129406387428698,0.8399238680575682,744.8260090631258,750.0,60.900338867763026,0.08176451698345778,0.0,0.0,-11.685518198371751,134.55133556447745,11.326878430603859,6.999,15.338030176362427,1.354126847068555,12.0,5.0,4.417078807255431,24.368901723203514,9489.0,10.610363750704277,233,baseline,0
1349.2897795591182,750.0,4777.458690693024,3.540721024548236,0.0,0.0,25.545825006633347,1144.1725919875857,2.5445891783567136,1.0,11.246193556959808,4.4196499979704225,0.0,0.0,11.534837663649837,189.1873520804481,7.693663598851775,4.999,6.831807908657415,0.8879785060627051,8.440925,3.3918325833333336,1.2639192892627555,0.959464424824044,745.0805611222445,750.0,59.393888497618214,0.07971472025542957,0.0,0.0,-11.990478149499307,141.77156625362022,10.796416541082165,5.999,14.960288950257283,1.3856717081386116,11.313379999999999,4.000000000000001,4.619793784511011,26.660600169735698,9980.0,10.721518434731582,234,baseline,0
1347.0054256683436,750.0,4789.822214989676,3.5559041735953736,0.0,0.0,25.6395023356377,1153.1815292005158,2.5365492749334124,1.0,11.265451539614448,4.441250816982524,0.0,0.0,11.611360247937982,191.60347948582066,7.88004682835278,5.608315666666667,6.780450592565753,0.8604581597369919,8.0,3.609315666666667,1.314122440405588,1.103070758619805,745.156752490875,750.0,58.9352836181654,0.07909112199702854,0.0,0.0,-12.086367643477265,144.08028281329416,10.954472145901153,5.999,14.871056966758285,1.3575329571970844,11.611267999999999,3.9999999999999996,4.7161138229177295,27.723536760619048,10137.0,10.73639002576562,235,baseline,0
1355.9562667726866,750.0,4854.273703452327,3.579963323600392,0.0,0.0,25.515559476323716,1140.1926411806087,2.5606798528973265,1.0,11.410965719395548,4.456225055422063,0.0,0.0,11.563831589485504,189.85693002658854,8.02835887881731,5.999,6.710658439606225,0.8358692655496736,8.0,3.0999999999999996,1.3455093910875688,1.2055750770740268,745.1201669814134,750.0,59.15595210230543,0.0793911569216473,0.0,0.0,-12.040045145940086,142.96268711627536,11.155155262299969,6.899,14.954376415390302,1.3405798542249074,10.0,3.9,4.781327859658326,28.241354151939635,10061.0,10.715834654200581,236,baseline,0
1371.464817252202,750.0,4945.261728762569,3.605824711326279,0.0,0.0,25.243449144518955,1114.975698130258,2.6021059026020046,1.0,11.619260578075158,4.4653296264599955,0.0,0.0,11.450186288210427,186.0017031306167,8.37145300297671,5.999,6.599002225069224,0.7882744157702086,7.0,2.9999999999999996,1.3278791511846206,1.20483883845933,745.0292598967297,750.0,59.70063732814618,0.08013193647779877,0.0,0.0,-11.92715106003995,140.25693240901228,11.587890215348787,6.999,15.04234678049908,1.298109189934737,10.265404,3.9999999999999996,4.848714756833284,28.72613865638824,9877.0,10.679491388047682,237,baseline,0
1382.5641287685232,750.0,4995.472075717704,3.613193754829491,0.0,0.0,25.255182485816427,1115.0749638588477,2.630965763924374,1.0,11.762851797466032,4.470925452074469,0.0,0.0,11.410609014089045,184.6100523513458,8.583240086279618,6.999,6.5476945924361285,0.7628464923057056,7.274573,3.0999999999999996,1.3055717720311737,1.2587470990148564,744.9825242718447,750.0,59.97868298858792,0.08051018786945618,0.0,0.0,-11.870301464924701,138.90405686819352,11.872259808277974,7.999,15.13217317342191,1.274582380927256,9.0,3.9999999999999996,4.884560838387903,29.017139729390188,9785.0,10.639135426674223,238,baseline,0
1395.9493644509273,750.0,5075.060186703747,3.6355618018422424,0.0,0.0,25.16484945698631,1102.9494294811032,2.671077307772453,1.0,11.969314586526998,4.481081304422753,0.0,0.0,11.319861184624608,181.42811181159803,9.032228153820677,7.899,6.570889944233327,0.7274937958087129,6.3399275,3.1000000000000005,1.2554013445638728,1.2178212067967422,744.8847676599291,750.0,60.55602486655021,0.08129582922844322,0.0,0.0,-11.753901232592685,136.15419418554393,12.43248296030423,8.324715,15.262134626269106,1.2276014915926041,9.0,3.7590324999999996,4.880948881417935,28.88217074715157,9598.0,10.615224939575391,239,baseline,0
1399.1039295683918,750.0,5143.658889660136,3.6763951418869207,0.0,0.0,25.384013190805966,1110.6757957189548,2.7071075799871163,1.0,12.214983342896241,4.512189849120948,0.0,0.0,11.226376074914642,177.8487883848231,9.412853954331146,7.999,6.4166974132087375,0.6816952057623519,6.000000000000001,3.000000000000001,1.1862319875681253,1.1307990690401368,744.728795361821,750.0,61.46563389755074,0.08253425177105998,0.0,0.0,-11.574884136222854,131.97794276698357,12.862989374060554,8.999,15.1876832146439,1.1807273389552286,8.779810000000001,3.5600710000000007,4.992595199674366,30.004859686672376,9314.0,10.589707687106948,240,baseline,0
1424.6845310596834,750.0,5291.820556788731,3.7143805813997735,0.0,0.0,24.869531036243472,1066.5445403380988,2.7621525855387,1.0,12.464859713946945,4.512733937729198,0.0,0.0,11.114372037002237,174.8768367561494,9.660004216834116,8.999,6.5236416760474,0.6753249304673078,7.000000000000001,3.2137124999999997,1.0874510733051101,0.9574661697140971,744.6435610674343,750.0,61.95690011027072,0.08320343228571872,0.0,0.0,-11.48035361467281,129.7985191179311,13.189117131657623,9.999,15.377739814970763,1.1659415608691368,8.412359,4.000000000000001,4.990703851642916,29.92852343230738,9031.0,10.556756886158034,241,baseline,0
1454.2173713235295,750.0,5436.452736504048,3.738404480449961,0.0,0.0,24.372016535826877,1024.4227400942661,2.8415670955882355,1.0,12.801360477737362,4.505035442454453,0.0,0.0,10.899730927448593,168.11211360853096,9.989742661165305,8.999,6.703882556107295,0.6710766016194141,7.713287625,3.8999999999999986,0.9890999846631611,0.7725878388893448,744.359375,750.0,63.56661544875089,0.08539774950607815,0.0,0.0,-11.180692018643033,123.00787401574809,13.703288940602024,10.899,15.737574512356817,1.148452359179797,8.56647375,4.0,4.890782362260327,28.752730666653164,8704.0,10.481429791862233,242,baseline,0
1393.7700738622825,750.0,4371.392423889784,3.1363798849376923,0.0,0.0,12.538612116366007,191.68710673444303,1.8585894686680962,1.0,5.828490917340257,3.1359754349178974,0.0,0.0,12.538706024855985,191.6894495226375,10.132223649034131,9.999,6.791624449805828,0.6702995003918265,8.0,4.0,0.919418048710994,0.6137720713590915,749.9139861806052,750.0,7.880011372195023,0.01050788692757791,0.0,0.0,-91.6024023655872,8389.000119146918,12.93292497807958,10.999,12.566449380395749,0.9716633632140462,8.363482750000001,4.1000000000000005,4.9557150915905535,35.63607863328263,8394.0,10.45520522691086,243,baseline,0
1319.6059372755567,750.0,3974.054242782867,3.0115461976381024,0.0,0.0,13.784768548053638,237.72188318744824,1.76765621259277,1.0,5.29690669900874,2.996570634761225,0.0,0.0,13.794702072099518,237.96980474741838,10.044094009131582,9.589938499999999,6.988323257611608,0.6957644214857187,9.178485583333334,4.409061500000002,0.8639053692569993,0.43987709457308455,744.1230548240364,750.0,64.87384628989132,0.08718161044644976,0.0,0.0,-10.94811160840241,117.86114779003566,12.689097037945894,10.999,12.033242771016686,0.9483135588790976,9.0,4.899999999999999,4.685963306393449,34.649693578319216,8354.0,10.434449829272312,244,baseline,0
1311.5179873602333,750.0,3909.399565048947,2.980820394936113,0.0,0.0,14.055982802125135,248.85396019529568,1.76507049100632,1.0,5.210457507309532,2.9519826736998436,0.0,0.0,14.063646924839913,249.0784554064166,10.053545378720088,9.299777,7.047479422005677,0.7009944409186014,10.0,4.760982560606061,0.8379303082246337,0.34093220615941,744.0330578512396,750.0,65.36457628408759,0.08785170980555604,0.0,0.0,-10.863164057185791,116.00833333333334,12.699794065994164,11.999,11.964224558713772,0.9420802019735105,10.562411,5.000000000000001,4.6330002604083385,34.50278380678231,8228.0,10.42387407918368,245,baseline,0
1270.1847478474785,750.0,3485.6586986757916,2.7442139457136223,0.0,0.0,13.841479222308843,240.92710076595841,1.7183271832718328,1.0,4.647116436525335,2.704442135214815,0.0,0.0,13.82998285881121,240.72237331409218,9.924208584701201,8.899,6.991621882386154,0.704501706379306,10.508485499999999,5.100000000000001,0.7813066095347543,0.17275987112055713,743.9611316113161,750.0,65.7540496487777,0.08838371637287501,0.0,0.0,-10.79663179704748,114.56725816101678,12.523233987699875,11.570914,11.608608343687399,0.9269656987236039,11.0,5.5719140000000005,4.524548793143144,34.44288989807679,8130.0,10.41481691517856,246,baseline,0
1228.930254930255,750.0,3254.4486064506173,2.6481963426275286,0.0,0.0,14.878142065980496,285.4413952110213,1.6707551707551707,1.0,4.342986911372519,2.5994155142488746,0.0,0.0,14.819794280468694,284.0155149704496,9.224146570101771,7.90657675,7.043696838323494,0.7636150168248876,10.863716750000002,5.24391995,0.8183029607178913,0.09563053541915068,744.0962000962,750.0,65.02067884326817,0.08738208693292884,0.0,0.0,-10.92256206528254,117.30236206994927,11.699002806758054,10.395018499999999,11.415247959900292,0.9757453817607559,12.0,6.236496499999999,4.326674926163255,33.181673917529835,8316.0,10.485315530732354,247,baseline,0
1217.4085095917364,750.0,3157.4869655932366,2.593613352228098,0.0,0.0,15.21167585590626,302.7140656544493,1.6642892277422527,1.0,4.220169020396605,2.535718521786995,0.0,0.0,15.07828962493401,299.19088530142847,9.321029745839411,7.542550666666667,7.03178423740299,0.7543999353227832,11.39376925,5.396216416666667,0.8166475343703925,0.013688199828058245,743.9626168224299,750.0,65.74603150436383,0.08837276231052371,0.0,0.0,-10.797993694839805,114.59666783380023,11.766091164412199,9.999,11.193069282841458,0.9512988745740891,12.744318999999999,6.0,4.264667954752414,33.041455503137335,8132.0,10.474303011274827,248,baseline,0
1206.6572393943186,750.0,3086.0519368034898,2.557521586123772,0.0,0.0,16.083357966773296,340.4521168640404,1.6589913652859467,1.0,4.1340289553448475,2.4918929910357304,0.0,0.0,15.835525151632098,333.3328195306315,9.23971738010546,7.2654285,7.104990711740132,0.7689619086226895,11.393690999999999,4.6335714999999995,0.8420928380672571,-0.008576481265623048,743.8560880991115,750.0,66.31860024906752,0.08915514883872432,0.0,0.0,-10.701555423860171,112.52328848995111,11.667046403829309,9.899,10.987074167818482,0.9417185624814479,12.999999999999998,6.5269439999999985,4.030388187254391,31.025743337639078,7991.0,10.425913509322081,249,baseline,0
1201.4927427427428,750.0,3113.1921125393087,2.5911035512645526,0.0,0.0,16.16701719507492,339.6436499140791,1.6604104104104105,1.0,4.180702393645829,2.5178729110789346,0.0,0.0,15.804081097668607,329.13394881866725,9.0404184058588,6.999,7.1040885874841235,0.785814136974036,10.899999999999999,5.0,0.8566117738307998,-0.08137589330214601,743.8568568568569,750.0,66.31448666522424,0.08914952662456317,0.0,0.0,-10.702242442086074,112.5379932891885,11.421227300300302,8.999,10.932425900335227,0.9572023752690552,12.999999999999998,6.1000000000000005,4.011205204625294,31.020026452728715,7992.0,10.455686712771897,250,baseline,0
1203.3084303441217,750.0,3113.13668839011,2.587147741913365,0.0,0.0,16.78612172040596,367.9731399455949,1.6726365613406677,1.0,4.194169167219937,2.5075197231478583,0.0,0.0,16.2589308663781,351.88818008066363,8.964288673840018,6.999,7.070963499909986,0.7887924806063846,10.370675,4.510413999999999,0.8972875960313658,-0.04851068085521293,743.7193296661123,750.0,67.04623152142057,0.0901499111923318,0.0,0.0,-10.581335344784689,109.96465767878968,11.370756058334399,8.801755,10.850555289879251,0.954250995642998,13.251775,5.802754999999999,3.954243134359965,30.452890824555126,7817.0,10.388746885010118,251,baseline,0
1221.2866613630338,750.0,3115.5344494367105,2.5510263462302745,0.0,0.0,16.978532532060164,376.8945735670074,1.7079024131530098,1.0,4.2139718642239385,2.4673376135375316,0.0,0.0,16.264159059755027,354.627126369093,8.862170547758065,6.650456,7.362328750705877,0.8307590912441178,10.510276499999998,4.651456,0.9537636199592083,0.009345233912959827,743.4903208697958,750.0,68.2467025549895,0.09179232148597297,0.0,0.0,-10.388496662799696,105.92086291300036,11.420406228851762,8.997174999999999,11.085695990655811,0.9706919148505978,14.226338750000004,6.351269500000002,3.592816197519199,26.344996021054122,7542.0,10.259702202961982,252,baseline,0
1198.8742736397253,750.0,3000.3712769971385,2.5026571534379114,0.0,0.0,18.127312006558583,429.7066132917706,1.6864764923402007,1.0,4.081313231770969,2.420023789425981,0.0,0.0,17.09750946238268,395.1770154563147,8.380963522326171,5.999,7.296545467046579,0.8706093813210385,9.654830375,3.9999999999999996,1.0612634266256311,0.1824733914201513,743.5161119915479,750.0,68.11260043777754,0.091608775303247,0.0,0.0,-10.40970715294908,106.36200301015928,10.887160559957739,7.4139985,10.863929715766796,0.9978662164424777,14.234203500000001,5.414998499999999,3.3701304395664113,23.914834264203755,7572.0,10.272324717165299,253,baseline,0
1205.051169004676,750.0,3037.77306106431,2.5208664488275536,0.0,0.0,17.994135412356272,421.7249714361629,1.7046092184368737,1.0,4.151375672095969,2.4353826244720063,0.0,0.0,16.76255111538738,380.6039453438678,8.536853243442222,5.999,7.372997735194453,0.8636669185871491,9.297692,3.9999999999999996,1.1017558576594628,0.2720450261364151,743.4407481629927,750.0,68.50369363514656,0.09214412016615445,0.0,0.0,-10.348076997154601,105.08269753904005,11.108528780093522,7.999,10.953194071984273,0.9860166263972229,14.579399999999998,5.803368,3.3703573278768086,23.97353476598325,7485.0,10.241620332310402,254,baseline,0
1171.2432432432433,750.0,2950.5174734607617,2.519132973002773,0.0,0.0,19.079741542348867,473.2433156036743,1.6620993086109366,1.0,4.054960614681479,2.4396620548926915,0.0,0.0,17.51532020936928,417.67409149357786,8.19270819278066,5.999,7.382994614114876,0.9011665545003426,9.340447999999999,3.9999999999999996,1.195115495286134,0.5009511331112848,743.8282840980515,750.0,66.46720096432844,0.08935825967538326,0.0,0.0,-10.676793334158315,111.9939159003275,10.584540261345067,6.999,10.792948327422598,1.0196898552919338,13.999999999999998,5.0,3.2875575517239746,23.08998376440566,7955.0,10.369238530067483,255,baseline,0
1141.8599112771421,750.0,2879.9370187270424,2.5221456592743534,0.0,0.0,20.254748534505644,534.3354514967717,1.6235115573196357,1.0,3.9790019828346153,2.4508615075114197,0.0,0.0,18.34469855932998,461.9023862730226,7.987728034021345,5.6359055,7.325243669620571,0.9170622282607621,8.578951,3.6369054999999997,1.293957164647172,0.7967116962424554,744.2685033854775,750.0,64.07254093793208,0.08608793821918205,0.0,0.0,-11.089571232382712,120.97859011809021,10.215806818701845,6.999,10.598726865540714,1.037483093957676,12.398288249999998,5.0,3.294825229567009,23.245065894591068,8566.0,10.50416042734223,256,baseline,0
1118.8289114532154,750.0,2799.9351481833587,2.502558809055624,0.0,0.0,21.48378960794451,599.6341689407352,1.5935145758270552,1.0,3.891918648149967,2.442348948160709,0.0,0.0,19.1628488717815,506.2229377517381,7.6454512874825085,4.999,7.134963518090079,0.9332298709131501,8.0,3.0,1.3951035707867474,1.160765052131005,744.6395894748335,750.0,61.97969343399415,0.08323448593124912,0.0,0.0,-11.476003502778708,129.69865639578921,9.740655887760672,5.999,10.312865296991223,1.0587444434773168,11.0,3.9999999999999996,3.2967741955366328,23.267355278147864,9159.0,10.616529971514552,257,baseline,0
1116.026943884587,750.0,2780.627710905391,2.491541737537967,0.0,0.0,21.81783052552289,615.71394875314,1.5939323220536756,1.0,3.8882170702856205,2.4393865514163813,0.0,0.0,19.175681330790976,507.72414432172195,7.557351394724501,4.999,7.221261429492047,0.9555280748931345,7.899999999999999,3.0,1.4806294034723906,1.4180156783168414,744.7919804815954,750.0,61.09882670709828,0.08203475374102541,0.0,0.0,-11.646442318351761,133.63961867469484,9.648800561578446,5.999,10.367887200534698,1.07452601329741,10.95,3.9999999999999996,3.2040518856198856,21.910587403635425,9427.0,10.648351641149361,258,baseline,0
1124.4136210823121,750.0,2858.6935588678525,2.5423860982012982,0.0,0.0,21.637192622142738,605.109342387739,1.6146838737664029,1.0,4.018015657191909,2.4884224847180194,0.0,0.0,18.776006135782495,488.89006851048424,7.813286689956346,4.999,7.127115025856598,0.9121788702593246,7.0,2.9999999999999996,1.5391363402638016,1.625225846035561,744.6756317102266,750.0,61.77252631656901,0.08295225959617054,0.0,0.0,-11.51565762058933,130.61037043463725,9.95215588135777,5.999,10.346147548730745,1.0395885747841827,10.647001,3.9999999999999996,3.3477085190200917,23.35778978415353,9221.0,10.615390579711134,259,baseline,0
1132.0013357079251,750.0,2918.953915195734,2.578578154565775,0.0,0.0,21.320791541965114,587.2858807584009,1.635240427426536,1.0,4.127957841296739,2.524373646872909,0.0,0.0,18.228307582145238,463.11913587699644,8.136116827327498,5.999,6.965217617516035,0.8560862344209881,7.0,2.9999999999999996,1.5544170397240744,1.7882284217406346,744.5351736420303,750.0,62.57587636886423,0.08404690414122795,0.0,0.0,-11.36333022477439,127.12527379727115,10.268678694011577,6.318159,10.200364450185765,0.9933473189821733,9.40500775,3.3191589999999995,3.5914353409579833,26.268467856829265,8984.0,10.568416503792593,260,baseline,0
1138.8127897301795,750.0,2852.1987177462497,2.5045369559135575,0.0,0.0,21.334794567144353,600.5253027401908,1.6607631047188873,1.0,4.092590242006352,2.4642829735184257,0.0,0.0,17.607955135696805,447.217545654194,8.354053786121451,6.685159,6.796314129975199,0.8135348782726157,6.0,3.0000879999999994,1.5022704471083521,1.7808579722445073,744.1642695827885,750.0,64.64782758704509,0.08687306046457931,0.0,0.0,-10.987662937461504,118.72873682726534,10.517850424581004,6.999,9.899646672670112,0.9412233748384458,9.727841,3.30455,3.534935063448503,25.789602142599502,8413.0,10.4872884490242,261,baseline,0
1130.1048803378696,750.0,2855.7691612548306,2.526994804589319,0.0,0.0,21.60611571167406,615.6311875777998,1.655091506335054,1.0,4.128166759763112,2.494222672258348,0.0,0.0,17.529524434191874,445.5100183250803,8.195144921128366,6.999,6.4634709662024985,0.7886951394280606,6.1000000000000005,3.072828833333333,1.4448610367125707,1.8632254004716584,744.2402627874237,750.0,64.22893191329061,0.08630133993655786,0.0,0.0,-11.061689871069314,120.36098280371748,10.242164980525576,7.999,9.53014344883357,0.9304813451993947,8.0,3.8636299999999997,3.7708647039756764,29.35702986108261,8524.0,10.568020589052912,262,baseline,0
1133.607548071181,750.0,2911.091442919054,2.5679887610771814,0.0,0.0,21.451961038844395,600.2096529675512,1.6703690433536367,1.0,4.2376018717842845,2.5369255307056924,0.0,0.0,17.13019167713529,422.74289107535094,8.293414212535003,6.999,6.573595681085869,0.7926284052170298,7.05627,3.5284696666666666,1.3874382240761987,1.705511200988572,744.1363907798877,750.0,64.80080203079952,0.08708188825826059,0.0,0.0,-10.96086405261135,118.14054077982786,10.340269958198972,7.999,9.522441290289994,0.9209083833192857,8.512443000000001,4.000000000000001,3.6409474112026543,28.13526377890676,8373.0,10.51974365922104,263,baseline,0
1124.3788503516857,750.0,2714.6716337571693,2.414374508118921,0.0,0.0,22.51475657239581,693.4476664220244,1.6685665777346592,1.0,4.045628555855209,2.424613203836184,0.0,0.0,17.034803480840793,446.01219554758853,8.652385921187973,7.7917889166666665,6.576237750876727,0.7600490559225783,6.813352,3.7927889166666664,1.3572846090691058,1.6863832870211644,744.0460829493088,750.0,65.29378976864926,0.08775503462074898,0.0,0.0,-10.87534003485838,116.27302087379343,10.722817683967984,8.999,9.322255283707193,0.8693848537260114,8.74021225,4.359235,3.415415798441789,25.476579910855012,8246.0,10.479630685600824,264,baseline,0
1138.700544015826,750.0,2781.8381174879146,2.4429935790469353,0.0,0.0,22.29142654932249,683.4603577584011,1.6991839762611276,1.0,4.17488479283116,2.4569939754361076,0.0,0.0,16.615123528456287,427.9461398469785,8.506334773974775,7.7445889999999995,6.608898555073917,0.7769384500706362,7.232948222222222,3.7455889999999994,1.2907901642386348,1.4965477593854688,743.9297725024728,750.0,65.92311120800431,0.08861469676935828,0.0,0.0,-10.767992165375155,113.94965527358077,10.612913705365974,8.8125,9.439179248233504,0.8894050691716243,9.798658249999999,4.8134999999999994,3.444261912008105,25.98914124072222,8088.0,10.46456885247658,265,baseline,0
1142.4372348390316,750.0,2828.412159258533,2.4757702856709267,0.0,0.0,22.361513276118124,687.5555554421742,1.7141252807586724,1.0,4.2774103390558755,2.4953895652030127,0.0,0.0,16.394520041940247,418.121907022249,8.6409033826909,7.80212925,6.65132285455211,0.7697485505827742,8.263398375000001,4.19687075,1.1886414675279304,1.2517597188151095,743.8737209882705,750.0,66.22418102127894,0.08902610638442378,0.0,0.0,-10.717345704109007,112.86149894138379,10.77872495183429,8.999,9.416393682527183,0.8736092371412381,10.29171575,5.0,3.323752786135589,25.009154507890802,8014.0,10.447992077610515,266,baseline,0
1147.5454663044884,750.0,2534.241741394195,2.2084020335641865,0.0,0.0,17.10048732362907,342.6873878119728,1.7365153279006598,1.0,4.00481991526911,2.3062393121002223,0.0,0.0,11.855874612746923,180.710426401291,8.730336623859602,7.37203075,6.650231078384696,0.7617382198310573,8.69463,4.37303075,1.1208802654316263,1.0333644462527571,743.6494632001035,750.0,67.41482219718782,0.09065403195086773,0.0,0.0,-10.52140913945472,108.70005027980136,10.961302386107878,9.5784,9.443793525642581,0.8615576135926553,10.03185,5.144375,3.257685652285545,24.284777712363883,7731.0,10.374018896349844,267,baseline,0
1170.621595465229,750.0,2640.3872459730583,2.2555429151498907,0.0,0.0,16.59697635669624,321.3567190267567,1.7906815982303332,1.0,4.214802969648776,2.3537422698787522,0.0,0.0,11.317878935609592,163.72047092817724,8.875370690662225,7.607332,6.566041743933919,0.7398047893190591,9.375207583333335,4.608332000000001,1.020461629419097,0.6734462776356165,743.2122217613714,750.0,69.67569127660653,0.0937493884471908,0.0,0.0,-10.167454825964462,101.37713763802803,11.243300184294208,9.493098,9.509675915833702,0.8458082377910526,10.352217,5.019171,3.4079658898406904,26.09358867098581,7233.0,10.27525122761833,268,baseline,0
1177.3926330150068,750.0,2668.1187332834306,2.2661248749714433,0.0,0.0,16.573872733075138,320.78489418049867,1.8057298772169168,1.0,4.291038273012484,2.376345613567657,0.0,0.0,11.194172406102751,159.74122583245997,8.667907679824168,7.6444399999999995,6.761102222196599,0.7800154860825365,9.653721749999999,4.645439999999999,0.9626975982727629,0.44366314683824415,743.3020463847204,750.0,69.21748281756196,0.0931216093837258,0.0,0.0,-10.237357152052525,102.80348145868106,11.057244475443383,8.999,9.749558223605195,0.8817348884034916,11.0,5.353470499999999,3.256707824474722,24.516829410896698,7330.0,10.256817420773617,269,baseline,0
1189.84059365123,750.0,2714.6235502414906,2.2815018790972688,0.0,0.0,16.419176875966805,315.23901918686414,1.833173010856122,1.0,4.401729144711474,2.401153147381214,0.0,0.0,10.971458170966782,153.06521196317922,8.740780678694144,6.999,6.9704376320120796,0.7974616785663875,10.0,4.759465,1.0117444691840847,0.4730922997697409,743.2532637075718,750.0,69.46671974790223,0.09346305376633161,0.0,0.0,-10.199222447617299,102.02413853598043,11.2025827039989,8.999,9.962136480827857,0.8892714067865574,12.0,5.899999999999999,3.161647456091722,23.308937748846024,7277.0,10.197704124457818,270,baseline,0
1243.2651766837814,750.0,2886.4905673292683,2.321701453127271,0.0,0.0,15.605547946415628,284.7957753536494,1.938840229537904,1.0,4.713030804234957,2.4308505324124843,0.0,0.0,10.323206207039824,135.08182925300883,8.978825053232395,6.999,7.130682229753741,0.7941665181667261,10.214270749999999,4.20611625,1.0111236038317148,0.3739113457496259,742.5859257022048,750.0,72.7873144532406,0.0980187099350306,0.0,0.0,-9.71559201924815,92.39272828447828,11.717801867411657,9.899,10.28824813647494,0.8780015443926864,12.692082249999999,6.313929999999999,3.166446976027969,22.901927085342127,6622.0,9.895683451230727,271,baseline,0
1243.8054943440575,750.0,2890.5210964413163,2.3239333718859982,0.0,0.0,15.700841389990977,289.0509959631476,1.9416776847363009,1.0,4.755114402192696,2.448972061415274,0.0,0.0,10.302778252988682,134.26060498948678,8.424246815521537,6.911494,7.119234866564721,0.8450885904064026,9.488895499999998,4.7734689999999995,1.0278327471672903,0.29022136787823394,742.7874247098575,750.0,71.80151890570916,0.09666496297208554,0.0,0.0,-9.854594445960306,95.11303169435165,11.154983379462319,7.999,10.455029684032313,0.9372519284323896,13.005567499999998,6.0,3.1306299752034783,22.375363400080353,6807.0,9.918736814513089,272,baseline,0
1232.990198823859,750.0,2859.8503151184213,2.319442861627297,0.0,0.0,15.980850229331908,300.3636308082503,1.9232707924950994,1.0,4.742958234428999,2.4660896702309194,0.0,0.0,10.399607561763933,136.51383747194637,8.248275007109767,6.134855166666667,7.133257950777977,0.8648181522353852,9.683389625,4.135855166666667,1.1064567111381642,0.4708024444792036,743.1257350882106,750.0,70.11393405190225,0.09435002818679072,0.0,0.0,-10.101436750819516,100.03902443080715,10.895617523522823,7.999,10.442652080112083,0.9584268223042135,13.56187,6.0,3.1565374858173816,22.63666894718195,7142.0,9.987089005066291,273,baseline,0
1195.704955527319,750.0,2759.408891429921,2.3077673791299054,0.0,0.0,16.637024409521523,326.79829814496077,1.8561626429479035,1.0,4.615938027852846,2.4868176532860007,0.0,0.0,10.747335356217418,145.46762545064644,7.63437331524658,5.64086875,7.032337223691123,0.9211413868964027,8.480552999999999,3.74186875,1.2560552833972245,0.8520692279707829,743.7616264294791,750.0,66.82206531611219,0.0898433892548341,0.0,0.0,-10.618098221035938,110.74400983156656,10.108818080559084,6.899,10.388822409917278,1.027699017543573,12.927541,5.0,3.2019687146828386,22.835499907609474,7870.0,10.20825832817371,274,baseline,0
1197.9792483866886,750.0,2758.1081887853425,2.3023004718150752,0.0,0.0,16.82224120026993,336.04802396381297,1.8665063899784893,1.0,4.668488220520994,2.5011905909278975,0.0,0.0,10.700382868457028,144.40968459454712,7.641236163764352,5.217265666666667,7.0823039162628305,0.926853164131735,8.0,3.218265666666667,1.336620823992709,1.0179082921787428,743.7876755662406,750.0,66.68362067482505,0.08965410810828406,0.0,0.0,-10.640924172258782,111.2292672397613,10.140797832595215,6.999,10.42413090130629,1.0279399188691414,12.900110000000002,5.0,3.146411000334502,21.89851502671744,7903.0,10.198622553961867,275,baseline,0
1214.7830920372285,750.0,2819.605102001748,2.321077005832526,0.0,0.0,16.53760183332646,326.3411466316119,1.9033092037228543,1.0,4.809661447272737,2.526999521604312,0.0,0.0,10.443506194137905,137.3661225098296,7.768341621311822,4.999,6.865933263487418,0.8838351347282772,8.0,3.0,1.3475232980962122,1.0511074377963823,743.6535677352637,750.0,67.39322586617085,0.09062449074427414,0.0,0.0,-10.524902560371071,108.77357390530551,10.355851832083763,6.999,10.308863558649241,0.9954626356000048,12.688752249999999,4.271806,3.2279158049559706,22.71667246846874,7736.0,10.1500921299034,276,baseline,0
1224.7623058699658,750.0,2780.677506413295,2.27038135733459,0.0,0.0,16.457489763674385,329.5143295915514,1.9305080284285339,1.0,4.8468151707238665,2.5106423280038137,0.0,0.0,10.153887042503769,130.5716928236842,8.049977931176311,5.75090725,6.964439211510394,0.8651500999199271,7.834958875,3.2480927500000005,1.3800210371921162,1.1477200977354087,743.5382995525138,750.0,67.9970157463692,0.09145058941454944,0.0,0.0,-10.428054692133895,106.74432466213571,10.769777707423005,6.743361,10.406892396003668,0.9663052180576374,12.369608000000001,3.9345594999999998,3.116118709692184,21.26014912127402,7598.0,10.094466458421676,277,baseline,0
1240.6205327265427,750.0,2839.8596401867744,2.289063871888001,0.0,0.0,16.263038949440457,323.06896987419293,1.9656003212421362,1.0,4.985458163934856,2.53635396273458,0.0,0.0,9.973521099442715,125.73193955893859,8.324475423388588,5.899,7.076108184867953,0.8500365278257412,7.50582725,3.334651,1.3524613342860896,1.0769139501932754,743.428456699237,750.0,68.56725954708301,0.09223114736758418,0.0,0.0,-10.338125193872218,104.87683252417538,11.151229042430733,6.999,10.558404481364104,0.9468377379021706,12.653922,4.240236,3.090676405232048,20.945614018438672,7471.0,10.006893436083969,278,baseline,0
1253.1226519337017,750.0,2799.0734699055115,2.2336787748479714,0.0,0.0,16.13745309227094,325.50657965357306,2.001381215469613,1.0,5.0424987528361696,2.5195093837497495,0.0,0.0,9.648605661591054,118.20220281774617,8.730271824943394,6.3605835,6.895141679171509,0.7897969063771065,7.0,3.3615834999999996,1.323766420767117,1.0688409990940402,743.2187845303868,750.0,69.64231964700379,0.09370365913316933,0.0,0.0,-10.172515399424269,101.48006955152394,11.656174695441988,7.999,10.320191545786294,0.8853840831522442,11.410658250000001,4.301118,3.085882002636011,20.98843205662584,7240.0,9.946194286634267,279,baseline,0
1271.6553094832482,750.0,2877.408871173791,2.2627270532476755,0.0,0.0,15.817803974457698,314.32644294761053,2.044718909710392,1.0,5.216724316891226,2.551316120820787,0.0,0.0,9.424734665013881,112.54134583766835,9.07393865226567,6.999,7.067243096750887,0.7788506587474302,7.788376124999999,3.1871242499999997,1.2781116239766774,0.9743968177518978,743.0300965360591,750.0,70.59526008641589,0.09500996045183739,0.0,0.0,-10.029854585214068,98.59798300053964,12.171613832481544,8.641516500000002,10.545821333407552,0.8664275320060392,11.650691249999998,4.642516500000001,3.011742405118929,20.146976437265874,7044.0,9.881835343205674,280,baseline,0
1279.093139352446,750.0,2915.173514349987,2.279094011735395,0.0,0.0,15.708793039081794,312.5338801132303,2.0657538154328914,1.0,5.326759527589693,2.5786032623027917,0.0,0.0,9.317858432907673,109.97514225031456,9.090582438429728,7.612379,6.948973065595462,0.7644145039837295,7.341574625,3.6120565000000004,1.2182129290421422,0.9465555925027687,742.9972899728997,750.0,70.75958374554463,0.0952353187561768,0.0,0.0,-10.005635172922817,98.11273521363032,12.203796007987448,8.776854,10.472672354723365,0.8581487553437428,11.099999999999998,4.777854,3.021131221168608,20.314550726090246,7011.0,9.896511205717132,281,baseline,0
1268.6379504504505,750.0,2798.2544039115196,2.2057155100223462,0.0,0.0,16.230302640814184,345.58297407454916,2.0564470720720722,1.0,5.268339438548564,2.561864834790129,0.0,0.0,9.342328626602892,112.06314435021976,9.04009093694329,7.999,6.944864537121801,0.7682294996326725,7.380756000000001,3.7296055000000004,1.1433593715448525,0.8417272565104446,743.0889639639639,750.0,70.29939970530779,0.09460428443224324,0.0,0.0,-10.073740755917985,99.48025281744304,12.059300779842342,8.999,10.320241773995358,0.8557910580724631,11.099999999999998,4.759456999999999,2.892700846239057,19.14389655531159,7104.0,9.911356415723874,282,baseline,0
1269.492054641762,750.0,2845.345150899206,2.241325686518089,0.0,0.0,16.28510669630037,348.6369298687307,2.0632840814050737,1.0,5.36996558566998,2.6026302602078393,0.0,0.0,9.366010401681761,112.55574904397763,9.114884356285716,7.999,6.94004490810108,0.7613969236280168,8.338531,4.079768249999999,1.1066757333251138,0.785352340814577,743.1563981042653,750.0,69.95888565302535,0.09413750030476098,0.0,0.0,-10.124700952521533,100.50956937799045,12.169078381377197,9.899,10.37706889685533,0.8527407394084793,11.457808,5.670186,2.900082776662432,19.31187106317128,7174.0,9.96598209086322,283,baseline,0
1273.4259693666345,750.0,2847.939683528176,2.2364391429402524,0.0,0.0,16.475649296790618,360.34273778874353,2.07396163929902,1.0,5.428618497755026,2.617511527161056,0.0,0.0,9.393935419312404,113.4411548957248,9.037347730303983,7.999,6.9610150446355465,0.7702497737576159,9.0,4.649386000000001,1.0423892114075337,0.693518505712921,743.2253346212226,750.0,69.60899591635334,0.09365799667180193,0.0,0.0,-10.177573457513526,101.58300148308383,12.112965672692146,9.999,10.423747793579969,0.8605446490350085,11.7385225,5.766537,2.784897634405346,18.16651697926404,7247.0,9.973905369904122,284,baseline,0
1282.6668524453114,750.0,2916.5326550925656,2.2738037156978117,0.0,0.0,16.479260497543592,360.2891063353385,2.099205796293716,1.0,5.5758961622440095,2.6561932003468245,0.0,0.0,9.35831033444572,112.44232042717542,9.204208903562968,8.441544,7.020162701380098,0.7627122303430748,9.3424415,4.8050049999999995,0.9867599912004267,0.5277014984512949,743.1592587432075,750.0,69.94440253845781,0.09411764936730273,0.0,0.0,-10.126879232358265,100.5536829867691,12.360726717988017,10.999,10.478953656383615,0.8477619395252917,12.68116,6.59033,2.6859205891091174,17.096699240108034,7177.0,9.954753183412105,285,baseline,0
1286.523542600897,750.0,2964.4453158788206,2.3042293574245503,0.0,0.0,16.364062711146293,357.70199550462155,2.1158912556053813,1.0,5.699490058757774,2.693659252883997,0.0,0.0,9.276524454311275,110.42525094114076,9.496571183543725,8.668852000000001,7.034652583713929,0.740757105670311,9.286474250000001,4.669852000000001,0.9725578432345621,0.4585321720753277,743.1199551569507,750.0,70.1431205439225,0.0943900376475665,0.0,0.0,-10.097068747752855,99.9507972968475,12.663637367853138,10.999,10.346577936197075,0.8170304972931428,12.248093250000002,6.3507560000000005,2.5657984154114093,15.630173995194799,7136.0,9.972449387080012,286,baseline,0
1311.920926864591,750.0,3045.2095893603027,2.321183790122293,0.0,0.0,16.202156387452842,352.1751279646475,2.1727733526430124,1.0,5.8931947079116584,2.7122915055742185,0.0,0.0,9.120620493669463,106.73725440680805,9.46554663843159,7.999,7.158333188986127,0.7562514308388891,9.792456333333334,5.0,0.9132195059295185,0.24191008017341087,742.8897900072411,750.0,71.29527704294847,0.09597019369757867,0.0,0.0,-9.92743992828745,96.55406352975592,12.727869923099204,11.766214,10.514673498147339,0.8261141543460276,13.092407999999999,6.767214,2.447444814904128,14.303078645614654,6905.0,9.869154882556119,287,baseline,0
1324.564049586777,750.0,3107.2046607914403,2.34583194505452,510.0,0.0,16.05369867853904,348.1759798350726,2.207497048406139,1.0,6.051923342519625,2.7415317936163244,1.0,0.0,9.001041769133067,103.962381116282,9.629887394321644,7.841335333333333,7.311898850538294,0.759292248302906,10.2182695,5.157664666666667,0.8542177697241435,0.0711329168984487,742.7544273907911,750.0,71.96391527295857,0.09688789809810941,0.0,0.0,-9.831439160835073,94.65719597320144,12.927005118506491,11.999,10.62692155873547,0.8220714280929472,12.741862999999999,6.809123999999999,2.417367238294394,14.23185704093654,6776.0,9.774916746334728,288,baseline,0
1384.9352448453608,750.0,3299.3048956978564,2.3822809824341284,750.0,0.0,15.423135438862667,321.1930978311877,2.339078608247423,1.0,6.441064591242896,2.7536759852927415,1.0,0.0,8.609154137152789,94.95155863493412,10.100826505940075,8.3125605,7.46089065596763,0.7386416004254743,11.556713333333335,5.59780905,0.7214760400462658,-0.23612500368387979,742.0914948453608,750.0,75.14916012749927,0.10126670450947436,0.0,0.0,-9.397084258727583,86.30519256562567,13.76819038659794,12.999,10.829546510721114,0.7865628093916159,13.0755425,7.000000000000001,2.2821148262352566,12.999201928689875,6208.0,9.518112197119715,289,baseline,0
1390.5746569814366,750.0,3349.461582217956,2.4086887858928305,750.0,0.0,15.362765138038917,320.6672578903465,2.358353510895884,1.0,6.567590531723393,2.78482021519688,1.0,0.0,8.565757780754588,94.00910235680499,9.662487955757722,8.1667155,7.514169178151477,0.7776640149573385,12.0,5.5895165,0.7206661611568862,-0.38309029669048567,742.0748991121873,750.0,75.22709363599525,0.10137399031552793,0.0,0.0,-9.386907882434667,86.11403959331409,13.376800286037124,12.546638,11.116712519618638,0.8310442169957792,14.999999999999998,7.0993590000000015,2.248325779876327,12.492347334975477,6195.0,9.550046968856574,290,baseline,0
1416.5356729018374,750.0,3452.333900296961,2.4371669322133616,750.0,0.0,15.170508335352311,315.4243287574499,2.416818407548419,1.0,6.781481196047645,2.80595396611807,1.0,0.0,8.446491524515688,91.84091487596281,9.625916460185808,7.880897999999999,7.528056826588573,0.7820613089388124,11.685664,5.401183999999999,0.7583088976581868,-0.4293291467621323,741.8728687303427,750.0,76.1691441071669,0.10267142433382748,0.0,0.0,-9.2655069941147,83.84961985798847,13.467919659327926,11.87984,11.295821938099577,0.8387206208403577,15.612993999999999,7.836919,2.285933639364185,12.54545136335549,6041.0,9.477781982637977,291,baseline,0
1402.1626359357247,750.0,3454.6423334186898,2.4637957430047015,750.0,0.0,15.359482753881409,324.9683412670672,2.398149651030677,1.0,6.828199200261978,2.847278191053404,1.0,0.0,8.518410302560302,93.36892806694453,9.58566956483724,7.431615,7.689154855078636,0.8021510446473641,11.799446,4.6634018,0.8144169371310344,-0.39798946024296944,742.031163772115,750.0,75.43207146636088,0.10165620414498765,0.0,0.0,-9.360240462958789,85.6141015244109,13.36568864892063,10.801648,11.413092096523714,0.8539097682367005,15.916910999999999,7.802648,2.183362902594486,11.269267919459606,6161.0,9.532228610463696,292,baseline,0
1377.1886209029067,750.0,3359.629903442936,2.4394842162145585,750.0,0.0,15.935747792707417,356.2374954331883,2.350030921459493,1.0,6.734329596437441,2.865634462484037,1.0,0.0,8.736449397358834,98.78035015550708,9.107513194379404,6.315502,7.798317209015811,0.8562509921839533,10.759003499999999,4.416502,0.9141363968018876,-0.24655214841904938,742.4094001236858,750.0,73.63963541610268,0.09919006333141023,0.0,0.0,-9.59834736081288,90.12827205882357,12.759412155534942,9.899,11.575773466762804,0.9072340736121857,16.3888065,7.865426500000002,2.0811844549379614,9.893611339092264,6468.0,9.65566847914285,293,baseline,0
1367.312547070342,750.0,3367.2883516218267,2.46270566216679,678.0,0.0,16.06941835956312,363.8948624296762,2.3336345835216146,1.0,6.7708162219719545,2.901403788657575,1.0,0.0,8.820423165212686,100.61319821667233,8.904300424813904,6.2755745,7.771362091674321,0.8727650372192759,10.055049499999999,4.276574500000001,1.000672229811152,-0.0956269468719455,742.604910378069,750.0,72.69502979239917,0.09789193254241918,0.0,0.0,-9.728448049003788,92.64270144216559,12.47765878144299,9.613995,11.588131544157324,0.928710405303871,17.5493925,7.614994999999999,2.0732746744477746,9.29403437344684,6639.0,9.733625950283917,294,baseline,0
1352.1383376473973,750.0,3346.405881234574,2.4748990455052313,0.0,0.0,16.42197315855458,383.83751498594677,2.299827437446074,1.0,6.743075142718331,2.9319917803078392,0.0,0.0,9.018946224891376,105.71850817562178,8.84901822166569,5.999,7.77145813838001,0.8782282897047933,9.736308625,3.9999999999999996,1.09053047253452,0.12317566906364208,742.9398907103825,750.0,71.0461382759294,0.0956283801210306,0.0,0.0,-9.96366303079694,97.27458099126969,12.271664432413,8.2779205,11.578476325915648,0.9435131142710811,16.778897750000002,5.941582500000001,2.155874807951654,9.648285037940935,6954.0,9.812065562550789,295,baseline,0
1385.5426508199187,750.0,3460.4767761433604,2.497560630194649,734.0,0.0,16.034946466695484,368.48599861386225,2.3773130735670227,1.0,7.003209077773973,2.94585057207718,1.0,0.0,8.78812905448764,100.41927892319109,9.19324194802101,6.764126,7.738635701433472,0.8417743974528306,9.740246249999998,3.886963,1.0783254942701035,0.09489715381912278,742.613810741688,750.0,72.6517229853613,0.09783244256230592,0.0,0.0,-9.734492072897927,92.76033591731262,12.836767359861593,8.999,11.674861863531122,0.9094861296650468,16.542356,6.0,2.189785736730398,9.87008117566889,6647.0,9.709095074413886,296,baseline,0
1399.3897583953806,750.0,3554.5485701632,2.5400704477350518,750.0,0.0,16.01473005446773,371.3895135171322,2.411183710682267,1.0,7.181830313740042,2.97854961524598,1.0,0.0,8.765958748650522,100.89220392946226,9.40023577697171,6.504014,7.701280431902498,0.8192646029973802,9.3270605,3.564726333333333,1.0846520303507194,0.1266129948004,742.539735602492,750.0,73.01133713417414,0.09832650514646628,0.0,0.0,-9.684516117073331,91.78985242185308,13.108071837410728,9.391354,11.728201666835604,0.8947312627142503,15.427851,6.06793,2.2593556653885543,10.280694583946648,6581.0,9.682408120856238,297,baseline,0
1412.1412628038527,750.0,3617.089848263831,2.5614221066538208,750.0,0.0,16.00612956959178,371.786504267528,2.4416755847729705,1.0,7.325725825127693,3.0002863078179347,1.0,0.0,8.740628813646513,100.33048971564192,9.897264445497257,6.999,7.79864448942052,0.7879595955394018,9.260185,3.6335195,1.0763333303143836,0.1465589392385791,742.4941140498395,750.0,73.23190105493019,0.09862960482675899,0.0,0.0,-9.654101804203838,91.20168164593188,13.739332485094025,9.720079,11.82749633590449,0.8608494152635355,15.487352999999999,5.721079,2.255576004481998,10.206857257811025,6541.0,9.653530320052935,298,baseline,0
1418.2197097020626,750.0,3657.278164705927,2.578781087081523,750.0,0.0,16.08005056505821,376.4470621798096,2.4595874713521773,1.0,7.43718858229254,3.0237544583864255,1.0,0.0,8.747702304184509,100.50918273197635,9.75177723304555,6.999,7.741097616174535,0.7938140331941252,8.796410999999999,3.9999999999999996,1.063983082966976,0.22649004107825865,742.4987012987013,750.0,73.20975467881009,0.09859916865949962,0.0,0.0,-9.657147544055858,91.26049868766408,13.575448969289532,9.763059,11.866349031713318,0.8741036159140997,14.31654,5.764059,2.2546081473888084,9.920681115253037,6545.0,9.638036453509386,299,baseline,0
