CB_mean,CB_median,CB_std,CB_CV,CB_IQR,CB_MAD,CB_skew,CB_kurt,CP_mean,CP_median,CP_std,CP_CV,CP_IQR,CP_MAD,CP_skew,CP_kurt,APIT_mean,APIT_median,APIT_std,APIT_CV,APIT_IQR,APIT_MAD,APIT_skew,APIT_kurt,APS_mean,APS_median,APS_std,APS_CV,APS_IQR,APS_MAD,APS_skew,APS_kurt,Time_mean,Time_median,Time_std,Time_CV,Time_IQR,Time_MAD,Time_skew,Time_kurt,TNFE,PSE,t,source,label
1217.0536912751677,750.0,1129.9235246749627,0.9284089377281997,750.0,722.0,1.196100677064965,1.0623553411903917,1.8456375838926173,1.0,1.317027526758062,0.71358945995255,1.0,0.0,1.6517538959968476,2.1977082814279623,0.5744093381991051,0.559962,0.3076097231945603,0.5355235417289383,0.577114125,0.2859610833333333,0.08189547857190341,-1.4302925704089138,585.248322147651,750.0,302.99768324895126,0.517724992592988,0.0,0.0,-1.2953783675395827,-0.32199488491048545,0.7537837617449664,0.7724975000000001,0.1886255928963608,0.2502383342136521,0.31258675,0.17041800000000007,-0.36297464459647505,-0.6725473715399519,298.0,3.5507115414596,2,attack,0
1521.6791208791208,750.0,1369.640855429176,0.9000851997219312,1500.0,694.0,1.4860263090904486,2.2735264296661306,2.320879120879121,2.0,1.6395869543859618,0.7064508184144058,2.0,1.0,1.7699229580779114,3.3676508407229413,0.7829637881493109,0.6686,0.5290766289158806,0.6757357580565219,0.6559545,0.330975,0.5941187988683737,-0.8396886312103691,642.0967032967033,750.0,257.41611989217097,0.40089930157019177,0.0,0.0,-1.9664402012020288,1.8668870649034792,1.3291646175824177,1.570754,0.6165305439870128,0.4638481462953805,1.166165,0.32501099999999994,-0.5803714201966642,-1.3113282592098492,455.0,4.166178036674282,3,attack,0
1559.9149606299213,750.0,1363.5559991606674,0.8741220089395382,1500.0,666.0,1.7953714939798493,4.032305227209442,2.393700787401575,2.0,1.7048216953200783,0.7122116950843748,2.0,1.0,1.8190569807944799,4.415174309267018,1.0125629399387008,0.8479736666666667,0.7681169349808612,0.7585868538970644,0.9486779999999999,0.4703844666666668,1.0566399299779852,0.1256617205535,672.6834645669292,750.0,223.25924825481218,0.33189346849568474,0.0,0.0,-2.54129194453932,4.458164747380437,1.8109958850393701,1.843502,0.9805365610390826,0.5414350022213144,1.9171845,0.9527,-0.2653201787817346,-1.4911669722205132,635.0,4.503079857896653,4,attack,0
1597.8699186991869,750.0,1445.082154392391,0.9043803487888556,1500.0,638.0,2.189471686037614,6.936188398893879,2.4905149051490514,2.0,1.8936613724236107,0.7603493432255847,3.0,1.0,1.9620184645329801,6.040764991279632,1.3803146554598444,0.99985625,1.014018982166829,0.7346288602789732,1.130155125,0.4437829285714286,1.1058350060495539,0.2601244460853085,683.4742547425474,750.0,208.82028946877094,0.3055276596298859,0.0,0.0,-2.8203605644995124,5.95443371378402,2.4877309295392953,2.485913,1.2160916581531076,0.4888356870565244,2.288915,1.1167715,-0.295887942844925,-1.2518067512958144,738.0,4.654874687914619,5,attack,0
1708.2741738066095,750.0,1659.9157440478427,0.9716916461653179,1500.0,610.0,2.6232556174922403,9.928462326906024,2.6842105263157894,2.0,2.247404681828327,0.8372684108772199,3.0,1.0,2.2190129070290165,7.641850745936354,1.7606947301003357,1.2913810000000001,1.2718509999945267,0.7223574752916131,1.537864,0.6364670000000001,1.0465845614904472,0.13264165702217845,689.9069767441861,750.0,199.4391921029412,0.2890812802678646,0.0,0.0,-3.0175310436363154,7.105493599308879,3.2054201750305995,3.364038,1.4436969063495744,0.4503924064606577,2.3060080000000003,1.2076859999999998,-0.37668046926941845,-1.0668689022633369,817.0,4.815068744343725,6,attack,0
1815.3226544622426,750.0,1854.7676530832227,1.0217289188365608,1500.0,582.0,2.9774033553023767,13.382656278361704,2.876430205949657,2.0,2.5731082589750627,0.8945491719746239,3.0,1.0,2.419715931280387,9.539782600335094,2.164039281012542,1.6756975,1.5582601334621544,0.7200701702295594,1.9313179166666665,0.8763652857142858,0.9472609536184319,-0.15885642004135114,693.8260869565217,750.0,193.3961134841521,0.27873860196362316,0.0,0.0,-3.1523496668561655,7.937308422128163,3.975555897025172,4.309029499999999,1.6450316092927768,0.41378656266000957,2.85316325,1.3561765000000006,-0.45861897538771085,-0.9229308284271482,874.0,4.80643739956541,7,attack,0
1871.6185671039354,1500.0,2004.4377053050066,1.070964853916036,1500.0,750.0,3.3890643316112814,17.833881738134842,2.9646821392532794,2.0,2.8436847152438096,0.9591870499682149,3.0,1.0,2.6825729875076676,11.989824388453371,2.3703103940972223,1.70273225,1.8618851967541235,0.7855026925548533,2.367208202380952,1.01812125,0.9498865077754959,-0.12676168658406484,700.4581231079718,750.0,182.52352601804384,0.2605773564423477,0.0,0.0,-3.412799762340574,9.647202217831875,4.445217428859738,4.5784,2.1193596839754028,0.476773007820913,3.7079545000000005,1.9229260000000004,-0.5525685746192428,-0.8613356266638723,991.0,4.97008316025498,8,attack,0
1925.3384030418251,1500.0,2132.3261712722347,1.1075072142660176,1500.0,750.0,3.6429579873330273,20.554877984050105,3.0722433460076046,2.0,3.0899858961039164,1.0057751122219432,3.0,1.0,2.7925881932968584,12.824400081982018,2.758865539007017,1.948289,2.124064461724722,0.7699050322290172,2.8482848125,1.1171342499999999,0.9590616329293635,-0.15795185305449655,703.3307984790874,750.0,177.53069911285576,0.25241422598975577,0.0,0.0,-3.5411430254016865,10.539693926351022,5.161009239543726,5.4617945,2.3549882934925375,0.4563038320971378,3.950561,2.0761890000000003,-0.5411377059272054,-0.927810158339319,1052.0,5.051854801828804,9,attack,0
1963.1820580474935,750.0,2276.191833385178,1.1594400142638794,1500.0,498.0,3.782616386006542,21.88928124681528,3.143359718557608,2.0,3.3515289263453156,1.0662250669430957,3.0,1.0,2.8449543972808016,12.954161486464582,3.027669999028158,2.287835333333333,2.4334441070696795,0.8037349208634966,3.2669740000000003,1.3299131666666666,0.9238048400802101,-0.1803761971944291,706.8197009674582,750.0,171.20641832873977,0.2422207786432683,0.0,0.0,-3.712707783620598,11.78419908655697,5.714297755496922,6.392249,2.7584482321077526,0.482727423409856,4.838896999999999,2.159979,-0.5880295654693333,-0.8461367640620194,1137.0,5.45375478364967,10,attack,1
1372.989396411093,750.0,1835.0892635258353,1.3365647748792833,0.0,0.0,5.737742295696831,48.217124457994984,2.1015497553017943,1.0,2.7951917839143157,1.3300621490700373,1.0,0.0,4.354926071261405,28.046396067849432,1.924071701184241,0.85,2.3896224792954968,1.241961241789854,2.003051520833333,0.55,1.8111977106355166,2.417442554404941,729.9771615008157,750.0,118.55621170924226,0.1624108505881109,0.0,0.0,-5.7521602045965885,31.087347019344662,3.380858234910278,0.9,3.6296484745019444,1.0735878946424589,6.89330725,0.75,0.701940968877632,-1.1970465295410846,2452.0,9.152449110626112,11,attack,1
1193.016187989556,750.0,1640.2587471006818,1.3748838981512974,0.0,0.0,7.376998043277656,77.9884033065343,1.7814621409921672,1.0,2.5257981605392397,1.4178230917287538,0.0,0.0,5.605819165800769,45.27661321771816,1.9240664228188158,1.2656320714285714,2.206469810513356,1.146774240403203,1.2,0.5879410714285713,2.361614686847392,5.295051447254712,737.1812010443864,750.0,95.34595554761911,0.12933856073993705,0.0,0.0,-7.30353372714362,51.34160490352442,2.9971526451697126,1.4,3.4452577576365173,1.1495102737556535,3.5989255,0.7499999999999999,1.2866033510724442,0.07176678907418577,3830.0,10.397865994891093,12,attack,1
1119.8248565965582,750.0,1564.6706136346475,1.3972458321653016,0.0,0.0,8.378120067700525,98.5299442445461,1.6455066921606119,1.0,2.413742102688631,1.46686860295858,0.0,0.0,6.432538081249852,58.05598074518872,2.163999079739768,1.7,2.1546551990459575,0.9956821235363306,1.6807654999999997,0.8499999999999999,2.496113911738195,6.8890967879381275,740.612619502868,750.0,81.78976590216726,0.11043528526028651,0.0,0.0,-8.597961263844406,71.92493789456888,3.0663100196940727,1.9,3.3292217937152757,1.085742071849419,1.9000000000000001,0.95,1.5939062170149656,1.218277355932286,5230.0,10.834291319753046,13,attack,1
1069.1100318713006,750.0,1519.3092361498927,1.4210971657338138,0.0,0.0,9.341950965856114,120.00833261540124,1.5565336166337835,1.0,2.351886292869735,1.5109768704873912,0.0,0.0,7.188054767095124,70.85605590881664,2.5291845425177573,2.15,2.1956914831759327,0.86814206170585,2.1862591250000003,1.1,2.3141589848819097,6.86164413154164,742.5487934436181,750.0,72.96746298564742,0.09826621984968298,0.0,0.0,-9.690587529764075,91.90748667201889,3.3373224027925326,2.45,3.295342899707445,0.9874212023836952,2.35,1.1500000000000001,1.719687477720761,1.9972286532630568,6589.0,11.133697608714138,14,attack,1
1031.2678503966754,750.0,1435.5837681869893,1.3920571339781362,0.0,0.0,10.209926757521202,145.67690282179007,1.4921294547286237,1.0,2.25345187341338,1.5102254474449868,0.0,0.0,7.793015062183769,83.52638196521939,2.929506790125792,2.6,2.2949246932202843,0.7833826161303218,2.7,1.35,1.990947246029246,5.966701267191757,743.817403349704,750.0,66.52526046678369,0.08943762295315238,0.0,0.0,-10.667148113666254,111.78804887889353,3.688408121017504,2.9,3.3281051951211156,0.902314788907635,2.8499999999999996,1.4330859999999999,1.7175673764436528,2.3981444823965807,7941.0,11.284454989984853,15,attack,1
1008.4387096774194,750.0,1394.2721587606595,1.3826047586041803,0.0,0.0,11.001142002601808,168.72904092222663,1.4517204301075268,1.0,2.207205270163238,1.5204065634040527,0.0,0.0,8.368956183158843,95.39090940868213,3.347077420028458,3.1,2.428949849509946,0.7256927595924251,3.1500000000000004,1.6,1.6268842501202245,4.720034883658352,744.7208602150538,750.0,61.51154044455546,0.08259677381239557,0.0,0.0,-11.565987703907012,131.77207156692822,4.079156190645161,3.45,3.4115093107708847,0.8363272086993361,3.3499999999999996,1.7000000000000002,1.6326585110323748,2.483740328465479,9300.0,11.40652298741394,16,attack,1
997.0110777318813,750.0,1395.43181136528,1.3996151522606683,0.0,0.0,11.618722225998646,186.71775240629975,1.4291212917761922,1.0,2.211444954892105,1.5474158614931817,0.0,0.0,8.87107065607375,106.10161019800667,3.7847983142081794,3.55,2.613084755685899,0.6904158527751258,3.7,1.8499999999999999,1.296260944616632,3.3862823259105825,745.3909125046939,750.0,57.50232590140662,0.07714385155057081,0.0,0.0,-12.395704240407976,151.65348361566845,4.500697588058581,3.95,3.5317213566659045,0.7847053234672775,3.8499999999999996,1.9500000000000002,1.504640441472,2.352590481721238,10652.0,11.49165670339816,17,attack,1
985.7454993834772,750.0,1390.20307044359,1.4103062822128793,0.0,0.0,12.327845377409384,208.8304044500667,1.4071516646115907,1.0,2.2062642536328463,1.5678937168736753,0.0,0.0,9.431215859415582,118.97589949587933,4.189363529269346,3.95,2.8407495365315136,0.6780861858094611,4.25,2.1,1.028611167323713,2.2775265343841955,745.9641594739005,750.0,53.82925646051325,0.07216064709928816,0.0,0.0,-13.262830770688927,173.90268005193315,4.8819179579120435,4.4,3.6914633052779204,0.7561502133183592,4.449999999999999,2.25,1.3540428995181637,2.0832412346648272,12165.0,11.538100641160543,18,attack,1
978.1467079098542,750.0,1386.636575059102,1.4176161549652673,0.0,0.0,13.058948287980801,236.99787411398412,1.3922521726321992,1.0,2.207408369729038,1.5854946489727506,0.0,0.0,9.974424382231472,134.15145173450435,4.6345653870384425,4.4,3.068415182607702,0.6620718290412266,4.75,2.3500000000000005,0.8341456512997388,1.4616191192397885,746.3841508322286,750.0,50.966349034700094,0.06828433987762457,0.0,0.0,-14.024318304177758,194.68150389689535,5.323056821254971,4.85,3.8608137955366755,0.7253001283248457,4.9810155,2.4999999999999996,1.2153403302790753,1.7796646920832666,13578.0,11.570264969873657,19,attack,1
972.4346444179579,750.0,1356.4818241121914,1.3949336666466685,0.0,0.0,13.648366270815727,262.9859907749363,1.380148324725202,1.0,2.1776876341309714,1.5778649259053845,0.0,0.0,10.404504009216357,146.67167720974098,5.0587013801815734,4.8,3.3244558889684783,0.6571757530485329,5.25,2.6000000000000005,0.6869044039116798,0.84044173088571,746.7490398622699,750.0,48.33864372967061,0.06473211366778077,0.0,0.0,-14.801782270224567,217.092758375134,5.737240828300887,5.35,4.057949957592633,0.7072999162899731,5.450000000000001,2.7499999999999996,1.0797026072452875,1.4475715433272187,15102.0,11.59408054731407,20,attack,1
964.6867030965392,750.0,1355.74593007722,1.405374331091559,0.0,0.0,14.22526938393378,285.2170221399924,1.366909532483303,1.0,2.185309533972615,1.598722872319503,0.0,0.0,10.83288593040048,158.1873952325711,5.540763902515528,5.3,3.568745725128613,0.6440891162152549,5.800000000000001,2.8999999999999995,0.5846162593152024,0.42708706295540866,747.0190649666059,750.0,46.296318648864386,0.06197474846366066,0.0,0.0,-15.466416139132393,237.21002818881468,6.2211713584092285,5.8,4.248037614052749,0.6828356541426284,5.9,2.95,0.9677640662594218,1.1619899171333588,16470.0,11.623366369311517,21,attack,1
958.1763816563077,750.0,1366.641494848166,1.426294282568084,0.0,0.0,14.789234813087567,307.51293829008256,1.355675009798981,1.0,2.205785148229512,1.6270751708822788,0.0,0.0,11.265301800458166,170.48980403683805,6.013350031145247,5.75,3.824730066598741,0.6360398192004663,6.25,3.1,0.5004135040373701,0.10810806423108277,747.2509099053699,750.0,44.466679120152214,0.05950702572685174,0.0,0.0,-16.11322981585154,257.63617509844704,6.6997962623327165,6.3,4.457776364181916,0.6653599885184895,6.4,3.2,0.8589252948041639,0.8868845631661055,17859.0,11.647451041175596,22,attack,1
953.012599160056,750.0,1358.608789419815,1.4255937336161493,0.0,0.0,15.475775539882306,341.0137922196471,1.3464509773422513,1.0,2.205083924546763,1.6377008607467909,0.0,0.0,11.739908163682832,186.49768989119897,6.4750941307860845,6.2,4.090396561463214,0.6317122931101906,6.755563999999999,3.3500000000000005,0.4354887157542241,-0.13700576613251547,747.4544511847358,750.0,42.794934581674916,0.057254237383754646,0.0,0.0,-16.75219063604918,278.63589110653396,7.168876526416758,6.75,4.683096894283008,0.6532539480943989,6.866731499999999,3.4499999999999993,0.760535072090355,0.6331066227460398,19287.0,11.664174868093824,23,attack,1
944.9539174958941,750.0,1345.0253223161235,1.4233766297095305,0.0,0.0,16.157323817830196,373.947378031428,1.3337358709303448,1.0,2.199204356214608,1.6489054573305861,0.0,0.0,12.193979782346096,201.22093350443095,6.949599032258419,6.7,4.358027257355875,0.6270904604894366,7.249999999999999,3.6000000000000005,0.3821711421024166,-0.32676757220192254,747.6284416964545,750.0,41.311509369336434,0.05525673859543905,0.0,0.0,-17.362156317757165,299.44447200223516,7.646545270312046,7.25,4.914915417075309,0.6427628743868978,7.3500000000000005,3.6999999999999993,0.675035392308767,0.41165708598896167,20702.0,11.692645158265494,24,attack,1
938.8698251653229,750.0,1331.2858124002842,1.4179663428482876,0.0,0.0,16.793412506829483,410.1514578317781,1.3240329740012682,1.0,2.1942106924203753,1.657217558403703,0.0,0.0,12.6115208328986,216.667848956085,7.435656522742946,7.2,4.624566722814325,0.6219446404859438,7.749999999999999,3.8500000000000005,0.3389926467466151,-0.4709622546258059,747.776247848537,750.0,40.007549034215366,0.05350203239180572,0.0,0.0,-17.935427513527667,319.67956009300553,8.139910107029621,7.75,5.1495246232369745,0.6326267189105501,7.8500000000000005,3.9499999999999993,0.6003794976741079,0.2226246834086978,22078.0,11.710188385505317,25,attack,1
933.6693033937229,750.0,1314.0413566937066,1.4073948366058502,0.0,0.0,17.432762482249792,446.46769161502385,1.3155141617759634,1.0,2.1848158065628698,1.6608075154533772,0.0,0.0,13.028183896064485,231.5558154134409,7.898572779172383,7.65,4.9016610723074185,0.620575540587855,8.20698,4.1000000000000005,0.30436611260268337,-0.5872724497351443,747.9120523943183,750.0,38.770332034922404,0.05183808966683385,0.0,0.0,-18.514778365634214,340.7970179285568,8.61353221638173,8.3,5.400256129721472,0.626950244575732,8.350000000000001,4.199999999999999,0.533050709712517,0.051319616334330576,23514.0,11.726586873279283,26,attack,1
927.2352278216068,750.0,1309.6056426244174,1.4123769280219538,0.0,0.0,18.269389898094847,490.78098244177926,1.3058283690227017,1.0,2.191231152668433,1.6780391701157311,0.0,0.0,13.542612451973694,249.97294152932216,8.4018860789282,8.15,5.164687080064922,0.6147056781712236,8.7,4.35,0.27616156089202193,-0.6753627480651683,748.023828691032,750.0,37.7212199170769,0.050427831935628734,0.0,0.0,-19.035642509986644,360.35568576801086,9.12686960553856,8.830946,5.638546190313796,0.6177962909530441,8.816443750000001,4.408843000000001,0.4777759057430887,-0.08609601095132069,24844.0,11.743850159442177,27,attack,1
921.108124618204,750.0,1293.1869709212597,1.4039469812051446,0.0,0.0,19.12221253125124,544.1163144165179,1.2966172877214417,1.0,2.18484342389703,1.6850333900271195,0.0,0.0,14.041236012867952,269.9774842353591,8.898608481206024,8.65,5.436244211398335,0.6109094722933088,9.149999999999999,4.550000000000001,0.2502928220231583,-0.7489059191900473,748.1255345143555,750.0,36.74031110073017,0.04910982102031858,0.0,0.0,-19.549400849097232,380.1790735586838,9.632523681314906,9.35,5.88770004584658,0.6112313076652481,9.3,4.6499999999999995,0.4264828704025411,-0.20769242617943595,26192.0,11.758076214037143,28,attack,1
918.000217155266,750.0,1279.7594375034198,1.394073131561109,0.0,0.0,19.8384789170867,594.1861296388025,1.291313789359392,1.0,2.180393461368567,1.688507843202262,0.0,0.0,14.480359933632657,288.76604512973097,9.360654086093,9.1,5.725263662828903,0.6116307268885036,9.65,4.8156022499999995,0.22911773671172583,-0.8121695511903861,748.2230908432863,750.0,35.77388719437812,0.0478117925417927,0.0,0.0,-20.082977781611508,401.32599657670164,10.10606710868621,9.85,6.157354777045395,0.6092730941548093,9.8,4.8999999999999995,0.379320698039172,-0.32053354886141205,27630.0,11.767707567125573,29,attack,1
916.2779936053907,750.0,1291.0424479484157,1.4090073721714014,0.0,0.0,20.19964534858205,614.568848777061,1.2879293155017706,1.0,2.201581768856523,1.7093964259978025,0.0,0.0,14.781876011986832,299.618474906083,9.82340686811215,9.55,6.015426012187205,0.6123563945736519,10.200000000000001,5.097769333333334,0.21169150446683913,-0.8658968087150121,748.312098188194,750.0,34.868554538403316,0.04659627262852856,0.0,0.0,-20.609520695356427,422.7523432923254,10.57604232818785,10.35,6.430013850550676,0.6079792091426345,10.254778,5.1499999999999995,0.34057746729281496,-0.41947782138414036,29087.0,11.782116646532634,30,attack,1
898.7457398049124,750.0,1234.1163664293701,1.373154065461557,0.0,0.0,21.53666751900608,700.4388494817912,1.2568750734516394,1.0,2.1072234810154,1.676557619388956,0.0,0.0,15.844419957997172,343.4555988307831,9.326314905868378,8.763382499999999,6.600039436398301,0.7076792391221287,11.718945500000002,5.855304874999998,0.3073739939639326,-0.9894077601468032,748.5582116089605,750.0,32.224437125399454,0.043048672268434326,0.0,0.0,-22.305909573230768,495.56071789199797,10.018398339904806,9.6,7.042942020420096,0.7030007972798392,12.1,6.05,0.38322051507476645,-0.6436426454894604,34036.0,12.173384875728548,31,attack,1
896.292730353621,750.0,1247.2269553592093,1.3915397426766272,0.0,0.0,22.022898655062086,728.1580993273052,1.2522570071390873,1.0,2.1259950217682553,1.6977305853734566,0.0,0.0,16.24528041806667,359.59476216726324,9.668905276820807,9.0,6.788947684881758,0.702142330544581,12.350000000000001,6.15,0.3127279441803661,-1.098039056587017,748.6368110919748,750.0,31.33569422686295,0.04185700430781136,0.0,0.0,-22.94386605401491,524.4280654346419,10.33718591499764,9.812349,7.194251246484078,0.6959583880605595,12.749999999999998,6.4046259999999995,0.3723491931948952,-0.7704341695500592,35999.0,12.213955031108055,32,attack,1
892.7194406493611,750.0,1245.086752203337,1.3947122640206706,0.0,0.0,22.538357034311108,769.4522173864523,1.247234053952691,1.0,2.136300122426668,1.712830174622301,0.0,0.0,16.569634776986703,374.7454911238052,10.191049731715884,9.45,6.986218964695723,0.6855249604909388,12.850000000000001,6.4,0.30781532825243624,-1.131025173363911,748.6853620184811,750.0,30.77385259757127,0.041103852377457895,0.0,0.0,-23.366197991131674,543.9861199668095,10.848437128747086,10.35,7.3443275672197785,0.6769940665239393,13.215942000000002,6.627858999999999,0.35105944134952,-0.8412226162223901,37329.0,12.21452048622349,33,attack,1
890.4960773107497,750.0,1257.887065958119,1.4125689017708762,0.0,0.0,23.02903368676948,802.856022470573,1.2442718345716215,1.0,2.1637761815244683,1.7389899227843681,0.0,0.0,16.883306060424797,388.50789132096526,10.73876249751429,9.95,7.177924380392595,0.6684126203605001,12.851,5.999999999999999,0.2887294268793165,-1.1642927802232694,748.7251321061495,750.0,30.305820446324073,0.040476563623655024,0.0,0.0,-23.729957941457233,561.1176290223867,11.398687822465838,10.85,7.508120345566923,0.6586828644231365,13.551,6.799999999999999,0.32528452778648215,-0.8886360690372426,38494.0,12.2114886237793,34,attack,1
888.9069979254161,750.0,1272.7924627940135,1.4318623497897216,0.0,0.0,23.128968875137325,808.4212997243292,1.2423468096948844,1.0,2.194667468322248,1.7665497679035775,0.0,0.0,17.003934026860133,391.9480944214709,11.287683333992357,10.5,7.395203403146282,0.655156880675059,12.799999999999999,6.35,0.26223171874811113,-1.1899593555753492,748.7584027873154,750.0,29.908620480095596,0.03994428692720946,0.0,0.0,-24.047592198011323,576.2932171943871,11.954233790214037,11.45,7.698791117035111,0.6440221307481445,13.351000000000003,6.451,0.29075724463111413,-0.9320283523136368,39526.0,12.200401287234998,35,attack,1
888.2483163952492,750.0,1280.3145754363393,1.441392628394952,0.0,0.0,23.569289830398407,848.5060449211819,1.241263621892984,1.0,2.2146427162522637,1.7841840179565014,0.0,0.0,17.300983811296,408.00193347475425,11.784001224561447,10.95,7.6477031574810885,0.6489903566490596,13.351000000000003,6.498678833333332,0.2469208771332377,-1.1966761373564345,748.7981891895569,750.0,29.42648985925796,0.03929829196182617,0.0,0.0,-24.44455295868611,595.5425520493202,12.45915715827109,11.9,7.933314713684322,0.6367456973939638,13.55,6.789892,0.26729045926595113,-0.9605182448929339,40835.0,12.194431763565559,36,attack,1
887.7408408911436,750.0,1288.639611442204,1.4515943753907106,0.0,0.0,23.871696828750405,874.7426539491208,1.2408767857570173,1.0,2.239181794564553,1.8045158232197112,0.0,0.0,17.500285132150008,417.3169669791651,12.35682391217371,11.55,7.90923687257884,0.6400703715448117,13.7,6.700000000000001,0.2201539906777018,-1.1976287569465118,748.8256123265336,750.0,29.08952879332079,0.0388468667664054,0.0,0.0,-24.729838946113162,609.5711264974624,13.04302802347508,12.525636,8.17037824197539,0.6264172880154972,13.801000000000002,6.875636,0.23260852453124078,-0.980947158724796,41789.0,12.160885575537096,37,attack,1
883.42163922396,750.0,1279.203306096868,1.4480099301400196,0.0,0.0,24.537113043921913,927.5900406366645,1.2342567536577536,1.0,2.23622215381178,1.8117965708388264,0.0,0.0,17.92748765396001,437.25777405904955,12.680102358817203,11.8,8.223767783310633,0.6485568925705221,14.350000000000001,7.000000000000001,0.21800665240343842,-1.2041492360414467,748.874535614365,750.0,28.478277779511682,0.03802810273973136,0.0,0.0,-25.264307973999678,636.2913909908691,13.346359676374814,12.75,8.461720303947908,0.6340096107949573,14.45,7.199999999999999,0.2194593993266118,-1.0154281646840635,43606.0,12.195431755542733,38,attack,1
884.3423500529291,750.0,1298.9279474473271,1.4688066757965221,0.0,0.0,24.668446478460126,937.0385952854368,1.235973783193315,1.0,2.2737132409173975,1.8396128395563003,0.0,0.0,18.046348109975977,442.00712138432306,13.292322838576165,12.5,8.47403678640635,0.6375136151383203,14.750000000000002,7.35,0.19578428617905852,-1.2063362594916174,748.894626293847,750.0,28.223476671300613,0.03768684629368197,0.0,0.0,-25.4940457458146,647.9523050058069,13.969802352733169,13.485115,8.687592420496212,0.6218837032290939,14.850000000000001,7.435115000000001,0.19067196471097025,-1.0343498877723885,44399.0,12.155854741039514,39,attack,1
880.3493913493913,750.0,1291.713604247413,1.467273808490384,0.0,0.0,25.280458647640753,988.436109415814,1.229711646378313,1.0,2.271796394195086,1.847422036609859,0.0,0.0,18.459334915960834,462.230518271848,13.60806850136632,12.75,8.834284437203602,0.6491945889540895,15.5,7.7,0.19922507045440713,-1.2127796523842644,748.9407331865665,750.0,27.629591900502465,0.03689155987409719,0.0,0.0,-26.04558764284933,676.3785314302396,14.282255290317707,13.75,9.0434102054993,0.6331920289668853,15.649999999999999,7.751,0.18524826860854887,-1.0661392189735857,46332.0,12.199091889259256,40,attack,1
879.898974986291,750.0,1296.2310279428232,1.473158924822044,0.0,0.0,25.63449836746872,1023.2620478319739,1.2292360906061501,1.0,2.2905510373564972,1.863393903629205,0.0,0.0,18.68881956138072,474.2460333196552,14.142575399167026,13.25,9.096811471836782,0.6432217057419802,16.001,7.949999999999999,0.1910667551404476,-1.2142397399449614,748.9648966498523,750.0,27.3132123047685,0.03646794719878262,0.0,0.0,-26.349267551912675,692.2896497481164,14.821072627641627,14.3,9.283468110243172,0.6263695174753614,16.1,8.05,0.17167679254800722,-1.0807170900901235,47414.0,12.179345108564174,41,attack,1
878.3742622714841,750.0,1304.2210898559824,1.4848125063264654,0.0,0.0,26.14219455958651,1068.0015751540288,1.2271689732464168,1.0,2.3113182812185973,1.8834556052245317,0.0,0.0,18.99846506600953,490.75883302768807,14.652502279934371,13.75,9.370897779563876,0.6395424890939412,16.55,8.2,0.18466871887143474,-1.2147864940120625,748.9907501794443,750.0,26.970551222901193,0.03600919132371067,0.0,0.0,-26.686159635138445,710.156741184546,15.335496222521543,14.8,9.546649949863852,0.6225197940346883,16.524527,8.3,0.16325031530811945,-1.089472332881334,48629.0,12.17106300968348,42,attack,1
878.237098295831,750.0,1325.7420736151983,1.5095491595466932,0.0,0.0,26.425406515907333,1087.0251584444434,1.2269816736586443,1.0,2.34572474978282,1.9117846665046592,0.0,0.0,19.21978085169596,501.48644871377513,15.153344219596503,14.3,9.654544698040564,0.6371230375374949,17.036295333333335,8.350000000000001,0.17851261117998907,-1.2143563865065914,749.0148495693948,750.0,26.64714637634545,0.03557625912445497,0.0,0.0,-27.012047231920217,727.6561991129485,15.837422035809633,15.3,9.80878067568901,0.6193420023480211,17.15,8.5,0.15286007270967628,-1.0987890820088067,49819.0,12.160694230451378,43,attack,1
878.8985065885798,750.0,1341.045590663816,1.5258253149946144,0.0,0.0,26.807605332797344,1121.9922788578165,1.2276232308443142,1.0,2.3715406878917586,1.9318147688201532,0.0,0.0,19.49691203819034,517.4239901519148,15.599283378918516,14.716703,9.961200807058958,0.6385678473230967,17.514338000000002,8.683296999999998,0.17489954527870102,-1.2147421020551348,749.0418820710768,750.0,26.27959532051073,0.03508428026460749,0.0,0.0,-27.392094277849598,748.3322386034241,16.289118975734507,15.75,10.110804769071953,0.6207091239332075,17.65,8.751000000000001,0.14704905428617476,-1.1081909176123574,51225.0,12.159440129844606,44,attack,1
876.4363347277167,750.0,1344.5918197767398,1.534158006119709,0.0,0.0,27.153003729993685,1154.9518668359785,1.2239026329238516,1.0,2.3835942135477657,1.9475358165162697,0.0,0.0,19.76490299390723,531.4863409766182,15.99170748010651,15.15,10.283293742546537,0.6430391348352782,18.143459,9.0,0.17772470493302847,-1.217556618368345,749.0710008223286,750.0,25.87778917368006,0.034546510471332455,0.0,0.0,-27.81985276145527,771.9495465870551,16.67426688605175,16.15,10.41994193374964,0.6249115481332533,18.150000000000002,9.100000000000001,0.1462072951728916,-1.1237875990137618,52831.0,12.176740392996615,45,attack,1
875.146219292107,750.0,1350.0633423988552,1.5426717417472267,0.0,0.0,27.475232365568377,1187.2891376320388,1.2219071120769032,1.0,2.3988353162231815,1.9631895849642995,0.0,0.0,20.011583123136823,544.9561536148314,16.4432146234846,15.65,10.577246442235701,0.6432590393321888,18.601000000000003,9.2,0.18002427557128114,-1.2200665894385807,749.0961602823501,750.0,25.525500917136142,0.03407506575326063,0.0,0.0,-28.205961452817366,793.5815176575652,17.123423058340393,16.6,10.69494891831924,0.6245800785205734,18.8,9.399999999999999,0.14456087028423778,-1.13766124491181,54302.0,12.186198507067415,46,attack,1
872.8632707774799,750.0,1353.5597336143878,1.5507122122445824,0.0,0.0,28.018268738210455,1233.8813266608697,1.218795544919661,1.0,2.4139487881290744,1.9806019132505066,0.0,0.0,20.33156312814139,561.3344864102161,16.946530838997848,16.1,10.848753836178668,0.6401754990002556,19.150000000000002,9.5,0.1806249951372735,-1.2217117308319192,749.1168893913333,750.0,25.231540925913894,0.03368171413998532,0.0,0.0,-28.53639640756807,812.33107741134,17.62418147415298,17.15,10.95316301023579,0.6214849198131173,19.051000000000002,9.5,0.1446506649443369,-1.1437211461602952,55577.0,12.18148658079293,47,attack,1
870.7338305372991,750.0,1370.7094803067184,1.574200326477383,0.0,0.0,28.43625676992513,1264.7079243370956,1.2162837251324203,1.0,2.4463938386663897,2.0113677328043207,0.0,0.0,20.572413768241322,573.2452021169757,17.493326190323362,16.69917,11.106539955520025,0.6349015524368223,19.55,9.70017,0.1764544141066809,-1.2169875260514444,749.1305256367103,750.0,25.03629615530678,0.03342047253251043,0.0,0.0,-28.760198522101057,825.1540456070816,18.161730440432958,17.65,11.19898859343522,0.6166256365364404,19.5,9.75,0.14410109193094833,-1.1391409429342616,56449.0,12.168148316537433,48,attack,1
869.1490988341924,750.0,1378.1907032665374,1.5856781133583788,0.0,0.0,28.89132665893185,1303.6777198596676,1.2140139066662055,1.0,2.4643478042268128,2.029917277466895,0.0,0.0,20.86337089634017,588.5127612628345,17.951235619768855,17.15,11.413305367085279,0.6357949730500078,20.069796,9.999999999999998,0.1730992974501386,-1.2161015421569112,749.1510487891147,750.0,24.739478567663753,0.03302335170944664,0.0,0.0,-29.107082611336676,845.2272021122369,18.60231855038572,18.1,11.489875020411127,0.6176582230483781,20.096006250000002,10.049999999999997,0.14030880850432956,-1.1451466086940225,57814.0,12.163557969821023,49,attack,1
868.4750477229343,750.0,1398.8402011046792,1.610685539869356,0.0,0.0,29.1330031165792,1320.6993102323004,1.2134408235614944,1.0,2.500034362207737,2.0602853585146756,0.0,0.0,21.031075822471472,596.8915531832591,18.48823634351675,17.70569775,11.70598315450976,0.6331584547605962,20.551000000000002,10.19430225,0.16363608982603786,-1.2157775017075172,749.1634585492228,750.0,24.558277330622424,0.03278093325344546,0.0,0.0,-29.323020078525563,857.8443288599375,19.120872604751842,18.6,11.769534980308917,0.6155333610341611,20.450000000000003,10.2,0.13624764862107616,-1.1436728714780657,58672.0,12.141295430134088,50,attack,1
867.0178916505631,750.0,1403.1390195899578,1.6183507089095563,0.0,0.0,29.73010124162509,1377.1267318046557,1.211351369360965,1.0,2.5146654051719564,2.075917416511891,0.0,0.0,21.375157548025616,616.774603852153,18.959441245958004,18.2,12.00368842410047,0.6331245878176688,21.05,10.45,0.16153989480890654,-1.2158340771488585,749.1823508506487,750.0,24.279769348876766,0.032408357352931016,0.0,0.0,-29.661092598331326,877.7851597139486,19.596111810071967,19.15,12.0613175588459,0.615495445001832,20.85,10.399999999999999,0.13402743781256488,-1.1468520318326954,60028.0,12.145360485678134,51,attack,1
865.5469832173557,750.0,1407.7555914485702,1.626434634681241,0.0,0.0,30.15701580551032,1422.4709486476759,1.2095292672943103,1.0,2.532414999582306,2.093719489109396,0.0,0.0,21.620972028441557,631.3541957733241,19.49392906286513,18.75,12.285917658069925,0.6302432730954134,21.55,10.75,0.15567409527828965,-1.2169674317442942,749.1963632356183,750.0,24.071122344280926,0.03212925679500487,0.0,0.0,-29.919511129400448,893.1817939017602,20.13251661336062,19.7,12.333733397445965,0.6126275037697414,21.35,10.7,0.12832979862706645,-1.1500819634973256,61075.0,12.133177422809412,52,attack,1
863.2894281872318,750.0,1416.744790323324,1.641100590445384,0.0,0.0,30.446013783904373,1450.4276903265988,1.2063456489722737,1.0,2.5511925972364513,2.1148106261334783,0.0,0.0,21.84308408426433,643.7179827352454,19.925829796307383,19.15,12.604530130048918,0.6325724077189883,22.027485125,10.950000000000003,0.15466000556608306,-1.2171372501191309,749.214279673457,750.0,23.801643655566007,0.03176880673702574,0.0,0.0,-30.25991074994009,913.6667776011388,20.547944304171736,20.1,12.64510676725915,0.6153952230000879,21.94368725,10.95,0.12950494498375745,-1.151836837551177,62468.0,12.14410795203064,53,attack,1
861.8598876087025,750.0,1415.538224903388,1.6424226782742022,0.0,0.0,31.106540331118627,1519.499873638087,1.2044077480928013,1.0,2.561252276083444,2.1265657582651953,0.0,0.0,22.192901548646866,664.9658311361246,20.410409589172694,19.65,12.904989073363334,0.6322748701823783,22.55,11.226371499999999,0.15091351459372718,-1.217344277587864,749.2295446326935,750.0,23.569608593692667,0.03145846124534179,0.0,0.0,-30.55925089796882,931.8723167244551,21.032275754120487,20.55,12.94257627788121,0.6153673729456308,22.349999999999998,11.149999999999999,0.12627780630627444,-1.1543821851906089,63706.0,12.141134105964893,54,attack,1
861.3251835242805,750.0,1415.084716868107,1.6429157581089306,0.0,0.0,31.49986843795449,1570.235315096979,1.2035199803421692,1.0,2.5704346830600744,2.135764029716633,0.0,0.0,22.449123826179125,681.7776211719809,20.867215461708827,20.05,13.212115221529093,0.6331518091512123,23.2,11.5,0.1495015699942845,-1.2194162358994243,749.2462009287208,750.0,23.313768561114312,0.03111629866419871,0.0,0.0,-30.896172484757813,952.5779119017184,21.49259684539423,21.0,13.242923494396642,0.6161620947742544,22.85,11.4,0.12451295618598324,-1.1586772488143011,65114.0,12.144920822282073,55,attack,1
859.6495351587646,750.0,1414.3323942118755,1.645243016330683,0.0,0.0,31.974381475128094,1624.838425099973,1.2008922556402233,1.0,2.5768637447505047,2.1457909588872477,0.0,0.0,22.759582447989835,701.1801505724029,21.219437664549385,20.4,13.55852697684207,0.6389673087093092,23.849999999999998,11.849999999999998,0.15319454728046367,-1.221815045600684,749.2651899465117,750.0,23.018602132312996,0.03072156886663351,0.0,0.0,-31.294141755656774,977.3277020336577,21.83492004877465,21.25,13.588473222412956,0.6223275923181375,23.551000000000002,11.75,0.12853223528476465,-1.1645846836145088,66797.0,12.16621088796031,56,attack,1
859.1446870877913,750.0,1423.0076679156152,1.6563073592867434,0.0,0.0,32.31387073945046,1660.7905795079237,1.2000439689286237,1.0,2.5946839074594608,2.1621573664304523,0.0,0.0,23.001098134609606,715.9874271272126,21.675556260803035,20.8,13.857187743134155,0.6393002134018024,24.419975125,12.100000000000001,0.1539081976731354,-1.2233596642121705,749.2806194733499,750.0,22.775942276587987,0.030397079124502926,0.0,0.0,-31.629047240050483,998.4009637504936,22.30063793237579,21.7,13.882433675342217,0.6225128499659587,24.15,12.000000000000004,0.12798511250923555,-1.168438883157516,68230.0,12.168900802439223,57,attack,1
859.3596749092167,750.0,1445.5653633052327,1.6821424201198913,0.0,0.0,32.528729043386015,1672.0826067917078,1.2003717793532769,1.0,2.628305418185247,2.1895761491504713,0.0,0.0,23.179986798366087,725.6155750794445,22.21061502179589,21.35,14.12667480072863,0.6360325811268952,24.9,12.399999999999999,0.15129371955992155,-1.2243886804299788,749.2927034450958,750.0,22.584077679139686,0.030140527960972635,0.0,0.0,-31.898956707925574,1015.5476992240953,22.84349423546026,22.25,14.146506706030689,0.6192794569961577,24.599999999999998,12.299999999999997,0.12521731878567954,-1.1711520384338177,69396.0,12.160344257570436,58,attack,1
858.5198745656412,750.0,1455.1527891722612,1.6949552739340834,0.0,0.0,32.88704814024712,1709.207435387329,1.1991129191739414,1.0,2.6471692303121475,2.2076062962742156,0.0,0.0,23.424686403665365,740.8406552302226,22.62670729514538,21.75,14.463453143454542,0.639220411295006,25.549999999999997,12.700000000000003,0.15018410043573605,-1.227134209185995,749.3066677583995,750.0,22.360288032294317,0.029841303960615483,0.0,0.0,-32.21959126112427,1036.106263181578,23.254943437311077,22.6,14.475248897500277,0.6224590025996649,25.200000000000003,12.600000000000001,0.12352947985771405,-1.1754889661888968,70794.0,12.164601264702258,59,attack,1
857.2198703385604,750.0,1470.1435037332003,1.7150133292553806,0.0,0.0,33.423886617074615,1756.7461314718412,1.197248850224414,1.0,2.671295045853017,2.231194496743351,0.0,0.0,23.742523372837585,760.4757180779122,23.066990373460605,22.2,14.773064380317031,0.6404417802729032,26.150000000000002,13.000000000000004,0.15217085721393495,-1.2305507862969525,749.320053656194,750.0,22.143635332748662,0.029551638481717043,0.0,0.0,-32.53616241034825,1056.6060097709048,23.69355197165734,23.05,14.786567287489335,0.6240755841579725,25.756980000000002,12.850000000000001,0.1258968504417278,-1.18192388399354,72188.0,12.172543399073778,60,attack,1
855.5910004891039,750.0,1476.5762326000288,1.7257968255345544,0.0,0.0,33.85173053462165,1804.5212205929986,1.1949350578772893,1.0,2.6868090517712795,2.2484979698764467,0.0,0.0,24.01140333988874,778.0504967046082,23.53031829963757,22.6,15.063979609712257,0.640194468170211,26.75,13.3,0.15399453528593185,-1.2317230681420308,749.3331318415518,750.0,21.92988594738192,0.029265869898862346,0.0,0.0,-32.85460707433836,1077.4292972840824,24.15152592299332,23.5,15.073581770127014,0.624125441108311,26.299999999999997,13.149999999999999,0.12847273361681052,-1.1844296541783845,73604.0,12.181915361024814,61,attack,1
853.7100281162137,750.0,1493.7696905623536,1.7497389527665357,0.0,0.0,34.13215016256988,1826.1830589726192,1.192529120364172,1.0,2.7155488949071507,2.2771342422882572,0.0,0.0,24.2034690947726,788.9597870615517,24.049639885284016,23.15,15.348685345323815,0.638208531127141,27.3,13.550000000000004,0.151852496250995,-1.2330851505098144,749.3428256146912,750.0,21.770100465603868,0.029052257153120407,0.0,0.0,-33.096760582927864,1093.3995818404658,24.656804658013122,23.95,15.362318768060954,0.6230458074813198,26.900000000000002,13.45,0.12900921140583838,-1.1885697301014884,74690.0,12.177425924452706,62,attack,1
852.4200330301203,750.0,1499.3358614651413,1.758916735139849,0.0,0.0,34.491467949631705,1865.2487811623816,1.19053922982148,1.0,2.728495808228799,2.2918151203114356,0.0,0.0,24.457975775635063,804.9835424363409,24.411188765384093,23.45,15.708108135398863,0.6434798520616702,27.949999999999996,13.85,0.15161265336545746,-1.235046093530456,749.3566395826338,750.0,21.540324434030623,0.028745090516616834,0.0,0.0,-33.451212947142146,1116.987627219302,25.008755951568936,24.3,15.725338004071878,0.6287932928181236,27.599999999999998,13.783384000000002,0.12917626755435768,-1.1925973714520144,76294.0,12.192604236363218,63,attack,1
852.6803780737837,750.0,1506.2256612565848,1.766459859976101,0.0,0.0,34.71508675280835,1896.821521384767,1.1908679449652486,1.0,2.745521491981405,2.3054793804711267,0.0,0.0,24.631767585069074,817.053482239523,24.92189474967922,23.95,15.986029273448443,0.6414451803932045,28.442621499999998,14.149999999999999,0.1499154483142772,-1.235510667269005,749.3670653021883,750.0,21.36527224476737,0.028511090537654805,0.0,0.0,-33.7263805667117,1135.4726676361352,25.524442932392883,24.8,16.000144492152316,0.6268557764231026,28.15,14.0,0.1274768784458947,-1.1945087896571007,77551.0,12.184344278180323,64,attack,1
851.9549008956657,750.0,1507.8612105975778,1.7698838389360207,0.0,0.0,35.138222517991764,1947.62733726149,1.1896436286461425,1.0,2.754523720230395,2.3154192179091,0.0,0.0,24.90669348864483,835.3248390192666,25.32072706797987,24.35,16.316682801051495,0.644400247956753,29.0199775,14.400000000000002,0.1495207715209691,-1.2359574913947577,749.3799202578647,750.0,21.14741879321503,0.028219889833634878,0.0,0.0,-34.075147305147695,1159.1195461441935,25.92676228282318,25.15,16.331392733849242,0.6299048279032127,28.7,14.300000000000004,0.12625461979451982,-1.1967025386964905,79159.0,12.19420665236243,65,attack,1
850.5167864957799,750.0,1520.0440120526882,1.7872004835030149,0.0,0.0,35.384180954697094,1984.1987691339111,1.1880087527352297,1.0,2.780189599535227,2.3402096938547094,0.0,0.0,25.057544584602798,847.4911986570576,25.942243091893783,25.0,16.56235485754023,0.6384318734071033,29.349999999999998,14.649999999999999,0.14323088956822733,-1.2363157093439994,749.3862449439692,750.0,21.039419969186618,0.0280755352945659,0.0,0.0,-34.25077252605748,1171.1192246289183,26.532286530140667,25.7,16.566051415195574,0.6243733044408573,29.099999999999998,14.549999999999999,0.12210523682556028,-1.198047487287615,79975.0,12.17489089941492,66,attack,1
849.2365777368906,750.0,1519.8358865313899,1.7896495821948257,0.0,0.0,35.769560947295844,2036.7644359771625,1.1860901563937443,1.0,2.7877812562809723,2.350395744584122,0.0,0.0,25.310447855046853,865.2440214684102,26.35082617516961,25.4,16.883770696978925,0.6407302216918157,30.000999999999998,14.95,0.14549267725272183,-1.2382122087251832,749.3979120039179,750.0,20.838690275053594,0.027807243576820437,0.0,0.0,-34.5819229641635,1193.9131622445034,26.93374319126648,26.1,16.888561554527307,0.627041010772078,29.7,14.799999999999997,0.12510319167682618,-1.201617951746766,81525.0,12.18527277130062,67,attack,1
848.3396290091241,750.0,1526.633378805717,1.7995544786571531,0.0,0.0,36.02360653050844,2069.595294559745,1.1847602058649824,1.0,2.802997717760777,2.3658776720259054,0.0,0.0,25.508577735639665,878.7831208161716,26.78179885836743,25.8,17.202864618255884,0.6423341728922438,30.6,15.249999999999996,0.14552138733689332,-1.2393856199327713,749.4083746266233,750.0,20.657019637607135,0.027564436610278145,0.0,0.0,-34.88717711402455,1215.118849522974,27.35795086500657,26.5,17.212485822877948,0.6291584449365454,30.250999999999998,15.1,0.12608765094062807,-1.2053608493781116,82967.0,12.19186907797865,68,attack,1
847.141513712199,750.0,1529.7268301108813,1.805751229694285,0.0,0.0,36.41282377978203,2123.4438579208822,1.1834260209561545,1.0,2.8194907189746403,2.382481599227149,0.0,0.0,25.70805648286304,893.0919117990971,27.40440214690457,26.45,17.447017231107196,0.6366501680124375,30.999999999999996,15.450999999999999,0.1390532746169159,-1.2382760509145574,749.4142118023739,750.0,20.554976960616063,0.02742805865821579,0.0,0.0,-35.06104202750098,1227.2803209649358,27.97589756667542,27.1,17.452701257833105,0.6238477681095947,30.68831375,15.300833500000001,0.12111834422978908,-1.2053681735755533,83794.0,12.169668201081622,69,attack,1
846.3368049054484,750.0,1532.704029757438,1.8109859111334166,0.0,0.0,36.85040947962205,2178.185130424164,1.1820820071147724,1.0,2.829144442273053,2.39335716578449,0.0,0.0,25.9892358787677,912.8870997472725,27.78263518179732,26.8,17.791672923763034,0.6403882427761862,31.6,15.75,0.13827472814320863,-1.2379023842833519,749.425602816487,750.0,20.35433457564474,0.02715991353798055,0.0,0.0,-35.40787664812643,1251.7213497555372,28.3524987864164,27.5,17.797360033415725,0.6277175132776088,31.35,15.600000000000001,0.12014078465074265,-1.2061163194995514,85456.0,12.181307918297394,70,attack,1
844.4624345595118,750.0,1536.7571899437103,1.8198052714391173,0.0,0.0,37.39587236208653,2253.187411747927,1.1796854233840677,1.0,2.844488857947056,2.4112265876671617,0.0,0.0,26.265008475230946,934.5378506855512,28.311794664821022,27.4,18.084787299779613,0.6387721977318155,32.15,16.049999999999997,0.13373679982513242,-1.2394942662823039,749.4327239308681,750.0,20.22789816962188,0.02699094598314847,0.0,0.0,-35.63000081063916,1267.5005230270904,28.867122670526648,28.0,18.086846998748715,0.6265552408940084,31.8,15.899999999999999,0.11764483195138128,-1.2082342669607322,86529.0,12.17340117029267,71,attack,1
844.0617580441389,750.0,1542.2002636803143,1.8271178014910934,0.0,0.0,37.69122744605318,2295.353041976834,1.1790937752535313,1.0,2.859039708224296,2.424777204518393,0.0,0.0,26.46694053326342,949.3812102682116,28.768416603965523,27.8,18.39779115049264,0.6395135124661896,32.75,16.3,0.13319522031323738,-1.2417912996334353,749.4413096868593,750.0,20.074386923301052,0.02678580252226659,0.0,0.0,-35.903420912546174,1287.0591546787912,29.324664009856704,28.45,18.40100779302808,0.6274925362092152,32.4,16.150000000000002,0.11730225683461784,-1.2121432302401027,87859.0,12.175722578039146,72,attack,1
841.479047277937,750.0,1542.9775649526102,1.8336494175867117,0.0,0.0,38.21492885903476,2360.6599249246538,1.1755014326647564,1.0,2.8679177623399914,2.4397399123867327,0.0,0.0,26.76179609635802,969.8615632003206,29.173958824945984,28.2,18.734532523027283,0.642166276967794,33.4,16.65,0.13358781962159036,-1.2448384877051943,749.4505942246928,750.0,19.90704127423079,0.026562179585466385,0.0,0.0,-36.20626660182713,1308.8972259778136,29.70900703792085,28.8,18.736391664864335,0.6306636785587965,33.1,16.5,0.11963500561938553,-1.2156611553997179,89344.0,12.188274611104863,73,attack,1
840.5229124180124,750.0,1545.4655058369533,1.838695272911675,0.0,0.0,38.644711248811056,2419.368453154464,1.174149809844017,1.0,2.879250235606921,2.452200061242119,0.0,0.0,27.013077221422485,988.2784362351341,29.61950319173681,28.6,19.052719624830846,0.6432491288424491,33.95,16.919845000000002,0.13298804490190202,-1.2466158560132878,749.4588960674282,750.0,19.75620513345946,0.026360625295295727,0.0,0.0,-36.483631522453784,1329.0588134519744,30.14105943159345,29.2,19.061195020779788,0.6323996362516741,33.7,16.849999999999998,0.12023748122523556,-1.220370257518975,90715.0,12.19007870347457,74,attack,1
840.1825483434458,750.0,1555.0721679367496,1.8508741594345455,0.0,0.0,38.95612746079252,2460.0956107564034,1.1738836265223274,1.0,2.900779927166973,2.471096675707658,0.0,0.0,27.190177847350864,1001.241548313947,30.22944235445891,29.2,19.290557195616092,0.6381380433493405,34.4,17.15,0.1292894027287516,-1.245672705984571,749.4643330859778,750.0,19.65679871424966,0.02622779743675227,0.0,0.0,-36.66877835372117,1342.6026942787726,30.748442308186736,29.75,19.292827568561037,0.6274408106658576,34.1,17.040108,0.11750154430910816,-1.2201577000809896,91636.0,12.175969944730424,75,attack,1
838.9879510288465,750.0,1562.4466369284057,1.862299255921835,0.0,0.0,39.328526246589014,2505.7134512417742,1.1722927501588225,1.0,2.9176996333337613,2.4888831163874983,0.0,0.0,27.411571901644034,1016.8515069846636,30.72619559506408,29.7,19.592505173556415,0.6376482605189103,34.9,17.4,0.12556779155961031,-1.2452889845938468,749.4714550290188,750.0,19.525809225427384,0.026052772383000716,0.0,0.0,-36.91559192869106,1360.7642727338894,31.224270575658718,30.2,19.586084364351407,0.6272711580849544,34.650000000000006,17.250000000000004,0.1159462935728766,-1.2191865378237237,92871.0,12.174533581518306,76,attack,1
838.8765485833183,750.0,1565.012783829532,1.8656055965237095,0.0,0.0,39.698055210280685,2565.0625708505286,1.1720931220076647,1.0,2.929246656638151,2.499158643317246,0.0,0.0,27.6353682359538,1035.0044236048802,31.2041412201331,30.2,19.89102646732643,0.6374482901805553,35.4,17.65,0.12465210494924518,-1.2458873572580516,749.4789050480724,750.0,19.387833308454283,0.025868417613716194,0.0,0.0,-37.17916363886026,1380.2935154755785,31.695427530048097,30.7,19.8808554275912,0.6272467979409215,35.15,17.549999999999997,0.11629357163730696,-1.220338303249565,94199.0,12.174109637092927,77,attack,1
838.908422144676,750.0,1562.2643193190079,1.86225847551401,0.0,0.0,40.141778719520026,2643.1291594411373,1.1721420562314648,1.0,2.9364805937109635,2.5052258624283095,0.0,0.0,27.874558453440947,1055.2731706927595,31.711378991323166,30.7,20.181276227021673,0.6364048763866009,35.9,17.9,0.12181693975429078,-1.2454044108031237,749.4856094858924,750.0,19.26281956313161,0.025701386816946212,0.0,0.0,-37.421235889063986,1398.3521608151625,32.21108034558353,31.2,20.165239015447632,0.626034234154847,35.650000000000006,17.750000000000004,0.113373227544136,-1.2203705005036136,95427.0,12.170970642004635,78,attack,1
836.9103126458236,750.0,1560.1732783866466,1.8642060622413483,0.0,0.0,40.7076930141851,2729.5461686203716,1.1696064706797324,1.0,2.9460504261025524,2.5188390283019,0.0,0.0,28.13960128213099,1075.9810438194288,32.25546305550062,31.3,20.470421285563113,0.6346342401081181,36.45,18.2,0.11720860682467231,-1.2462664554692904,749.490985007938,750.0,19.16199805568402,0.025566682507169945,0.0,0.0,-37.618775506481015,1413.1754884019467,32.73966740566185,31.8,20.456016107599748,0.6248083052933573,36.1,18.0,0.11050911143616361,-1.2232689263278544,96435.0,12.171153465955463,79,attack,1
835.3913837691392,750.0,1556.8266835654124,1.8635895866453442,0.0,0.0,41.33015413441069,2827.2016387991102,1.1677065801896473,1.0,2.9544058986494397,2.5300927037420773,0.0,0.0,28.42165065197243,1098.5839952165184,32.812239885884466,31.9,20.75017180208972,0.6323912014009218,36.95,18.450000000000003,0.11247575508493775,-1.2460494915320013,749.4962545154141,750.0,19.0626453185208,0.025433943403554073,0.0,0.0,-37.81547773147608,1428.0135276702063,33.28060533460244,32.4,20.736703916032337,0.623086740987611,36.599999999999994,18.299999999999997,0.10759352167634656,-1.2245311788100204,97444.0,12.163371798964375,80,attack,1
834.4821607810932,750.0,1555.186116210206,1.863654119046138,0.0,0.0,41.82825527690199,2911.688872383853,1.166519654064138,1.0,2.9629643058749124,2.540003758661062,0.0,0.0,28.673342293376713,1119.502554846591,33.327205439954206,32.45,21.03922904606888,0.6312929262543588,37.45,18.699999999999996,0.10944688067041715,-1.2452363344556583,749.5023158396472,750.0,18.947713067434382,0.025280392958102832,0.0,0.0,-38.04557935801753,1445.4692410401756,33.78785248889294,32.9,21.019880384062528,0.6221135359511938,37.15,18.550000000000004,0.10578185295491752,-1.2237551478317303,98631.0,12.161119242630452,81,attack,1
833.9129675359875,750.0,1558.3026906887735,1.8686634593214009,0.0,0.0,42.158983407419015,2972.9939059435596,1.165893713987432,1.0,2.977446796912262,2.5537892186837525,0.0,0.0,28.853949442951674,1135.0182198029133,33.93028879949553,33.05,21.27336978812293,0.6269728475885894,37.85,18.900000000000002,0.10739451875203569,-1.2444648217399632,749.5072457274595,750.0,18.85371955981242,0.025154819606197813,0.0,0.0,-38.235855823451395,1459.9837584157917,34.395150434449604,33.5,21.248176759141522,0.6177666470637008,37.55,18.75,0.10424060229395166,-1.2235159147109147,99618.0,12.15747489315054,82,attack,1
832.6530563538548,750.0,1557.7567012980458,1.8708352649534281,0.0,0.0,42.96797411017418,3100.8928250388944,1.164367896102863,1.0,2.9888336837579197,2.566915228220857,0.0,0.0,29.189665015778537,1164.184733940562,34.51870008503047,33.7,21.53650180437919,0.6239082512182665,38.3,19.15,0.10232838990579408,-1.243018287297041,749.5118654229292,750.0,18.76521214427845,0.025036577818137343,0.0,0.0,-38.416769434316144,1473.8512170325976,34.97862854229772,34.15,21.50395192506397,0.6147740154837812,37.95,18.95,0.09976189959882092,-1.222490887965897,100561.0,12.153828154501076,83,attack,1
833.2110575073253,750.0,1567.1983694207984,1.8809140316852073,0.0,0.0,43.205711110659166,3158.9400060925764,1.1653397263247205,1.0,3.0104773116518917,2.583347365275545,0.0,0.0,29.32627286615325,1179.7604934385238,35.148937927858434,34.4,21.785962358647744,0.619818510686224,38.650000000000006,19.300000000000004,0.09489870632486354,-1.2397322368716528,749.51571704342,750.0,18.691101336586055,0.024937570902870427,0.0,0.0,-38.5695829359488,1485.615723526343,35.61153009203737,34.85,21.75232707268531,0.6108225907863776,38.3,19.15,0.09284934720442659,-1.2201891045612583,101361.0,12.14126956194687,84,attack,1
831.8460755927694,750.0,1568.5644117766976,1.8856426180275556,0.0,0.0,43.773877006517345,3247.2665474815135,1.1637060802879724,1.0,3.024090442584828,2.598672030515199,0.0,0.0,29.573164388915668,1199.3506163509448,35.770095209405206,35.05,22.026391769266247,0.6157767162854725,39.0,19.450000000000003,0.09063405081447304,-1.2385863661900995,749.5198420662576,750.0,18.611399562754908,0.024831096547687736,0.0,0.0,-38.73527345614172,1498.4243612301552,36.21980002339776,35.45,21.992285009326096,0.6071895757325888,38.785188250000004,19.349999999999994,0.09042665056192996,-1.2203590718574353,102232.0,12.148635270362274,85,attack,1
831.9591353214153,750.0,1582.6813573799898,1.9023546832844669,0.0,0.0,43.85584346019833,3267.2876522733436,1.1645552270368702,1.0,3.0568298299110683,2.624890395012832,0.0,0.0,29.590236567077827,1201.1683391870793,36.70730655713985,36.05,22.126514195970632,0.602782286995853,39.050000000000004,19.5,0.08064725208960431,-1.235461365340274,749.5194180195106,750.0,18.619628826221266,0.02484208998269953,0.0,0.0,-38.71818263183858,1497.1005478081386,37.15719076886099,36.5,22.085746166011344,0.594386865880075,38.85,19.4,0.08237277305140982,-1.2190835220211838,102142.0,12.141652896152102,86,attack,1
832.1561443232275,750.0,1599.2626526209235,1.9218300117480538,0.0,0.0,43.88085746818041,3274.084667089241,1.1655345468089904,1.0,3.092105173443715,2.6529502552363677,0.0,0.0,29.58755159441151,1200.7968991442676,37.66049347324368,37.1,22.220175722735622,0.5900128668925221,39.050000000000004,19.549999999999997,0.06968225427905474,-1.230203798525751,749.5188470888402,750.0,18.630696123518316,0.024856874774904794,0.0,0.0,-38.69519408883426,1495.320858604517,38.10529894620716,37.5,22.16412705431759,0.5816547217122335,38.85,19.4,0.07417761013951027,-1.214413541276222,102021.0,12.130843982817703,87,attack,1
832.7557424781625,750.0,1613.186425844613,1.9371663785157458,0.0,0.0,43.993051789628545,3298.2538131113633,1.1669950883797535,1.0,3.124128310003788,2.677070658747418,0.0,0.0,29.620079539360948,1204.052921798078,38.592754780132125,38.1,22.315470554614304,0.5782295325054768,39.15,19.55,0.06004428091337366,-1.2244084597275997,749.5187612574674,750.0,18.632374183248686,0.02485911647093284,0.0,0.0,-38.691771033184544,1495.0558953577834,39.046125233522545,38.5,22.24473082436701,0.5697039255836092,38.900000000000006,19.45,0.06614736753033723,-1.2096865445461054,102003.0,12.123728838300833,88,attack,1
832.7642937054702,750.0,1630.1962442911108,1.9575722165480767,0.0,0.0,44.01346683209254,3304.8106739000614,1.1677167363441874,1.0,3.1597159047103642,2.7058924535094016,0.0,0.0,29.617393142153222,1203.9544336129088,39.53114880682567,39.1,22.4243016315556,0.5672565131141267,39.2,19.6,0.0471491126501353,-1.215837742425687,749.5182644640676,750.0,18.64199971574128,0.02487197524008435,0.0,0.0,-38.67180929475027,1493.5115202599063,39.978421869840425,39.5,22.34428840591485,0.5589087152730082,39.0,19.450000000000003,0.05606118715336907,-1.2026373216526665,101898.0,12.116360809084894,89,attack,1
833.3680209029114,750.0,1643.3591270026836,1.9719488698668668,0.0,0.0,44.074880015581314,3326.6212320899685,1.1692271423519704,1.0,3.1916975532926424,2.729749795982628,0.0,0.0,29.62688531768018,1205.7744007325539,40.483012009858264,40.15,22.522574723880066,0.5563463192510344,39.203289749999996,19.6,0.03418666171054065,-1.2054747416671268,749.5178187715828,750.0,18.65063232872276,0.024883507585303426,0.0,0.0,-38.65392987255854,1492.1289195770987,40.940991805184474,40.55,22.42762940437116,0.5478037637947766,39.0,19.499999999999996,0.04464915786592289,-1.1935459565285795,101804.0,12.10741657172636,90,attack,1
834.9115630242209,750.0,1656.9014701559195,1.984523323828793,0.0,0.0,44.083092093985805,3342.285405282133,1.1718610514337287,1.0,3.2221297301687497,2.749583430754519,0.0,0.0,29.637672020310646,1208.2126208024208,41.37670734315058,41.05,22.63183857755203,0.5469705066152023,39.3,19.65,0.02456742706016691,-1.195917655902411,749.5184470218462,750.0,18.638502596467735,0.024867303360612922,0.0,0.0,-38.67921938795497,1494.0845840284367,41.84282116928104,41.5,22.52269139839616,0.5382689495834287,39.05,19.5,0.03682897890529219,-1.1854408672879262,101937.0,12.10636440332104,91,attack,1
835.2034649831155,750.0,1665.3552882446747,1.9939516034914218,0.0,0.0,44.360282587391126,3391.1468063976467,1.1727695394704645,1.0,3.2471280088662886,2.7687690544319987,0.0,0.0,29.740172057422534,1216.6201564617775,42.223856688986004,42.0,22.776553039538985,0.5394237955880566,39.400000000000006,19.7,0.012653514816218688,-1.183171302029296,749.519520851819,750.0,18.617739578814145,0.024839565963079027,0.0,0.0,-38.722536084829834,1497.4373230107356,42.70013772146037,42.4,22.654022198393335,0.5305374503981471,39.15,19.599999999999998,0.026028406942650652,-1.1737097841592574,102165.0,12.112865612315913,92,attack,1
835.0778344610143,750.0,1682.2800534139506,2.0145188675732815,0.0,0.0,44.556749073015325,3405.151215623697,1.1732744523975052,1.0,3.282104872677994,2.797388851322246,0.0,0.0,29.799089815065887,1218.7078087367192,43.17456497700693,43.0,22.86083258080397,0.5294976936763288,39.45,19.7,0.0020869787112167302,-1.1727656089638339,749.519341246104,750.0,18.621232316529127,0.024844231885424905,0.0,0.0,-38.71531752910888,1496.8782792420222,43.65085306413582,43.4,22.72959195313608,0.5207135796347367,39.25,19.6,0.01727431567704056,-1.1662474709053883,102127.0,12.109786861315545,93,attack,1
835.1110762872058,750.0,1695.7713953466116,2.030593825776792,0.0,0.0,44.621765351530826,3423.7666732327075,1.1739845838924203,1.0,3.313857108326413,2.82274329134639,0.0,0.0,29.815187944981027,1220.5035209309833,44.095146318416404,44.0,22.986725954720054,0.5212983258685687,39.5,19.75,-0.013296757318008601,-1.1565680462379835,749.5192180375419,750.0,18.623632535548392,0.02484743831427091,0.0,0.0,-38.71037714332313,1496.4957141324546,44.56678752093516,44.4,22.851754254089485,0.5127530056626792,39.349999999999994,19.65,0.0037290608690885092,-1.1529117182473552,102101.0,12.108358268655417,94,attack,1
835.907930845225,750.0,1714.437323759935,2.0509882254931933,0.0,0.0,44.52454234551614,3411.739912299417,1.1757389838482044,1.0,3.3506840940319704,2.8498537005765945,0.0,0.0,29.778833852744874,1217.429340159846,45.0437279330579,45.05,23.087458562847637,0.5125565671908695,39.5,19.749999999999996,-0.027263808096164115,-1.1409573153989778,749.5188921122784,750.0,18.62995483155238,0.024855884258033617,0.0,0.0,-38.697266507093325,1495.4807990048264,45.520180735288925,45.4,22.943382426327226,0.5040266109607221,39.449999999999996,19.7,-0.008671109093182892,-1.140003173808726,102032.0,12.103783527850064,95,attack,1
837.0163844411543,750.0,1732.8518466746286,2.0702723135241747,0.0,0.0,44.375147063156845,3396.579733756907,1.1778952219400511,1.0,3.3870754731915045,2.875532059305602,0.0,0.0,29.727766583618717,1213.7761964686954,46.00837728701516,46.05,23.163517847014706,0.5034630476644107,39.5,19.749999999999996,-0.038935831137162466,-1.1256023277139247,749.5186790555007,750.0,18.634091450828244,0.024861410357790988,0.0,0.0,-38.688713073510634,1494.8188336482626,46.49502369251964,46.45,23.001059733911617,0.4946993873155537,39.449999999999996,19.700000000000003,-0.01809050349858524,-1.1275603942952193,101987.0,12.096428457356149,96,attack,1
838.3327178404994,750.0,1744.693911116958,2.0811473463796055,0.0,0.0,44.459673609988016,3418.8338612187317,1.1800756176910225,1.0,3.413781759293094,2.8928500073348005,0.0,0.0,29.781745499204632,1219.0078632842751,46.77448693773858,46.9,23.392481850512493,0.5001119922843873,39.7,19.849999999999998,-0.05813969592944996,-1.1009450473833355,749.520418176568,750.0,18.600433219197082,0.024816446314362167,0.0,0.0,-38.75896766695144,1500.2598501843297,47.26994935465088,47.3,23.21870045123465,0.4911936815720359,39.633100999999996,19.799999999999997,-0.03691939099352372,-1.102695053297977,102357.0,12.105338766179488,97,attack,1
838.8124357807592,750.0,1760.9719740465869,2.099363217484359,0.0,0.0,44.43140638090258,3422.8973061604497,1.1814676726457838,1.0,3.4493366171143283,2.9195353347162425,0.0,0.0,29.75853284894053,1217.7157963150294,47.780323409384565,47.95,23.45097029475164,0.49080811140231045,39.650000000000006,19.849999999999994,-0.07069349549810341,-1.0841547208867657,749.5196289947738,750.0,18.61573495226181,0.024836887830714322,0.0,0.0,-38.727081435352396,1497.7890626720432,48.2789712751079,48.35,23.26607805592704,0.4819091509500073,39.65,19.800000000000004,-0.047194215245774135,-1.0902272012547325,102189.0,12.096277355813415,98,attack,1
839.7202118183687,750.0,1778.3275471180443,2.1177619903505382,0.0,0.0,44.3537626341414,3416.8315180909294,1.1833442635787907,1.0,3.484595745780992,2.944701599551868,0.0,0.0,29.731634271935533,1215.8275740223478,48.71780656837461,48.95,23.55971171898559,0.4835954936912017,39.75,19.85,-0.08558035840887016,-1.064095447911433,749.5195060142056,750.0,18.61812997441526,0.02484008731596959,0.0,0.0,-38.72214284638073,1497.406527921421,49.22630480060297,49.35,23.359588318704716,0.4745346703012855,39.75,19.85,-0.0599588086412465,-1.0735948902980585,102163.0,12.09458274672163,99,attack,1
840.2720473941989,750.0,1794.6092522000145,2.135747889942726,0.0,0.0,44.36921034425171,3421.2162874242777,1.1846496759245682,1.0,3.517471669270635,2.9692083159735807,0.0,0.0,29.746127166965024,1217.0230261332827,49.57968121466316,49.9,23.736078351833093,0.47874608650797784,39.85000000000001,19.949999999999996,-0.10497116248434783,-1.0373998587507982,749.5201065587393,750.0,18.60651271996002,0.024824567822987205,0.0,0.0,-38.74643952016443,1499.2887164806623,50.087089637504754,50.3,23.530348185573676,0.4697886891785856,39.85,19.900000000000006,-0.07836070903348612,-1.0485736963102041,102291.0,12.097272095251046,100,attack,1
841.3298355658469,750.0,1811.228845855245,2.1528166116171077,0.0,0.0,44.34965748000611,3423.5009654239147,1.1866713564107825,1.0,3.5512533764655623,2.992617422912033,0.0,0.0,29.744282960402792,1217.3662900647428,50.48318259806624,50.9,23.86992595690615,0.4728292617157716,39.900000000000006,19.949999999999996,-0.12057750849193832,-1.0154742928224134,749.5203871824882,750.0,18.60108863263165,0.02481732178434098,0.0,0.0,-38.75782248945084,1500.17090456004,50.996657014274405,51.3,23.650825385471997,0.46377207389990144,39.9,19.949999999999996,-0.09194500479201163,-1.029913450644586,102351.0,12.09687765184118,101,attack,1
841.7232224714718,750.0,1822.3716886397551,2.1650486050377684,0.0,0.0,44.68441178670747,3488.324724764943,1.1877304203647714,1.0,3.57896060139448,3.0132768682436564,0.0,0.0,29.861478884425466,1229.9539277776814,51.33555054983302,51.85,24.044519832112375,0.4683795064936843,39.949999999999996,19.999999999999993,-0.1388568318084746,-0.9882186527759305,749.5212238216266,750.0,18.58488142668142,0.024795670670833877,0.0,0.0,-38.79176514201521,1502.8031062703835,51.85405053268312,52.2,23.81601569654833,0.45928939883948544,39.95,20.0,-0.10945247350495192,-1.004156692541909,102530.0,12.100546407374617,102,attack,1
842.6127929069031,750.0,1837.2063121648584,2.1803684060228172,0.0,0.0,44.79840535803124,3525.3912074616146,1.1894967603643982,1.0,3.6106745352873766,3.035463950470331,0.0,0.0,29.904472401066982,1237.3888988817282,52.228018783761456,52.8,24.185770421480573,0.46308037303916116,40.02499999999999,20.0,-0.1551887638396507,-0.9627062711586669,749.5217129605761,750.0,18.575404489769163,0.024783010509991998,0.0,0.0,-38.81166120459989,1504.3470714676748,52.756908727081395,53.15,23.93909431576999,0.4537622634337837,40.0,20.0,-0.12383299983319698,-0.9812380484354026,102635.0,12.104443684349919,103,attack,1
842.6703966254613,750.0,1854.2702674775262,2.2004692165561943,0.0,0.0,44.774147532628284,3527.9327906150793,1.1903645985900366,1.0,3.6475355396988562,3.06421708442883,0.0,0.0,29.87862447512864,1235.6641138830257,53.250718944849915,53.85,24.24571034660267,0.45531235684748567,39.89999999999999,19.950000000000003,-0.17090838488450408,-0.9365781821814338,749.5206802029771,750.0,18.595447684239733,0.02480978600777755,0.0,0.0,-38.76976807528985,1501.0968999287809,53.77810588969281,54.25,23.997378459149456,0.4462295215151642,39.95,19.950000000000003,-0.13791896137853452,-0.9605779403073038,102414.0,12.100662459399803,104,attack,1
843.23787217847,750.0,1870.6266516862688,2.218385479833327,0.0,0.0,44.742360626852964,3528.1434254873816,1.1917322949907778,1.0,3.6810907689507046,3.0888571069387614,0.0,0.0,29.87278706262891,1235.4907376169178,54.14474469363126,54.85,24.407258257254107,0.45077797291977983,39.949999999999996,19.950000000000003,-0.1917690984387614,-0.9022948117241447,749.5209461817537,750.0,18.590303297930486,0.024802913637883128,0.0,0.0,-38.7805755642681,1501.9349882412719,54.67808162579656,55.25,24.150273833376954,0.44168107430424375,39.900000000000006,19.950000000000003,-0.15804625036724565,-0.9278176471456763,102471.0,12.10194549673125,105,attack,1
843.4284625977907,750.0,1886.6930108065608,2.23693305890517,0.0,0.0,44.731517090946205,3532.829142065092,1.1926904782833758,1.0,3.715766791279741,3.115449363382021,0.0,0.0,29.862008270344063,1234.9970198938945,55.11533893967879,55.9,24.501498929881304,0.4445495464828234,39.89999999999999,19.949999999999996,-0.20836802069103622,-0.8730660102843264,749.5205525244489,750.0,18.597946912508387,0.024813124669989264,0.0,0.0,-38.76464409973563,1500.6995415264878,55.6503962012267,56.25,24.236057237833705,0.4355055649594723,39.95,19.950000000000003,-0.17281441958028826,-0.9028011144956531,102387.0,12.099177427285948,106,attack,1
843.096982316197,750.0,1908.2519482857067,2.263383677454596,0.0,0.0,44.81598220899137,3545.563494708398,1.1929577602471235,1.0,3.755491928876034,3.14805104926605,0.0,0.0,29.881957798532007,1238.1743808506578,56.07359173944923,56.9,24.623331587601033,0.43912527847360777,39.900000000000006,19.949999999999996,-0.22888396328317745,-0.8370997488449783,749.5201300885027,750.0,18.60614473372341,0.02482407608122068,0.0,0.0,-38.747567548540594,1499.375863427989,56.600015065045895,57.3,24.362634455051726,0.4304351231541845,39.9,19.949999999999996,-0.19259028029667163,-0.870381705441674,102297.0,12.100683375005062,107,attack,1
843.5850001467122,750.0,1924.8296723679262,2.281725815458038,0.0,0.0,44.80710570720537,3548.0565971318715,1.1942958304398432,1.0,3.7903759429009605,3.1737328778122045,0.0,0.0,29.874149028836303,1237.6401009821461,57.016475545311486,57.95,24.76039587026215,0.43426738733762754,39.85000000000001,19.900000000000006,-0.2514868265305851,-0.7949748957266598,749.5198666404397,750.0,18.61125964568897,0.024830909057967882,0.0,0.0,-38.73693785595129,1498.5521917419505,57.53937138281119,58.3,24.5016640136741,0.42582432558506395,39.9,19.949999999999996,-0.21464747198660714,-0.8311020654175203,102241.0,12.09581638752812,108,attack,1
843.9630747589603,750.0,1938.040482680106,2.2963569623394,0.0,0.0,44.84815511933094,3563.8989442238717,1.195361877130772,1.0,3.8203740547376426,3.1959979047580886,0.0,0.0,29.895828720004214,1240.2144820870435,57.896253938551986,58.9,24.923024836884903,0.4304773304217036,39.849999999999994,19.949999999999996,-0.2704536176021341,-0.7607414741255321,749.5204663897587,750.0,18.59965121255232,0.02481540137541795,0.0,0.0,-38.76122562490689,1500.434418225477,58.42484661626078,59.25,24.653424653369598,0.4219681536400999,39.95,20.0,-0.23264452377209652,-0.7986313038932598,102369.0,12.099198319421138,109,attack,1
845.0678050641083,750.0,1959.0184228702701,2.3181789805868367,0.0,0.0,44.849246970990805,3572.219683869082,1.1975667243689425,1.0,3.859871735090805,3.22309534537607,0.0,0.0,29.88723933712174,1241.9973650732347,58.86800556405352,59.9,25.037178730507456,0.42531046347858387,39.85000000000001,19.9,-0.2918249614772389,-0.7192644411988347,749.5199030175,750.0,18.61057770413408,0.024829998015008754,0.0,0.0,-38.738453785550725,1498.6695734926377,59.39837644707527,60.3,24.765043109132424,0.4169313134543063,39.9,19.950000000000003,-0.25343129015180643,-0.7601837521726766,102249.0,12.096351122427278,110,attack,1
845.8826748492637,750.0,1972.7648606978996,2.3321967920071733,0.0,0.0,44.90661103967245,3587.8771244483246,1.1992455854042274,1.0,3.89079332288272,3.2443674341909357,0.0,0.0,29.910395259865297,1244.3630666347349,59.742680047434895,60.9,25.231293429475645,0.4223328014317793,39.849999999999994,19.949999999999996,-0.3158715904728901,-0.6758716995222231,749.5202871515426,750.0,18.6031468535662,0.024820071147460356,0.0,0.0,-38.75401387812719,1499.875333351954,60.276041162873405,61.25,24.954464639169284,0.41400304594887377,39.95,19.950000000000003,-0.27740539957091587,-0.7174414800813591,102331.0,12.09975890447468,111,attack,1
846.9722474577264,750.0,1991.4937609929389,2.3513093456965213,0.0,0.0,45.05653876404772,3614.170546915303,1.2013207123250202,1.0,3.926644206790439,3.2686060986918837,0.0,0.0,29.96004019652317,1250.4025507491983,60.671497814682915,61.85,25.348332964506174,0.4177963933234512,39.89999999999999,19.949999999999996,-0.33181505662779054,-0.6441400058331124,749.5204646565714,750.0,18.599717837521418,0.024815490322927694,0.0,0.0,-38.76122190121256,1500.4340348984385,61.21645484627181,62.25,25.0519031583249,0.4092347918747635,39.95,20.0,-0.2909926539245502,-0.6901248185888655,102369.0,12.097344423649323,112,attack,1
848.0620903827503,750.0,2014.042179524291,2.3748758520915687,0.0,0.0,44.87785691776991,3587.093236808602,1.2036305925918669,1.0,3.9694027188629084,3.2978579501832863,0.0,0.0,29.882270333168233,1243.883580164235,61.76286568252153,63.0,25.34209798005589,0.4103128587057697,39.75000000000001,19.9,-0.3454124192072775,-0.6087424364824923,749.5190923457834,750.0,18.626305630267353,0.02485100889421278,0.0,0.0,-38.70578899630397,1496.13977875553,62.31789622017691,63.35,25.02290355733286,0.4015363976493015,39.849999999999994,19.9,-0.30048259468786265,-0.6643190391982805,102077.0,12.084015528103107,113,attack,1
848.3133260127848,750.0,2034.0154279250132,2.3977171707124154,0.0,0.0,44.78413394337746,3573.0378686431304,1.2046746931252206,1.0,4.0076782397041475,3.3267721672705273,0.0,0.0,29.847164249105248,1240.8993847276035,62.74310815841669,64.0,25.433048366746426,0.40535206356898823,39.75,19.85,-0.3634238086144299,-0.5688436461981405,749.5187098840479,750.0,18.6337163491333,0.02486090887846679,0.0,0.0,-38.69039717284193,1494.9484799716276,63.29633010564139,64.4,25.114062943484782,0.3967696531784621,39.8,19.900000000000006,-0.31791004752792,-0.6281416191804046,101996.0,12.08413348876896,114,attack,1
848.9954200266186,750.0,2050.9140427926236,2.415695060791166,0.0,0.0,44.82929317949324,3576.342005368922,1.206098802160808,1.0,4.040299372192,3.3498908754021888,0.0,0.0,29.876125456774417,1242.7202433322452,63.55412332411195,64.95,25.69913122858396,0.40436607232427835,39.800000000000004,19.900000000000006,-0.3929795775454688,-0.5137495116698454,749.519594831489,750.0,18.61659926151084,0.024838042113757307,0.0,0.0,-38.72610825936127,1497.7130822006234,64.1102149892449,65.35,25.37669230894798,0.3958291562928804,39.85,19.949999999999996,-0.34852484704863895,-0.5701740468129572,102184.0,12.094367414980317,115,attack,1
849.6370853416502,750.0,2066.1849396909747,2.4318441077229282,0.0,0.0,45.031551108330625,3616.644295469658,1.2075320434480803,1.0,4.072382307398699,3.3724838437993774,0.0,0.0,29.946005787924864,1250.9816615497866,64.4373631341235,65.9,25.879036753600985,0.40161539043326344,39.849999999999994,19.94999999999999,-0.4147692604599033,-0.46993956037643203,749.520059287838,750.0,18.60761388817377,0.024826038553062785,0.0,0.0,-38.74489983457227,1499.1688584157105,65.00124101914297,66.3,25.54272024109792,0.39295742420634017,39.95,19.950000000000003,-0.3695654865164088,-0.5272921913463762,102283.0,12.098351493842836,116,attack,1
849.4613579474343,750.0,2076.9137065235377,2.444977263641532,0.0,0.0,45.280205316505146,3655.970827899521,1.2079552565707135,1.0,4.101574750909356,3.3954691025174166,0.0,0.0,30.01942874536267,1256.4522708047705,65.36616777209495,66.9,26.03469417576042,0.3982900491663016,39.8125,19.900000000000006,-0.4382233854311899,-0.4194783117015928,749.5200071470214,750.0,18.608633873883168,0.024827401131979402,0.0,0.0,-38.74281115248783,1499.0069841242855,65.93442651662234,67.3,25.68708646524751,0.3895853474780992,39.95,19.950000000000003,-0.39238598377244693,-0.477966818027566,102272.0,12.09969166826693,117,attack,1
850.0116811458089,750.0,2094.2644769562694,2.463806702201101,0.0,0.0,45.58311546308383,3716.7967644529294,1.2093801361822023,1.0,4.137214740395496,3.4209382282860594,0.0,0.0,30.107708255507095,1268.334026773284,66.339300317976,67.9,26.130381177182635,0.39388991219284947,39.85000000000001,19.900000000000006,-0.4557569597305581,-0.3785475162864116,749.5197436667846,750.0,18.613746904310606,0.024834231601757184,0.0,0.0,-38.732180475989686,1498.1833454581354,66.91047652403735,68.3,25.76815369188484,0.3851138869505394,39.9,19.950000000000003,-0.4075864987900467,-0.4421918708714596,102216.0,12.096033168534978,118,attack,1
850.7540230334553,750.0,2105.757957574281,2.4751666175682296,0.0,0.0,45.751123559097636,3748.9752153018676,1.2109672878008721,1.0,4.166194934101387,3.4403860253460983,0.0,0.0,30.16243101633503,1273.1938601141387,67.22935300161619,68.9,26.31341092280839,0.391397652185881,39.849999999999994,19.924999999999997,-0.47867478570203936,-0.330556314275241,749.5200718302298,750.0,18.607400168856344,0.024825752996073223,0.0,0.0,-38.74546606964138,1499.2126574409886,67.80994190197094,69.3,25.937665245871923,0.38250534535730113,39.95,19.950000000000003,-0.43001465903969477,-0.3944811073018326,102286.0,12.098534946768886,119,attack,1
851.7335736906211,750.0,2116.9296219952826,2.4854363939447386,0.0,0.0,45.86594107045438,3772.898053336978,1.212667478684531,1.0,4.19186792601599,3.4567331933096908,0.0,0.0,30.22311396759496,1278.5753838775447,67.95906330341649,69.75,26.654531462131743,0.3922145210143258,40.0,20.0,-0.5081956064357289,-0.2793416820764629,749.521656678847,750.0,18.576681326083143,0.02478471590587119,0.0,0.0,-38.8097458353385,1504.1978682595259,68.5492365063581,70.15,26.267412879841608,0.3831904513977372,40.050000000000004,20.049999999999997,-0.46116519109846005,-0.3368066465339714,102625.0,12.108378145452438,120,attack,1
851.5420779069088,750.0,2134.1020821919915,2.506161630248051,0.0,0.0,45.90626001423256,3772.9163306326295,1.2118495590725924,1.0,4.209176281255057,3.473348857325382,0.0,0.0,30.378693866461937,1293.0739869171728,68.8175132757159,70.7,26.87720609516356,0.3905576475494052,40.05,20.0,-0.532521563058741,-0.2313689581948788,749.5292099022965,750.0,18.429520357012187,0.02458812827243188,0.0,0.0,-39.12043243168362,1528.4097512457347,69.40210343135938,71.1,26.498896698167346,0.38181691026663905,40.10000000000001,20.05000000000001,-0.4874403818563067,-0.2862692848297441,102738.0,12.115926846719873,121,attack,1
819.4986235542456,750.0,1544.229292482867,1.8843586164738066,0.0,0.0,39.46190652985072,1855.8469075376684,1.0926741957763058,1.0,2.0589697793647725,1.8843400780613735,0.0,0.0,39.4620442985596,1855.855616466178,69.70559404426696,71.7,27.07280841550415,0.3883878874672727,40.05,20.0,-0.556315769828624,-0.1799737804467858,749.9929767220164,750.0,2.2518342251998265,0.0030024737498768137,0.0,0.0,-320.6212719233204,102796.00000972768,70.13946410944448,71.95,26.737744676216188,0.3812082828932803,40.15,20.050000000000004,-0.5219233716467558,-0.2282367424758509,102801.0,12.121709408381417,122,attack,1
806.2169409844348,750.0,1250.6429393100645,1.551248647520308,0.0,0.0,41.1303624991572,1949.1424663573896,1.0756106566137464,1.0,1.6673169938002088,1.5501120071172232,0.0,0.0,41.144662018937844,1950.0470171049926,70.56798573136152,72.65,27.282638060457423,0.38661494695791765,40.1,20.049999999999997,-0.5779212038943874,-0.13686364379862814,749.522978566293,750.0,18.552140730608293,0.024751930576024914,0.0,0.0,-38.865916747977586,1508.5594846607246,70.97589894212123,72.9,26.948808525146067,0.37968956965408823,40.2,20.099999999999994,-0.5453902160857876,-0.18383102340199597,102922.0,12.125104679457948,123,attack,1
797.168075956003,750.0,1034.7970470617772,1.2980914292394334,0.0,0.0,45.40214432853599,2406.777501892011,1.0641898123428506,1.0,1.3797433668736534,1.2965199918951495,0.0,0.0,45.398503310206074,2406.5091237219303,71.44407428122321,73.6,27.491024147473695,0.3847908230885823,40.125,20.05000000000001,-0.6006349741833403,-0.09042225791619929,749.523372198006,750.0,18.544489720077568,0.024741709742412892,0.0,0.0,-38.88199434333079,1509.8094841148084,71.83139742944654,73.85,27.16149854927349,0.37812849981029206,40.2,20.10000000000001,-0.5695589974926287,-0.136789946729321,103007.0,12.128743623173694,124,attack,1
795.6376051440449,750.0,985.5199395479796,1.2386542983593112,0.0,0.0,45.43424795802031,2384.1392152636527,1.0627950346756805,1.0,1.3148389652590213,1.2371519647344362,0.0,0.0,45.3485736143703,2377.981764013481,72.42176898214451,74.6,27.5805390532251,0.3808321647048561,40.137499999999996,20.05000000000001,-0.616821130688516,-0.04843039155556861,749.5231268333431,750.0,18.549259238827922,0.02474808124626735,0.0,0.0,-38.87197027023961,1509.0300726903913,72.8083633026303,74.85,27.24674302011041,0.37422545685937825,40.2,20.099999999999994,-0.585019945793421,-0.09839879183025468,102954.0,12.124696636174436,125,attack,1
794.2082622187743,750.0,944.5476831943316,1.1892947078585598,0.0,0.0,47.481252069068844,2629.3260504604955,1.0615302560124127,1.0,1.2616201184084752,1.1884919070961675,0.0,0.0,47.23479685152554,2610.4617054868086,73.24968734141736,75.55,27.836308285747272,0.38001948262252677,40.2,20.10000000000001,-0.640408653808252,-0.0028704702464490417,749.5238944918541,750.0,18.534333018115774,0.024728141630069415,0.0,0.0,-38.90335779976241,1511.4712480963342,73.63214888241853,75.8,27.500655071832302,0.3734870635888606,40.25000000000001,20.15,-0.6092619447651881,-0.05202800756218595,103120.0,12.130370472402106,126,attack,1
790.609718859099,750.0,869.8389584483313,1.1002128328292817,0.0,0.0,51.164717097237805,3102.0596927864235,1.0573854187939435,1.0,1.1643051435712173,1.1011170788596902,0.0,0.0,50.59322278457276,3053.6824806811187,74.35743152116964,76.65,27.81857974693253,0.37411969695339126,40.1,20.050000000000004,-0.6572481232678056,0.05441976827766437,749.5225564275364,750.0,18.560342317796866,0.024762886931997588,0.0,0.0,-38.84869688872534,1507.2212499520595,74.72202882113369,76.9,27.498516168420277,0.3680108343182841,40.150000000000006,20.099999999999994,-0.6255419033991123,-0.002129515509893487,102831.0,12.123587374446547,127,attack,1
791.3097682747613,750.0,871.58149834298,1.1014416013633064,0.0,0.0,51.88722170392156,3180.7915993233964,1.0589677959338595,1.0,1.1692922012376883,1.1041810768254179,0.0,0.0,50.98487958861429,3102.8795407820944,75.3455726205593,77.7,27.914521749670477,0.3704865565259973,40.1,20.049999999999997,-0.6766772397848755,0.10894481525433841,749.5221846989324,750.0,18.567561496031033,0.024772530920468005,0.0,0.0,-38.833552243895575,1506.0447798793664,75.71288120445543,77.95,27.581950354512323,0.3642966680931068,40.15,20.050000000000004,-0.6433699204579203,0.047615143459661,102751.0,12.116496311411225,128,attack,1
790.6915605901359,750.0,822.6294248213921,1.0403923170843248,0.0,0.0,52.64872873251826,3295.875587212948,1.0587897543695746,1.0,1.1078946365298354,1.0463783125569617,0.0,0.0,51.19346412466027,3166.0497204156195,76.27433444685275,78.7,28.073445716636034,0.3680588748525541,40.1,20.050000000000004,-0.6989795409498609,0.16647233487326796,749.5222079489275,750.0,18.567110050576968,0.024771927841052217,0.0,0.0,-38.834498957227254,1506.1183092588851,76.64282110599868,78.9,27.733889758341753,0.3618589367944218,40.15,20.050000000000004,-0.6647212836761915,0.10130283878471324,102756.0,12.11289011743112,129,attack,1
789.5757262724995,750.0,781.6677912051507,0.9899845767743123,0.0,0.0,55.07447660288709,3667.496760583864,1.057955619658328,1.0,1.0581429458327072,1.0001770643029806,0.0,0.0,52.82513859357717,3452.126368349139,77.2990955522659,79.75,28.1423865923109,0.3640713567377044,40.099999999999994,20.049999999999997,-0.7199131667180116,0.23187771662892454,749.5215421048015,750.0,18.580034401900694,0.02478919331621125,0.0,0.0,-38.80741384073229,1504.0153690058598,77.66405164009433,79.95,27.799034609332153,0.3579395360179845,40.05,20.049999999999997,-0.6846268705656919,0.16166191014558784,102613.0,12.106527888546715,130,attack,1
789.5420015822012,750.0,775.0541980905922,0.9816503701353744,0.0,0.0,56.27155583245765,3823.2822329464075,1.0585707449042379,1.0,1.0544454891365853,0.9961029947336909,0.0,0.0,53.275935050592636,3528.5107324022883,78.38276933118125,80.85,28.142541077047078,0.35903989253224516,39.949999999999996,19.999999999999993,-0.7380264619176498,0.29812623210264855,749.5204953657131,750.0,18.600333901863944,0.02481631125081949,0.0,0.0,-38.76494876574074,1500.7212528105044,78.74631452376721,81.05,27.792084844274733,0.35293188020737815,40.0,20.0,-0.7004460317188148,0.21870562570338725,102389.0,12.096231012206903,131,attack,1
788.6371894516337,750.0,745.885551072385,0.9457904864859653,0.0,0.0,57.061043353636364,3985.1000511483876,1.0580277609193602,1.0,1.0222184276581734,0.9661546373508473,0.0,0.0,53.032060377667236,3573.7017592123534,79.475232252803,81.9,28.132444117636204,0.3539775011685355,39.89999999999999,19.950000000000003,-0.7561870510173991,0.3679329628795225,749.5194111082833,750.0,18.62133760331555,0.02484437004210598,0.0,0.0,-38.72110788046638,1497.3241954907157,79.8388014042268,82.15,27.7741415677162,0.34787773713053,39.89999999999999,19.94999999999999,-0.7164298439361276,0.2797240908004519,102158.0,12.087789362580844,132,attack,1
788.738144977001,750.0,738.7056976127992,0.9365664667255814,0.0,0.0,57.679056620123966,4127.10948147006,1.0588264140210473,1.0,1.0194755141898875,0.9628353625201708,0.0,0.0,52.69154838072077,3601.545894873284,80.57173728831108,83.0,28.08224344094881,0.34853714697080057,39.85000000000001,19.900000000000006,-0.7673263235136693,0.4214581560684181,749.5184825570561,750.0,18.639306176937367,0.0248683743105941,0.0,0.0,-38.683680512006376,1494.4271379549823,80.94196875257207,83.2,27.705369864032686,0.34228682957692824,39.85000000000001,19.900000000000006,-0.7234907690281674,0.31916922026231953,101961.0,12.076165793343327,133,attack,1
789.6253266529128,750.0,751.3517468907819,0.9515294425466745,0.0,0.0,57.61889549085773,4131.712918775385,1.0606739365360054,1.0,1.0428734372256625,0.9832177460978474,0.0,0.0,51.92290816500429,3526.629431338912,81.63529867795528,84.05,28.094609714520676,0.3441478155834483,39.8,19.89999999999999,-0.7857637803993196,0.49348231012071864,749.5176736418116,750.0,18.65494550772639,0.024889267009654846,0.0,0.0,-38.651163413208025,1491.9124331945093,82.01600659452797,84.3,27.689764065895915,0.33761414650177995,39.75,19.89999999999999,-0.7377645301131505,0.37951390589601663,101790.0,12.065681993994554,134,attack,1
790.8202364974087,750.0,760.7328950045148,0.961954259508896,0.0,0.0,56.83377495113285,4040.397344141405,1.0628961625503317,1.0,1.06233106008649,0.9994683370927919,0.0,0.0,50.50984199351057,3369.3185719950698,82.33492402188942,84.95,28.555481793017737,0.34682101346721383,39.849999999999994,19.950000000000003,-0.8270325207527486,0.5786398307962095,749.5190109039609,750.0,18.62908416508252,0.024854718685006837,0.0,0.0,-38.70496345490787,1496.0741960457528,82.7256557424882,85.2,28.14505096617678,0.3402215517491677,39.849999999999994,19.950000000000003,-0.7822645851155815,0.47764005057325676,102073.0,12.076897374457005,135,attack,1
791.3138052405162,750.0,753.7774398221115,0.9525645007456989,0.0,0.0,58.046032654947,4274.478585823102,1.0641865467344545,1.0,1.0615843972783607,0.9975547995188638,0.0,0.0,50.581881966760115,3450.229495848531,83.12029252261586,85.85,28.88451337980563,0.3475025472503789,39.94999999999999,20.0,-0.8542323203678837,0.6316994464059578,749.5199843566679,750.0,18.610235878888854,0.024829539261534826,0.0,0.0,-38.744268122429965,1499.118312342743,83.51638122581151,86.1,28.46243116553236,0.3408005800511838,39.95,19.950000000000003,-0.8099176940405036,0.533572442386371,102280.0,12.080624969443331,136,attack,1
789.4050630440723,750.0,628.7862330423121,0.7965317965121882,0.0,0.0,52.52393064395847,3655.183725566674,1.0622730998946013,1.0,0.915580373299278,0.861906767092306,0.0,0.0,42.922778077928136,2612.1605440077446,83.90884669902741,86.8,29.21869195689856,0.3482194441511402,40.05,20.0,-0.8816618104154778,0.6846729085289387,749.5208650505524,750.0,18.593167110565336,0.024806737180440328,0.0,0.0,-38.77993059565317,1501.8830170036765,84.31216547621698,87.0,28.779649249119906,0.34134634173567935,40.0,20.0,-0.8376417331158854,0.5902023926671478,102468.0,12.089014548096333,137,attack,1
789.9355230072305,750.0,633.0015712300947,0.80133321365306,0.0,0.0,52.404559094510645,3677.9050664014076,1.063655131253241,1.0,0.9317816519629546,0.8760185746155262,0.0,0.0,41.98494004201059,2528.4566391453477,85.02995415987283,87.9,29.178235412732032,0.343152430235012,39.94999999999999,19.950000000000003,-0.9003815547220363,0.7660930204289049,749.5196415118338,750.0,18.616876327107704,0.024838410224388725,0.0,0.0,-38.730411609050414,1498.044783406466,85.43552852590332,88.1,28.730975389619825,0.3362883789138009,39.89999999999999,19.950000000000003,-0.8541520501571618,0.6624375045387212,102207.0,12.07754414069013,138,attack,1
790.8123871169298,750.0,636.1147308246966,0.80438134403001,0.0,0.0,52.269616968853306,3710.773463466466,1.0654502142947797,1.0,0.9467627168045696,0.8886034317720146,0.0,0.0,41.09008823999515,2454.1723880680406,85.78911898733543,88.8,29.54886282899086,0.34443602146506475,40.0,20.0,-0.9280694309021084,0.8156666269458999,749.5206826191801,750.0,18.596704111223602,0.024811462235088583,0.0,0.0,-38.772535225916336,1501.3094878449233,86.2053541601109,89.05,29.086534690850044,0.3374098392638936,40.0,20.0,-0.8828357782060183,0.7175108730853901,102429.0,12.086944055236769,139,attack,1
789.4401223265418,750.0,591.4647840568889,0.7492205771272379,0.0,0.0,50.831327339638875,3655.2333449344865,1.0642409131637383,1.0,0.906280043284986,0.8515741427294204,0.0,0.0,38.29140006010249,2194.118185843188,86.53198576056562,89.7,29.93879738388494,0.34598532693709033,40.099999999999994,20.049999999999997,-0.9543532614287297,0.8580633510533082,749.521835677276,750.0,18.574337131836916,0.024781582400535327,0.0,0.0,-38.819348773349446,1504.9418391869458,86.94440603592854,89.95,29.484736359322888,0.3391217181602085,40.099999999999994,20.049999999999997,-0.9124008003603744,0.7696249200864602,102676.0,12.098202085650263,140,attack,1
789.3344044558697,750.0,595.2382063327266,0.7541014340342304,0.0,0.0,51.00171008046194,3683.923704254284,1.0647444885876762,1.0,0.9238268052549384,0.8676511737387275,0.0,0.0,37.71648437123216,2121.435228243054,87.44034274345667,90.7,30.14566247154822,0.34475691112045737,40.150000000000006,20.049999999999997,-0.9778356355408047,0.9193674456329801,749.5219287995637,750.0,18.572529570370275,0.024779167702426115,0.0,0.0,-38.82313687358161,1505.235956704853,87.85327033593325,90.9,29.69264499155318,0.3379799622485819,40.10000000000001,20.05000000000001,-0.9367568237210481,0.832205530282002,102696.0,12.099967556261168,141,attack,1
789.6770703611458,750.0,603.7058654359574,0.7644971445857768,0.0,0.0,50.49476258138548,3596.4506919775667,1.065837095267746,1.0,0.9470198490899713,0.8885221327862237,0.0,0.0,36.876264713048066,2006.3116614890462,88.30082028567575,91.65,30.40126636384799,0.3442920039190136,40.150000000000006,20.075000000000003,-1.000206958149108,0.9693015118998378,749.5223381070983,750.0,18.564582564416533,0.02476855141009001,0.0,0.0,-38.83980012544164,1506.5300737842558,88.720536097486,91.9,29.9377965570687,0.33743931082847706,40.150000000000006,20.05000000000001,-0.959465578414397,0.8837748323948329,102784.0,12.105369808869945,142,attack,1
790.3996300623053,750.0,617.6453301112819,0.781434234809288,0.0,0.0,50.26155109769665,3553.812741818135,1.0674552180685357,1.0,0.9768225377164679,0.915094629903014,0.0,0.0,36.359431163363496,1935.634155933577,89.29260744527107,92.65,30.490699668725696,0.3414694736897895,40.150000000000006,20.05000000000001,-1.0173724592258173,1.0259707313151036,749.5220404984424,750.0,18.570361193026958,0.02477627099621702,0.0,0.0,-38.82768210602341,1505.588897726412,89.71515095623054,92.9,30.014316415648313,0.33455125578834993,40.10000000000001,20.05000000000001,-0.9741268728024108,0.9309221460179731,102720.0,12.101880612885973,143,attack,1
791.133601434178,750.0,629.7609056192657,0.7960234585885702,0.0,0.0,49.78133209024978,3483.6009122339233,1.0690149716556034,1.0,1.0039626674176576,0.9391474338874805,0.0,0.0,35.749154110289176,1856.8354627879905,89.8337003634512,93.5,31.127662343866138,0.34650317439812833,40.35000000000001,20.150000000000006,-1.0448973120034228,1.0387828814550923,749.5242405155288,750.0,18.527601050894415,0.024719148560360078,0.0,0.0,-38.917530610162245,1512.5741887929169,90.26617141980716,93.7,30.647387470478822,0.33952240344774215,40.325,20.150000000000006,-1.0060836151004444,0.960801465728574,103195.0,12.119181420247006,144,attack,1
789.2585121020096,750.0,564.0804774846653,0.7146967296967959,0.0,0.0,47.61804936507482,3491.3042372591235,1.0671569482394434,1.0,0.9477029877369028,0.8880633624701489,0.0,0.0,32.86836805334743,1617.3409911860351,90.75972066316535,94.45,31.296958304534975,0.34483312724910997,40.337500000000006,20.150000000000006,-1.0628586509278217,1.0873945225760897,749.5242912233784,750.0,18.526614312404156,0.02471783040168704,0.0,0.0,-38.91960885502928,1512.7359534284733,91.19386432279133,94.7,30.813568871069673,0.33789081206166954,40.3,20.150000000000006,-1.0240445586477216,1.0083237648465744,103206.0,12.122317794310785,145,attack,1
789.5273745615225,750.0,574.8872272189775,0.7281409685614143,0.0,0.0,48.65665132003236,3650.528219489813,1.0681602356634818,1.0,0.9751786898932293,0.9129516877095715,0.0,0.0,33.139860120234246,1641.2029718794042,91.7151151928308,95.45,31.422985800047915,0.34261512656862686,40.35000000000001,20.150000000000006,-1.0782165646477504,1.1329334478325164,749.5242543460145,750.0,18.5273319247612,0.02471878904162605,0.0,0.0,-38.918097415223066,1512.6183064207944,92.15685820959709,95.7,30.920144827135015,0.3355164816579547,40.3,20.150000000000006,-1.0378122637451321,1.049580273186593,103198.0,12.12068593521044,146,attack,1
790.1199969003061,750.0,584.5567162150033,0.739832833630662,0.0,0.0,48.78825104652535,3661.6843997173046,1.069588128172343,1.0,1.0015200141729024,0.9363604436076232,0.0,0.0,32.96612509680741,1607.0059458340372,92.61757079603898,96.45,31.62976131650194,0.3415092951007809,40.3,20.150000000000006,-1.097631636802822,1.1833487054987053,749.5244294625905,750.0,18.523924008523604,0.024714236495006932,0.0,0.0,-38.92527623161255,1513.177129707342,93.07093581922973,96.7,31.10340001592582,0.33419025759381515,40.3,20.150000000000006,-1.0563221673391607,1.0996818525286445,103236.0,12.121210912261185,147,attack,1
790.8729014466109,750.0,592.5156143262245,0.7491919539061653,0.0,0.0,48.732671042209965,3658.1887067417993,1.0712177657361266,1.0,1.0260991918162465,0.9578810440201436,0.0,0.0,32.70973003819658,1567.2314822452772,93.44857015185481,97.4,31.93829551997966,0.34177404178661724,40.349999999999994,20.19999999999999,-1.1202774795041128,1.2320611123676528,749.5249310561711,750.0,18.514159093598913,0.02470119181694227,0.0,0.0,-38.94586075808532,1514.7800701881695,93.90746356084958,97.65,31.402379253693535,0.3343970549619372,40.349999999999994,20.19999999999999,-1.0800528957518005,1.1535468802350852,103345.0,12.122381481346961,148,attack,1
791.190488638454,750.0,596.5081094571766,0.7539374120683593,0.0,0.0,49.12671952312319,3750.1188107429334,1.0722937058874786,1.0,1.0471712612154285,0.9765713026812392,0.0,0.0,32.60959551849151,1552.0824733769186,94.4324528096767,98.45,32.04454415174946,0.33933825923523814,40.349999999999994,20.150000000000006,-1.1375910633292818,1.2898672239258921,749.5246642849536,750.0,18.519353180430453,0.024708130449713636,0.0,0.0,-38.93490887855875,1513.9271293816748,94.89871530036696,98.7,31.49336322135826,0.33186290374614247,40.349999999999994,20.150000000000006,-1.0964006756104034,1.208801853868625,103287.0,12.121066937993007,149,attack,1
791.5332149338612,750.0,612.2892496343899,0.7735483970632254,0.0,0.0,48.729924250734534,3666.1606651265697,1.07343678729826,1.0,1.0807648032559412,1.0068266860651618,0.0,0.0,32.3217318906716,1506.0624481730633,95.56221572714817,99.5,31.996607675991974,0.33482488274810995,40.25,20.150000000000006,-1.1585014428228704,1.3881335684803675,749.5235294688522,750.0,18.541431965240875,0.02473762495272191,0.0,0.0,-38.888423520331735,1510.3094838966924,96.03327499960213,99.8,31.434912086514817,0.3273335423231693,40.25,20.10000000000001,-1.1157408721634698,1.3013506603837843,103041.0,12.112568077525037,150,attack,1
792.5652097868123,750.0,629.2804634299061,0.7939794172887967,0.0,0.0,48.03388777752676,3565.7671859204015,1.0754804982801174,1.0,1.115359029248852,1.0370797341583669,0.0,0.0,31.945061024120783,1460.7779949474218,96.61656306939628,100.55,32.00383483986881,0.3312458425671961,40.2,20.10000000000001,-1.1735207543805684,1.4540507627193229,749.5229414851235,750.0,18.552861313398967,0.02475289318915024,0.0,0.0,-38.864403220084654,1508.441837653327,97.09814765159261,100.85,31.41882302444623,0.32357798561907886,40.150000000000006,20.099999999999994,-1.1280103772424173,1.358464067839483,102914.0,12.105997460462023,151,attack,1
792.6352966386473,750.0,641.4191141314968,0.8092235065124938,0.0,0.0,48.05895909435698,3568.105435614601,1.0762659861493957,1.0,1.1454755716712892,1.064305279933177,0.0,0.0,31.82189995806285,1439.3493701712844,97.75400936012188,101.65,31.941550320359564,0.3267543759017409,40.10000000000001,20.05000000000001,-1.1947290484111721,1.5601811392879457,749.5217937604099,750.0,18.57515070669662,0.02478266924501771,0.0,0.0,-38.8176440076404,1504.809486303902,98.23865035198264,101.95,31.350312949152702,0.3191240192818874,40.05,20.049999999999997,-1.14793734064025,1.4592824804975244,102667.0,12.098990311690722,152,attack,1
793.8572067865204,750.0,656.4116672261282,0.8268636495513314,0.0,0.0,47.84054211284831,3539.579343700698,1.078517783485096,1.0,1.177555900813107,1.0918279873030758,0.0,0.0,31.67144433759159,1418.717308693656,98.57909624575517,102.6,32.25226147761809,0.3271714055606072,40.150000000000006,20.099999999999994,-1.2155868322406211,1.6042692367329225,749.5223752821231,750.0,18.563860615076234,0.024767586969086448,0.0,0.0,-38.84131461204066,1506.6477207915218,99.07558625512686,102.9,31.641770908693715,0.31937000935037463,40.150000000000006,20.05000000000001,-1.1697367886226,1.5099690521872233,102792.0,12.100357076606148,153,attack,1
795.0842795738749,750.0,674.6813460335951,0.8485658229781505,0.0,0.0,47.624079999900154,3506.7266772139383,1.0808389945321104,1.0,1.2137250930264352,1.1229471726747335,0.0,0.0,31.531591693734963,1400.7528509625392,99.67520088899505,103.7,32.23831613685992,0.32343367105688264,40.05,20.049999999999997,-1.2377613178068247,1.7101060821977505,749.5214768175128,750.0,18.581301174017682,0.024790885583311578,0.0,0.0,-38.80476113498788,1503.8094867434645,100.18127212505973,103.95,31.607844824984433,0.31550652287113373,40.099999999999994,20.049999999999997,-1.189799254780939,1.6101116816947005,102599.0,12.090203807114749,154,attack,1
795.4816053186629,750.0,690.9393053543726,0.8685798649958579,0.0,0.0,48.322014952301004,3608.946789945411,1.0819571746547048,1.0,1.2466606819409953,1.1522273812166863,0.0,0.0,31.789713486667033,1424.6257515607851,100.32748116810167,104.55,32.8030625209855,0.3269598931326004,40.2,20.099999999999994,-1.2650907211397444,1.741174101788852,749.5227977411234,750.0,18.555654364991266,0.024756624376087593,0.0,0.0,-38.8585377426859,1507.985955499742,100.84367876650178,104.85,32.169491438356424,0.31900354917478946,40.2,20.099999999999994,-1.222235527360566,1.6623110226213003,102883.0,12.103516191521466,155,attack,1
796.2036333977416,750.0,702.6498917376804,0.882500232684411,0.0,0.0,48.45330410274538,3631.8353627233664,1.0835429026400878,1.0,1.2756003558371827,1.1772495142823978,0.0,0.0,31.764025515278778,1415.853840161098,101.1614861029504,105.5,33.107270377135286,0.32727149088579577,40.25,20.099999999999994,-1.2840207071162093,1.7787417508155032,749.5232888949305,750.0,18.54610914403512,0.024743873097497506,0.0,0.0,-38.878590230974005,1509.5447783479863,101.682062342891,105.8,32.47216456678924,0.3193499799137335,40.2,20.10000000000001,-1.2431832187613738,1.70685472108738,102989.0,12.106627108697307,156,attack,1
796.4702324409204,750.0,717.4855466727084,0.9008315909985113,0.0,0.0,48.66420765011124,3657.306848445449,1.084504584843844,1.0,1.3074229307544167,1.2055485509475006,0.0,0.0,31.80806606800098,1414.3419157778505,101.9197958223459,106.45,33.510719106004835,0.3287949984163686,40.3,20.14999999999999,-1.30377194389595,1.8062747787678433,749.5241067793653,750.0,18.530203208297827,0.02472262471706263,0.0,0.0,-38.912051068918935,1512.147718390155,102.4508538675242,106.75,32.87285555181926,0.3208646322687174,40.28750000000001,20.150000000000006,-1.2658369698191039,1.745003905150269,103166.0,12.116438173466472,157,attack,1
796.1161744458881,750.0,720.6582513156541,0.905217447462672,0.0,0.0,49.60977903675911,3832.0004350411455,1.0846826581861195,1.0,1.3285834239520482,1.2248590995027027,0.0,0.0,32.020690624559286,1434.063430195823,102.85844391454337,107.45,33.70733028425296,0.32770601033258495,40.3,20.14999999999999,-1.3259710395004591,1.877289119134347,749.5239775834319,750.0,18.532716676760806,0.024725982398205358,0.0,0.0,-38.90675974510663,1511.7359538634491,103.38941662850746,107.75,33.07798683924505,0.31993590754166695,40.30000000000001,20.150000000000006,-1.290180837752875,1.8224498710955785,103138.0,12.118455658132293,158,attack,1
795.4452264411427,750.0,716.0873928192315,0.9002346975203287,0.0,0.0,50.297871791444656,4040.048507469982,1.0843301377665788,1.0,1.3410814649122254,1.2367833542600628,0.0,0.0,32.1161864996394,1452.1464946319406,103.33004330305222,108.25,34.514120058563336,0.33401824827788335,40.45,20.25,-1.3486238040992504,1.8590565865903397,749.5260134580666,750.0,18.493069513576064,0.02467301892332612,0.0,0.0,-38.99039185392114,1518.2506569223185,103.86404470242613,108.55,33.9129244940719,0.3265126501787364,40.45000000000002,20.25,-1.320783798981448,1.8303580795755146,103581.0,12.138992608868563,159,attack,1
795.6815805213097,750.0,733.0098592116942,0.9212351739139737,0.0,0.0,51.56545312426241,4300.343032540921,1.0852675040033957,1.0,1.3752502724382585,1.267199347041313,0.0,0.0,32.555997797411905,1514.3970848463812,104.17022611938762,109.25,34.824908102007484,0.33430769423592577,40.5,20.25,-1.3659361882360364,1.8923779981352435,749.5263838243523,750.0,18.485847736467502,0.024663371610944607,0.0,0.0,-39.005664112783194,1519.4418328792617,104.71021400142774,109.55,34.220770586651234,0.3268140640624097,40.500000000000014,20.25,-1.3399250989241587,1.8702294090580827,103662.0,12.146092607289669,160,attack,1
795.8223752085081,750.0,745.2609992573274,0.9364665061874725,0.0,0.0,52.40770913621901,4442.600574774243,1.086083711781551,1.0,1.405100842005192,1.2937316219394757,0.0,0.0,32.79760967285903,1537.2278814461922,105.04732776595033,110.2,35.07459695359456,0.333893281243119,40.499999999999986,20.25,-1.3812942828329202,1.9271717157639383,749.5266167211439,750.0,18.481305029823645,0.024657303179800864,0.0,0.0,-39.01527691246426,1520.1918325562651,105.59166899206464,110.5,34.47120820640314,0.32645765083032924,40.5,20.25,-1.3565641294766544,1.9086953851662978,103713.0,12.150249582242415,161,attack,1
796.5676250096607,750.0,762.564422270366,0.957312848687665,0.0,0.0,52.20982213750004,4410.175929381465,1.087767601823943,1.0,1.440587399762716,1.3243521845541024,0.0,0.0,32.688599938874745,1522.887889262608,106.18968638304354,111.3,34.96640573490759,0.3292825030933612,40.45,20.200000000000003,-1.3955573139618225,2.008439259152704,749.525697503671,750.0,18.49922807825943,0.024681245939761558,0.0,0.0,-38.97737743202012,1517.2359514781517,106.74578331589575,111.6,34.33224375987919,0.3216262290968331,40.400000000000006,20.200000000000017,-1.3679763671842733,1.9824956143498165,103512.0,12.14276148518182,162,attack,1
796.4840142953733,750.0,742.1878781936938,0.9318302249296068,0.0,0.0,50.20591251160583,4348.607041661631,1.0882932483338164,1.0,1.4403826328498817,1.3235243672191446,0.0,0.0,31.751118699304474,1443.5847603749542,107.09702096120958,112.3,35.18933077683807,0.3285743194442692,40.45,20.200000000000003,-1.412686684087216,2.0563421406078124,749.5257799671592,750.0,18.4976209030095,0.024679098968176896,0.0,0.0,-38.98077291750561,1517.5006572461386,107.6606354944847,112.6,34.54280438108318,0.3208489734658195,40.45000000000002,20.200000000000017,-1.385605360766788,2.0334503363522565,103530.0,12.14309752900653,163,attack,1
796.5150331599606,750.0,753.8884484510527,0.9464836406918796,0.0,0.0,50.89153283476869,4493.626579344701,1.0890001740172857,1.0,1.4704783388285947,1.3503012891210555,0.0,0.0,31.927420649081895,1464.011933762527,108.12366927867237,113.3,35.243894607464505,0.3259591062954838,40.400000000000006,20.200000000000003,-1.4287056131220228,2.124089731659886,749.5253581855798,750.0,18.50583975828743,0.02469007826911368,0.0,0.0,-38.96341510512935,1516.147716654621,108.69506648442545,113.6,34.58198539267521,0.3181559799462503,40.400000000000006,20.200000000000017,-1.4009248167435944,2.1000225548116047,103438.0,12.139864254494807,164,attack,1
796.289333475154,750.0,766.9261481180062,0.9631249796741576,0.0,0.0,51.266457020241106,4553.127332908391,1.0893470125801368,1.0,1.5015662476776204,1.378409478648255,0.0,0.0,32.016480948357604,1468.3648956034526,109.06716451332058,114.3,35.426259555568144,0.3248114105986634,40.400000000000006,20.200000000000003,-1.4466019275088164,2.1816976660713756,749.5252618041521,750.0,18.507717337574913,0.024692586468701174,0.0,0.0,-38.95945191168476,1515.8388932588775,109.64009598713946,114.65,34.766835951781154,0.3170996489811467,40.39999999999999,20.19999999999999,-1.4204066026473015,2.1632545583214124,103417.0,12.141787079735183,165,attack,1
796.1216272513249,750.0,781.9507199580461,0.9822000724409347,0.0,0.0,51.68824155645003,4594.903868513805,1.0898204753093,1.0,1.535188701060333,1.408662009790772,0.0,0.0,32.11276521716984,1470.198520180429,110.19460523289234,115.4,35.36537109035185,0.32093559403936706,40.30000000000001,20.150000000000006,-1.4661003615263628,2.282586813746911,749.52434192042,750.0,18.525627731551456,0.024716512453865566,0.0,0.0,-38.92168698892746,1512.8977180640445,110.76919508997548,115.7,34.700343475855355,0.3132670906172876,40.3,20.150000000000006,-1.4394059834844215,2.263174413095669,103217.0,12.137768306064345,166,attack,1
796.4650752746508,750.0,777.3353555077533,0.9759817217844727,0.0,0.0,51.629988342605294,4819.582286205834,1.0909205401949198,1.0,1.550377642079976,1.4211645898636787,0.0,0.0,31.987809961842697,1482.0247119157716,111.13014552119161,116.4,35.535869162231236,0.3197680430955149,40.30000000000001,20.150000000000006,-1.4804984881035046,2.327657818520521,749.5243649609579,750.0,18.52517933780956,0.024715913456361788,0.0,0.0,-38.92263155856569,1512.971247443855,111.7111359874252,116.7,34.8594944715889,0.3120503087132949,40.3,20.150000000000006,-1.4541232070311174,2.310656257351284,103222.0,12.13603168504803,167,attack,1
796.6148282448299,750.0,789.7028849057713,0.9913233559130608,0.0,0.0,51.86932643026278,4875.490438316041,1.0917869712335542,1.0,1.581241698622663,1.44830607095091,0.0,0.0,32.02856867623083,1484.1642942764627,112.13903191749935,117.4,35.62786008341566,0.31771150039557206,40.250000000000014,20.150000000000006,-1.4991389956854702,2.4051849125363782,749.5239914292085,750.0,18.53244732764546,0.024725622581216366,0.0,0.0,-38.90732670707803,1511.780071491308,112.72448373171682,117.75,34.94851098542918,0.3100347841787974,40.30000000000001,20.150000000000006,-1.4736173355157904,2.392279658555739,103141.0,12.135096565205867,168,attack,1
796.9634726650708,750.0,803.5309215958503,1.0082405896330704,0.0,0.0,51.93634091797724,4894.009183492328,1.0928835176337188,1.0,1.6128902641189844,1.475811683582867,0.0,0.0,32.037105238319235,1482.6906930511022,113.02933762948463,118.4,35.868684346272886,0.31733959606002543,40.30000000000001,20.150000000000006,-1.5144173300365849,2.4448656555682984,749.5241851855442,750.0,18.5286776727181,0.024720586792181146,0.0,0.0,-38.915263307363304,1512.3977182814167,113.61642446327402,118.7,35.1941978141802,0.30976329329529784,40.3,20.150000000000006,-1.4906804526363049,2.4376108786026682,103183.0,12.134523685381044,169,attack,1
797.2449566044696,750.0,818.5333745438667,1.0267024805400666,0.0,0.0,51.982779982634625,4904.368400299923,1.0939556919014426,1.0,1.6465569546783052,1.5051404429519144,0.0,0.0,32.02359531873913,1479.1509767895377,114.14357940308922,119.45,35.816103350581464,0.3137811477253544,40.25,20.10000000000001,-1.5340900837419973,2.550783100762197,749.5233675708212,750.0,18.544579676946263,0.02474182991392062,0.0,0.0,-38.88180523379632,1509.7947782388715,114.73716611465353,119.8,35.128671901439866,0.30616645931743514,40.25,20.10000000000001,-1.5096524956512503,2.543024409306418,103006.0,12.129424621532689,170,attack,1
797.9637576193578,750.0,833.0418095594197,1.0439594550568483,0.0,0.0,52.28158589122607,4951.224979244447,1.0956028892799161,1.0,1.6796623405791333,1.5330941137651524,0.0,0.0,32.085007265215054,1482.4193313353423,115.22537598390294,120.5,35.802542294466456,0.3107175132973148,40.14999999999999,20.099999999999994,-1.5527873298190256,2.6469886451219287,749.5227049570789,750.0,18.557457003347345,0.024759032489095886,0.0,0.0,-38.85475309381548,1507.6918379813628,115.82657328141318,120.85,35.100221510980624,0.30304118059075136,40.19999999999999,20.099999999999994,-1.5276151997099001,2.638477682111871,102863.0,12.122902842219045,171,attack,1
799.1093876200578,750.0,847.0580705969905,1.0600026526027126,0.0,0.0,52.07236584196313,4950.073472400918,1.097807576656968,1.0,1.712157264687512,1.5596150920194551,0.0,0.0,32.00253382792627,1476.4459866132488,116.26701237189992,121.55,35.84097622239345,0.30826436055439316,40.150000000000006,20.049999999999997,-1.570727384212522,2.732865035932199,749.5222404951198,750.0,18.56647808225817,0.02477108360386146,0.0,0.0,-38.83582431712014,1506.2212503902197,116.87688888706053,121.9,35.11990862801869,0.30048634047707634,40.14999999999999,20.05000000000001,-1.5448453945640745,2.724242657197326,102763.0,12.115284933527976,172,attack,1
799.8524064379649,750.0,862.9950033021063,1.0789428103934056,0.0,0.0,52.22568828037228,4974.914292030777,1.0995037970734751,1.0,1.7467804994703633,1.5886989241144325,0.0,0.0,32.02347639090562,1477.241582526763,117.38333595439641,122.65,35.79994954163777,0.3049832350611172,40.05000000000001,20.049999999999983,-1.5943720823601382,2.861714334113983,749.5213835190439,750.0,18.58311129801711,0.024793303709052816,0.0,0.0,-38.80097124075374,1503.5153692257984,118.00221421594092,122.95,35.05961036433467,0.29710976694197033,40.099999999999994,20.049999999999997,-1.5676744111506877,2.854035833659286,102579.0,12.108235754099159,173,attack,1
800.6169171686454,750.0,881.2456909265765,1.1007083063434033,0.0,0.0,52.0898439254904,4939.7436929113765,1.1011657601809073,1.0,1.7824957434054691,1.6187351694558938,0.0,0.0,31.989357036152736,1472.0706128514869,118.27688788829197,123.6,36.070258137657525,0.3049645520917368,40.05000000000001,20.049999999999997,-1.6157551970295967,2.9291878472755606,749.5214534963059,750.0,18.58175365542755,0.02479149004841545,0.0,0.0,-38.80381369613099,1503.7359573640433,118.90505133066263,123.95,35.32846025868379,0.2971148816919392,40.099999999999994,20.049999999999997,-1.5916091638004544,2.9327696740591573,102594.0,12.108568090467006,174,attack,1
801.523093866651,750.0,897.8607436746569,1.120193230295163,0.0,0.0,52.009724455863385,4920.60877799342,1.1030184302603239,1.0,1.816797283074797,1.6471141671186889,0.0,0.0,31.964989317249326,1467.6831667692536,119.20066066723795,124.6,36.26726015277456,0.30425385186428366,40.10000000000001,20.049999999999997,-1.631582285191414,2.9812987849217603,749.5214954728419,750.0,18.580939212688353,0.02479040204306137,0.0,0.0,-38.8055190694185,1503.868310247003,119.84212054550063,124.95,35.5062168584371,0.2962749382005169,40.099999999999994,20.049999999999997,-1.6078610824387478,2.988866693550123,102603.0,12.108723218788054,175,attack,1
802.3750667819363,750.0,912.4587803233669,1.1371973259126062,0.0,0.0,52.44002746567846,5020.6642339997525,1.1046849349665362,1.0,1.8476217641432326,1.6725327789495037,0.0,0.0,32.112869625101986,1486.8554888299345,119.73342653548865,125.45,37.04322989553089,0.30938085518292074,40.224999999999994,20.10000000000001,-1.6449046404359584,2.9313475779229865,749.5230944078021,750.0,18.54988945042621,0.024748923133692726,0.0,0.0,-38.87064614280153,1508.9271315588912,120.38388562272822,125.8,36.28711482095977,0.30142834012419384,40.2,20.10000000000001,-1.6264850690349157,2.958277827810967,102947.0,12.122663960871172,176,attack,1
803.0688889104473,750.0,923.5398098618663,1.1500131839434924,0.0,0.0,52.58039730969265,5074.94259118554,1.1062098002502934,1.0,1.876407080390255,1.6962488308869577,0.0,0.0,32.145486806426796,1490.5486223842483,120.49639779963287,126.4,37.50253000895295,0.31123361937602434,40.250000000000014,20.150000000000006,-1.6620134280663046,2.9535296043314405,749.5237051193744,750.0,18.5380162638382,0.02473306199286346,0.0,0.0,-38.895607813511546,1510.8683071824994,121.15777725222404,126.75,36.73738253947283,0.30321935060754396,40.25,20.150000000000006,-1.6464566099923248,2.993559634599544,103079.0,12.126206337134139,177,attack,1
802.6831868355509,750.0,934.7253864030257,1.1645010157594429,0.0,0.0,52.87670248846113,5137.01276802227,1.1063021504646904,1.0,1.905429233771695,1.7223407122288787,0.0,0.0,32.22043364459875,1495.6016807171704,121.2771866425811,127.35,37.946165818461175,0.31288791296167867,40.3,20.150000000000006,-1.6789257168326177,2.976034259557906,749.5242036303023,750.0,18.528318777923317,0.024720107353680982,0.0,0.0,-38.916019089640315,1512.4565417852484,121.93755690628667,127.7,37.20009737068384,0.3050749770169123,40.3,20.150000000000006,-1.667306127986792,3.0288734142340488,103187.0,12.133763205091393,178,attack,1
803.0691198888525,750.0,945.8828920874544,1.177834969197132,0.0,0.0,53.074563915346644,5188.711308700728,1.107297917912896,1.0,1.9325197775567227,1.745257302749432,0.0,0.0,32.302840159820285,1502.7777360197138,121.66034362060135,128.2,38.92081867135542,0.3199137657602733,40.499999999999986,20.249999999999986,-1.6828164056622694,2.868266933506135,749.5263107114602,750.0,18.487273589788337,0.024665276355996062,0.0,0.0,-39.002647844255534,1519.2065388630106,122.3264432388708,128.55,38.19668466175387,0.31225206627782,40.500000000000014,20.25,-1.6770456019166338,2.938220209914462,103646.0,12.152244448565504,179,attack,1
803.5463001260064,750.0,955.7247537997936,1.1893835534429362,0.0,0.0,53.38777023572931,5267.585147813729,1.1084616642459337,1.0,1.9591722286548225,1.767469540759997,0.0,0.0,32.39940904435321,1511.694883091938,122.21349737654694,129.05,39.6319062205908,0.32428419995610286,40.599999999999994,20.30000000000001,-1.684951614515273,2.7923472693110565,749.5277550667064,750.0,18.459085203794366,0.024627620630474915,0.0,0.0,-39.06236425980612,1523.8683015657778,122.89213957293462,129.4,38.9052659476162,0.3165805891476608,40.599999999999994,20.30000000000001,-1.6823942237551968,2.872353680048195,103963.0,12.165777076972912,180,attack,1
803.454536704621,750.0,970.3519991811385,1.2077248367543603,0.0,0.0,53.32844959727925,5263.0873386814255,1.1090021848561555,1.0,1.9920594417898985,1.7962628649359071,0.0,0.0,32.37012264041684,1507.4582571233852,123.21322206921243,130.1,39.7370818013938,0.3225066363338208,40.55,20.299999999999997,-1.6997467223060447,2.8523763350225986,749.5274550757,750.0,18.464943450743043,0.02463544640786793,0.0,0.0,-39.04993871629671,1522.8977137465286,123.89207774992542,130.45,39.01417609266777,0.31490452659464946,40.599999999999994,20.299999999999983,-1.6975766319259233,2.932483156175606,103897.0,12.165037702142413,181,attack,1
804.738313808335,750.0,980.9590385061376,1.2189789173375598,0.0,0.0,53.44447229062026,5317.89989426172,1.1112636835029768,1.0,2.019712218782459,1.817491427791313,0.0,0.0,32.40865304993771,1512.4516972776973,123.8503067224349,131.0,40.3287555324703,0.3256249952037054,40.650000000000006,20.349999999999994,-1.703212673200511,2.802975439627187,749.528557710774,750.0,18.44340193644143,0.024606670081753334,0.0,0.0,-39.095667811524834,1526.4712416290988,124.54090593073748,131.35,39.603038221016675,0.3179922124786985,40.69999999999999,20.349999999999994,-1.7033431588158192,2.8901400164145725,104140.0,12.171934366255805,182,attack,1
805.1809839775244,750.0,994.2481464861604,1.2348132485378138,0.0,0.0,53.89398313348528,5426.760114835652,1.1124353971100094,1.0,2.050193293897662,1.8429773982595747,0.0,0.0,32.5360991797441,1529.1602914350779,124.6042284832602,131.9,40.7471006346209,0.3270121819348612,40.750000000000014,20.35000000000001,-1.7071422029608767,2.7766517916311706,749.5292402987794,750.0,18.430053976724988,0.024588839215103,0.0,0.0,-39.124056907710205,1528.6918289177452,125.29854959876693,132.3,40.03137204817002,0.3194879124807042,40.75,20.35000000000001,-1.709356571172467,2.8686089543101927,104291.0,12.17852302951262,183,attack,1
805.2835674143764,750.0,1009.561262611385,1.2536717542280271,0.0,0.0,53.82708862232916,5428.383297412287,1.1134192540895902,1.0,2.0865037281394687,1.8739605233839258,0.0,0.0,32.4590609710836,1521.5231372118876,126.18638683392626,133.15,40.056535943013984,0.31743943976882655,40.55000000000001,20.25,-1.739896669633289,3.01529664655793,749.5267353647133,750.0,18.478990428644522,0.02465421119321755,0.0,0.0,-39.02017664405045,1520.5741853329,126.88432915794446,133.5,39.31679469627393,0.30986328222875137,40.5,20.25,-1.739686564179761,3.1047676878541983,103739.0,12.159746270634061,184,attack,1
805.608984480302,750.0,1020.1380907225754,1.2662943318347748,0.0,0.0,54.08305398046855,5495.084058647791,1.1144433319212848,1.0,2.1148035190410606,1.897632170668713,0.0,0.0,32.524224963217456,1527.3160858505046,126.96456463536904,134.1,40.46028018666955,0.31867379928303524,40.55,20.299999999999997,-1.7465264561423792,3.00234450322431,749.5273231409096,750.0,18.467519293346836,0.02463888736698526,0.0,0.0,-39.044477757312464,1522.4712433412665,127.66871821315517,134.45,39.71552838599503,0.3110826907472051,40.599999999999994,20.299999999999983,-1.7476634270579228,3.0960861127356996,103868.0,12.165456537135784,185,attack,1
805.6869008967224,750.0,1033.6695412080849,1.2829667952372314,0.0,0.0,54.57632928310852,5615.671198372191,1.1153370439084724,1.0,2.148723340067957,1.9265237820293244,0.0,0.0,32.60820030145697,1539.8288985624936,128.34010105822077,135.25,40.06091506918493,0.31214651335681526,40.44999999999999,20.200000000000003,-1.7754915952343109,3.19516160959353,749.5255875077304,750.0,18.501371630391493,0.024684109440360733,0.0,0.0,-38.97284965786091,1516.8830104542299,129.04487649990338,135.6,39.30424718685408,0.30457813012733986,40.400000000000006,20.200000000000017,-1.7756998464574496,3.290471979796809,103488.0,12.15370695768339,186,attack,1
805.4627810479591,750.0,1040.459812970267,1.2917540542550725,0.0,0.0,55.28316632053703,5763.526667252662,1.1156228891247708,1.0,2.173752805564154,1.9484655852386714,0.0,0.0,32.78062009087631,1554.5248619570264,129.10848570169716,136.15,40.47074665406096,0.3134631037929443,40.45,20.25,-1.7808970814968954,3.175907227876311,749.5262375759916,750.0,18.488699773097316,0.024667181542424414,0.0,0.0,-38.99963134244723,1518.9712448467924,129.8183408427386,136.55,39.71363610657916,0.3059169902247333,40.500000000000014,20.25,-1.7823116094470564,3.2736595396793957,103630.0,12.158753676347072,187,attack,1
805.7033050010649,750.0,1053.125807625832,1.3070888515524213,0.0,0.0,55.43330037896827,5808.8820223428165,1.1167205560611049,1.0,2.20676474672864,1.9761118703790475,0.0,0.0,32.77466070015529,1553.5944654574055,130.43920471329142,137.3,40.11378169320906,0.30752856690118696,40.349999999999994,20.19999999999999,-1.807661987415338,3.357775329261364,749.524714902515,750.0,18.518367759072074,0.024706814052796934,0.0,0.0,-38.93698619586981,1514.0888940173568,131.1569095505528,137.65,39.33141469959289,0.29988061501581115,40.349999999999994,20.19999999999999,-1.8077172145733889,3.456677320366782,103298.0,12.146625441623993,188,attack,1
807.132696236481,750.0,1067.4238213094347,1.3224886394599622,0.0,0.0,55.24706443601703,5801.424548418109,1.1192765368267155,1.0,2.2391761740316505,2.0005566992228623,0.0,0.0,32.719798370530185,1549.8963774731278,131.3747168945865,138.3,40.332812593661366,0.3070058954039378,40.29999999999998,20.150000000000006,-1.8240091752145116,3.416371289452904,749.5246366708301,750.0,18.51989074929907,0.02470884857308897,0.0,0.0,-38.93377574967336,1513.8388941258534,132.09994375745782,138.7,39.5390597074172,0.29931170735403884,40.349999999999994,20.150000000000006,-1.8251145537317957,3.5216432959404607,103281.0,12.143948976702047,189,attack,1
808.0071182660137,750.0,1080.7505044463906,1.337550722035327,0.0,0.0,55.26007190938064,5822.933825042676,1.1211559908839646,1.0,2.2717639811719623,2.0262693145677364,0.0,0.0,32.69841138775201,1548.0271544431475,132.5125785312353,139.35,40.23872569054966,0.3036596686635658,40.25,20.14999999999999,-1.8441977910393306,3.536350357601739,749.523871405712,750.0,18.534782076884195,0.024728741517094987,0.0,0.0,-38.90241276214867,1511.3977187165876,133.24925261179266,139.75,39.414610275379566,0.295796107691574,40.30000000000001,20.150000000000006,-1.844405800069408,3.643880480080494,103115.0,12.133902964869288,190,attack,1
808.373487893439,750.0,1091.7378343008515,1.3505364174496108,0.0,0.0,55.49959892798223,5889.965593777477,1.1223374303411584,1.0,2.3020776325707826,2.0511457341942316,0.0,0.0,32.73430544846449,1551.4171837072288,133.57741667356945,140.4,40.25061428610432,0.30132798858108617,40.2,20.10000000000001,-1.863134231567404,3.6379523800053803,749.5233490611832,750.0,18.544939517512546,0.024742310617462474,0.0,0.0,-38.88104878646061,1509.7359547351298,134.32574453273725,140.8,39.40936620914958,0.29338654586459345,40.25,20.10000000000001,-1.8637859367109868,3.751454039211165,103002.0,12.127985009053157,191,attack,1
808.7360537592521,750.0,1104.1940993075216,1.3653330949880254,0.0,0.0,55.61762556383508,5934.839912176169,1.1236073237241917,1.0,2.3350932440040477,2.078211128300936,0.0,0.0,32.72117299042543,1550.4332286931685,134.9317859279457,141.55,39.8077505059641,0.29502129711098357,40.14999999999999,20.05000000000001,-1.8865279844563527,3.824362459390846,749.5218543046358,750.0,18.573975577322827,0.02478109940443927,0.0,0.0,-38.82010642296749,1505.000662690523,135.69161126452084,141.9,38.92431446145769,0.28685866501782187,40.099999999999994,20.05000000000001,-1.883959614549755,3.9331170777870357,102680.0,12.115612446311697,192,attack,1
809.2461949213649,750.0,1116.9770103919725,1.380268473799262,0.0,0.0,56.49458037590078,6147.648142402999,1.1249585874924484,1.0,2.36659647129178,2.1037187480536184,0.0,0.0,32.92619789772445,1579.4483116543463,135.9215914940083,142.55,39.94268783880811,0.29386565739681514,40.099999999999994,20.049999999999983,-1.9050225222877475,3.9083217520290408,749.5216027127628,750.0,18.578858345463217,0.024787622235597048,0.0,0.0,-38.8098769051435,1504.206545392391,136.6873061143375,142.95,39.050955827089496,0.28569555533140567,40.099999999999994,20.049999999999983,-1.9032374012691649,4.022308035094637,102626.0,12.114409810814887,193,attack,1
810.1556334599279,750.0,1124.6397634847021,1.3881774279365413,0.0,0.0,56.9985905104431,6275.32760240526,1.1267893660531698,1.0,2.392988106458338,2.12372265709279,0.0,0.0,33.03516462202694,1590.125736871899,136.76749522077026,143.5,40.278093822480294,0.2945004860801417,40.10000000000001,20.05000000000001,-1.9168880350993598,3.9301649904264,749.5219008666861,750.0,18.573071783400007,0.024779892037742484,0.0,0.0,-38.82200048232287,1505.147721449477,137.5479796548155,143.9,39.363658317587884,0.2861812904585966,40.099999999999994,20.05000000000001,-1.9162340900157264,4.0512876435421346,102690.0,12.113956721384804,194,attack,1
810.9286612898507,750.0,1140.275589644522,1.4061355136107991,0.0,0.0,56.80307881236725,6247.979042811773,1.1285364592984133,1.0,2.427589500047618,2.1510953235456816,0.0,0.0,32.9702370395043,1583.7426621153413,137.89397131339376,144.6,40.19365416031009,0.2914823162860496,40.05,20.049999999999997,-1.93729580634996,4.055229355313289,749.5211968129199,750.0,18.586733133604444,0.02479814208409063,0.0,0.0,-38.793390341533964,1502.9271341906197,138.68685393194787,144.95,39.24443488620104,0.28297155623313697,40.05,20.049999999999983,-1.93531034186458,4.177516252936832,102539.0,12.107659371537983,195,attack,1
811.8194843527043,750.0,1155.474118098411,1.423314099217163,0.0,0.0,57.11968634291123,6331.148029375592,1.1304755761449599,1.0,2.4623678144829473,2.1781698485515975,0.0,0.0,33.02226329879891,1592.9193358393677,139.11209131701725,145.65,39.96945895590893,0.28731836735042715,39.95,20.0,-1.9614288771509558,4.223706835254302,749.5201626302312,750.0,18.60678201816795,0.024824925260012565,0.0,0.0,-38.75147914112323,1499.6771356249094,139.91875823613637,146.05,38.97845856453754,0.27857922022688947,40.000000000000014,20.0,-1.9573331631413493,4.346367693517316,102318.0,12.098768784079882,196,attack,1
811.763857072932,750.0,1163.989353908925,1.4339014280656102,0.0,0.0,57.65129538791001,6452.153257768901,1.1311306901615272,1.0,2.4912662016280627,2.2024565536916922,0.0,0.0,33.11328473143267,1600.391280890211,140.25381097812473,146.7,39.88133354384133,0.28435115784526943,39.9375,19.950000000000017,-1.9867168422940775,4.3823250539908845,749.5193734703867,750.0,18.622066279547077,0.024845343481015213,0.0,0.0,-38.71958869208312,1497.206548484091,141.0660818741361,147.1,38.8712367621538,0.27555338778627186,39.900000000000006,19.950000000000017,-1.9824126396281212,4.511365342143897,102150.0,12.092444162326101,197,attack,1
812.469891894536,750.0,1174.0675858532056,1.4450598078354484,0.0,0.0,57.99688421957792,6531.197052667534,1.1326908966394365,1.0,2.519738278029186,2.224559485297321,0.0,0.0,33.18814209302505,1606.3381850199373,141.09897290802917,147.7,40.22785274234184,0.2851037956779676,39.900000000000006,19.950000000000017,-1.9989046376841795,4.402923835136455,749.5196791077631,750.0,18.616148259926376,0.024837437600153816,0.0,0.0,-38.73193037292545,1498.1624304131462,141.9198268164066,148.1,39.209667937845175,0.2762804099850575,39.900000000000006,19.950000000000017,-1.9967989624827844,4.542366298523686,102215.0,12.092981036444224,198,attack,1
812.8529720502684,750.0,1186.5328097757128,1.4597139342222094,0.0,0.0,58.2512411970634,6581.506624429724,1.1339899738063237,1.0,2.5528580861017787,2.2512175107976624,0.0,0.0,33.20882127660263,1606.2875942686778,142.38345553784538,148.8,39.927403444151835,0.28042164936458625,39.79999999999998,19.900000000000006,-2.031446594239626,4.637067357075303,749.5183502889153,750.0,18.641864310175325,0.02487179173530506,0.0,0.0,-38.67835794643488,1494.0153734325418,143.2113954233173,149.2,38.88648085180477,0.2715320295348046,39.79999999999998,19.900000000000006,-2.028581374186839,4.784157515088406,101933.0,12.082537665295389,199,attack,1
812.6063064652047,750.0,1188.9044326015837,1.4630755670273545,0.0,0.0,59.32929139248655,6817.892543184893,1.1342524545828678,1.0,2.574607646626539,2.269871787558419,0.0,0.0,33.439050622403734,1626.4475253527582,143.15487607294745,149.75,40.3879717877714,0.28212781077181676,39.89999999999998,19.94999999999999,-2.040466769744736,4.622420635305568,749.5189213553609,750.0,18.630817071913714,0.024857033679981638,0.0,0.0,-38.70135378000674,1495.794784405242,143.99254441166443,150.15,39.33925888141868,0.2732034428737542,39.849999999999994,19.94999999999999,-2.0401421930097436,4.780031243834233,102054.0,12.085478421358703,200,attack,1
812.6533518786977,750.0,1198.1292756450819,1.4743423784264695,0.0,0.0,59.815465267477826,6919.249688621851,1.1349469106296282,1.0,2.6026506994683944,2.293191580233948,0.0,0.0,33.53814250845988,1633.8842811970044,144.02727883373112,150.75,40.70514260264627,0.2826210627060264,39.89999999999998,19.94999999999999,-2.054606697908753,4.659411610785261,749.5191004192297,750.0,18.62735174170932,0.024852404336714637,0.0,0.0,-38.70857279319805,1496.353607686312,144.87037957170983,151.15,39.659557747764396,0.2737589137614787,39.900000000000006,19.94999999999999,-2.0571179198478697,4.829525921666498,102092.0,12.089311447917137,201,attack,1
812.4517731610572,750.0,1211.5535695624635,1.4912313685384622,0.0,0.0,60.01340887030468,6952.729572551883,1.135451439343361,1.0,2.6363782057619702,2.3218766689719508,0.0,0.0,33.55055612660489,1632.9887960279275,145.27917962215778,151.85,40.426521467891526,0.27826782594059835,39.75,19.900000000000006,-2.082344564276188,4.8640953401399365,749.5179672465931,750.0,18.649270559044066,0.02488168579540991,0.0,0.0,-38.66295639877002,1492.8241974931923,146.12752256365118,152.25,39.363149673509206,0.26937533041637074,39.80000000000001,19.900000000000006,-2.0845205945397964,5.042439915516789,101852.0,12.083491098239298,202,attack,1
813.1079927383347,750.0,1222.299512658902,1.5032437555342648,0.0,0.0,60.68030382818302,7113.580567683173,1.1369510818899955,1.0,2.665556823065263,2.344478021547075,0.0,0.0,33.6958163833167,1650.7190893811517,146.1344736334208,152.8,40.76750916727341,0.2789725665248499,39.79999999999998,19.900000000000006,-2.0951500475574623,4.890387990880417,749.5182179480889,750.0,18.64442349696729,0.0248752105692761,0.0,0.0,-38.67303464832056,1493.6036089102024,146.9914552969825,153.2,39.699760395665514,0.2700820963739413,39.79999999999998,19.900000000000006,-2.099964436083376,5.081316567120297,101905.0,12.082885229849396,203,attack,1
813.1223626206396,750.0,1227.921156374834,1.5101308398619433,0.0,0.0,61.48399562986838,7293.178525879625,1.1376493574072437,1.0,2.691458925075365,2.365807098251544,0.0,0.0,33.84191058739111,1662.9346094129583,147.1281888070709,153.8,40.89961693136702,0.27798627348698396,39.75,19.899999999999977,-2.1143197502018114,4.985353795920794,749.517971979225,750.0,18.649179070049318,0.02488156357452391,0.0,0.0,-38.66314657873804,1492.838903368982,147.98993908286454,154.25,39.829379438606985,0.26913572426234444,39.80000000000001,19.900000000000006,-2.120802150610534,5.186531333976415,101853.0,12.080984751076448,204,attack,1
813.0516685766898,750.0,1236.363086273235,1.520645161995159,0.0,0.0,61.974701304626144,7397.337336775971,1.138079985895213,1.0,2.7172322906286293,2.3875582773659407,0.0,0.0,33.95887195577348,1672.1618653604116,147.7277041731551,154.7,41.63809437846443,0.28185704645933873,39.849999999999994,19.94999999999999,-2.1144696535731144,4.8811075518188725,749.5191051296367,750.0,18.627260574919706,0.02485228254681772,0.0,0.0,-38.708762749048624,1496.3683135621334,148.5953805473245,155.15,40.57985137133988,0.27308958880061585,39.900000000000006,19.94999999999999,-2.1248612534440374,5.091806727764968,102093.0,12.092446686855862,205,attack,1
813.2488455316437,750.0,1246.2172330933881,1.5323934856356307,0.0,0.0,62.54706994269647,7506.837961447118,1.139046031668219,1.0,2.7469836912081464,2.4116529225644916,0.0,0.0,34.057545119620826,1679.0104844950033,148.78962201571855,155.75,41.65758503813292,0.2799764155172872,39.849999999999994,19.900000000000006,-2.1352661131511605,5.002796268157523,749.5186430707388,750.0,18.636201287635473,0.0248642264737858,0.0,0.0,-38.69014264295713,1494.9271377323696,149.66438928657288,156.2,40.587899998747254,0.2711927679805699,39.849999999999994,19.900000000000006,-2.1465981561615712,5.223018664991976,101995.0,12.08728332367674,206,attack,1
813.8172589827253,750.0,1258.3051757583496,1.5461765671217589,0.0,0.0,62.65057551489631,7537.152893488032,1.1404215291454776,1.0,2.7771741092798132,2.4352171879469524,0.0,0.0,34.078328283449,1680.3191125176013,149.61485648057337,156.75,42.067070145771396,0.2811690706078615,39.849999999999994,19.94999999999999,-2.1481145491617353,5.023130349247628,749.5189354968302,750.0,18.6305434228952,0.02485666811145426,0.0,0.0,-38.70192375105774,1495.8389020326877,150.4992874482495,157.15,40.995870089856,0.272399097596743,39.849999999999994,19.94999999999999,-2.1624819807148987,5.257181051839256,102057.0,12.090710123651753,207,attack,1
814.1262364117129,750.0,1267.2460282131726,1.556571906831795,0.0,0.0,63.443721447264465,7734.525825037543,1.141455293311135,1.0,2.804910596183879,2.4573109543759624,0.0,0.0,34.23892564954764,1699.689993082443,150.4784199974748,157.7,42.37838949107889,0.28162436508696764,39.900000000000006,19.94999999999999,-2.155926521745069,5.027376539187831,749.5191851924395,750.0,18.625710944269827,0.024850212392478872,0.0,0.0,-38.71199185589774,1496.6183134510927,151.37210723813536,158.15,41.293471887398105,0.2727944575841578,39.900000000000006,19.94999999999999,-2.1713869192404123,5.266051682917331,102110.0,12.092786201372812,208,attack,1
813.9014868978749,750.0,1273.526183134775,1.5647178480883792,0.0,0.0,64.11142949975088,7893.630952717583,1.1417789915719614,1.0,2.830569376537208,2.479086931386064,0.0,0.0,34.36062444130847,1710.2676440701973,151.33857405145451,158.7,42.702550079701155,0.2821656695746483,39.900000000000006,19.950000000000017,-2.165058894593061,5.039244737408119,749.5194158126059,750.0,18.621246524800917,0.024844248370287158,0.0,0.0,-38.721297774823405,1497.3389013665435,152.23880570573323,159.1,41.62021584104366,0.27338769276404185,39.900000000000006,19.950000000000017,-2.1826294201141416,5.285771505251082,102159.0,12.098042798067613,209,attack,1
814.3848036336583,750.0,1284.3039329100682,1.5770234503145244,0.0,0.0,64.30194229240982,7950.3307006547475,1.143075296605192,1.0,2.8602799534662906,2.5022673151637584,0.0,0.0,34.38754985854488,1712.4403805893714,152.28060785513617,159.7,42.87806244869865,0.2815727035282677,39.900000000000006,19.950000000000017,-2.175602760909778,5.081143992006391,749.5194016993618,750.0,18.62151976435416,0.02484461339110659,0.0,0.0,-38.72072808895845,1497.2947837390575,153.19501483086654,160.1,41.77870035783268,0.27271579564098775,39.900000000000006,19.950000000000017,-2.194381721497383,5.335472269627337,102156.0,12.095357086995158,210,attack,1
815.2145039882063,750.0,1297.2678243895523,1.5913208340173495,0.0,0.0,64.6571214944668,8042.973647232026,1.144678649184297,1.0,2.8892473369804064,2.5240685139355894,0.0,0.0,34.49092298956203,1726.0818795462299,152.8275938775718,160.55,43.67680756732368,0.28579137091114976,40.04999999999998,20.0,-2.166823170128814,4.930475106231409,749.5206732599803,750.0,18.596885550288818,0.024811704618370498,0.0,0.0,-38.77215593816258,1501.2800760931964,153.75493251658256,161.0,42.57589157998817,0.27690748441775254,40.0,20.0,-2.18805311430715,5.186614073475434,102427.0,12.105077808786332,211,attack,1
814.4171781535729,750.0,1305.5059966340004,1.6029941799530953,0.0,0.0,65.20647317088763,8161.804362001059,1.144234428517062,1.0,2.9164456979432183,2.548818341118225,0.0,0.0,34.592060522343516,1733.734776128005,153.67608520258077,161.55,44.02545498862051,0.2864821480231276,40.0,20.0,-2.174726756805001,4.935104171591163,749.5209164804496,750.0,18.592169859826626,0.02480540496071877,0.0,0.0,-38.782016214196915,1502.0447816382318,154.60288850240536,162.0,42.94856316459663,0.2777992285954503,40.0,20.0,-2.1989707404059855,5.2007837501045735,102479.0,12.109875582808408,212,attack,1
814.6431009929576,750.0,1314.3329788634237,1.6133850237747067,0.0,0.0,65.6308480423613,8265.22568992255,1.1451590878055442,1.0,2.944171659938538,2.5709717464500255,0.0,0.0,34.66682970042286,1739.9970295716153,154.54448422573867,162.55,44.3317980611896,0.2868546120121338,40.05000000000001,20.0,-2.1820249494969923,4.942415596993941,749.5211174187003,750.0,18.58827305511881,0.02480019925140409,0.0,0.0,-38.79016801073091,1502.6771343007306,155.47447743259985,163.0,43.26590411504461,0.2782830007182428,40.05000000000001,20.0,-2.2083533601850927,5.214754710278811,102522.0,12.112110911368484,213,attack,1
815.1895876661101,750.0,1323.3330070376533,1.6233438540675662,0.0,0.0,65.9848936912915,8367.909509687492,1.1465967563978636,1.0,2.9734185259477792,2.593255657977823,0.0,0.0,34.70843138803686,1744.0962365742664,155.65135705382554,163.55,44.23531841252754,0.2841948778977275,40.0,20.0,-2.197182095580848,5.043338717600008,749.5206264584981,750.0,18.59779282528115,0.024812916641342,0.0,0.0,-38.770259443735696,1501.1330173345755,156.59525316282455,164.0,43.13199438819085,0.27543615478141653,40.0,20.0,-2.222699101241724,5.318892011028726,102417.0,12.10637927055065,214,attack,1
815.9876759016025,750.0,1337.324655997628,1.6389030073523954,0.0,0.0,66.34693151915077,8457.430422338026,1.148318864073593,1.0,3.0057924195424275,2.617559036589852,0.0,0.0,34.780128940232814,1754.2404798183093,156.61655761790982,164.55,44.38191242130036,0.2833794401839483,40.0,20.0,-2.20795851850967,5.0904313963082295,749.5205515571137,750.0,18.599244741508254,0.024814856247595482,0.0,0.0,-38.76722485967763,1500.8977233208077,157.56822426035882,165.0,43.264583606335634,0.2745768305089682,40.0,20.0,-2.2340126811559604,5.370075325916721,102401.0,12.104997699902366,215,attack,1
816.4124352940025,750.0,1351.66386237838,1.6556140057955206,0.0,0.0,66.40908982879269,8453.721311243695,1.1496580000587124,1.0,3.040303045595037,2.6445282383454645,0.0,0.0,34.76616545813925,1750.3369632799606,157.87257784863485,165.65,44.063163468832094,0.2791058717688071,39.900000000000006,19.950000000000017,-2.233191448354304,5.2804625015922895,749.5195757047939,750.0,18.618150650249913,0.024840112591779547,0.0,0.0,-38.727753628951824,1497.8389011447907,158.83264163837055,166.1,42.91417861127501,0.270184882456226,39.900000000000006,19.950000000000017,-2.258363098181375,5.566871054498355,102193.0,12.09262851584373,216,attack,1
817.0340169254946,750.0,1356.3270900429027,1.660061958187215,0.0,0.0,67.10740293705338,8632.967228388417,1.1509824400433386,1.0,3.0627024430074417,2.660946280720078,0.0,0.0,34.90808640623023,1763.7476908496387,158.41771051855747,166.55,44.88489971574785,0.2833325867974207,40.0,20.0,-2.2245346198997975,5.133606713104298,749.5207761910805,750.0,18.59489001260526,0.024809038792894963,0.0,0.0,-38.77632789940545,1501.6036053622088,159.3930723882517,167.0,43.7327837804257,0.27437066821763006,40.0,20.0,-2.252090554967919,5.422162153693108,102449.0,12.101330646682992,217,attack,1
817.6795849505569,750.0,1368.3484421567364,1.67345310723329,0.0,0.0,67.21283880163755,8656.52551950549,1.1524350997639992,1.0,3.0924623189240785,2.683415594993043,0.0,0.0,34.93302928328692,1764.9968571736194,159.22140049712837,167.5,45.28470863087209,0.2844134550348263,40.05000000000001,20.05000000000001,-2.2264665353426345,5.101813859452591,749.5212108209319,750.0,18.586461422475438,0.02479777910770284,0.0,0.0,-38.79395896036199,1502.9712518182514,160.2069308371204,167.95,44.11708820249655,0.27537565305055134,40.05000000000001,20.049999999999983,-2.2547626829148455,5.391852930375906,102542.0,12.10355143591535,218,attack,1
817.4414579654435,750.0,1380.0738340349267,1.6882846111938548,0.0,0.0,67.45541393793359,8697.82105922618,1.152791734553508,1.0,3.1233469914017564,2.709376635677798,0.0,0.0,34.96771074315488,1765.9325173220302,160.20578832797543,168.5,45.43547913707749,0.2836069758232541,40.05000000000001,20.0,-2.242104384982577,5.178005200520159,749.5210099610728,750.0,18.590357087696123,0.02480298329283876,0.0,0.0,-38.7858079605884,1502.3388991556435,161.19039289390142,169.0,44.284121472267614,0.27473176705646635,40.05000000000001,20.0,-2.2726781356099055,5.478853193611647,102499.0,12.104102515806822,219,attack,1
817.8609436524764,750.0,1392.5435780695238,1.7026654578351406,0.0,0.0,67.66212733280918,8732.319278092917,1.1540934272621572,1.0,3.1559075610071927,2.7345338656801093,0.0,0.0,34.983687845114396,1765.334281826148,161.3659686858313,169.6,45.30037131612709,0.2807306378479583,39.95000000000002,20.0,-2.2658002835885576,5.334214629809157,749.5202985920447,750.0,18.604147470468106,0.02482140577835655,0.0,0.0,-38.756981384320675,1500.1036060245801,162.35669305326977,170.05,44.128054218999225,0.27179695144764165,40.0,20.0,-2.296756465939232,5.644998752067755,102347.0,12.098479546214998,220,attack,1
818.4146224428841,750.0,1406.3229554027687,1.7183502308463627,0.0,0.0,68.8698579095835,9038.864856609609,1.1556254100688426,1.0,3.190325378925501,2.760691614366153,0.0,0.0,35.19736344561735,1797.6048328686236,162.64680312469787,170.65,44.971983252448034,0.27650087421619324,39.849999999999994,19.94999999999999,-2.2967948898448975,5.559835081949602,749.519218151728,750.0,18.625072973462792,0.02484936012633695,0.0,0.0,-38.71332140984356,1496.7212545818513,163.64660179403037,171.15,43.762633695921735,0.2674215853929094,39.900000000000006,19.94999999999999,-2.327419971064012,5.882820061953893,102117.0,12.087729159905608,221,attack,1
818.1617796942376,750.0,1413.0064123624177,1.7270501353540186,0.0,0.0,70.05514652009087,9309.924866358262,1.1559878479027832,1.0,3.2176900742923706,2.783498183073438,0.0,0.0,35.39623205576201,1818.4014411250894,163.72774098267692,171.7,44.90429923728579,0.2742620094052165,39.900000000000006,19.94999999999999,-2.3100154918705877,5.65053790410022,749.5188553508428,750.0,18.63209426012226,0.024858739879733575,0.0,0.0,-38.69869380410459,1495.5889021438425,164.73902591477852,172.15,43.65593644895274,0.2650005741295112,39.849999999999994,19.94999999999999,-2.339200760659927,5.97271648828122,102040.0,12.084072442111761,222,attack,1
817.2949600876507,750.0,1412.3860250348835,1.7281227635166285,0.0,0.0,71.55718141320149,9646.812021120002,1.1553646893097511,1.0,3.2367040505517854,2.801456614089087,0.0,0.0,35.65778078961378,1840.5345538592637,164.36419199293192,172.65,45.61184325461178,0.27750474541664893,39.94999999999999,19.950000000000017,-2.3066803489036047,5.548823327164358,749.5197213961496,750.0,18.615329286441565,0.024836343534452052,0.0,0.0,-38.733638911102545,1498.2947832956763,165.3781181358194,173.1,44.390030051261824,0.2684153777515222,39.900000000000006,19.950000000000017,-2.339119251430445,5.875930865791984,102224.0,12.090801201363034,223,attack,1
817.2485865758945,750.0,1420.7959797236176,1.738511394282692,0.0,0.0,72.00404209156083,9758.180265945097,1.1559461627247296,1.0,3.264543560381059,2.8241311452482054,0.0,0.0,35.72248790788148,1845.6301872243537,165.26206094317948,173.6,45.90678627765761,0.2777817607723125,39.94999999999999,19.950000000000017,-2.3182566160247795,5.586240874535388,749.5197683745133,750.0,18.614419442658658,0.024835128075444666,0.0,0.0,-38.735537198469935,1498.4418420540478,166.28311200583954,174.1,44.68851498237635,0.2687495707971052,39.95000000000002,19.950000000000017,-2.3532302399063205,5.925563108075785,102234.0,12.093452007580384,224,attack,1
817.6109589577057,750.0,1432.3855728208582,1.7519158190429223,0.0,0.0,72.7455958937077,9911.159419796002,1.1570777416956846,1.0,3.2949223434261357,2.847623996808947,0.0,0.0,35.85672267739783,1859.5790119778515,166.19245789681466,174.6,46.119222502633555,0.277504906578059,39.94999999999999,19.950000000000017,-2.3276537315122505,5.620614338106513,749.5197777690832,750.0,18.61423748991058,0.02483488500505636,0.0,0.0,-38.73591684478021,1498.471253805728,167.22572182420086,175.1,44.88048631054375,0.26838267355619605,39.95000000000002,19.950000000000017,-2.363312029016393,5.964920102835508,102236.0,12.09236682614138,225,attack,1
817.8298421891968,750.0,1437.9196371308167,1.758213705288304,0.0,0.0,73.40967901977275,10095.064296675135,1.1580358278463179,1.0,3.320930676274513,2.8677270568136786,0.0,0.0,35.944329720981585,1868.0469753722655,167.1743925627342,175.6,46.230907624548784,0.27654299750005124,39.94999999999999,19.950000000000017,-2.3377838955791606,5.671403279823007,749.519660310534,750.0,18.61651228283939,0.024837923897988706,0.0,0.0,-38.73117099843231,1498.103606909805,168.2216714519181,176.1,44.967384823811614,0.2673102962044008,39.900000000000006,19.950000000000017,-2.374211153149563,6.023157243578945,102211.0,12.091568872340192,226,attack,1
817.6620554904259,750.0,1443.7907207177875,1.7657548262427507,0.0,0.0,74.25629014415549,10273.576585648436,1.1583626416568973,1.0,3.3453363535339915,2.887987089042248,0.0,0.0,36.090948855313776,1879.0955871258998,167.8636595328164,176.55,46.851765390796146,0.2791060645358854,40.0,20.0,-2.3351025184130614,5.588093733673082,749.5203595154358,750.0,18.60296682954037,0.024819828565520452,0.0,0.0,-38.75944765358089,1500.2947824106766,168.9145495768855,177.05,45.59883770291268,0.26995210191859337,40.0,20.0,-2.3730513875426245,5.9386383525905195,102360.0,12.099320080574156,227,attack,1
815.8853651611134,750.0,1435.4869711525064,1.7594223802127396,0.0,0.0,76.77899465021584,10879.916182156307,1.1567955508993175,1.0,3.3631403846586805,2.9072902139397954,0.0,0.0,36.42728257147552,1908.6246026356014,169.16894197027653,177.65,46.45465114148018,0.2746050817628356,39.900000000000006,19.94999999999999,-2.364645996922109,5.811416043514447,749.519293470279,750.0,18.62361500060828,0.024847412418672808,0.0,0.0,-38.71636021884084,1496.9565485950416,170.21970910788875,178.15,45.18980507644263,0.2654792756566186,39.900000000000006,19.94999999999999,-2.402915548995501,6.17435722820062,102133.0,12.092934252426453,228,attack,1
815.965091878959,750.0,1446.3531006888882,1.772567374614405,0.0,0.0,77.44941504955591,11054.66075366029,1.1576552724990685,1.0,3.3947431327147566,2.932430070815825,0.0,0.0,36.514925230097106,1920.0905269066066,170.34447331227847,178.7,46.26724417267679,0.27160989301871197,39.79999999999998,19.900000000000006,-2.38843474703325,5.981315080179174,749.518581710498,750.0,18.63738826796895,0.024865812166305512,0.0,0.0,-38.687671955635686,1494.7359613468798,171.40380704469416,179.2,44.985699280032655,0.2624544930224477,39.849999999999994,19.900000000000006,-2.4278171539245337,6.358898503182861,101982.0,12.08793744509061,229,attack,1
816.2493657122146,750.0,1451.4945442203887,1.7782489092091285,0.0,0.0,78.69294134993103,11374.256691935454,1.1586160281339695,1.0,3.4191865645138835,2.951095515242196,0.0,0.0,36.71352385654161,1942.3942997565446,171.09040093355995,179.65,46.80923266753867,0.2735935646425672,39.900000000000006,19.94999999999999,-2.3913974918779277,5.9418496936216325,749.5190580214139,750.0,18.628172303056562,0.024853500526366003,0.0,0.0,-38.70686314859339,1496.2212548039365,172.16598697233624,180.15,45.52523964093679,0.2644264435823309,39.900000000000006,19.94999999999999,-2.433222470560157,6.327057290734176,102083.0,12.091434641534214,230,attack,1
817.260826155051,750.0,1465.3215489566078,1.7929668253530195,0.0,0.0,78.49959509731383,11324.088847665935,1.160561863743148,1.0,3.450431100919826,2.973069518061869,0.0,0.0,36.69115443759105,1939.0489923118657,171.89012318908212,180.6,47.25031122464978,0.27488671453608543,39.900000000000006,19.950000000000017,-2.394497923333007,5.914915434322872,749.5194205168364,750.0,18.621155447622694,0.02484412670025594,0.0,0.0,-38.721487668249154,1497.3536072423706,172.976466741944,181.1,45.96333318020484,0.2657201528389149,39.900000000000006,19.950000000000017,-2.4382389155212043,6.3065814280378305,102160.0,12.092413084953053,231,attack,1
816.0290254755269,750.0,1441.1809152263697,1.7660902617851693,0.0,0.0,83.05666432498765,12457.299187325438,1.1595032027773704,1.0,3.4530888814174854,2.978076190860245,0.0,0.0,37.30899119311222,1995.5476907376712,172.65756049538567,181.6,47.733987466470175,0.27646624526324104,39.95000000000002,19.950000000000017,-2.3949904131534923,5.870109197644483,749.5198669991687,750.0,18.612509204878286,0.024832576192271805,0.0,0.0,-38.739523299166734,1498.7506654466815,173.75675792501102,182.1,46.44424179852131,0.26729459247027076,39.95000000000002,19.950000000000017,-2.4398666114209107,6.261631128304479,102255.0,12.091950268308008,232,attack,1
815.3845702609427,750.0,1444.1857188612344,1.7711712626583798,0.0,0.0,84.34178699694971,12762.6866378401,1.15927377961147,1.0,3.476897332497337,2.9992029438142014,0.0,0.0,37.47424405711298,2008.7115283002277,173.52389628863477,182.55,48.08608632396543,0.2771150680248695,39.95000000000002,20.0,-2.4034458453214596,5.886900806525032,749.5199984357126,750.0,18.609963135743367,0.024829174904716794,0.0,0.0,-38.74483746217392,1499.1624299702758,174.6253154110067,183.05,46.81442848053579,0.268085004573083,39.95000000000002,20.0,-2.450783477755739,6.287384126570755,102283.0,12.094874984800349,233,attack,1
814.749168057304,750.0,1450.410655473493,1.7801928646725305,0.0,0.0,85.0140443773933,12936.962399080405,1.1589425300816816,1.0,3.5012022981952833,3.0210318521562245,0.0,0.0,37.57671170399587,2017.5101489526737,174.13447360183858,183.5,48.83400113879746,0.28043844580974375,40.05000000000001,20.0,-2.393809230169893,5.755455825397263,749.5208790779831,750.0,18.59289511717665,0.02480637382650173,0.0,0.0,-38.78049941183433,1501.9271346312823,175.2374200628178,184.0,47.59240661103877,0.2715881493460598,40.0,20.0,-2.443209628850927,6.153464161913144,102471.0,12.106214761064008,234,attack,1
814.7490127633849,750.0,1458.7706935404974,1.79045407934007,0.0,0.0,85.4131455713653,13045.825134433666,1.1595276865024036,1.0,3.5282311066545047,3.0428174744986487,0.0,0.0,37.62987726356624,2021.720122982478,174.93319930284378,184.45,49.22866605233047,0.2814140840533418,40.099999999999994,20.049999999999983,-2.3905354919000956,5.700140564304217,749.5212901841867,750.0,18.584921951126756,0.02479572254253073,0.0,0.0,-38.79718097630529,1503.2212517081846,176.04803918654628,184.95,47.98062942270586,0.27254282208655567,40.05000000000001,20.049999999999983,-2.440676464944007,6.097228384692613,102559.0,12.109347596819504,235,attack,1
814.0055211432473,750.0,1451.072536272671,1.782632302339524,0.0,0.0,87.62311447756478,13705.078511912094,1.1592157245281178,1.0,3.5451330587271204,3.058216847576182,0.0,0.0,37.8638976478694,2046.6033119213853,175.9364182017624,185.45,49.32870540629819,0.2803780246891718,40.05000000000001,20.0,-2.402927748757939,5.76634151780077,749.5210847193093,750.0,18.588907251706765,0.02480104646911726,0.0,0.0,-38.788841090829344,1502.5741931696102,177.05931501312003,186.0,48.07121374663038,0.2714977957701255,40.05000000000001,20.0,-2.45424128448604,6.171710112954328,102515.0,12.107499720743144,236,attack,1
814.191484375,750.0,1459.9180317495516,1.7930892913602903,0.0,0.0,87.98248120425026,13817.501315100135,1.1601953125,1.0,3.5750084081164104,3.081384978545507,0.0,0.0,37.87959040501954,2047.6011399543163,177.07443660846647,186.5,49.19537565355864,0.2778231380870392,40.0,20.0,-2.4214077127445517,5.891169677281431,749.520546875,750.0,18.599335497563555,0.024814977488089363,0.0,0.0,-38.76703519028698,1500.8830174449483,178.20590062248047,187.025,47.91116707177033,0.2688528657267502,39.974999999999966,20.0,-2.4732659863134283,6.306917080848313,102400.0,12.102883886889966,237,attack,1
814.2326940746389,750.0,1463.098079952088,1.7969041167216617,0.0,0.0,89.22282353188868,14143.821396445896,1.1609680761636658,1.0,3.6005639198795945,3.1013461901359034,0.0,0.0,38.00442985961712,2058.090389077851,178.17201763292636,187.55,49.138351654229865,0.27579163275495766,39.94999999999999,20.0,-2.439183206676589,6.005945922371669,749.5201063476238,750.0,18.60787250327207,0.024826382035229657,0.0,0.0,-38.74920212229839,1499.5006651147335,179.3113433212519,188.05,47.83031308779271,0.2667444914631002,39.95000000000002,20.0,-2.4914621509550683,6.430357419269173,102306.0,12.09781314174489,238,attack,1
814.3592697260984,750.0,1471.3044425758453,1.8067019032898144,0.0,0.0,89.74856192169334,14279.715381679063,1.1618180573619001,1.0,3.6291525613471407,3.1236840728639828,0.0,0.0,38.052938179098206,2061.3275615337466,179.20555601733346,188.55,49.14761464373421,0.27425273934576255,39.95000000000002,19.950000000000017,-2.4488423486166098,6.065714975802386,749.5199045598115,750.0,18.611781649923557,0.024831604253197442,0.0,0.0,-38.74104170583714,1498.8683124534134,180.35389452471568,189.1,47.814446478089856,0.26511457711570163,39.95000000000002,19.950000000000017,-2.5010832930945104,6.49365042462539,102263.0,12.095480916657307,239,attack,1
813.8563929802569,750.0,1476.3428768733459,1.8140090679476422,0.0,0.0,90.8833511427795,14554.724022790244,1.1619104512691947,1.0,3.65687157497936,3.147292092075455,0.0,0.0,38.15879156844934,2068.71421108296,180.4084306239612,189.6,48.907975498224474,0.27109584252283103,39.900000000000006,19.94999999999999,-2.4723083949244655,6.234990174895403,749.5191946098402,750.0,18.625528660206847,0.024849968878918847,0.0,0.0,-38.71237173311314,1496.647725202737,181.56258388326543,190.15,47.54744690593606,0.26187910465355796,39.900000000000006,19.94999999999999,-2.5248022987306706,6.674219438410288,102112.0,12.090144245165158,240,attack,1
814.138656410357,750.0,1490.6141645305859,1.8309094560168622,0.0,0.0,90.66044277627851,14482.632071833854,1.1619489604693831,1.0,3.672959791844244,3.1610336742850635,0.0,0.0,38.35984965346871,2093.383738756641,181.67679282908233,190.7,48.56677133448855,0.2673251249001249,39.79999999999998,19.900000000000006,-2.5019273358896776,6.4574400194401775,749.5253774982584,750.0,18.5054635104943,0.024689575651542634,0.0,0.0,-38.96420938538582,1516.209613028188,182.83432135847374,191.2,47.1841503234344,0.25807053059213586,39.79999999999998,19.900000000000006,-2.555281010476887,6.914178835791219,101921.0,12.083627264856345,241,attack,1
814.4764919247821,750.0,1503.0798228942158,1.845455133201103,0.0,0.0,90.69109691760164,14478.10615239007,1.163195092941188,1.0,3.7064041081501613,3.1863993672620827,0.0,0.0,38.33253959913528,2088.7802160768356,182.95117672287736,191.75,48.193705827172984,0.2634238636255054,39.75,19.849999999999994,-2.530947885667057,6.68450025961115,749.5173939113938,750.0,18.660350675615277,0.024896487829635692,0.0,0.0,-38.63993771376506,1491.0447865236417,184.1206008662551,192.3,46.76505872702257,0.25399145183646576,39.75,19.850000000000023,-2.5843498905126365,7.157937305753212,101731.0,12.075116550257981,242,attack,1
806.873710451379,750.0,1148.607116097582,1.423527748171435,0.0,0.0,40.901936232924285,1924.3122736568776,1.0758505847924407,1.0,1.531475677789384,1.423502203221691,0.0,0.0,40.901942208075845,1924.3126476977907,184.3079726960605,192.85,47.69267663710291,0.2587662158041974,39.64999999999998,19.80000000000001,-2.568324675291221,6.98605609532787,749.9928859285243,750.0,2.2663426474082686,0.0030218188597914983,0.0,0.0,-318.5686739305257,101484.00000985351,185.39454599549703,193.4,46.471545689524504,0.25066296012102335,39.64999999999998,19.80000000000001,-2.6212935337178744,7.43344079973385,101489.0,12.068640214822231,243,attack,1
803.9287909836065,750.0,1099.0565487457884,1.3671068396506776,0.0,0.0,42.326803884645564,2071.3804759140244,1.072578420554855,1.0,1.465181196454395,1.366036429948351,0.0,0.0,42.345407291252364,2072.5913592934503,185.2131635479238,193.85,47.978139003253936,0.25904281361102943,39.64999999999998,19.825000000000003,-2.577877611693692,7.017549058883565,749.5163146279949,750.0,18.681190728873524,0.024924328349204116,0.0,0.0,-38.59671686460363,1487.706552726379,186.30082688799456,194.375,46.76264480017283,0.2510061043813127,39.64999999999998,19.82499999999999,-2.6317246680403503,7.467324817636868,101504.0,12.067545564733487,244,attack,1
802.6693223163312,750.0,1076.1630468893181,1.3407302571172681,0.0,0.0,43.579300216189786,2222.513519994275,1.0715546396631794,1.0,1.4349078815315952,1.3390897938556154,0.0,0.0,43.57491918944312,2222.204630629406,186.30611471468643,194.9,47.92125246702829,0.2572178188591181,39.599999999999994,19.80000000000001,-2.597467879050662,7.155268944107915,749.5159092477741,750.0,18.68901225990072,0.02493477727331673,0.0,0.0,-38.58052038644112,1486.4565532886,187.39470749003638,195.4,46.70077828485606,0.24921076432929196,39.599999999999994,19.80000000000001,-2.6522896152744284,7.615801612229912,101419.0,12.064121491732847,245,attack,1
801.9747097639644,750.0,1073.281711691754,1.3382987002266447,0.0,0.0,44.85596373942338,2359.8084169297235,1.07128414033911,1.0,1.4318120027346957,1.336538037687613,0.0,0.0,44.781904791704854,2354.4873522958706,187.30107867637716,195.9,48.04916575773221,0.25653437821761077,39.599999999999994,19.80000000000001,-2.612563332741573,7.241922130876173,749.5157373524161,750.0,18.692327871181302,0.024939206663238248,0.0,0.0,-38.57365865149813,1485.9271417622958,188.39269880438533,196.4,46.82779850425545,0.24856482656410359,39.599999999999994,19.80000000000001,-2.6686175329494732,7.710891929200313,101383.0,12.063725975749595,246,attack,1
797.5081233487125,750.0,992.4077871725508,1.244385803878035,0.0,0.0,49.02173161206842,2864.4584724730225,1.0659824914231635,1.0,1.3253861029699625,1.2433469720506165,0.0,0.0,48.78395545026574,2845.3125602920827,188.1165924500356,196.85,48.521974760470165,0.25793564580624523,39.64999999999998,19.80000000000001,-2.6198810203371083,7.238195205392502,749.5159903781695,750.0,18.68744716775425,0.024932686437183906,0.0,0.0,-38.58376022598215,1486.7065531760813,189.20188040994324,197.4,47.344871827930724,0.25023467909171254,39.599999999999994,19.80000000000001,-2.6781213275284586,7.709474319759213,101436.0,12.069639189407797,247,attack,1
795.3290092011215,750.0,937.2773850737573,1.178477553604159,0.0,0.0,51.694020717421395,3266.554869292741,1.063736524108518,1.0,1.2539890817192136,1.1788530837277962,0.0,0.0,51.18295308265082,3221.6399044947075,189.3189230389622,197.95,48.265690828598956,0.2549438273461221,39.54999999999998,19.799999999999983,-2.646198948154823,7.4448144077148,749.515302294357,750.0,18.700716874185765,0.024950413709954433,0.0,0.0,-38.55630826559465,1484.5889070715625,190.40823286951587,198.45,47.069417855982664,0.2472026400677679,39.599999999999994,19.799999999999983,-2.705067419185834,7.929887276727694,101292.0,12.066019268021105,248,attack,1
794.9865960746353,750.0,933.6914343149409,1.17447443633035,0.0,0.0,52.231355895556774,3330.9985187074963,1.0639378105275634,1.0,1.2517656335749174,1.1765402274351147,0.0,0.0,51.41840854653893,3258.257961535643,190.34985255480802,198.95,48.32520301312709,0.253875704995425,39.54999999999998,19.75,-2.6633648594152657,7.555789937116986,749.5150485484843,750.0,18.70560798488044,0.024956947857292317,0.0,0.0,-38.546199496951395,1483.8094956587765,191.44182222770868,199.5,47.13035113564986,0.2461862856674604,39.55000000000001,19.75,-2.724061537167664,8.054685046067599,101239.0,12.063021155928912,249,attack,1
791.5896584768284,750.0,852.6602642406507,1.077149322391773,0.0,0.0,56.30527554975582,3984.2487682469305,1.060065400156091,1.0,1.1477702335249234,1.0827353042141723,0.0,0.0,54.81397967457153,3834.837248967189,191.31664141343768,199.95,48.49535772694014,0.2534821715908187,39.5,19.75,-2.675399315372292,7.618684853866895,749.5149718937396,750.0,18.707085300927332,0.02495892143910299,0.0,0.0,-38.54314727221227,1483.5742016474433,192.4040604961422,200.5,47.32230008427249,0.24595270994928575,39.55000000000001,19.75,-2.737414834373775,8.122113118918017,101223.0,12.064748898866597,250,attack,1
791.4702852340699,750.0,848.6204727770685,1.0722076224581152,0.0,0.0,57.13913216650175,4115.600737290573,1.0605665134213258,1.0,1.1464469009511902,1.0809759561923364,0.0,0.0,55.09042698482278,3905.0819321945655,192.39142805340748,201.0,48.46621951540986,0.25191465132196916,39.55000000000001,19.75,-2.695034018955481,7.758244137640478,749.5145978545652,750.0,18.71429223243862,0.024968549359821696,0.0,0.0,-38.52826421398546,1482.4271433426707,193.48879236411094,201.5,47.281561931994155,0.2443633109406089,39.5,19.75,-2.7591056227359174,8.280241601585324,101145.0,12.059723214327951,251,attack,1
792.4163879929556,750.0,855.4734002336834,1.0795756034279396,0.0,0.0,57.43453733229709,4202.545672972849,1.0624888695411283,1.0,1.1600347380257123,1.0918088379850157,0.0,0.0,54.831941371843264,3928.9649420754786,193.46470703103859,202.0,48.436454841445254,0.25036326048695967,39.5,19.75,-2.7141770261813307,7.896546583843643,749.514256881097,750.0,18.720859634920384,0.024977322930216473,0.0,0.0,-38.514711814688546,1481.3830261685096,194.5779032624315,202.55,47.20487427337688,0.24260141301713292,39.5,19.75,-2.778449598271184,8.43091868707492,101074.0,12.051527425624393,252,attack,1
790.8306541019956,750.0,805.4243485790307,1.0184536277157927,0.0,0.0,58.89062983732946,4525.76369838349,1.0610350015837822,1.0,1.0999667858798043,1.0366922714499611,0.0,0.0,55.19609982743651,4113.985735469827,194.47422500071352,203.0,48.56198358847798,0.24970909943618394,39.44999999999999,19.75,-2.7341656285189866,8.02109568597995,749.5140164713335,750.0,18.725488717441955,0.02498350705381124,0.0,0.0,-38.50516500918139,1480.6477323842873,195.59308661881335,203.55,47.329531703265864,0.24197957362115385,39.45000000000002,19.75,-2.8004459299731614,8.570962146554521,101024.0,12.052125085826955,253,attack,1
790.5014311606762,750.0,805.6720870526584,1.0191911808049574,0.0,0.0,59.55747726916139,4604.847179554671,1.0612576386344053,1.0,1.1063744895951362,1.0425126277713166,0.0,0.0,55.050656427938875,4096.455855446454,195.53086799222422,204.05,48.5448102815183,0.24827184975954186,39.44999999999999,19.700000000000017,-2.749781415630237,8.133532560055622,749.5137421137599,750.0,18.730770062477188,0.024990562560805275,0.0,0.0,-38.494278762832785,1479.8094974706796,196.65725765683834,204.6,47.29431572642839,0.24049107716612067,39.45000000000002,19.700000000000017,-2.816971405230552,8.69495816466284,100967.0,12.050554344043313,254,attack,1
790.5722867757489,750.0,822.5931087403603,1.0405033448556669,0.0,0.0,60.3988381541913,4720.712373817299,1.0619911469449055,1.0,1.1347405131447623,1.0685027991138527,0.0,0.0,55.20031399026955,4125.730428351699,196.00639829112723,204.95,49.60538022453246,0.25308041297128403,39.5,19.75,-2.72742580025125,7.855661611998805,749.5149000079045,750.0,18.70847060266045,0.024960772097343424,0.0,0.0,-38.54028559198604,1483.353613511846,197.14066637800374,205.5,48.38412077720284,0.24542942694750558,39.55000000000001,19.75,-2.7959669328335104,8.4029947128186,101208.0,12.062525639871778,255,attack,1
790.5377091808091,750.0,820.8777263180582,1.0383789625528286,0.0,0.0,61.00104433856307,4796.90290319102,1.0625744875747338,1.0,1.1395029841718607,1.0723982153690814,0.0,0.0,54.90385374918001,4091.1375929948167,196.34895712129884,205.8,50.867015300563445,0.2590643517863924,39.650000000000006,19.849999999999994,-2.69176598101675,7.480965771404167,749.5164242024289,750.0,18.679076002156265,0.02492150325062314,0.0,0.0,-38.60109827282806,1488.0447878685277,197.4887383285924,206.35,49.67210842436844,0.2515186883300723,39.64999999999998,19.849999999999994,-2.7600874695261677,8.002036525632453,101527.0,12.076943736980086,256,attack,1
790.3996307535182,750.0,823.5848136859374,1.0419853219070745,0.0,0.0,62.57803977855899,5067.072304632896,1.0630174115428808,1.0,1.1504514986641348,1.082250851370676,0.0,0.0,55.46748774548856,4217.381239173413,196.70992161868145,206.7,52.0771814761943,0.2647410005944944,39.79999999999998,19.899999999999977,-2.6585805953326798,7.14799518051951,749.5178583704053,750.0,18.65137517762147,0.024884497372982036,0.0,0.0,-38.65858200128495,1492.4859623500736,197.8585030851133,207.25,50.909523136045166,0.2573026801589886,39.80000000000001,19.900000000000006,-2.7269995315042532,7.647761498716603,101829.0,12.090255279665296,257,attack,1
791.1401207701055,750.0,837.7227853493404,1.0588804225146498,0.0,0.0,63.81724718699615,5249.021958188635,1.064639454181861,1.0,1.176381794723497,1.1049579180094413,0.0,0.0,55.85065751684503,4280.481756939462,197.3031410442313,207.6,52.87097916318372,0.2679682588090736,39.85000000000002,19.900000000000006,-2.6410086841554685,6.96602582418034,749.5187232874564,750.0,18.634649424726465,0.024862153333532776,0.0,0.0,-38.69337330372112,1495.1771376211175,198.46197026362586,208.2,51.699789055870625,0.260502246285248,39.849999999999994,19.900000000000006,-2.7089035250331825,7.452478474134066,102012.0,12.095983370431577,258,attack,1
790.0279344403793,750.0,796.3661706623857,1.0080228001387015,0.0,0.0,64.13840177877366,5403.21103405476,1.0638137180857847,1.0,1.13315963923988,1.0651861505216116,0.0,0.0,54.46208612269246,4188.601647524035,198.35906883735063,208.65,52.85460645570253,0.26645923861964665,39.80000000000001,19.900000000000006,-2.6539642155702374,7.05240925539754,749.5184447735721,750.0,18.640036964684853,0.02486935057390878,0.0,0.0,-38.68215985371758,1494.3094909485606,199.52823514951007,209.2,51.668938570939886,0.25895552342365696,39.79999999999998,19.900000000000006,-2.7231422192617667,7.549892617859287,101953.0,12.091450264024612,259,attack,1
789.0934454574033,750.0,772.5617561068169,0.9790497697759944,0.0,0.0,65.13570522529707,5656.434435108948,1.0632367966048413,1.0,1.113358171122937,1.0471403686160456,0.0,0.0,53.757268092745285,4177.224811350468,199.60453018905326,209.7,52.537204112226554,0.2632064716290082,39.79999999999998,19.899999999999977,-2.6823348781388687,7.264971730832023,749.5176831185162,750.0,18.6547623639956,0.024889022346182392,0.0,0.0,-38.65154388825973,1491.9418449460693,200.77752530361917,210.25,51.33748123771229,0.2556933658788696,39.75,19.900000000000006,-2.7534403711565347,7.783595414072263,101792.0,12.084767713377254,260,attack,1
788.5887174636953,750.0,777.8656920967628,0.9864022587066418,0.0,0.0,67.39765395155932,6013.472486622204,1.0632499852219661,1.0,1.1304011210180562,1.0631564888120564,0.0,0.0,54.554660068381125,4301.045342786928,201.0990261427839,210.8,51.78282153909878,0.25749911639219997,39.650000000000006,19.80000000000001,-2.7302839084282735,7.6545922933150035,749.5163050974365,750.0,18.68137465209877,0.024924574055357217,0.0,0.0,-38.59633584907885,1487.6771409748908,202.27363975322655,211.4,50.56494765870678,0.24998288318930692,39.64999999999998,19.80000000000001,-2.804371734289389,8.210122502823749,101502.0,12.072779062293373,261,attack,1
788.2781094233308,750.0,785.1470091886827,0.9960279244124404,0.0,0.0,67.11490204721588,5929.056999334933,1.0634887798727268,1.0,1.150006637804713,1.0813528638659828,0.0,0.0,53.445169428087894,4118.108888558532,202.0002066484041,211.8,52.082594034493766,0.2578343601655184,39.650000000000006,19.849999999999994,-2.7374742485473713,7.674423688245071,749.5163622751542,750.0,18.680271194225156,0.024923099927426882,0.0,0.0,-38.598621885811234,1487.8536114838255,203.17417772705247,212.35,50.89101393766232,0.2504797337289099,39.64999999999998,19.849999999999994,-2.813610727542935,8.237997342327844,101514.0,12.077841898606351,262,attack,1
788.196035111944,750.0,799.7997322044712,1.014721841490714,0.0,0.0,67.34564411663868,5965.256100460807,1.0640497090442844,1.0,1.178982449918306,1.1080144469728324,0.0,0.0,52.916709617855815,4045.6405077470567,203.17746563891023,212.85,51.881346972908865,0.25534990708621746,39.599999999999994,19.80000000000001,-2.763304349167744,7.869299273670553,749.5157707860736,750.0,18.6916830307829,0.024938345208106196,0.0,0.0,-38.57499297332921,1486.0300828923985,204.3573632890719,213.4,50.671924783789876,0.24795742109919647,39.599999999999994,19.80000000000001,-2.8414860226648533,8.4554373273435,101390.0,12.073957885833291,263,attack,1
788.4535020280873,750.0,799.7100625866742,1.0142767589079538,0.0,0.0,67.99326704358042,6070.106392208476,1.0650566976225488,1.0,1.190472548287428,1.1177550931746978,0.0,0.0,52.35000713520606,3969.463074140593,204.25912913477327,213.9,51.810760245427,0.2536521156478713,39.55000000000001,19.799999999999983,-2.777912917628222,7.976549445948281,749.5154697168573,750.0,18.69748899809128,0.02494610151963186,0.0,0.0,-38.56298241476816,1485.1036127217162,205.44763515227925,214.45,50.57087344875399,0.24614969849261348,39.599999999999994,19.799999999999983,-2.8563641050574664,8.571171714784345,101327.0,12.0699131806086,264,attack,1
789.1619769760875,750.0,808.1067699701327,1.0240062161467003,0.0,0.0,68.52391824253064,6194.737486451435,1.0666627174535475,1.0,1.2124578501473442,1.1366834429554777,0.0,0.0,51.921635484199676,3934.813649673058,205.26694681312128,214.9,51.91987324248186,0.2529383032610245,39.599999999999994,19.799999999999983,-2.793220401393768,8.072411900233906,749.5152735817388,750.0,18.701270392248706,0.024951153167139865,0.0,0.0,-38.55516400973115,1484.5006718172676,206.46702470450012,215.45,50.657618471591476,0.24535452353272252,39.55000000000001,19.799999999999983,-2.8729884686564278,8.68025229488797,101286.0,12.067000117536397,265,attack,1
788.5579456790124,750.0,748.5401668039208,0.9492519489602846,0.0,0.0,59.58430456767704,4306.496646575122,1.0665185185185184,1.0,1.155636739788253,1.0835599379873189,0.0,0.0,43.477843151085025,2501.4579486889284,206.2757171906448,215.9,52.00662821287561,0.25212191197866435,39.54999999999998,19.799999999999983,-2.8060509769347366,8.153168740786244,749.5151012345679,750.0,18.70459253309886,0.024955591291342217,0.0,0.0,-38.54829776127071,1483.9712602915884,207.4852209180346,216.45,50.7277091935269,0.24448830123455625,39.55000000000001,19.799999999999983,-2.8869329730346758,8.771492212847983,101250.0,12.064886495568762,266,attack,1
789.276167304592,750.0,766.1236671685867,0.9706661608508059,0.0,0.0,59.81804720115437,4348.224841924296,1.0681541702519064,1.0,1.1894883142595818,1.113592351541408,0.0,0.0,43.231200033487994,2477.6189994892743,207.5005668607213,216.95,51.698539536932465,0.24914890749013519,39.5,19.75,-2.8349429455438746,8.386473205047038,749.5144250264566,750.0,18.717621319051354,0.024972996775066276,0.0,0.0,-38.521393170777976,1481.897731817661,208.7198997160787,217.55,50.38223153546114,0.24138681363873785,39.5,19.75,-2.917414835935564,9.029664343867498,101109.0,12.057965531456475,267,attack,1
789.0236638875396,750.0,762.7214593618883,0.9666648723866409,0.0,0.0,60.970677779485925,4559.104310104973,1.0685132495960188,1.0,1.19983172432987,1.1228983120082974,0.0,0.0,43.060432728136284,2482.623744316048,208.9233402752504,218.05,51.01596494165868,0.24418509140456318,39.400000000000006,19.700000000000017,-2.8795096289817885,8.776677003353363,749.513279336975,750.0,18.739675069228703,0.02500245904356219,0.0,0.0,-38.4759370698964,1478.3977334066271,210.14940138767335,218.6,49.66154370733188,0.23631541836142891,39.400000000000006,19.700000000000017,-2.96466986545947,9.46178608692494,100871.0,12.046438997748089,268,attack,1
789.356355999366,750.0,767.9910236238941,0.9729332231088172,0.0,0.0,62.308494938696974,4775.16914028129,1.069602948169282,1.0,1.2198697475080156,1.1404883930022147,0.0,0.0,43.23342630966713,2513.8388067007227,209.71230114637038,219.0,51.519245642230615,0.24566630264703618,39.44999999999999,19.69999999999999,-2.8771494931022112,8.70667871370033,749.513631320336,750.0,18.732902397248267,0.024993411212880234,0.0,0.0,-38.48988519507718,1479.4712623302212,210.9471408441116,219.6,50.163475034386806,0.23780116115182262,39.400000000000006,19.700000000000017,-2.962967209661807,9.388868640055994,100944.0,12.047640092409544,269,attack,1
790.0034695374611,750.0,777.0972258116861,0.9836630543745188,0.0,0.0,61.81586855138974,4696.569138617936,1.0711354309165526,1.0,1.2446819092653,1.1620210417278856,0.0,0.0,42.41792333902161,2409.836238695682,210.79206119354615,220.05,51.46891869220709,0.2441691513464973,39.400000000000006,19.700000000000017,-2.8954255950039522,8.843907931828717,749.5133131108864,750.0,18.739025316487822,0.02500159101739062,0.0,0.0,-38.47727478052803,1478.500674536257,212.03778497332425,220.6,50.07924819590534,0.23618077411158414,39.400000000000006,19.700000000000017,-2.982157039530716,9.541549725376715,100878.0,12.044476484302237,270,attack,1
790.2774248073576,750.0,779.3772163286976,0.9862071114060773,0.0,0.0,62.06968372300343,4728.1710835822405,1.072214765100671,1.0,1.262678694706559,1.1776359884281253,0.0,0.0,41.8716705429726,2339.464652730261,212.35700441025529,221.15,50.489939249047254,0.23775970747593084,39.30000000000001,19.650000000000006,-2.9521153480623448,9.371524413053997,749.5118468804375,750.0,18.767212335773195,0.025039247096473115,0.0,0.0,-38.41932839362043,1474.04479421685,213.6149560491673,221.75,49.036497606165966,0.22955554476662834,39.30000000000001,19.650000000000006,-3.041850317385138,10.126665739468242,100575.0,12.025368782112047,271,attack,1
790.9625481552087,750.0,788.1522338169414,0.9964469691456038,0.0,0.0,62.227281933424344,4751.123591360094,1.0737618650462688,1.0,1.2871703420377023,1.1987484226609573,0.0,0.0,41.50871824158446,2293.2021614377645,212.99731503442626,222.1,51.29385101245041,0.2408192375765859,39.30000000000001,19.650000000000006,-2.939419007192304,9.186380217268312,749.5125302831725,750.0,18.75407979146516,0.02502170281847016,0.0,0.0,-38.44630440862677,1476.1183226807932,214.26778405481753,222.7,49.84531191649122,0.23263092086554163,39.349999999999994,19.650000000000006,-3.029739389578786,9.929395062699472,100716.0,12.02862809303579,272,attack,1
791.9529854813934,750.0,801.9012031146004,1.0125616265303425,0.0,0.0,62.579316763198214,4846.845034449485,1.0757048709181904,1.0,1.3170680157379633,1.2243767331961157,0.0,0.0,41.39381199403199,2296.2130189140303,213.55152694618138,223.05,52.24159881728525,0.24463228881735424,39.44999999999999,19.700000000000017,-2.9168553821980314,8.920307382768184,749.513443337793,750.0,18.736519760295266,0.024998243763122253,0.0,0.0,-38.48243408594591,1478.897733179173,214.82659045644914,223.6,50.81154746693048,0.23652354840697098,39.400000000000006,19.700000000000017,-3.00652886757096,9.637335613463351,100905.0,12.035608842699144,273,attack,1
791.317942942943,750.0,752.2163033234667,0.9505866889937366,0.0,0.0,63.61456320260272,5190.908699628202,1.0754504504504505,1.0,1.2794025346913498,1.189643403985255,0.0,0.0,40.17953354247895,2206.3115705884834,213.8043543363468,223.9,53.74412816536961,0.25137059688139896,39.5,19.75,-2.872075644632883,8.45593739922828,749.515015015015,750.0,18.70625426758383,0.024957811241725542,0.0,0.0,-38.5448641783677,1483.7065545288144,215.08653130052753,224.5,52.349337710259476,0.24338733529118511,39.55000000000001,19.75,-2.9601180714857103,9.128684460720288,101232.0,12.053101437236416,274,attack,1
791.7966891404993,750.0,756.7361552647862,0.9557202822939668,0.0,0.0,63.42687548365184,5177.108675144503,1.0767302054233339,1.0,1.3004802149231178,1.2078050828079194,0.0,0.0,39.63020444823524,2138.49151128028,214.59863035046462,224.85,54.21914727765613,0.2526537433585197,39.55000000000001,19.799999999999983,-2.8675161948617163,8.382323332557991,749.5153549253231,750.0,18.699702218708083,0.024949058209182653,0.0,0.0,-38.558405979817806,1484.7506717044503,215.88947530125463,225.45,52.820007872831546,0.24466226433283006,39.599999999999994,19.799999999999983,-2.9556869154890038,9.049988668825401,101303.0,12.052703480329455,275,attack,1
792.0415196877625,750.0,760.3143694509527,0.9599425668375097,0.0,0.0,63.529601269484466,5204.294740381023,1.077733313571464,1.0,1.3212490479498917,1.2259517557005353,0.0,0.0,39.203747072205346,2083.913921906542,215.7445511542734,225.9,54.05063675259878,0.2505307154383174,39.5,19.75,-2.889558954305016,8.551622003018508,749.5148856281804,750.0,18.70874769993937,0.024961142278394202,0.0,0.0,-38.53971323044232,1483.3094958847316,217.04455398100885,226.5,52.62440909255912,0.24245901648913842,39.5,19.75,-2.9793283539340334,9.239052442120519,101205.0,12.04838782144195,276,attack,1
793.0670845031436,750.0,772.7314775412334,0.9743582764191374,0.0,0.0,63.39334110287924,5226.799636502663,1.0797678832694058,1.0,1.3510780027238312,1.2512670766173666,0.0,0.0,38.8943277186859,2057.641080088357,216.7958788507612,226.925,54.04029209695294,0.24926807826523958,39.54999999999998,19.774999999999977,-2.9028423472146914,8.646849433924553,749.5146506386176,750.0,18.7132753657801,0.02496719090125271,0.0,0.0,-38.530363455012285,1482.5889079753465,218.11303153478786,227.5,52.564910388847764,0.24099848605544663,39.5,19.75,-2.9934080367862315,9.348008766052766,101156.0,12.04441877246829,277,attack,1
793.5840544309181,750.0,782.4180627228278,0.9859296672535873,0.0,0.0,62.98996703578915,5163.920967095565,1.0811222421107805,1.0,1.3782020170963518,1.2747883295838531,0.0,0.0,38.431675457113066,1997.28811687126,217.83456112627775,227.95,54.0335055494247,0.24804835959020163,39.5,19.75,-2.9134193596768356,8.723706035828494,749.5144730466085,750.0,18.716696394562486,0.024971761143561786,0.0,0.0,-38.523301916821616,1482.0447905745907,219.16512580954122,228.55,52.51958612661524,0.23963477735164757,39.474999999999994,19.75,-3.004357652673324,9.433640315115214,101119.0,12.03975668075713,278,attack,1
792.4850531235456,750.0,721.0955820024808,0.9099169494242367,0.0,0.0,60.65406144926655,4887.297018954484,1.0803437930112585,1.0,1.3360728484000448,1.236710810987296,0.0,0.0,35.93273035826464,1696.1398982882076,219.05877058297048,229.0,53.70206836925769,0.24514913612608608,39.44999999999999,19.69999999999999,-2.940511668352458,8.947699915679848,749.5138576704854,750.0,18.728545793652305,0.024987591092526646,0.0,0.0,-38.49886282069746,1480.162438486882,220.3917696863384,229.6,52.168988386740324,0.2367102385946047,39.45000000000002,19.700000000000017,-3.0330068048705017,9.679911424082478,100991.0,12.03545607200706,279,attack,1
792.4993308815511,750.0,722.7205206427493,0.9119509537488415,0.0,0.0,61.3494928804003,5039.7587030976765,1.0810475916692275,1.0,1.3565171320234242,1.2548172184805007,0.0,0.0,35.86703299727253,1689.9688535380844,220.25638022640845,230.05,53.40712618677013,0.24247709025214736,39.400000000000006,19.700000000000017,-2.9651600452974347,9.155296200526067,749.5133179353483,750.0,18.7389325001848,0.02500146702103189,0.0,0.0,-38.47746587825032,1478.515380411918,221.59902777588002,230.6,51.828969003948586,0.23388626531505893,39.400000000000006,19.700000000000017,-3.058355432160605,9.906863752772628,100879.0,12.029771754811316,280,attack,1
792.8606870039928,750.0,730.9909453714034,0.9219664404520062,0.0,0.0,61.06118436398404,5036.726067681014,1.082174951204288,1.0,1.382866842394736,1.2778588534652606,0.0,0.0,35.58958324812618,1662.794881943899,221.08429275958378,231.0,53.84362965757944,0.24354344212110643,39.39999999999998,19.69999999999999,-2.964166599065034,9.106137879713225,749.5135686756299,750.0,18.734107952125555,0.02499502175154509,0.0,0.0,-38.487401652313686,1479.2800859465178,222.43105167964254,231.6,52.27377706145729,0.23501114914811833,39.400000000000006,19.700000000000017,-3.0582316443783015,9.856857856440545,100931.0,12.031157974071682,281,attack,1
793.478924397027,750.0,741.85043092906,0.9349340078475304,0.0,0.0,61.48825632274736,5115.254034636143,1.0836294177611068,1.0,1.4114932987473976,1.302560889924613,0.0,0.0,35.62039712620735,1663.5038261431187,221.78842195412085,231.95,54.50816233560461,0.24576649157493066,39.44999999999999,19.75,-2.952613003983368,8.961362261152114,749.5140982373492,750.0,18.72391444412557,0.02498140393644237,0.0,0.0,-38.508411188607724,1480.8977322708872,223.13914792392197,232.55,52.95489913154578,0.2373178333978422,39.5,19.75,-3.0469846448046556,9.701191918392931,101041.0,12.033959126889203,282,attack,1
793.7977167955997,750.0,748.1339504449265,0.9424743037369665,0.0,0.0,61.48472566523992,5168.583514809718,1.0847001563025542,1.0,1.4361438380384386,1.3240007661968627,0.0,0.0,35.43674661779392,1647.8605250281216,222.64697444132187,232.95,54.854687652346506,0.2463751766220535,39.5,19.75,-2.9502095067012477,8.913437182621632,749.5143145440516,750.0,18.719749165857575,0.024975839423754396,0.0,0.0,-38.5170026959104,1481.5594966767706,224.00572260269476,233.55,53.28734474060761,0.23788385457955513,39.5,19.75,-3.0444439965808394,9.648857135577645,101086.0,12.03684811252443,283,attack,1
794.2104648977937,750.0,742.8599114764895,0.9353438972528365,0.0,0.0,61.51338875641205,5333.309006891103,1.085898792511793,1.0,1.4503654693019563,1.3356359536482356,0.0,0.0,35.12529992855189,1633.2982085141196,223.52007807686215,233.95,55.18732472232883,0.24690097282156234,39.5,19.75,-2.950796351145992,8.88921740526747,749.5144730466085,750.0,18.716696394562486,0.024971761143561786,0.0,0.0,-38.52330191682163,1482.0447905745914,224.89009142044523,234.55,53.60036239097423,0.23834025791187574,39.474999999999994,19.75,-3.0451253862127907,9.623265993201745,101119.0,12.037388499737073,284,attack,1
794.3322021153447,750.0,753.7754560197557,0.9489423367357077,0.0,0.0,61.85431760731883,5404.19752901605,1.0867311098138932,1.0,1.479852239557158,1.3617464579720997,0.0,0.0,35.13046520742048,1631.8822018034311,224.57139783571625,234.95,55.18509818855407,0.24573520368308155,39.5,19.75,-2.96500880866858,8.991268158428005,749.5142424632189,750.0,18.7211372830658,0.024977693848138593,0.0,0.0,-38.514139073091656,1481.338908541446,225.9516252001959,235.55,53.569009189108,0.2370817609373033,39.5,19.75,-3.0604358876584072,9.739389067922021,101071.0,12.036322162192112,285,attack,1
794.3714692899982,750.0,768.0458706777158,0.9668598387152398,0.0,0.0,62.071385729343156,5434.777391201369,1.0874487836741158,1.0,1.5123362092590602,1.3907194821161102,0.0,0.0,35.14377076151915,1629.4957940792137,225.59230212010655,235.95,55.22365071913136,0.24479403862694746,39.44999999999999,19.75,-2.9749162984432793,9.059161239859883,749.514103046258,750.0,18.723821852177355,0.02498128024019552,0.0,0.0,-38.508602131816836,1480.91243814657,226.97873302991826,236.55,53.58931938450769,0.23609841622229882,39.5,19.75,-3.0710502390547285,9.815676410424384,101042.0,12.035925163609122,286,attack,1
795.7638824263184,750.0,781.6103642749371,0.9822139224159977,0.0,0.0,62.068183820845455,5465.265699227293,1.0899721806967695,1.0,1.5441838252054942,1.4167185663567743,0.0,0.0,35.082536364292025,1626.005839059927,226.59902479779805,237.0,55.332565257832385,0.24418712881579036,39.44999999999999,19.75,-2.988792167417865,9.150532030124703,749.5139443019929,750.0,18.726878111942924,0.024985363186782183,0.0,0.0,-38.50230050593194,1480.4271442490865,227.9937193242978,237.55,53.67863711321266,0.23543910451699887,39.45000000000002,19.75,-3.0862262025923304,9.920556103500163,101009.0,12.029129921011782,287,attack,1
795.4128589399447,750.0,776.888015154206,0.9767104044427607,0.0,0.0,63.50862962350151,5803.845187369794,1.0901770060520817,1.0,1.5598795878351777,1.4308498337201736,0.0,0.0,35.24091918348302,1647.225802112672,227.66407115622454,238.0,55.304086049399956,0.24291969202048547,39.39999999999998,19.69999999999999,-3.004335532677981,9.266273476503715,749.5136939489089,750.0,18.731697075076152,0.024991800985497418,0.0,0.0,-38.492368577601844,1479.6624387139507,229.06123631460915,238.6,53.64242354986099,0.2341837685542945,39.45000000000002,19.700000000000017,-3.103096545306576,10.050195817988039,100957.0,12.025280420936438,288,attack,1
795.3901658885468,750.0,775.0093859028104,0.9743763741874171,0.0,0.0,65.41498308086226,6194.258203022967,1.0908910300983412,1.0,1.579433311829386,1.4478378392083797,0.0,0.0,35.520038399854116,1676.344732143771,229.24396444908552,239.1,54.30076749096484,0.2368689078530785,39.30000000000001,19.650000000000006,-3.064431613436124,9.803144242094728,749.5123075394854,750.0,18.758361137249285,0.02502742242996599,0.0,0.0,-38.437505803596075,1475.4418524014839,230.65148905660078,239.7,52.56399686495133,0.2278935942704986,39.30000000000001,19.650000000000034,-3.166299100394914,10.64654375350834,100670.0,12.0099023524088,289,attack,1
794.8222553402882,750.0,766.0251077571396,0.963769072406233,0.0,0.0,67.26853717177069,6668.189331178789,1.0907998012916045,1.0,1.5919918214060356,1.459472049335703,0.0,0.0,35.710832845580256,1702.73708706207,230.22338565015139,240.1,54.463266028711274,0.23656704498071246,39.30000000000001,19.650000000000006,-3.076741537875609,9.879641154415712,749.5122106308992,750.0,18.760223506722994,0.02502991044126105,0.0,0.0,-38.43367969488256,1475.147734888829,231.63774046965725,240.7,52.71414522925681,0.22757148779976963,39.30000000000001,19.650000000000034,-3.180108575074103,10.736530907703752,100650.0,12.011119092563652,290,attack,1
795.0665341022072,750.0,774.5978776690647,0.9742554169302877,0.0,0.0,67.64543046855148,6770.210983055063,1.091807516404852,1.0,1.6200309847850216,1.4838064040074805,0.0,0.0,35.705647684826246,1701.07187392003,231.3243930412155,241.15,54.370984066149354,0.23504215595828656,39.30000000000001,19.650000000000006,-3.0975598444016548,10.045798424910428,749.5118711473453,750.0,18.766746170815807,0.025038624327707922,0.0,0.0,-38.420285313815114,1474.118323594958,232.74442176790615,241.75,52.604248832121804,0.2260172271049272,39.29999999999998,19.649999999999977,-3.202862156967418,10.925948577582947,100580.0,12.00696690719645,291,attack,1
795.2754300022854,750.0,787.4610820077288,0.9901740356865619,0.0,0.0,67.90317483582662,6857.659200037382,1.0927274714573874,1.0,1.6511287314026812,1.5110160351332118,0.0,0.0,35.73882880650835,1708.4199085881075,232.14003229187037,242.1,54.826573053379455,0.23617888096287434,39.30000000000001,19.650000000000006,-3.0928158663063288,9.96571563671019,749.5121573147587,750.0,18.76124804640355,0.025031279163794454,0.0,0.0,-38.43157517272604,1474.9859702568922,233.56862071311323,242.7,53.05351024256621,0.227143141405671,39.30000000000001,19.650000000000034,-3.1984439324264704,10.84126698038362,100639.0,12.010576104131744,292,attack,1
796.3691154006387,750.0,805.4863213388077,1.0114484675031405,0.0,0.0,68.18478978542248,6987.596001047506,1.0947884222429425,1.0,1.685996260250683,1.5400201774115463,0.0,0.0,35.85360776826593,1735.8020513020306,232.68716712122662,243.05,55.80621770145375,0.23983367192905625,39.400000000000006,19.69999999999999,-3.0662557807010926,9.677784708433753,749.5130041462495,750.0,18.74496843012199,0.025009530623786694,0.0,0.0,-38.46504255157108,1477.5594984941742,234.12833242261988,243.65,54.03576340214538,0.2307954908447672,39.400000000000034,19.700000000000017,-3.170773636704977,10.524829935296141,100814.0,12.017448172611726,293,attack,1
796.8286662374326,750.0,815.2838444191248,1.0231607859551994,0.0,0.0,68.13233616461164,7023.867329477716,1.0960130751324848,1.0,1.714043776477443,1.5638898981841538,0.0,0.0,35.785875247867125,1729.4340605442242,233.32005129873104,244.0,56.59940835632699,0.24258270149212338,39.39999999999998,19.69999999999999,-3.045271038425449,9.4553946977453,749.5136843147937,750.0,18.731882494112988,0.024992048692530137,0.0,0.0,-38.4919865291804,1479.6330269626064,234.7677275678669,244.6,54.837802304558046,0.2335832223306991,39.45000000000002,19.700000000000017,-3.148773254124599,10.278863725256588,100955.0,12.022791915455693,294,attack,1
797.9724290701239,750.0,826.6088980053923,1.035886539298906,0.0,0.0,68.14444703228011,7118.547531403847,1.0981398522562078,1.0,1.7432255326898785,1.5874349055890244,0.0,0.0,35.75853417218496,1736.523222545969,233.88837353713112,244.95,57.51810314321344,0.24592117287985718,39.5,19.75,-3.020126316287219,9.198610739940014,749.5144826494991,750.0,18.716511426117894,0.024971514039269647,0.0,0.0,-38.52368365468153,1482.0742023259772,235.3374032082258,245.5,55.789294039753436,0.23706088908608908,39.5,19.75,-3.1228200862030553,9.99612992096155,101121.0,12.029096129276647,295,attack,1
798.0375844510927,750.0,831.4899506930834,1.0419182841682826,0.0,0.0,69.52673083119376,7407.635523663606,1.0989439898559625,1.0,1.7688187541763274,1.6095622438484465,0.0,0.0,35.95977620085583,1755.0667480113914,235.23457822081278,246.0,56.95835113124373,0.24213426258182755,39.39999999999998,19.69999999999999,-3.0585492448447487,9.522476730524213,749.5136409565511,750.0,18.732716947923322,0.024993163465332112,0.0,0.0,-38.49026726435612,1479.5006740815652,236.69505646297029,246.6,55.17292628998296,0.2330970790622088,39.400000000000006,19.700000000000017,-3.163651515073052,10.358466450252877,100946.0,12.021708348672295,296,attack,1
797.939578834763,750.0,816.5310472738774,1.023299343624819,0.0,0.0,70.73321001313516,7951.0598547306745,1.0994671051328275,1.0,1.7771927042567202,1.6164128021292787,0.0,0.0,35.928018235865174,1767.8150231565996,236.16127207853273,247.0,57.17599936426488,0.24210573927316778,39.44999999999999,19.69999999999999,-3.0607444894268303,9.521328144271683,749.5136987658234,750.0,18.731604367622516,0.024991677134743047,0.0,0.0,-38.49255960039062,1479.6771445896245,237.63078413170825,247.6,55.37561390404582,0.23303215577218128,39.45000000000002,19.700000000000017,-3.166320233579612,10.35948691883311,100958.0,12.020572344084034,297,attack,1
798.4814183497513,750.0,831.4722714347248,1.0413169953950299,0.0,0.0,70.2970510109835,7882.49693910158,1.1008661526569283,1.0,1.8106165120395663,1.6447199395400278,0.0,0.0,35.81602274872447,1756.3508119644105,237.24379976101682,248.0,57.08304475251152,0.2406092163842135,39.39999999999998,19.69999999999999,-3.0744299949217035,9.62979742239241,749.5134481596733,750.0,18.73642698121788,0.024998119816559108,0.0,0.0,-38.482625158048094,1478.9124390548377,238.72469167587658,248.6,55.24317348224356,0.2314095500320043,39.400000000000006,19.700000000000017,-3.1807533809137687,10.481465995148366,100906.0,12.01840116129518,298,attack,1
799.1027905963439,750.0,843.5281468201073,1.0555940446542682,0.0,0.0,69.99425821930053,7868.014800233069,1.102325166861421,1.0,1.840965843270811,1.6700751272081302,0.0,0.0,35.72572641305825,1748.4469689714272,238.0020376759125,249.0,57.654453006591,0.24224352686046788,39.44999999999999,19.69999999999999,-3.0662113129364874,9.524168587852754,749.5138143431502,750.0,18.729379801600015,0.024988705268913343,0.0,0.0,-38.49714386296466,1480.0300856057977,239.49051718983583,249.6,55.8289468981772,0.23311548011699992,39.45000000000002,19.700000000000017,-3.1733147683976037,10.370666794293205,100982.0,12.01860183824033,299,attack,1
1217.0536912751677,750.0,1129.9235246749627,0.9284089377281997,750.0,722.0,1.196100677064965,1.0623553411903917,1.8456375838926173,1.0,1.317027526758062,0.71358945995255,1.0,0.0,1.6517538959968476,2.1977082814279623,0.5744093381991051,0.559962,0.3076097231945603,0.5355235417289383,0.577114125,0.2859610833333333,0.08189547857190341,-1.4302925704089138,585.248322147651,750.0,302.99768324895126,0.517724992592988,0.0,0.0,-1.2953783675395827,-0.32199488491048545,0.7537837617449664,0.7724975000000001,0.1886255928963608,0.2502383342136521,0.31258675,0.17041800000000007,-0.36297464459647505,-0.6725473715399519,298.0,3.5507115414596,2,baseline,0
1521.6791208791208,750.0,1369.640855429176,0.9000851997219312,1500.0,694.0,1.4860263090904486,2.2735264296661306,2.320879120879121,2.0,1.6395869543859618,0.7064508184144058,2.0,1.0,1.7699229580779114,3.3676508407229413,0.7829637881493109,0.6686,0.5290766289158806,0.6757357580565219,0.6559545,0.330975,0.5941187988683737,-0.8396886312103691,642.0967032967033,750.0,257.41611989217097,0.40089930157019177,0.0,0.0,-1.9664402012020288,1.8668870649034792,1.3291646175824177,1.570754,0.6165305439870128,0.4638481462953805,1.166165,0.32501099999999994,-0.5803714201966642,-1.3113282592098492,455.0,4.166178036674282,3,baseline,0
1559.9149606299213,750.0,1363.5559991606674,0.8741220089395382,1500.0,666.0,1.7953714939798493,4.032305227209442,2.393700787401575,2.0,1.7048216953200783,0.7122116950843748,2.0,1.0,1.8190569807944799,4.415174309267018,1.0125629399387008,0.8479736666666667,0.7681169349808612,0.7585868538970644,0.9486779999999999,0.4703844666666668,1.0566399299779852,0.1256617205535,672.6834645669292,750.0,223.25924825481218,0.33189346849568474,0.0,0.0,-2.54129194453932,4.458164747380437,1.8109958850393701,1.843502,0.9805365610390826,0.5414350022213144,1.9171845,0.9527,-0.2653201787817346,-1.4911669722205132,635.0,4.503079857896653,4,baseline,0
1597.8699186991869,750.0,1445.082154392391,0.9043803487888556,1500.0,638.0,2.189471686037614,6.936188398893879,2.4905149051490514,2.0,1.8936613724236107,0.7603493432255847,3.0,1.0,1.9620184645329801,6.040764991279632,1.3803146554598444,0.99985625,1.014018982166829,0.7346288602789732,1.130155125,0.4437829285714286,1.1058350060495539,0.2601244460853085,683.4742547425474,750.0,208.82028946877094,0.3055276596298859,0.0,0.0,-2.8203605644995124,5.95443371378402,2.4877309295392953,2.485913,1.2160916581531076,0.4888356870565244,2.288915,1.1167715,-0.295887942844925,-1.2518067512958144,738.0,4.654874687914619,5,baseline,0
1708.2741738066095,750.0,1659.9157440478427,0.9716916461653179,1500.0,610.0,2.6232556174922403,9.928462326906024,2.6842105263157894,2.0,2.247404681828327,0.8372684108772199,3.0,1.0,2.2190129070290165,7.641850745936354,1.7606947301003357,1.2913810000000001,1.2718509999945267,0.7223574752916131,1.537864,0.6364670000000001,1.0465845614904472,0.13264165702217845,689.9069767441861,750.0,199.4391921029412,0.2890812802678646,0.0,0.0,-3.0175310436363154,7.105493599308879,3.2054201750305995,3.364038,1.4436969063495744,0.4503924064606577,2.3060080000000003,1.2076859999999998,-0.37668046926941845,-1.0668689022633369,817.0,4.815068744343725,6,baseline,0
1815.3226544622426,750.0,1854.7676530832227,1.0217289188365608,1500.0,582.0,2.9774033553023767,13.382656278361704,2.876430205949657,2.0,2.5731082589750627,0.8945491719746239,3.0,1.0,2.419715931280387,9.539782600335094,2.164039281012542,1.6756975,1.5582601334621544,0.7200701702295594,1.9313179166666665,0.8763652857142858,0.9472609536184319,-0.15885642004135114,693.8260869565217,750.0,193.3961134841521,0.27873860196362316,0.0,0.0,-3.1523496668561655,7.937308422128163,3.975555897025172,4.309029499999999,1.6450316092927768,0.41378656266000957,2.85316325,1.3561765000000006,-0.45861897538771085,-0.9229308284271482,874.0,4.80643739956541,7,baseline,0
1871.6185671039354,1500.0,2004.4377053050066,1.070964853916036,1500.0,750.0,3.3890643316112814,17.833881738134842,2.9646821392532794,2.0,2.8436847152438096,0.9591870499682149,3.0,1.0,2.6825729875076676,11.989824388453371,2.3703103940972223,1.70273225,1.8618851967541235,0.7855026925548533,2.367208202380952,1.01812125,0.9498865077754959,-0.12676168658406484,700.4581231079718,750.0,182.52352601804384,0.2605773564423477,0.0,0.0,-3.412799762340574,9.647202217831875,4.445217428859738,4.5784,2.1193596839754028,0.476773007820913,3.7079545000000005,1.9229260000000004,-0.5525685746192428,-0.8613356266638723,991.0,4.97008316025498,8,baseline,0
1925.3384030418251,1500.0,2132.3261712722347,1.1075072142660176,1500.0,750.0,3.6429579873330273,20.554877984050105,3.0722433460076046,2.0,3.0899858961039164,1.0057751122219432,3.0,1.0,2.7925881932968584,12.824400081982018,2.758865539007017,1.948289,2.124064461724722,0.7699050322290172,2.8482848125,1.1171342499999999,0.9590616329293635,-0.15795185305449655,703.3307984790874,750.0,177.53069911285576,0.25241422598975577,0.0,0.0,-3.5411430254016865,10.539693926351022,5.161009239543726,5.4617945,2.3549882934925375,0.4563038320971378,3.950561,2.0761890000000003,-0.5411377059272054,-0.927810158339319,1052.0,5.051854801828804,9,baseline,0
2035.5433364398882,1500.0,2323.1560008974693,1.1412952794022102,1500.0,750.0,3.6850478599580687,20.835584673674404,3.271202236719478,2.0,3.407693744076089,1.0417251815936306,3.0,1.0,2.770268768967365,12.384969155164967,3.2082579579636676,2.4143086666666664,2.3865203420572407,0.7438679723783816,3.3357350000000006,1.4090953333333336,0.9321369057612521,-0.24122755218756975,704.2441752096925,750.0,175.90369523225127,0.24977657100234446,0.0,0.0,-3.5842814421091647,10.847073456248163,6.055131917986952,6.439731,2.449303638328242,0.404500458702231,4.243867999999999,2.106171999999999,-0.5528087931864003,-0.9042508865508507,1073.0,5.032218502684937,10,baseline,0
2053.3873720136517,1500.0,2481.653406118574,1.2085656315714768,1500.0,750.0,4.027957618635253,24.160102781577656,3.304607508532423,2.0,3.684236219124039,1.1148786080075843,3.0,1.0,2.993674169636883,13.95079274148899,3.4520680983820466,2.772705833333333,2.71725254786749,0.7871375854784098,3.6314330178571432,1.7728133333333331,0.8805077348429244,-0.29511329406002007,708.1092150170648,750.0,168.790725133796,0.23836820868053285,0.0,0.0,-3.78112262701775,12.29688832054561,6.499884293515358,7.368748,2.972559457133893,0.457324980399956,5.509567999999998,2.1995575,-0.6313310874793616,-0.7705831452692307,1172.0,5.152975315802241,11,baseline,0
2086.0251968503935,1500.0,2630.709601464809,1.2611111339579277,1500.0,750.0,4.344680815246772,27.307106514637194,3.3566929133858268,2.0,3.9404442483306052,1.1739066843490191,3.0,1.0,3.204962188273359,15.46558851106536,3.7363577948000506,2.7917166666666664,3.0161117530221198,0.8072331180969047,4.054689857142858,1.7919143939393938,0.8882549684689224,-0.3266537622810284,711.3417322834646,750.0,162.53248176440073,0.2284872015629651,0.0,0.0,-3.9664900059880415,13.733042967603012,6.9725154574803145,8.0831575,3.3884068840124066,0.4859662061239644,5.52474575,2.4833784999999997,-0.5563386479978023,-0.9945754546892767,1270.0,5.330373886836598,12,baseline,0
2141.4992805755396,1500.0,2791.037682727046,1.303310119243626,1500.0,750.0,4.413201295839986,27.44731920093372,3.4287769784172664,2.0,4.194073321033363,1.2231980520848456,3.0,1.0,3.271174552897538,15.51956815361078,3.9292915014668965,2.6670142500000003,3.33950986061179,0.849901275933606,4.448597875,1.839532916666667,0.9149705219949413,-0.30827615514017825,714.6791366906475,750.0,155.73727853161733,0.2179121658045952,0.0,0.0,-4.182417206225022,15.492613686927118,7.3243175561151075,8.315321999999998,3.86504592620202,0.5277004849380232,6.20150875,3.040154499999998,-0.4682264325906994,-1.1692078109507302,1390.0,5.389021137109208,13,baseline,0
2181.3247106875424,1500.0,2960.0047810239803,1.3569757709713022,1500.0,750.0,4.490335123520374,27.67900889919789,3.4962559564329476,2.0,4.468574897192372,1.278102905758488,3.0,1.0,3.3232730773769856,15.48267251913872,4.286451293839009,3.14199375,3.6060803478473513,0.8412740751377331,4.9639714999999995,2.1421514423076924,0.9249019582743578,-0.3133836237913008,716.5786249149081,750.0,151.70116841625824,0.21170205632950936,0.0,0.0,-4.318735687203853,16.65147793592812,7.911243915588835,9.243491,4.139831338510693,0.5232845027509894,8.00263,3.303977999999999,-0.4039631315236346,-1.2666148421923797,1469.0,5.5538274918185335,14,baseline,0
2199.4146658014274,1500.0,2987.8079007748925,1.3584559324951981,1500.0,750.0,4.606888820219692,29.68828929717879,3.536015574302401,2.0,4.580893872035973,1.295495954635242,3.0,1.0,3.358287063511652,15.88221339579021,4.609483076177102,3.438849333333333,3.8712488134895553,0.8398444575048087,5.312539,2.296195666666667,0.9394803055518708,-0.2723677210832194,718.1401687216094,750.0,148.28266700430814,0.20648151080070087,0.0,0.0,-4.439361327538663,17.70792899644584,8.5202134256976,9.656809,4.411178417023853,0.5177309765174907,8.110958,3.8024510000000005,-0.3711545318708646,-1.2901155684229761,1541.0,5.564221510735389,15,baseline,0
2233.6296296296296,1500.0,3056.5079584164064,1.368404106872106,1500.0,750.0,4.730678319800317,31.11217337028745,3.59320987654321,2.0,4.734358607571635,1.3175847696729168,3.0,1.0,3.422956487301456,16.22081280421087,4.873962966830038,3.4964115,4.10180664266164,0.8415752582809224,5.7041445625,2.2649185,0.9724257018659929,-0.1516814555488497,719.6938271604938,750.0,144.78464241053138,0.2011753289336522,0.0,0.0,-4.568078791434575,18.867343844754387,9.076637390740741,10.2457005,4.727455355548101,0.5208377455257465,8.6904955,4.296826,-0.3521910522315856,-1.2825472633898065,1620.0,5.6230414639644675,16,baseline,0
2305.0602836879434,1500.0,3197.6095494730507,1.3872129818475236,1500.0,750.0,4.7858668324315445,31.455049540788607,3.701536643026005,2.0,4.964785926258507,1.3412769898178818,3.0,1.0,3.4699405517188016,16.383351511882843,5.160562436729036,3.7485435000000003,4.372035501476007,0.8472013574255236,5.62076445,2.53437575,0.9699246606393122,-0.15322180714959055,720.983451536643,750.0,141.8026371610112,0.19667946172521034,0.0,0.0,-4.682331135487827,19.92422486235872,9.667512238770685,10.649771000000001,5.016451053639036,0.5188978229084636,8.90078075,4.279586500000001,-0.3367768736601428,-1.2779748044152497,1692.0,5.716568971417158,17,baseline,0
2239.789090909091,1500.0,3216.391717951898,1.4360243698867294,1500.0,750.0,5.063814675975531,34.8877321032014,3.572987012987013,2.0,5.0187697216859695,1.4046425871249624,3.0,1.0,3.691086224600921,18.263182496423006,5.063692121330701,3.570592,4.6604395944727415,0.9203639326413101,6.20689375,2.710957125,1.0411531375633614,0.023262833834581276,724.4955844155844,750.0,133.28057937166042,0.18396327353626513,0.0,0.0,-5.0344256604713005,23.34544173081187,9.440276341818182,10.309317,5.749844577298988,0.6090758754411184,10.247891,5.027882999999999,-0.21099658300065294,-1.4055625552450906,1925.0,5.9339439087960555,18,baseline,0
2255.2361516034985,1500.0,3280.764662286112,1.4547322061831314,1500.0,750.0,5.280310984152831,38.37582653507778,3.5879494655004858,2.0,5.1444905355281,1.4338246915109467,3.0,1.0,3.8430696865212726,19.985381000645862,5.247876008361498,3.5577986,4.8879173417526385,0.9314086944822375,6.363280906249999,2.557899988888889,1.0894634304164086,0.12089509404761545,726.1438289601555,750.0,129.054401684272,0.17772567435996675,0.0,0.0,-5.224832699390888,25.298876736624266,9.790313663265305,10.401005000000001,6.086005595323313,0.6216354046100586,11.674687500000001,5.634532000000002,-0.13658838511943103,-1.4563708090624838,2058.0,5.991725386548279,19,baseline,0
2209.256298870547,1500.0,3204.145017900366,1.4503274335071228,1500.0,750.0,5.580163647551483,43.52026210345461,3.4939183318853173,2.0,5.08329468164469,1.4548979680649103,2.0,1.0,4.049571004246852,22.26949991111156,5.246093937229416,3.2675804,5.111614094230219,0.9743657195985669,6.45887325,2.4562566777777777,1.1647373472892981,0.31043358041721847,728.6724587315377,750.0,122.24410324948913,0.16776276059930942,0.0,0.0,-5.557281696251588,28.883379851492958,9.697572106429192,9.3282805,6.571852437448433,0.6776801827636318,13.610398,6.6871805,-0.003215515995505476,-1.5104165868717576,2302.0,6.138213876383373,20,baseline,0
2229.4518828451883,1500.0,3285.6072582121133,1.473728714888916,1500.0,750.0,5.677003393113081,44.92685548260135,3.528451882845188,2.0,5.238718313658453,1.4847073128950201,2.0,1.0,4.112757925951418,22.795546493413823,5.633632416079814,3.6082567,5.324865482995331,0.9451922116531452,6.828632000000001,2.60828295,1.179074724045463,0.339677908343881,729.4577405857741,750.0,120.03968875013703,0.16456016856266675,0.0,0.0,-5.672419582733809,30.17634392258195,10.322465386192468,9.749967,6.7290388515030815,0.6518829174766695,13.780790000000001,6.5174365000000005,0.036725984609653387,-1.5116484053458517,2390.0,6.177540094149085,21,baseline,0
2237.7238895558226,1500.0,3382.8821208506433,1.5117513544184977,1500.0,750.0,5.781100983508833,46.48178196004548,3.5418167266906764,2.0,5.405019681363491,1.5260585452183215,2.0,1.0,4.194005102864232,23.59596899774776,5.941743980081222,3.901577,5.5479919466354435,0.9337312353467649,7.054548428571428,2.73801,1.1953225516365713,0.39620014265384373,730.3537414965987,750.0,117.46754090502324,0.16083650186321433,0.0,0.0,-5.811881969549284,31.777972027972055,10.847403541016407,10.556537,6.946590788006702,0.6403920313040925,13.996800499999999,6.794601,0.06912846280787052,-1.491750880190448,2499.0,6.218392874097683,22,baseline,0
2229.2232716282583,1500.0,3400.220038827887,1.525293622268852,1500.0,750.0,6.015721428823548,50.9937497549373,3.5243672081601813,2.0,5.47095149690422,1.552321643510073,2.0,1.0,4.345204936632472,25.543629524240174,6.161367775017458,4.2076435,5.767575424838908,0.9360868617881792,7.34858525,2.8434350624999993,1.2261447016847975,0.4971284897639192,731.4522100491122,750.0,114.2255830909991,0.15616274244810827,0.0,0.0,-5.996068495028714,33.95283739707591,11.216517402720061,10.492162,7.230414520096824,0.6446220569624769,14.351193999999998,6.849724,0.10769681879324948,-1.4630272773784894,2647.0,6.264577722051273,23,baseline,0
2200.731847591661,1500.0,3411.8037570078623,1.5503041684708296,1500.0,750.0,6.213677216566655,54.77240742228072,3.483465132997843,2.0,5.536388331489377,1.5893336434014496,2.0,1.0,4.465448081306754,26.973549412402928,6.463910555648374,4.455427125,5.987434769786994,0.9262867606599197,7.4551609999999995,2.9098848333333334,1.2296327125452782,0.5332358022309851,732.352264557872,750.0,111.49090735562723,0.15223672097598462,0.0,0.0,-6.159287294391941,35.936819974858025,11.650172604601007,10.858554,7.485439134712558,0.642517444913763,14.561606,6.5958995,0.13577152467888703,-1.433263981450657,2782.0,6.390180923710497,24,baseline,0
2198.876997915219,1500.0,3430.8041082531704,1.5602528524814967,1500.0,750.0,6.376997232681937,58.66308091463058,3.485753995830438,2.0,5.6178669826692165,1.611664790283294,2.0,1.0,4.55436210035272,28.295608897445998,6.839619426378988,4.7493681,6.210407328333452,0.908004808627393,7.538307324999998,3.0287661,1.222589341493397,0.5373634586505207,732.9409312022237,750.0,109.66146015691739,0.14961841464774328,0.0,0.0,-6.272776793416208,37.34772870002094,12.242159604933983,11.5740065,7.680367167869053,0.627370285613138,14.699641249999999,7.005482,0.14619977592151592,-1.4045477231947,2878.0,6.42908169057564,25,baseline,0
2173.467369808833,1500.0,3408.4356809911196,1.5682019101537779,1500.0,750.0,6.6034437755631314,63.53365297049291,3.445286750164799,2.0,5.637986148001064,1.6364345138271525,2.0,1.0,4.689819675427312,30.03100037956694,7.0451682035133185,4.737686500000001,6.431899949941872,0.9129519358720749,7.108901625,3.1189111666666673,1.2391149617721482,0.6198381344838477,733.8180619644035,750.0,106.87143745226243,0.14563751288183285,0.0,0.0,-6.452950763732874,39.64057355916068,12.586221666446933,11.426252,7.993360866308129,0.6350882002672245,14.45306575,7.0883,0.16065247992438975,-1.3639206152198484,3034.0,6.516389877385809,26,baseline,0
2177.7665369649803,1500.0,3468.5329750014926,1.5927019338975492,1500.0,750.0,6.794112437171279,67.24393863959905,3.4636835278858626,2.0,5.776111763640926,1.6676211083194734,2.0,1.0,4.784335231089539,31.201399731924596,7.5332223556719216,5.233813833333333,6.640259179887929,0.881463318932613,7.352722083333333,3.2792908333333344,1.227053933870312,0.595672513095904,734.0804150453956,750.0,106.02125801978356,0.14442730775377952,0.0,0.0,-6.5096457350280374,40.37548759556873,13.373524150453958,11.807824499999999,8.099614025419966,0.605645447998464,15.091446000000001,7.090492499999998,0.16176598512088752,-1.3486588377648627,3084.0,6.549531487256236,27,baseline,0
2171.8477157360408,1500.0,3481.1101622300143,1.6028334477632855,1500.0,750.0,7.022734815836513,72.69959411222442,3.4647842639593907,2.0,5.858529159511696,1.6908784828111774,2.0,1.0,4.891775697421264,32.79479369688236,7.974731389514017,5.567107166666666,6.873402252240431,0.8618976510328956,8.003999875,3.3365846874999994,1.2041640625965122,0.5524533332510808,734.4238578680203,750.0,104.89689421319254,0.14282882165307195,0.0,0.0,-6.585969212129017,41.3749904631113,14.07330592036802,12.3877565,8.262966796015212,0.5871375810893432,15.113598499999998,6.956571500000001,0.15503286625590573,-1.320029464980668,3152.0,6.5851577023660335,28,baseline,0
2152.3703927492447,1500.0,3455.4664288713543,1.6054236949699219,1500.0,750.0,7.29611537294399,79.58111078094046,3.4317220543806646,2.0,5.871948501967238,1.711079279999257,2.0,1.0,5.047489252638772,35.12738433401155,8.153133655211342,5.7206019999999995,7.136331694712117,0.8752869751068901,8.515977750000001,3.5794277499999994,1.2001022035525408,0.5767649116107307,735.1673716012085,750.0,102.41655549134063,0.13931052906806163,0.0,0.0,-6.759988557328063,43.69744529520633,14.37541819123867,12.4361455,8.644910940528918,0.601367614181666,15.499228000000002,6.8802175000000005,0.1406829925778028,-1.2678147820200858,3310.0,6.653088414582642,29,baseline,0
2137.016919988529,1500.0,3494.343836176738,1.6351502898701873,1500.0,750.0,7.408087904950726,81.8921380090865,3.4017780326928593,2.0,5.945940118549347,1.7478918557900498,2.0,1.0,5.148575710796184,36.3501464434961,8.34339993483743,5.910621,7.391639600732078,0.8859265597312042,9.520808625,3.832649000000001,1.1938491122775006,0.5838184344458686,735.920275308288,750.0,99.83647920485633,0.13566208535704952,0.0,0.0,-6.949769825044328,46.29930062109666,14.621549526813881,12.74521,9.031605236267362,0.6176913889806726,16.129706000000002,7.283633,0.14233099999625298,-1.2427273736601105,3487.0,6.765959295604667,30,baseline,0
1455.2406864796985,750.0,2615.293398275722,1.797155221520263,750.0,0.0,10.099668097567339,153.7719274610703,2.218361936654109,1.0,4.4625984500767135,2.0116638211019437,1.0,0.0,7.26654288656434,72.25430633300282,4.833705614083453,0.999,6.615712527615918,1.3686626898296044,5.176846500000001,0.09999999999999998,2.0703930581313994,3.735711494652681,743.1529636280983,750.0,69.96004419403964,0.09413949431418843,0.0,0.0,-10.119847302776286,100.4128306031976,8.104533960792521,0.999,9.655708365869312,1.1913958794646233,12.5784255,0.2993229999999999,1.0741863308885133,-0.2902447384287643,7167.0,9.802481276430408,31,baseline,0
1418.0847651775487,750.0,2603.3101720298564,1.8357930611460407,750.0,0.0,10.487240608143694,164.84057690293218,2.1528573246786307,1.0,4.43488976334995,2.060001706807009,1.0,0.0,7.582771018078832,78.32644247261183,4.8211781516616465,1.999,6.089923525771979,1.2631608569936483,3.560075666666667,1.0,2.2491709265496875,4.667453751388713,743.7541762122947,750.0,66.84658499168688,0.0898772566657917,0.0,0.0,-10.60931937128171,110.55922303801492,7.851318243858979,1.999,9.213899569390701,1.173548095136442,10.757608,1.0,1.2561267235955487,0.19939460841841594,7857.0,9.993825375313635,32,baseline,0
1421.048678720445,750.0,2638.2978938593697,1.8565851637362434,146.0,0.0,10.572579211327401,169.1310304649306,2.1634846377544568,1.0,4.524523508677682,2.0913129817153755,1.0,0.0,7.616768277430856,79.19220423414689,5.243543530057185,2.999,5.986295946991249,1.1416508536024235,3.4022799999999997,1.0827825,2.272786100638541,4.866333920439057,743.7951547335794,750.0,66.62928351362802,0.08958015266648789,0.0,0.0,-10.645283044352352,111.32353551866969,8.307821376533065,2.999,9.08450291549552,1.0934879920692966,11.537913999999999,1.5958520000000003,1.288262237435975,0.3425017158700201,7909.0,9.994062864927786,33,baseline,0
1440.8358132375577,750.0,2725.8977360022595,1.8918864390781405,750.0,0.0,10.560163321922671,168.65491772296414,2.202283222165213,1.0,4.6864213225606095,2.1279830293367414,1.0,0.0,7.583966840478442,78.39694890089555,5.692018803230089,3.999,5.833849300327839,1.0249174329883213,3.3239885048076925,1.64192725,2.209255946983686,4.719661838775223,743.7051353635349,750.0,67.10706486245412,0.09023342944869021,0.0,0.0,-10.566933814851426,109.66147143405509,8.906392602103644,3.999,9.036483959100496,1.0146065149840942,11.301027249999999,2.0,1.2841664525881977,0.4077821161686823,7796.0,9.980621341268543,34,baseline,0
1473.9287322824216,750.0,2838.3667949156134,1.9257150856407552,750.0,0.0,10.293191572059511,160.046367397483,2.2644058815737185,1.0,4.891107877000472,2.159996101759481,1.0,0.0,7.407646242810878,74.37050899571705,6.072222652454886,4.899,5.7272179237834235,0.9431831228171478,3.5395134285714285,1.9,2.0787325301409423,4.249286293509227,743.4990897564484,750.0,68.18708659354066,0.09171105591518214,0.0,0.0,-10.39363579001595,106.02892985303848,9.508556296198172,4.999,9.079139388403274,0.9548388951573444,12.271792999999999,2.9999999999999996,1.2469153776850073,0.39429695571751466,7549.0,9.930484819220123,35,baseline,0
1491.405384006334,750.0,2895.359364600448,1.9413630899083245,750.0,0.0,10.348028957455162,163.55248523724148,2.295328582739509,1.0,5.005922259796967,2.1809174936611138,1.0,0.0,7.431917754970032,75.31230586831823,6.367216813886706,4.999,5.7125561189040015,0.8971825973390902,3.6521561041666666,1.9999999999999996,1.9514090141441998,3.8461960172364114,743.5238922612241,750.0,68.05844609535609,0.09153498200088095,0.0,0.0,-10.414120430287849,106.45510634640765,9.94864466165215,5.999,9.179588350594598,0.922697378666871,12.010578249999998,3.9999999999999996,1.2240777475187283,0.4183706937634155,7578.0,9.904314478290535,36,baseline,0
1540.3342072581759,750.0,3009.40339604565,1.9537340545091477,750.0,0.0,10.147470670391964,158.0805513455416,2.383744997930178,1.0,5.227352211591062,2.1929158597626874,1.0,0.0,7.26587320792249,71.96057834909215,6.829306169425568,5.899,5.914477717762821,0.8660437196741327,4.367324999999999,2.9,1.7627561163677963,3.1372479531742483,743.2280272545208,750.0,69.58170139386615,0.09362093306801209,0.0,0.0,-10.177736906732639,101.58741926699585,10.72338205616117,6.999,9.430345257414855,0.879418937796458,13.222994000000002,4.47853,1.1228085825284448,0.24381624832337945,7247.0,9.724212913794915,37,baseline,0
1492.711093990755,750.0,2950.5904790193254,1.9766654719038348,750.0,0.0,10.567300044792095,172.09151524317014,2.305855161787365,1.0,5.156929369240995,2.2364498233460783,1.0,0.0,7.552871234124484,77.62218047021638,6.5383621140964365,5.243394892857143,5.763995256246268,0.8815656208179927,6.0,2.7556051071428564,1.6246189149772627,2.7062122085848888,743.6983821263482,750.0,67.14419291701633,0.09028417236170494,0.0,0.0,-10.561326211291789,109.54272270391009,10.197366471237803,6.999,9.405630360470589,0.9223587665501336,12.704861499999998,5.0,1.195915524841182,0.5753290967588445,7788.0,9.914530453990025,38,baseline,0
1561.7181594083813,750.0,3115.184668528024,1.9947162999680654,750.0,0.0,10.211339328767375,160.60793192303288,2.427964941112024,1.0,5.451984196999884,2.2454954372211153,1.0,0.0,7.2931004035536455,72.18354774669635,7.084413338141583,5.85077875,5.967459262383114,0.8423364049433805,6.480940416666668,3.1482212500000006,1.4837105615060762,2.088994942787603,743.2788979485775,750.0,69.32300420151422,0.09326647694807853,0.0,0.0,-10.217376029890978,102.3957646709175,11.117303335250616,7.999,9.656987262849539,0.8686447577830566,14.248780749999996,5.6697595,1.0921444016898534,0.3489606843582602,7302.0,9.698610396403513,39,baseline,0
1503.6250314149283,750.0,3039.62023942735,2.02152809106073,750.0,0.0,10.671835080171638,176.24039700580173,2.3303593867805983,1.0,5.34554286262152,2.293870590495662,1.0,0.0,7.623341303949792,78.82519516043733,6.829624334900423,4.999,6.202835339924055,0.9082249675471342,7.899999999999999,3.7279610689655174,1.502639509216127,2.0707861354325505,743.8328788640362,750.0,66.43065111344896,0.08930857051506014,0.0,0.0,-10.67900558653667,112.04218748504395,10.665939106056797,7.899,9.943010119647864,0.9322207843847141,13.821866999999997,5.9,1.1241516462301746,0.41279383568416783,7958.0,9.944581371461563,40,baseline,0
1537.7938144329896,750.0,3121.1846447067965,2.0296509294112552,750.0,0.0,10.577531503423156,174.3457208774027,2.392783505154639,1.0,5.515988894950067,2.3052603309356163,1.0,0.0,7.534737420665581,77.08034007488382,7.144851670267006,5.0771421,6.261532641974219,0.876369857758044,8.0,3.0781420999999995,1.4404979402355484,1.8044483198806578,743.6754651747548,750.0,67.26600873674003,0.09045075693190084,0.0,0.0,-10.541792713582721,109.13034852671342,11.189733100773195,7.999,10.08541866481717,0.9013100289336019,14.632878,6.0,1.0961503022943826,0.38461301541100434,7760.0,9.841086562332272,41,baseline,0
1555.2329087600729,750.0,3193.6334509059507,2.053475998943535,750.0,0.0,10.608152519926314,176.01242252198128,2.4276059266961267,1.0,5.660359018562682,2.3316630414830963,1.0,0.0,7.529874040566476,77.10070467972393,7.4268500376174424,5.3460055,6.35713871166035,0.8559670222854993,7.7791109999999986,3.3470055000000003,1.3775408478614688,1.5334394862522398,743.6211581071211,750.0,67.5519021770071,0.090841823743907,0.0,0.0,-10.495652556765,108.15962599901022,11.636435937093838,8.340993000000001,10.287754443814215,0.8840984043077669,15.528361499999997,5.341993,1.081730773986403,0.3764074857510269,7694.0,9.79950412734771,42,baseline,0
1583.6481262327416,750.0,3304.362486988318,2.086550940358762,750.0,0.0,10.529664600377624,172.75252105386954,2.478369493754109,1.0,5.8466901663768,2.359087368171454,1.0,0.0,7.479351003807269,75.94714814851535,7.625749133628509,5.999,6.443352519054876,0.8449468250457617,7.783164,3.8999454,1.3338986369160957,1.3852513778894657,743.5464550555785,750.0,67.94302179996578,0.091376969573323,0.0,0.0,-10.433113085873174,106.85070167327336,11.991126850361601,8.735371,10.443849042324395,0.8709647702550535,14.572223,5.736371,1.0673873188782925,0.392901577445151,7605.0,9.745855033271608,43,baseline,0
1597.7065217391305,750.0,3362.142903340569,2.1043557484392186,750.0,0.0,10.62491108381215,176.38165185411708,2.4998706004140785,1.0,5.946361344029922,2.378667657055916,1.0,0.0,7.546762849245899,77.53944768262355,7.670219573404216,5.899,6.5687312398843725,0.8563941588661746,8.305093000000001,3.9,1.291339789881117,1.2063636932748665,743.6491212591757,750.0,67.40550858834669,0.0906415494369348,0.0,0.0,-10.519432101748086,108.6592802180509,12.120122945134577,7.999,10.722934280592035,0.8847215765989057,15.728086750000001,6.0,1.0659992940941343,0.3957588445733946,7728.0,9.739520027504412,44,baseline,0
1571.5979650080656,750.0,3357.388780721867,2.1362898498692298,750.0,0.0,10.80375956130729,183.0709539397279,2.4581213550068246,1.0,5.952375578609498,2.4215141235746565,1.0,0.0,7.689298082016831,80.46005394876546,7.564960643546397,5.999,6.656320801500081,0.8798883583325092,8.38789175,3.9999999999999996,1.318469800408946,1.2513029370005562,743.9099198963202,750.0,66.0192645477508,0.08874631562508535,0.0,0.0,-10.748289368607878,113.52655055450006,11.907430133391241,7.999,10.865159826422602,0.9124689126627022,15.693812500000002,6.0,1.108441304508262,0.5059886414312644,8059.0,9.850370070020805,45,baseline,0
1565.7471542746428,750.0,3378.3698915675586,2.1576727010771046,750.0,0.0,10.907999812722945,187.43765417040376,2.449624606442238,1.0,6.003727991717507,2.450876749004062,1.0,0.0,7.77196586785003,82.22425129018633,7.72218484249139,5.801281666666666,6.757450216687028,0.875069731496726,7.9827685,3.802281666666666,1.3482083348947205,1.3238784856802202,744.056635462845,750.0,65.2260927023893,0.08766280628868393,0.0,0.0,-10.88356285049082,116.45275095077555,12.060341063453622,7.999,10.941378364928234,0.9072196472190845,14.802818499999999,6.0,1.1234780079111164,0.5539104745330778,8258.0,9.916645635726763,46,baseline,0
1569.0773888821607,750.0,3428.0781642417674,2.184773159394001,750.0,0.0,10.991211512533505,190.17377048047268,2.46215332445198,1.0,6.114490627160565,2.483391495743472,1.0,0.0,7.802340727310437,82.67805391311471,8.00911952086918,5.999,6.837399545085623,0.8537017742424203,7.899999999999999,3.4460666666666664,1.3860227301210535,1.447765602450752,744.0558752212822,750.0,65.23044387781536,0.08766874377332996,0.0,0.0,-10.882882533599423,116.43790935323076,12.419911272496062,7.999,11.042267091608315,0.8890777759468744,14.766287,5.672896,1.146702641187177,0.631022051238086,8257.0,9.896361273793286,47,baseline,0
1609.3062420382166,750.0,3586.7399213510403,2.228749151440789,750.0,0.0,10.786238130594224,182.30026813711422,2.5434394904458597,1.0,6.400693504760246,2.5165503361899195,1.0,0.0,7.628936979681973,78.8411147070528,8.13776576166411,6.0977785,6.555829304763373,0.805605555230771,8.0,3.1987785000000004,1.304119526908457,1.2669016057780373,743.7476486199574,750.0,66.88610595917656,0.0899311830878194,0.0,0.0,-10.604341768705227,110.45277391798022,12.771642575796177,8.999,11.099946413671404,0.8691087577652039,14.6784305,6.0,1.2134954997763896,0.9040131999248908,7850.0,9.838459214308354,48,baseline,0
1610.5029652996845,750.0,3634.211979309824,2.2565695671560375,750.0,0.0,10.87409519727437,185.02616183264226,2.549652996845426,1.0,6.497286126447437,2.5483021158119343,1.0,0.0,7.679466981662036,79.73539263097538,8.191819713920058,6.470988,6.685156686849753,0.8160771257563093,7.535495399999999,3.5280120000000004,1.2769377561547264,1.2321338336284846,743.8067804030129,750.0,66.57201803119082,0.08950176280339964,0.0,0.0,-10.656212062975738,111.55554339854606,12.76510123154574,8.724393,11.210192957047278,0.8781906820561753,14.860707,5.725392999999999,1.228101620266819,1.0053561415089964,7925.0,9.805850816466275,49,baseline,0
1665.0922155688622,750.0,3812.466046620308,2.289642586142184,750.0,0.0,10.598829920068502,175.17819215421324,2.653226879574185,1.0,6.811327784950203,2.567186333512251,1.0,0.0,7.475525539261662,75.41154424340678,8.176540610997721,6.3816145,6.580231083907868,0.8047695715052448,8.0,3.776364944444445,1.1963407677258409,0.9788096510486963,743.4688542914171,750.0,68.34816579555124,0.09193144460730947,0.0,0.0,-10.369461641158352,105.52636227024479,12.916528017831006,8.999,11.38822901825034,0.8816788073799028,14.990605500000001,6.0,1.2915412502693975,1.2623079589088748,7515.0,9.687643956400198,50,baseline,0
1665.417050994861,750.0,3850.762112921816,2.312190877727298,750.0,0.0,10.745855483073887,180.27196926221703,2.6581894847806034,1.0,6.898959643244379,2.59536036943348,1.0,0.0,7.549481257758439,76.93558419454848,8.294665993393982,6.899,6.70313662811709,0.8081261660753531,8.899999999999999,4.0,1.191738354233373,0.9915976095673451,743.5325018925741,750.0,68.01753199941201,0.09147889544341561,0.0,0.0,-10.421795666153246,106.61443437939656,13.122054595203585,8.999,11.612937571585437,0.8849938466061736,15.542533,6.1000000000000005,1.298701341439035,1.2954159979250228,7589.0,9.720838236897535,51,baseline,0
1700.6174386920982,750.0,3959.913446639081,2.3285151360582015,750.0,0.0,10.631756411011608,177.21163927104914,2.729019073569482,1.0,7.121024814282757,2.6093715808913904,1.0,0.0,7.441476209614265,74.79772514980712,8.462014708354374,6.999,6.7373870884592355,0.7961918432743388,8.527840249999999,4.000000000000001,1.1754850089201736,0.8980235049697125,743.3130632990986,750.0,69.15138233156227,0.09303130234876114,0.0,0.0,-10.244620142023384,102.95280964137125,13.551272581607629,9.725184500000001,11.861879148611449,0.8753332262470244,16.483172500000002,6.449483000000001,1.297764118207356,1.2916224749681477,7340.0,9.651418895517198,52,baseline,0
1686.91732547233,750.0,4001.5752043126436,2.372122891791522,750.0,0.0,10.683311872784422,179.10066153714146,2.7120460940640494,1.0,7.20229119097461,2.6556669544586717,1.0,0.0,7.4896506805381575,75.69420035807303,8.314661484733055,6.899,6.732207521299513,0.8096790871956531,8.563609,4.0,1.1336555676474722,0.7815265250934003,743.4232376579806,750.0,68.58480565150016,0.0922553966265086,0.0,0.0,-10.332515366913242,104.76142975217553,13.283393190539996,9.494751,11.966506331800527,0.9008621637672133,16.358021,6.495751,1.3662869520848013,1.5863436372501178,7463.0,9.749608211025574,53,baseline,0
1699.5677863213275,750.0,4050.617001982199,2.383321827221531,750.0,0.0,10.779175645686994,182.96381557254375,2.7409955483609876,1.0,7.326064037350088,2.6727748761689156,1.0,0.0,7.5112946123943996,76.18879335157514,8.350448314223039,6.856523,6.779349582663769,0.8118545648760833,8.858341333333332,4.282212666666666,1.0926391666151525,0.6169296802873832,743.3788439728005,750.0,68.81392906232138,0.092569124908859,0.0,0.0,-10.29687186557737,104.02610260178632,13.442227604748412,9.999,12.227666761919249,0.9096458653623656,16.271246,7.0,1.3801303264757985,1.638457981510883,7413.0,9.739869432466213,54,baseline,0
1696.2099140779908,750.0,4053.0558568245983,2.389477754601923,750.0,0.0,10.912001763784255,188.96634195884218,2.7357567746199605,1.0,7.360554537003061,2.6905003417292304,1.0,0.0,7.5955218318898305,78.07293320026425,8.433432624702577,6.729319333333333,6.948075286575813,0.823872745034333,9.09061125,4.269680666666668,1.1189959639761875,0.6550304349668452,743.5118476236255,750.0,68.12576467905461,0.09162700620951057,0.0,0.0,-10.404837857350344,106.2611747120865,13.558479977924653,9.999,12.435872635237244,0.9172025666213918,15.577969,7.0,1.3849917581552686,1.6590662371186866,7565.0,9.784774187822354,55,baseline,0
1657.7307547406756,750.0,4004.5573952093105,2.415686252883543,750.0,0.0,11.209789729283074,200.2845899600695,2.669094562350873,1.0,7.295067946707526,2.733162042892257,1.0,0.0,7.8025335624493595,82.43671849105257,8.06084531513311,5.999,6.905959902783152,0.8567289946400756,9.34285375,3.9999999999999996,1.1347651904334861,0.6428093313136407,743.8361035862291,750.0,66.41680118454703,0.08928956374170895,0.0,0.0,-10.68237611073473,112.11369114325771,12.958572088408891,8.999,12.533110564858069,0.967167561313998,15.6484915,6.599080000000001,1.471472034289872,1.9773851455985394,7963.0,9.935840189071893,56,baseline,0
1657.3190964078508,750.0,4038.8483024787183,2.436976868988418,750.0,0.0,11.302442161928886,203.7696916444738,2.668929761757808,1.0,7.3633883281262325,2.7589292283497806,1.0,0.0,7.869811493412664,83.84509128785673,8.152711875911336,5.999,6.978015032129959,0.8559133621228254,9.361176,3.9999999999999996,1.1583286426393253,0.6842423988817781,743.9410772332633,750.0,65.85379703461076,0.08852017861350363,0.0,0.0,-10.776938085901465,114.14291684528516,13.148228140723367,8.999,12.739455775077785,0.9689104599288545,16.445316000000002,6.899999999999999,1.4765081232394777,1.9813577730223155,8101.0,9.955194585970196,57,baseline,0
1687.7658988482724,750.0,4166.3080797394005,2.4685343403267477,750.0,0.0,11.199018396693624,198.75451232408614,2.7243365047571357,1.0,7.573153412009898,2.779815708810544,1.0,0.0,7.8060394573578105,82.3033490454724,8.48964959331256,5.999,7.089230465857787,0.8350439423839228,9.450646916666665,3.9999999999999996,1.1681032258966781,0.6928783715886899,743.8553390430474,750.0,66.31427151884819,0.0891494192999407,0.0,0.0,-10.699564277497133,112.48117358540927,13.705132073860792,9.488714,12.977906111894361,0.9469376903449593,16.224818499999998,6.589714,1.4626693906720716,1.912901003734084,7988.0,9.913475740980841,58,baseline,0
1684.186614076174,750.0,4205.440898224736,2.4970159856849024,750.0,0.0,11.291595599394178,202.06966380698617,2.720448662640207,1.0,7.648234978255868,2.811387358007787,1.0,0.0,7.870514423928787,83.64742939900452,8.178726856241685,5.999,7.0411622808386785,0.8609117781534834,9.0,3.9999999999999996,1.1948040852955415,0.7934738365898046,743.949986107252,750.0,65.80605434133403,0.0884549439750202,0.0,0.0,-10.785117066060893,114.31923893003511,13.366378373351413,8.999,13.136750350580572,0.9828204756474161,15.995908000000002,6.578899999999999,1.5097484116940485,2.1021912417026964,8113.0,9.956252875545676,59,baseline,0
1675.5382003395587,750.0,4259.451346779788,2.542139203938521,750.0,0.0,11.446972493443244,206.60317081510902,2.709313606597138,1.0,7.736208611848004,2.855412748457931,1.0,0.0,7.963248449793138,85.55834786309843,8.09295022657944,5.999,6.920608840025004,0.8551404180512381,8.724280631578946,3.9999999999999996,1.2310809065736301,0.8979303075633509,744.0475422427036,750.0,65.27791891404375,0.0877335320768394,0.0,0.0,-10.875406655214018,116.27495044164328,13.268755609143826,7.999,13.273731507404653,1.000375008659998,15.215858999999998,6.0,1.5826601358241368,2.330887239582415,8246.0,10.045109921725267,60,baseline,0
1665.3925200143387,750.0,4291.00423607266,2.5765723002260845,750.0,0.0,11.557733984164374,210.9542233909918,2.6967379615246743,1.0,7.804137810606847,2.8939177339256816,1.0,0.0,8.032962554060338,87.09901199571817,8.225292262977325,5.999,6.922587222732877,0.841622036203136,8.607455,3.8999999999999995,1.2429372138126242,0.9563913238857387,744.1350025170957,750.0,64.80066064667406,0.08708186072081099,0.0,0.0,-10.958245492586025,118.0836162456335,13.37269160700203,8.314315,13.335589846971825,0.9972255577919124,16.288969,6.315315,1.6292777025218226,2.5379600103440305,8369.0,10.123833340030671,61,baseline,0
1682.2194794085299,750.0,4423.912204727631,2.6298067873302022,750.0,0.0,11.42459211942954,205.25751847717476,2.7381156055236464,1.0,8.036241550937687,2.9349533433599526,1.0,0.0,7.939760786713693,84.91635387855317,8.237150598011718,6.570716666666667,6.703361333470674,0.8137961366262662,8.319792999999999,3.6671376666666666,1.2031434178425024,0.8676444335121909,744.0016675010742,750.0,65.52713309168948,0.08807390622090894,0.0,0.0,-10.83272643360132,115.34840909563954,13.433985609434194,8.657239,13.480888831451843,1.0034913854593317,14.754249,5.7582390000000006,1.7244893797677876,2.873472354995111,8183.0,10.134707653018104,62,baseline,0
1651.734193548387,750.0,4401.399585158403,2.6647142151262035,0.0,0.0,11.650658141317187,213.48282167184885,2.6853958944281526,1.0,8.003901041454146,2.9805292612762235,0.0,0.0,8.104284929918068,88.38778307117957,7.817534171403412,5.926965666666667,6.687359692807084,0.8554308233495784,8.413313342105262,3.9279656666666667,1.187998822713254,0.7661397129707206,744.242282735186,750.0,64.21032132972569,0.08627609962409621,0.0,0.0,-11.062415975258682,120.37749825819407,12.813521748269794,7.999,13.625582366309557,1.0633752869814588,15.560138,6.0,1.7996783753550059,3.2033581964641584,8525.0,10.252060063582748,63,baseline,0
1671.9004237288136,750.0,4464.023128784376,2.670029306427433,750.0,0.0,11.615281270423266,213.04093856294352,2.7217514124293785,1.0,8.13170062930534,2.987672052697551,1.0,0.0,8.082047932616476,87.97207755233471,8.066165514442874,5.999,6.794584141956265,0.8423561517291235,8.084461166666667,3.9999999999999996,1.209620809849334,0.8241850646589888,744.2226084333804,750.0,64.31916311317174,0.08642462938416538,0.0,0.0,-11.043122649809826,119.95099366945107,13.195212592396423,8.3649695,13.845659399398365,1.0492941513785654,16.30588625,6.3659695,1.7939110596220402,3.1601268500803696,8496.0,10.202093609292723,64,baseline,0
1649.1723903434206,750.0,4433.42757253262,2.6882741904316085,0.0,0.0,11.857198475671698,222.45345969160377,2.680720843250595,1.0,8.094488959461271,3.0195195370085743,0.0,0.0,8.246820194809672,91.57990566628398,7.997745092661444,5.999,7.024449835972657,0.8783037912046158,8.321337,3.9999999999999996,1.2430324314907049,0.8954081231375941,744.436711741166,750.0,63.12566016013899,0.08479654370147077,0.0,0.0,-11.258733904995692,124.75952785217687,13.05623131372549,7.6588,14.06247668117193,1.0770701240861607,15.798297499999999,5.659800000000001,1.7900372154525774,3.1544542348782203,8823.0,10.261422466623902,65,baseline,0
1697.341726618705,750.0,4617.915430320506,2.720675134476256,750.0,0.0,11.54427998011104,212.03097766012218,2.7808153477218225,1.0,8.439979446197393,3.035073671148942,1.0,0.0,8.015619882703634,86.76031466862192,8.361993013037047,6.212944416666667,7.026616900916089,0.8403040865928739,8.37289075,3.950181638888889,1.231080665413905,0.8296323234081693,744.1145011263717,750.0,64.91346861217683,0.08723586022570025,0.0,0.0,-10.938760975694285,117.65689444903359,13.61177309148681,7.999,14.188175013848756,1.0423458368346181,16.184894999999997,6.0,1.8053307008787678,3.234602784874019,8340.0,10.16769720763207,66,baseline,0
1672.442200557103,750.0,4589.845919365005,2.7443973357262172,0.0,0.0,11.743856669999458,220.41841210803088,2.738741875580316,1.0,8.413322519510865,3.0719662172354796,0.0,0.0,8.1526948440549,89.81178427037958,8.25826073080947,5.999,6.979471366685892,0.8451502797250345,8.621553874999998,3.6060990499999996,1.242138160006434,0.9052541940651921,744.3030148699401,750.0,63.873923390871,0.08581709614871352,0.0,0.0,-11.122726867850222,121.71545670820156,13.365944754294333,7.999,14.228507352258653,1.0645343530757292,15.176638999999998,5.3593795,1.8813879402264608,3.5799443513363096,8616.0,10.25122437909636,67,baseline,0
1664.899977163736,750.0,4615.2773185282895,2.7721048602515515,0.0,0.0,11.813896045767908,223.50132102533337,2.7280200959123087,1.0,8.468148507742034,3.1041371434289613,0.0,0.0,8.210766092866441,91.09060769020975,8.111919961007521,5.999,6.919196628766485,0.8529665802948951,8.345718,3.9999999999999996,1.237347948112621,0.9002334742571603,744.3953662533751,750.0,63.358276574676694,0.08511374391483113,0.0,0.0,-11.216199998526072,123.80354087797717,13.151143344370862,7.999,14.377775174241009,1.0932718774140036,14.866015499999996,6.0,1.9521307034631727,3.8609950029094176,8758.0,10.308120696550674,68,baseline,0
1711.7734986159585,750.0,4768.103426714592,2.7854756663599516,0.0,0.0,11.575524547042985,215.5957797449227,2.8259718377662777,1.0,8.781403802770452,3.1073925385298615,0.0,0.0,8.013437037165453,86.8312406407816,8.504748640502532,6.644575,6.9385944089587435,0.8158494392079708,8.631178,4.0310950000000005,1.1825089383760263,0.7630224293784953,744.0924857104485,750.0,65.0340720966153,0.08740052257686991,0.0,0.0,-10.917899681440959,117.20090108100746,13.810433918642437,7.999,14.651290492027288,1.0608856013024903,15.652223000000001,5.729046,1.9483032513801855,3.814054494015034,8309.0,10.18822735465486,69,baseline,0
1679.2188614146062,750.0,4720.371864262236,2.8110521938073663,0.0,0.0,11.862771689743521,226.72269234517216,2.7660724554341574,1.0,8.706987876464035,3.147780116662708,0.0,0.0,8.210520245831749,91.16309405510061,8.339643839057025,6.368041,7.220966990416259,0.8658603568414192,8.831743499999998,4.28809,1.2007412455927107,0.7951973755449231,744.3547227470632,750.0,63.585979564008575,0.08542429787956826,0.0,0.0,-11.174822304601225,122.87702720822553,13.4854456426682,7.999,14.820415874443446,1.0989934086828674,16.5951305,6.0,1.9512730231457054,3.8859848654299025,8695.0,10.266942077539404,70,baseline,0
1692.2432432432433,750.0,4814.568606511093,2.8450807091324553,0.0,0.0,11.830748378495638,226.6011675303734,2.8027027027027027,1.0,8.904215045379578,3.1770101897689913,0.0,0.0,8.153261558080263,90.13340198125425,8.353871937791721,6.721247999999999,7.197119984957005,0.8615310407618608,8.8648140625,4.461892000000001,1.2249777696039796,0.8475579676662406,744.2319822578244,750.0,64.26809612561605,0.08635492381104316,0.0,0.0,-11.052428849418092,120.15653922130572,13.520985420916569,7.999,14.94304957340043,1.1051745940265545,15.023552500000001,6.0,2.0135970126334626,4.171967915210576,8510.0,10.25148362676955,71,baseline,0
1698.8378789652347,750.0,4859.472382368966,2.860468584164652,0.0,0.0,11.856167378669777,228.24336751079244,2.8171602481563855,1.0,9.001582731196955,3.195268262459616,0.0,0.0,8.169198075476002,90.53001427022652,8.204829900132335,5.999,7.060345499009602,0.8605108923581374,8.505067,3.9721907499999998,1.244335045744145,0.895815208109322,744.2542464916046,750.0,64.14502814967798,0.08618698308011812,0.0,0.0,-11.074358711869191,120.64176826745295,13.429573583167503,7.999,15.13965632323964,1.127337084046774,15.405527000000001,5.6604,2.0705039640852188,4.372899996715441,8543.0,10.283176172559468,72,baseline,0
1661.4920923882125,750.0,4839.679973376717,2.9128516443434935,0.0,0.0,12.076780777203922,236.93527643223408,2.7594720673569233,1.0,8.987111819394164,3.2568228994621413,0.0,0.0,8.306804018136818,93.52535729432476,7.87418350829543,5.899,6.924558463898211,0.879400188807285,8.038394,3.9,1.3166432430396866,1.144357690792896,744.4150518160153,750.0,63.24823786956595,0.08496367411603327,0.0,0.0,-11.236496009696879,124.25919021522161,12.807463269427693,7.445636,14.975340499858472,1.1692667146354934,14.516321,5.446636,2.216291786967378,5.1587889866252805,8789.0,10.397985259407292,73,baseline,0
1644.279848248159,750.0,4838.014687988659,2.9423304634811123,0.0,0.0,12.240568417703443,243.93972026960571,2.73343003793796,1.0,9.006730630375282,3.295028775336706,0.0,0.0,8.405551047897834,95.76761445365703,7.599706631393399,4.999,6.783559221090577,0.8926080374035199,8.04758725,3.117688333333333,1.3349196633003924,1.1827749618365555,744.5228472167771,750.0,62.63968152359824,0.0841339950248161,0.0,0.0,-11.349132153632251,126.80314562694196,12.361785574648517,6.899,15.017662329342965,1.2148457226228795,13.0,4.9,2.3331481304359913,5.704555409310252,8962.0,10.42589813304457,74,baseline,0
1666.207650273224,750.0,4928.572371007862,2.957958073352788,0.0,0.0,12.166565347443232,241.57448825687686,2.781193078324226,1.0,9.197857101599572,3.3071623733299487,0.0,0.0,8.334729337527762,94.16967020459327,7.85325798834043,5.999,6.761979729741125,0.8610413333906127,8.100000000000001,3.9999999999999996,1.2930906849295682,1.0701595407266131,744.4118427443838,750.0,63.266431259485735,0.0849884803366974,0.0,0.0,-11.233221367579837,124.18559168773895,12.717142185678508,6.999,15.1338536805848,1.190035737559645,13.643007499999998,5.0,2.3552795950606007,5.834616358535239,8784.0,10.359007027727689,75,baseline,0
1648.6176668914363,750.0,4933.8257288301165,2.992704632441025,0.0,0.0,12.303669155986444,247.9189501450705,2.7580355135985615,1.0,9.23787226236666,3.3494391993210764,0.0,0.0,8.409116209747241,95.89876001445437,7.81216689822015,5.999,6.874182858327705,0.8799329235904898,8.127781971153848,3.9999999999999996,1.3257830028669393,1.179741396571548,744.4834232411778,750.0,62.86314576984613,0.08443861046115114,0.0,0.0,-11.307591206654369,125.86194388904269,12.449890889413352,6.999,14.954951851361981,1.2012114792169613,13.0,5.0,2.4444877713782485,6.515393370471928,8898.0,10.383301348751914,76,baseline,0
1650.7472527472528,750.0,4948.253672916568,2.9975840727170358,0.0,0.0,12.377629906450275,252.44205454727987,2.7613497613497615,1.0,9.28558562195441,3.3626981094258666,0.0,0.0,8.460602202323766,97.25734682007787,7.861760644120032,5.999,6.860430913784446,0.8726328903075292,8.255498000000001,3.9999999999999996,1.3506135418529035,1.2812827165783611,744.5513793565742,750.0,62.477795533961164,0.08391334334502633,0.0,0.0,-11.379537029318309,127.49418360229325,12.430532964146966,6.999,14.928090907626634,1.200921227648348,11.367631,5.0,2.522723366809748,7.007593645975605,9009.0,10.399398708272534,77,baseline,0
1654.1407894736842,750.0,4953.8402532519885,2.994811738381837,0.0,0.0,12.49486514599935,258.69031306217363,2.7663377192982455,1.0,9.324645857062341,3.370754695644241,0.0,0.0,8.526947472797804,98.94689453911923,7.894352402874175,5.999,6.957069894570282,0.8812717674013832,7.92646825,3.7147764999999997,1.3814163421132661,1.370507040495501,744.6176816239316,750.0,62.099445344830116,0.08339775817490375,0.0,0.0,-11.451030949398763,129.12642612997254,12.54009671754386,6.999,15.115396551905398,1.2053652290224077,12.0,5.0,2.51755181326998,6.974289169797901,9120.0,10.396375214616311,78,baseline,0
1642.4521853434112,750.0,4994.035043105164,3.0405969121475453,0.0,0.0,12.68982385050789,269.9827673515975,2.757476174827473,1.0,9.42331621061289,3.417369947431179,0.0,0.0,8.596395892059661,101.50816986846257,7.6615130840310375,5.899,6.732238168447828,0.8787086956073852,7.386724000000001,3.9,1.3872094995565376,1.4505745378029538,744.6229750509921,750.0,62.06920295497997,0.08335655094543577,0.0,0.0,-11.456807250662033,129.25874114400796,12.172677229817067,6.999,15.07227277629064,1.238205243738082,11.899999999999999,4.8999999999999995,2.6648337909060884,7.803818493254287,9129.0,10.474281998589085,79,baseline,0
1644.0547031354236,750.0,5037.921205081601,3.0643269931795083,0.0,0.0,12.757640273575781,274.32291225934074,2.775517011340894,1.0,9.562347455742369,3.4452490893300833,0.0,0.0,8.582787507360438,101.28214435995149,7.65550599503133,5.77615325,6.607198931887065,0.8630649543185454,7.1000000000000005,3.77715325,1.390016061616316,1.498998232863344,744.5422531687792,750.0,62.52991907260599,0.08398437940422862,0.0,0.0,-11.369837968329545,127.27351222563041,12.08361186791194,6.999,15.04347993836465,1.244948952582021,11.761752249999999,4.2915735,2.7873742437865254,8.544187137096749,8994.0,10.451715641175415,80,baseline,0
1633.5782922035378,750.0,5062.282264904427,3.098891732991813,0.0,0.0,12.913677076497242,281.289008483741,2.7583533522603187,1.0,9.605190755441114,3.482219110024533,0.0,0.0,8.677312151370284,103.71272740604928,7.610006002621167,5.8163168333333335,6.608928736099035,0.8684524997513374,7.886095,3.7257924166666667,1.3898362257346513,1.5283906060734074,744.6399774601712,750.0,61.97186762894875,0.0832239330479184,0.0,0.0,-11.475401376623113,129.6851315579064,11.910656400960907,7.3273065,14.924049381601836,1.2529997406690214,11.0,4.4283065,2.876333362132774,9.263250720801922,9158.0,10.470507881806926,81,baseline,0
1639.386433260394,750.0,5116.297225331432,3.1208610255217226,0.0,0.0,12.931900009613,282.72163508996033,2.774507658643326,1.0,9.7225642733092,3.5042484900053665,0.0,0.0,8.677957129808687,103.78795031576954,7.9210043897854865,5.999,6.597557155931142,0.8329192651930615,8.0,3.6110644999999995,1.3912018271260782,1.5497253883114315,744.6294097240753,750.0,62.03253899191489,0.08330659275853909,0.0,0.0,-11.4638615934493,129.42040981742292,12.307856333260393,7.318578499999999,15.01649516739919,1.2200739723309129,10.4100425,4.5804215,2.899709588150603,9.400443798495617,9140.0,10.471474548456614,82,baseline,0
1614.4447561501943,750.0,5103.863042890791,3.1613736075190735,0.0,0.0,13.240963508293673,294.92258244541233,2.740289167026327,1.0,9.741190568993574,3.554803882089713,0.0,0.0,8.8116676742807,106.6925734065154,7.85422450699979,5.999,6.543779861899207,0.8331541651333372,7.899999999999999,3.48613,1.365481688685379,1.5416862833636245,744.7035712985737,750.0,61.60600516544599,0.08272554012064261,0.0,0.0,-11.5456642295352,131.30264675399258,12.12996228895123,7.320064,14.889333078332,1.227483872055743,10.3035215,4.3357015,2.9731404864430546,10.033882023414344,9268.0,10.515972829403522,83,baseline,0
1633.7646292476386,750.0,5176.256491546879,3.168300010222761,0.0,0.0,13.167617671665745,292.7069801909511,2.7768971881446096,1.0,9.884945130695025,3.5597087183842318,0.0,0.0,8.772108345927473,105.84716838214877,7.880671394317734,5.999,6.627517618955895,0.8409838816188414,7.999999999999999,3.9999999999999996,1.3263119572680844,1.4127505642883333,744.6707844140805,750.0,61.79504349967556,0.08298303732742374,0.0,0.0,-11.50930701793439,130.46442395330672,12.212003835305612,7.601393,15.125818054046112,1.2386024650857457,10.830803499999998,4.885611000000001,2.976067430407586,10.02741686806367,9211.0,10.44824381607695,84,baseline,0
1587.9040712731794,750.0,5098.746773617024,3.210991687633155,0.0,0.0,13.539732093239895,309.99327219683073,2.6952242826064436,1.0,9.761070581428086,3.621617185783346,0.0,0.0,9.004443840562473,111.53029250583066,7.700590212363358,5.899,6.593349105818943,0.8562134750701665,7.855871,3.9,1.343100469320969,1.489451159354573,744.9147927191182,750.0,60.37410435891103,0.08104833592917524,0.0,0.0,-11.788291843527757,136.96410686931455,11.716317369418832,7.379597,14.862480981768325,1.2685283705749901,11.313559999999999,4.653902,3.147035250284264,11.359475680591538,9653.0,10.552270346619217,85,baseline,0
1595.363075958625,750.0,5168.633068805418,3.2397848155659985,0.0,0.0,13.544120738817547,311.8378270783463,2.7170619579981192,1.0,9.908302827600776,3.6466974183029044,0.0,0.0,8.984692642471193,111.41169190437616,7.7442698310886,5.999,6.483121868636215,0.8371508237755828,7.441921499999999,3.6438849722222217,1.3659093389910917,1.5446194023849342,744.8712146430715,750.0,60.63045966546513,0.08139723817159202,0.0,0.0,-11.73703441605663,135.7582504015328,11.764366124020476,7.32329,14.956421917556664,1.271332578388448,11.0,4.575709999999999,3.2370189431149328,11.882573121491559,9571.0,10.558175421664933,86,baseline,0
1610.3937125748503,750.0,5241.8970704072435,3.2550406956234332,0.0,0.0,13.52572851329126,312.3356001112603,2.7580196749358428,1.0,10.096642710588302,3.6608305598194004,0.0,0.0,8.919955552479193,109.89670486112878,7.869033570535081,6.27230635,6.452034058204528,0.8199271232446654,7.611581249999999,3.6233861249999997,1.3229946382139859,1.4631936703082644,744.7511012457843,750.0,61.33123700634838,0.08235132100342839,0.0,0.0,-11.599031010092146,132.53778167895317,11.88863354384089,7.613731,14.891815359709392,1.252609503421388,10.32176325,4.614730999999999,3.3232629985500535,12.687850418750811,9352.0,10.509882208071867,87,baseline,0
1626.007121277514,750.0,5310.5770521717595,3.2660232434894683,0.0,0.0,13.469556257207685,310.8699491059175,2.7915407854984893,1.0,10.245314606450668,3.670128933696073,0.0,0.0,8.878764564946644,108.96778347878852,8.057613632350137,6.2408210833333335,6.42285382957231,0.7971161342094506,8.0,3.6581789166666656,1.295048228353127,1.4024708563679598,744.7035179699456,750.0,61.60661825361553,0.08272636930943278,0.0,0.0,-11.545660162432144,131.30252179082464,12.194381231873113,7.999,15.037166572781894,1.2331225575823757,10.452401749999998,5.0,3.3324031725672865,12.742441760439766,9268.0,10.473359361764304,88,baseline,0
1642.020284422886,750.0,5421.941978054613,3.301994518271277,0.0,0.0,13.368223162973285,305.73442979894907,2.8337559254767943,1.0,10.467705000140782,3.6939331669432804,0.0,0.0,8.79443010647064,106.80664352212875,8.043415415503578,6.428972,6.3349582075553075,0.7875955524247521,8.0,3.5700280000000006,1.197711775605423,1.099737882320082,744.5884811332323,750.0,62.267115259320434,0.08362621345491741,0.0,0.0,-11.419515698660067,128.40558121425047,12.151766747326645,8.621784,14.995139909502244,1.2339884579171283,10.4889885,4.861902,3.4535302133531793,13.79937448147842,9071.0,10.443174083412591,89,baseline,0
1665.2193642592385,750.0,5516.309988589721,3.3126626479290393,0.0,0.0,13.264487706459875,301.9741692154984,2.8843086600022465,1.0,10.668063307886596,3.6986552291800447,0.0,0.0,8.71541961267688,104.96836479871425,8.113901030002328,6.2447915,6.46780183154148,0.7971260442573607,8.0,3.7542085000000007,1.183111122928974,0.9502823444727726,744.4863554107854,750.0,62.84749615633355,0.08441725721307031,0.0,0.0,-11.310829545289872,125.93509779967607,12.39259175783444,7.999,15.33689388113513,1.2375856625341781,11.305013,5.000000000000001,3.3928036083314628,13.314195619724554,8903.0,10.412983114107655,90,baseline,0
1667.6104240282687,750.0,5524.0647731236095,3.3125631103814497,0.0,0.0,13.355833287707604,307.0720256005118,2.883613074204947,1.0,10.691750560840608,3.7077618549043634,0.0,0.0,8.784392540543177,106.71287375357674,8.238822648659198,6.899,6.6114946527284255,0.8024805162912922,8.41765875,4.1000000000000005,1.1670303386512615,0.9204945017372594,744.5794980196482,750.0,62.3184963450132,0.08369622922839157,0.0,0.0,-11.409852344216967,128.18496213331747,12.51505984860866,7.999,15.408056044102155,1.2311611954308888,11.471512749999999,5.000000000000001,3.392193000092889,13.456841218747222,9056.0,10.388155226210486,91,baseline,0
1636.107970784376,750.0,5452.129407477719,3.3323775110415736,0.0,0.0,13.688343527723449,322.9217408167443,2.82131893722875,1.0,10.574181526413035,3.7479568108664667,0.0,0.0,8.99144602137936,111.7833104117142,8.097055479451884,6.037963636363636,6.803175413910617,0.8402036309588368,9.0,4.038963636363636,1.1842575261276704,0.9146340660109793,744.803836966877,750.0,61.02488294193685,0.0819341683180007,0.0,0.0,-11.659092138187814,133.93466578610054,12.290290801524293,7.999,15.457759116149754,1.2577211854281445,12.561316,5.1,3.3735747853364653,13.530883140562228,9447.0,10.460747379414798,92,baseline,0
1633.4826892535734,750.0,5487.382510636868,3.359314761483239,0.0,0.0,13.81444632456514,328.19531987680944,2.8249867654843834,1.0,10.670053794379106,3.777027887261474,0.0,0.0,9.029579109145054,112.5833570906087,8.329880893724983,6.727392,6.779316468137967,0.8138551504673881,9.0,4.171607999999999,1.185570479550975,0.9006574293672296,744.8027277332833,750.0,61.03140061890817,0.081943041219317,0.0,0.0,-11.657830158911663,133.90523526302707,12.509727252091052,8.324206,15.481797986723189,1.2375807781209094,12.578543,5.362781999999999,3.431812320728903,13.95045742543017,9445.0,10.466525809854248,93,baseline,0
1635.8721004469037,750.0,5545.418207896956,3.389884946617773,0.0,0.0,13.837100112937797,329.0268072901835,2.8384762715471377,1.0,10.79998072371937,3.804851508528814,0.0,0.0,9.02338889984451,112.32504792407863,8.268777762034949,6.488412,6.737523615696749,0.8148149351203076,8.899999999999999,3.61464225,1.1561687932967897,0.7994375680430661,744.7767270537416,750.0,61.1828136333854,0.08214920178214775,0.0,0.0,-11.628148866860737,133.2140713646507,12.38209150776761,7.999,15.512339818529792,1.2528044885469063,12.079968000000001,5.0,3.5270343711558625,14.696523288156161,9398.0,10.493766682243129,94,baseline,0
1653.013304488913,750.0,5633.164872928813,3.407815809849457,0.0,0.0,13.807664780924275,327.23435089921213,2.879394267171444,1.0,10.989274108949731,3.816522882691219,0.0,0.0,8.972743231870101,110.9805245059904,8.353685749496648,6.505869,6.693569233676994,0.8012713710328779,8.466877499999999,4.009594,1.1415201274155484,0.7226626677188843,744.6902758247701,750.0,61.68338836154893,0.08283093033977441,0.0,0.0,-11.530999207195688,130.96415980140293,12.554268515521905,8.457931,15.707080458537963,1.2511346590299521,11.596948999999999,5.458931,3.551927589252121,14.781648691389464,9245.0,10.473000398698233,95,baseline,0
1675.971135837832,750.0,5714.772611037275,3.409827585234881,0.0,0.0,13.752280410056942,325.5640217556799,2.929822628621791,1.0,11.179646638198752,3.815810052452812,0.0,0.0,8.908356835085245,109.44354693579487,8.702501539550324,6.899,6.876428322665355,0.7901668608059417,8.964680640000001,3.9,1.111459180220368,0.616712361066269,744.5919930410195,750.0,62.24742963940556,0.08359938089742036,0.0,0.0,-11.42337374169158,128.49367646680082,13.053992369395173,8.789281,15.92994591224372,1.2203121820103988,12.494179,5.790281,3.4899826741563866,14.347448542766553,9077.0,10.412639019362496,96,baseline,0
1646.8066945606695,750.0,5618.06942952241,3.4114929506168803,0.0,0.0,14.136346286322008,344.50066176412463,2.8627615062761507,1.0,11.004838908560716,3.8441340238906916,0.0,0.0,9.155363565852884,115.63334182570036,8.368757924687198,5.999,6.998344576888956,0.8362465063357098,8.899999999999999,3.9999999999999996,1.1407618459291529,0.6931512555118884,744.8652137342018,750.0,60.666245217673286,0.08144593692802181,0.0,0.0,-11.73013403831018,135.59625986209835,12.581006860251046,7.999,15.951925888471585,1.2679371425247974,12.731737250000002,5.5742295,3.50682142695255,14.666209925780528,9560.0,10.488375728647577,97,baseline,0
1677.9749514143814,750.0,5748.909465879464,3.4260996929862704,0.0,0.0,13.959837260541773,336.2218069806633,2.932951846253509,1.0,11.2785321052713,3.845454237401906,0.0,0.0,9.020324466698208,112.21985360769376,8.642852222328376,6.999,7.041985888046568,0.8147756905820916,9.0,4.300267249999999,1.1239529546670533,0.6138783828397161,744.6999964745129,750.0,61.62746191471056,0.08275474984082364,0.0,0.0,-11.541832222113271,131.21409553791187,12.98912960526884,7.999,16.192928961181043,1.2466523511023118,12.999999999999998,5.636705000000001,3.507385830975707,14.545076978250844,9262.0,10.407462927933802,98,baseline,0
1680.5215993139673,750.0,5785.410788253587,3.442628045135119,0.0,0.0,13.964188183012698,337.4296612116421,2.938471433165398,1.0,11.35347298240533,3.863734339651236,0.0,0.0,9.039142455321883,112.76082532590523,8.659549326598695,6.999,7.004484111231132,0.8088739779697471,8.899999999999999,3.9999999999999996,1.1117451704494097,0.596243636920561,744.7380526239997,750.0,61.407484839331374,0.08245514597108218,0.0,0.0,-11.584434544751186,132.1993255741132,13.04183288530389,7.999,16.285535581820394,1.2487152476989374,12.54728,5.000000000000001,3.5427701726713723,14.811661177556186,9329.0,10.422153016818552,99,baseline,0
1666.5550199119682,750.0,5785.55248114788,3.4715640420041387,0.0,0.0,14.072330849468958,342.9757027383822,2.911234542024733,1.0,11.349656143573347,3.898571544043229,0.0,0.0,9.12923790111265,115.01533484779655,8.464569553610627,6.899,6.988396114454562,0.8256056105621589,8.7126295,4.1000000000000005,1.1335136840312483,0.6412222133420027,744.8555040871935,750.0,60.72330169826987,0.08152359936265108,0.0,0.0,-11.718844359380178,135.33151544517236,12.72686671284846,8.899,16.267891342344043,1.2782322396698573,12.43265475,5.571967999999998,3.6270729008807643,15.54356794455224,9542.0,10.467644389644216,100,baseline,0
1669.3387398627574,750.0,5818.308827505254,3.4853973543941112,0.0,0.0,14.12458349857499,345.7806599288015,2.9164067373674363,1.0,11.417896044128772,3.91505611951624,0.0,0.0,9.165124315639494,115.92870587921477,8.511941239423141,6.9089715,6.895192663654096,0.8100611211598762,9.0,4.04566425,1.1141260164773172,0.6346709530350068,744.896147693372,750.0,60.48471499793872,0.08119885595493315,0.0,0.0,-11.76643088981822,136.44909581935636,12.783646929611146,8.7632705,16.28651610624665,1.2740117273202927,12.30813125,5.7642705,3.6968818072087184,16.11097177658192,9618.0,10.451456448195247,101,baseline,0
1656.9529232333502,750.0,5805.208615332843,3.503544689733644,0.0,0.0,14.342757660768955,357.69466014068456,2.8914082358922215,1.0,11.401397643504543,3.9431988544455177,0.0,0.0,9.288900436672078,119.38496827737926,8.552045951747019,6.70333,6.993082689959454,0.8177087365311574,8.899999999999999,4.29567,1.1487217154446427,0.7092307094876684,745.0087522553505,750.0,59.818506963271005,0.08029235466319504,0.0,0.0,-11.901256898213312,139.64011618819438,12.78036203548551,7.999,16.34746200576709,1.2791078969732854,11.7289035,5.000000000000001,3.7153777577256237,16.320242869056493,9835.0,10.481772392865127,102,baseline,0
1651.7662233776623,750.0,5814.940810711646,3.5204381397391664,0.0,0.0,14.43639942931664,362.85911019216735,2.87981201879812,1.0,11.42137069855436,3.9660125813771105,0.0,0.0,9.360652679093832,121.26973958249815,8.646984444538415,6.999,7.14800823247173,0.826647518371163,9.0,4.348573999999999,1.1748409341914194,0.7475402563994229,745.0915918116926,750.0,59.32349537712185,0.07961906432587244,0.0,0.0,-12.0033734528137,142.08117411383847,12.885390788121185,7.999,16.434540462150913,1.2754398164859406,12.437308,5.000000000000001,3.707779809488493,16.378188931587854,10001.0,10.527230477180003,103,baseline,0
1678.4349974266597,750.0,5944.897828614124,3.5419291409728184,0.0,0.0,14.241430040787016,353.8845669821116,2.9421513124035,1.0,11.68879131529491,3.972872253720395,0.0,0.0,9.225290949520588,117.83856102101365,8.710804572393561,6.899,7.023482363693102,0.8062954811260544,9.623043749999999,4.0,1.165962442668525,0.7340638571826594,744.9470861871016,750.0,60.18439047618142,0.08079015488767943,0.0,0.0,-11.826887444219832,137.8754571642045,13.064520497066392,7.999,16.684504449702683,1.277085098794797,12.0,5.000000000000001,3.7523954230028966,16.50073415272847,9715.0,10.520247262873347,104,baseline,0
1678.0612182430364,750.0,5976.984859077286,3.5618395765890525,0.0,0.0,14.263856865467709,355.72324505983596,2.942250790735639,1.0,11.752581960195156,3.994418829693544,0.0,0.0,9.254510719799093,118.63564749655846,8.44988149078669,6.612694,6.9601114595118885,0.8236933816291779,9.0,3.7136940000000003,1.177171715865359,0.7703243798487605,744.991416813639,750.0,59.92169421919232,0.08043273099102273,0.0,0.0,-11.88023166388565,139.14009298621605,12.790421595959595,7.999,16.82593605087782,1.3155106674664279,11.338199999999999,5.0,3.79693014625118,16.81912884689526,9801.0,10.5472331312453,105,baseline,0
1694.232198142415,750.0,6057.915330921218,3.575611027557627,0.0,0.0,14.20636862671316,353.26581603777765,2.9787409700722396,1.0,11.92315271886865,4.002749093882941,0.0,0.0,9.207058963976541,117.44253145295293,8.592625153655002,6.384461,6.969605552870946,0.8111148139525579,9.0,3.7044883181818182,1.1701260334201171,0.7322402282271185,744.9340362560118,750.0,60.2615890278542,0.08089520158150496,0.0,0.0,-11.811334183217836,137.50779820980756,13.013147686584107,7.999,16.967103321982982,1.3038431385417382,11.704779749999998,5.000000000000001,3.8178852463070263,16.97530536886016,9690.0,10.539399757626745,106,baseline,0
1688.3392357875116,750.0,6108.62284368223,3.6181252642825155,0.0,0.0,14.218245186618036,354.4889386583753,2.980221600911256,1.0,12.043220732557673,4.041048735730001,0.0,0.0,9.200826995508827,117.29747969233303,8.506953899289204,6.561005,6.968988388637591,0.8192107858042915,8.883021999999999,3.8808,1.1701970273979314,0.7192385470622487,744.9167182006371,750.0,60.36381312470089,0.08103431115160233,0.0,0.0,-11.79077323132873,137.02251243722193,12.816045037485761,7.999,17.015653534973588,1.3276836563233319,12.0,5.000000000000001,3.9190658621716556,17.785180612590864,9657.0,10.57656070592388,107,baseline,0
1708.400928465921,750.0,6205.899321749716,3.6325778207826063,0.0,0.0,14.103821193855797,349.9965681723944,3.02774847014138,1.0,12.253829225044361,4.047175432796824,0.0,0.0,9.117115649200676,115.2711304443305,8.39709291656809,6.4498695,6.977222507098808,0.8309092892532162,8.899999999999999,3.8061430000000005,1.1903507095159152,0.7588550611887128,744.8207095574155,750.0,60.927154143032055,0.08180110107200961,0.0,0.0,-11.678617030296188,134.39026830212862,12.71661359210804,7.999,17.236075194253345,1.355398201683984,12.0,5.000000000000001,3.971216688765756,18.08066773315629,9478.0,10.541602310276106,108,baseline,0
1690.9786443825442,750.0,6187.702430404354,3.659243391961213,0.0,0.0,14.276658936655064,358.7563653853776,2.994738471061591,1.0,12.227901939901805,4.083128479518678,0.0,0.0,9.226550045795836,118.026654648082,8.493684349167413,6.830595,7.141205997956891,0.8407665866058351,8.421237,3.9315949999999997,1.2320865520508948,0.8644835543565428,744.9355848399063,750.0,60.25255664226167,0.08088290835939932,0.0,0.0,-11.813200291346032,137.55187434931918,12.779714250593212,7.999,17.28942095227633,1.3528800889639443,11.755578,5.000000000000001,3.971153329068169,18.212712172205464,9693.0,10.577215819557626,109,baseline,0
1709.545388223033,750.0,6272.678280688871,3.669208389494083,0.0,0.0,14.210151746374367,355.5297997691884,3.0339760291818654,1.0,12.39979711971773,4.086979264322477,0.0,0.0,9.180019484259564,116.83159815548755,8.323277033869156,6.258487000000001,6.972921028731095,0.8377614971070674,8.439735999999998,3.757723333333334,1.2252544394187719,0.893349347786168,744.8838523852385,750.0,60.55736292168186,0.0812977254477559,0.0,0.0,-11.752045899305916,136.1107512417507,12.65350652965086,7.999,17.47292935168991,1.3808764638280886,11.100000000000001,5.267901,4.031653605137105,18.561635784464556,9595.0,10.572585671191788,110,baseline,0
1706.7511591962905,750.0,6294.255937905184,3.687858012570005,0.0,0.0,14.34352090795775,362.81029608687294,3.028541988665636,1.0,12.444187997907633,4.10896994147025,0.0,0.0,9.249881557655455,118.85391125538762,8.230271603750284,6.309109,6.936548703303082,0.8428092093755822,8.299270499999999,4.088340333333333,1.236949581345837,0.9346294010844454,744.9418345702735,750.0,60.21570278529067,0.08083275766090738,0.0,0.0,-11.820666016226209,137.7283123641552,12.528972581658936,7.999,17.534711443463824,1.399533068587982,11.75219,5.000000000000001,4.085636385897153,19.028416079703813,9705.0,10.600100806181885,111,baseline,0
1721.7131895479054,750.0,6355.496100070018,3.691379109280606,0.0,0.0,14.326343242893145,362.5781131473603,3.0601410203235173,1.0,12.582449436615708,4.111722091580438,0.0,0.0,9.227470878822158,118.30824830786594,8.489894101847534,6.388778875,6.9851754828111865,0.8227635585337987,8.899999999999999,3.6102211250000007,1.2430819090295193,0.9871103745364951,744.9098347603247,750.0,60.404562880239205,0.08108976423928464,0.0,0.0,-11.78266180554464,136.83128255382186,12.89765401099129,7.999,17.66380819705993,1.3695365205181464,11.7059075,5.0,4.075622993849748,18.972461222073694,9644.0,10.561632848905859,112,baseline,0
1784.047197640118,750.0,6590.600223233178,3.6941849027038183,0.0,0.0,13.909740708952201,341.8043500478207,3.191521905386212,1.0,13.03395988781784,4.083932454237871,0.0,0.0,8.968974288923919,111.75721499790447,8.78447540442649,6.999,6.979538524913171,0.7945310566179271,8.787672333333335,4.000000000000001,1.2101277182181938,0.9300912187820578,744.636773667708,750.0,61.991819405097445,0.08325108508911906,0.0,0.0,-11.47217859571336,129.61103415424256,13.524591845405876,8.899,18.136976828684837,1.3410369078787192,12.404216,5.2853629999999985,4.007419756051758,18.15630710880004,9153.0,10.455854007605538,113,baseline,0
1791.5316664830927,750.0,6667.255883597373,3.7215395118779466,0.0,0.0,13.891942856995765,340.78009462877935,3.2154422293204097,1.0,13.19600931558371,4.103948500537269,0.0,0.0,8.942765099792288,111.07073178050483,8.818533417241843,6.999,6.926684238024011,0.7854689561510396,8.2727125,3.9999999999999996,1.163099727544482,0.852472546826712,744.5930535668393,750.0,62.24211612647746,0.08359212569646975,0.0,0.0,-11.424653007712838,128.52284493620778,13.554839056063443,8.899,18.304244280197388,1.3503844792616264,12.269188999999999,5.125640999999999,4.050951280347382,18.407509719773373,9079.0,10.486325680551127,114,baseline,0
1763.9360477510127,750.0,6608.088694967501,3.746217842417075,0.0,0.0,14.139650713338689,353.43007437156325,3.159027925815391,1.0,13.092665855519787,4.144523620233708,0.0,0.0,9.099873820294007,115.02188794514097,8.468914374685719,6.899,6.87956968645794,0.8123319450508958,9.0,4.1000000000000005,1.1419084037432414,0.8091525953533871,744.7676698210264,750.0,61.236314082147274,0.08222203589592288,0.0,0.0,-11.618017907673888,132.97849094146892,13.089850303560011,8.497283,18.271783015955645,1.395874100331485,12.0,5.5982829999999995,4.1184550911725,19.133256387974228,9382.0,10.586665431998949,115,baseline,0
1753.2574174676138,750.0,6586.814609992188,3.756901037102762,0.0,0.0,14.298204610847057,362.19745670173995,3.1357083159214376,1.0,13.066957315093251,4.167146940532154,0.0,0.0,9.19820913310443,117.58032530835591,8.382810932558053,6.8987805,6.95548636975161,0.8297319867655791,9.0,4.219849860465116,1.18178841546703,0.8748310814902882,744.8715236249406,750.0,60.62996984765055,0.08139654682003805,0.0,0.0,-11.737645123755378,135.77246428052325,12.98499961397827,7.999,18.353106324403072,1.4134083072783514,13.0,6.0,4.1267771515290805,19.29826197087542,9572.0,10.623004058573713,116,baseline,0
1752.7004281090112,750.0,6627.861757143883,3.781514314054618,0.0,0.0,14.382482511609917,367.65638674211334,3.141484807350945,1.0,13.165452971146665,4.1908377020764345,0.0,0.0,9.224119578133601,118.52446694785341,8.183192916125869,6.4632194,6.885949470313571,0.8414746592059514,8.029609974358975,4.0258986,1.221103771663414,0.9403778876502686,744.8741955664792,750.0,60.61431914523272,0.08137524363981402,0.0,0.0,-11.740776433230325,135.84598000802265,12.788639347916883,7.999,18.510973919973683,1.4474545271298858,13.321360999999998,5.1,4.166786275408665,19.568886596676748,9577.0,10.650378308776736,117,baseline,0
1767.576788922947,750.0,6724.207193450591,3.80419523247299,0.0,0.0,14.433616806630088,372.09074941440076,3.178205263714195,1.0,13.358336276412224,4.203106837977187,0.0,0.0,9.208256547428318,118.81747828896974,8.260676575074015,6.720549,6.803790425929026,0.8236359775250085,8.207039499999999,3.8519240000000003,1.217641906231651,0.9477028281000215,744.8113432664695,750.0,60.982169739536154,0.08187599489568823,0.0,0.0,-11.667905743098222,134.14016894639343,12.88964382454286,7.999,18.56513790505252,1.4403142676218166,12.43101,5.0,4.231827708121441,20.130324114782468,9461.0,10.613712593777702,118,baseline,0
1769.4515218073423,750.0,6744.954868042155,3.8118901732627095,0.0,0.0,14.497070589861925,375.6022514484922,3.1790607677021234,1.0,13.402163028724853,4.21576182653852,0.0,0.0,9.254202994223794,120.0006047502733,8.202272094398067,5.999,6.71158862105159,0.8182596899748578,8.3949585,3.9999999999999996,1.1859324176461083,0.8792289506917381,744.8656068640195,750.0,60.664780013789915,0.08144392687050821,0.0,0.0,-11.730751624818689,135.61067728103072,12.844468314716035,7.999,18.641192662852603,1.4513012299228614,11.100000000000001,5.0,4.268910377296579,20.46346858633889,9561.0,10.643084040946446,119,baseline,0
1732.4958250497018,750.0,6633.535205300616,3.828889576175639,0.0,0.0,14.916627691693149,398.16533980730895,3.0957256461232605,1.0,13.183642555609353,4.258659862872237,0.0,0.0,9.513066411127834,127.02930604361336,8.121754447526396,5.999,6.876723528706756,0.8467041909646957,8.420479624999999,3.9999999999999996,1.2256230403626984,0.9763417205375489,745.1202799867461,750.0,59.15165228579904,0.07938537424702923,0.0,0.0,-12.03945290202787,142.9485746793524,12.624686030815107,7.6515865000000005,18.52847298853149,1.4676383193456104,12.44636375,5.2839945,4.292721889267,20.97162762924251,10060.0,10.706104516332635,120,baseline,0
1711.5458515283842,750.0,6611.660492360316,3.862975967869166,0.0,0.0,15.075976979963574,406.7182950327219,3.044347404172732,1.0,13.090313441278123,4.299875048207671,0.0,0.0,9.67025432519195,131.46010234067856,7.9389104794135905,5.999,6.66353456264931,0.8393512661376569,8.100000000000001,3.9999999999999996,1.2605914117071935,1.0830294443592434,745.3063529298543,750.0,58.02041239567587,0.07784773625985254,0.0,0.0,-12.280593445437123,148.81312939114915,12.269142669286753,6.999,18.366157498333994,1.4969389462158469,11.490117999999999,5.0,4.450433650707602,22.37414856556021,10305.0,10.779753618879008,121,baseline,0
1392.6653291296454,750.0,4795.055326369179,3.443077978659724,0.0,0.0,13.321542382915565,214.46991712453203,1.8569790770994554,1.0,6.393387850324983,3.4428970843932496,0.0,0.0,13.321621539110819,214.47176933556085,7.811509056357005,5.999,6.643315155652565,0.8504522119508056,8.100000000000001,3.8999999999999995,1.2858959299988122,1.1518277386544344,749.931021305054,750.0,7.056759857800928,0.009409878585260453,0.0,0.0,-102.29369528738074,10462.000095547493,10.586088700582785,6.999,13.638877532626406,1.2883774091063076,10.899999999999999,4.746504000000001,4.855652228067733,32.71457514784233,10467.0,10.828006692562845,122,baseline,0
1252.430711610487,750.0,3762.4368661534877,3.0041077971614185,0.0,0.0,13.73130113002325,219.22374722345901,1.6762172284644195,1.0,5.015167623309359,2.991955659532117,0.0,0.0,13.739356122091273,219.40540479443473,7.874051963143028,5.999,6.6507137954085405,0.8446367672628139,7.7918185,3.5484819431818178,1.3298803328537558,1.3085384567233556,745.4029962546816,750.0,57.42738249899066,0.07704206018427308,0.0,0.0,-12.412301614511014,152.06523136959268,10.341521530805244,6.999,12.526311689876206,1.2112638988917566,10.24686825,4.3203605,4.747965927093912,33.92725867582039,10680.0,10.842884412167894,123,baseline,0
1167.1703771849127,750.0,3130.977929215522,2.682537177448847,0.0,0.0,15.213406279555043,271.0640844372356,1.5685372585096595,1.0,4.173209775353809,2.6605742086859765,0.0,0.0,15.220482256107871,271.2595287640554,7.888025195940869,5.999,6.591118473965058,0.835585372794804,7.42284675,3.8999999999999995,1.3489257199556648,1.410792183932247,745.4833486660533,750.0,56.92646242159293,0.07636181616055614,0.0,0.0,-12.524345743670688,154.85923630700213,10.108192942502301,6.899,11.595251951430148,1.147114228763398,10.0,4.1000000000000005,4.603275052882953,34.311846925436754,10870.0,10.859224266080123,124,baseline,0
1155.7145243619489,750.0,3003.246069019165,2.5986054563753176,0.0,0.0,15.400253616520141,278.11283497385784,1.5595359628770302,1.0,4.004609382248303,2.56782111959804,0.0,0.0,15.383818468740078,277.74834036690413,8.205402842726778,5.999,6.611456807278458,0.8057443289501398,8.0,3.1673264999999997,1.3627488982047338,1.4943384095730963,745.4435266821346,750.0,57.17527688085489,0.07669967587663426,0.0,0.0,-12.468449516210022,153.46223333827797,10.405156946542922,6.999,11.426499983526053,1.0981573889015166,9.6662125,3.9999999999999996,4.588342701250679,34.52547067563142,10775.0,10.833382918392225,125,baseline,0
1133.6746584637656,750.0,2878.154837908075,2.538783782825526,0.0,0.0,16.46223885961345,318.581434409228,1.5356916674206098,1.0,3.8414375574338457,2.5014380418473134,0.0,0.0,16.39573721243006,316.86786363805976,8.188026214040555,6.899,6.647230207029064,0.8118232689131618,7.9021144,3.9,1.3525713399619368,1.5593319878675285,745.5581290147471,750.0,56.456183306197225,0.07572338240185766,0.0,0.0,-12.63132249237995,157.55030790650355,10.280036524925357,6.999,11.08460609329608,1.0782652441379885,9.0,4.000000000000001,4.464434903308282,34.07568059566157,11053.0,10.856968398018205,126,baseline,0
1111.4450564839883,750.0,2678.2586028293676,2.4097085026424345,0.0,0.0,17.562226431326852,367.71322570187436,1.5130239940248342,1.0,3.581270758777358,2.3669623039160976,0.0,0.0,17.39325945595822,362.88778580349066,8.406426802835659,6.999,6.46259297859402,0.7687681258836461,7.1422558333333335,3.8999999999999995,1.3096512613843827,1.5508679523824753,745.416300998973,750.0,57.34475025849764,0.07692983126562541,0.0,0.0,-12.43065143338583,152.5210950583372,10.36165198431519,7.999,10.451900329518603,1.008709841378578,8.6527595,4.1,4.561403707653716,36.780461094089944,10711.0,10.83283052878122,127,baseline,0
1132.2318173095375,750.0,2737.860153041021,2.418109181516249,0.0,0.0,17.410919581944686,361.2415552132688,1.5479754365764729,1.0,3.668099268489834,2.3696107714746826,0.0,0.0,17.14434210372089,353.597247504533,8.526370073205165,6.999,6.4613431992649,0.7578070320417143,7.1000000000000005,3.7325598999999996,1.2251255604715412,1.4163535732272496,745.289195931683,750.0,58.12924274713045,0.07799555268537513,0.0,0.0,-12.258518401197351,148.271273392494,10.534452017559008,7.999,10.454718057769725,0.9924311241195668,8.9561155,4.000000000000001,4.553806260677171,36.842247438956896,10422.0,10.769029888813007,128,baseline,0
1128.5472782159898,750.0,2582.805704211246,2.2886109904887206,0.0,0.0,17.600511382242825,372.98805396210656,1.5501022494887526,1.0,3.472825833651496,2.240385003503406,0.0,0.0,17.153733419670342,359.71003209852074,8.547027871809972,7.091944,6.5007336765032,0.7605841204688344,8.002549333333333,3.97296,1.1320054893323146,1.1831948463601716,745.2190086668614,750.0,58.55781642444076,0.07857799619094005,0.0,0.0,-12.16640340838199,146.0213718954889,10.54728966978284,8.482329,10.233793372477528,0.9702770752373044,9.415198,4.5166710000000005,4.401168131696791,36.08131763163685,10269.0,10.723697993506837,129,baseline,0
1128.5712572456525,750.0,2486.7192307033674,2.203422437651264,0.0,0.0,18.25634241543681,407.0972662410611,1.5579652208674795,1.0,3.359407186871125,2.156278678031463,0.0,0.0,17.561433964112265,385.1483446636125,8.561055961212714,7.899,6.489939858560264,0.7580770278764692,9.0,4.1266614,1.0671370349139566,0.9653995539925915,745.0933439936039,750.0,59.317201244267466,0.07961042964943821,0.0,0.0,-12.006410839487053,142.15390124655224,10.575016318009194,8.5746795,10.045081076624854,0.9498879977630046,9.7279325,4.6756795,4.245825451274598,34.67585220095726,10006.0,10.666047897235535,130,baseline,0
1144.725361640129,750.0,2510.3669855100356,2.1929862564705087,0.0,0.0,18.27330298507577,408.5736981476987,1.5886148402539286,1.0,3.407196940921766,2.144759607292319,0.0,0.0,17.355479571285056,379.2689642817248,8.594399656543223,7.899,6.286111467670846,0.7314194962861664,8.682818000000001,4.117595,0.9655225467653785,0.6294640231251676,744.8906233739203,750.0,60.521601057163274,0.08124897690755684,0.0,0.0,-11.760780189465844,136.3159506649321,10.65528425257571,8.999,9.767621492337655,0.9166927189179886,9.714278,5.0,4.326406672275042,36.56826045244469,9609.0,10.60699943194987,131,baseline,0
1146.5771176407277,750.0,2388.9983487819213,2.0835915107896805,0.0,0.0,17.38465613700038,364.98131250921176,1.6003659455386934,1.0,3.2692004843189917,2.042783085601436,0.0,0.0,16.16094146323125,327.6672076831519,8.718239076142202,7.899,6.366634676862681,0.7302661261360935,8.100000000000001,4.1000000000000005,0.9381574823669568,0.4731093399069475,744.7157464212679,750.0,61.541106164581066,0.0826370416636373,0.0,0.0,-11.560264954288197,131.6397258133439,10.840384222903886,8.999,9.724323085610813,0.8970459797047575,9.565213,4.899999999999999,4.173330511193388,34.795140727102755,9291.0,10.546304131964376,132,baseline,0
1167.3000112828613,750.0,2411.17736609935,2.0656021098204813,0.0,0.0,17.13151975925485,358.7683687966273,1.6389484373237053,1.0,3.323008031303407,2.027524451427929,0.0,0.0,15.639804528005374,313.0401615025611,9.1129847252178,7.899,6.6283565007430685,0.7273529694832942,9.100000000000001,4.427449999999999,0.9282930592533934,0.42183560056262737,744.460566399639,750.0,62.998299459968536,0.08462274874361846,0.0,0.0,-11.284767031704149,125.34596695983674,11.347098071646167,9.899,9.790187352690499,0.8627921686121638,9.899999999999999,4.8999999999999995,3.9645987279399293,32.57833397844365,8863.0,10.410231252601509,133,baseline,0
1197.257008244994,750.0,2495.5410774820434,2.0843821003312786,0.0,0.0,16.56657133305979,335.7881899070527,1.690341578327444,1.0,3.459489739695785,2.0466216911725468,0.0,0.0,14.90670847481432,286.16273018046815,9.113030823420676,7.427045416666667,6.856040152985003,0.7523336951044695,9.100000000000001,4.528045416666667,0.9613666081904757,0.4234809606025376,744.2171967020024,750.0,64.35637627439077,0.08647526093133291,0.0,0.0,-11.039067681110362,119.86101526813536,11.548217961484099,9.796402,10.15114467860535,0.879022608722982,10.0,4.947037999999999,3.822813401667564,30.32058754720154,8490.0,10.287241798142826,134,baseline,0
1183.6206934998327,750.0,2459.968809840807,2.0783421778196165,0.0,0.0,16.826175395977636,346.076538850296,1.674545657263909,1.0,3.4327230848384627,2.0499429621090735,0.0,0.0,14.910737419096826,287.4910218852433,8.354061930162013,6.999,6.964419999132704,0.8336567357716058,10.3038188,5.0,1.0288690530470739,0.46674128356378697,744.5260341175159,750.0,62.62778189167271,0.08411765206559257,0.0,0.0,-11.353620498087235,126.90469841458668,10.700584944252425,7.999,10.262862886938239,0.9590936327691788,11.177634000000001,5.675547999999999,3.6575162671891936,28.63699614716833,8969.0,10.383296073714579,135,baseline,0
1181.0286526684165,750.0,2411.1946362710282,2.04160553668463,0.0,0.0,17.326013187153876,371.68710624275457,1.676509186351706,1.0,3.3952438649652286,2.025186555854015,0.0,0.0,15.031851887977714,298.1239716483003,8.318553642784462,6.899,7.071476850222212,0.8500849010399821,10.0,4.9,1.1125397506932053,0.6460905768971399,744.6307961504812,750.0,62.03012840043856,0.08330320035259862,0.0,0.0,-11.466389166718752,129.47808052264534,10.616116996062994,8.297991,10.087427890176484,0.9501993896560695,12.0,5.9070205,3.517944214523461,27.93288594150412,9144.0,10.387944960783132,136,baseline,0
1144.7445606694562,750.0,2001.5796262009449,1.7484945506361738,0.0,0.0,16.62131294184394,359.0158980844518,1.6306485355648535,1.0,2.909456878586723,1.7842329693558967,0.0,0.0,13.517386492486732,255.53924379221309,8.098001499328625,5.999,7.019263387703291,0.866789588552834,8.69013725,3.9999999999999996,1.2023475913982817,0.8770238967705937,744.8644351464435,750.0,60.67539697358969,0.08145830853323081,0.0,0.0,-11.730106530702766,135.59539922163566,10.333463205020921,8.479449500000001,9.793824900299885,0.947777594595892,12.0,5.519550499999999,3.1591454492712443,23.768742785867264,9560.0,10.459193825620083,137,baseline,0
1165.6686494822648,750.0,2053.4682065183033,1.761622573816631,0.0,0.0,16.296217475629287,349.4304443757704,1.6714033928178014,1.0,3.0201788187163814,1.8069718128456673,0.0,0.0,12.948339312247944,238.03946365818572,8.20716734580098,5.899,6.756811982622115,0.8232818581528122,8.24468725,3.9,1.199342074685988,0.88531021136501,744.5917602996254,750.0,62.253514013376815,0.08360757845121179,0.0,0.0,-11.423989984668724,128.50754716981135,10.551131639237717,8.698892,9.645489774910562,0.9141663761487687,11.19371525,5.564036999999999,3.3410128834129464,25.876329049843868,9078.0,10.37840567630524,138,baseline,0
1157.9076564651064,750.0,2010.0344814171492,1.735919501174593,0.0,0.0,16.412682654680122,361.2546205068156,1.6635603092237636,1.0,2.995392188381316,1.8005912811054026,0.0,0.0,12.748382198688054,234.8951780329233,8.061130746485066,5.470354333333333,6.733122638539481,0.8352578379249532,8.24293475,3.571354333333333,1.254508712843743,1.070021063568328,744.8008048289738,750.0,61.047418316047285,0.0819647587922054,0.0,0.0,-11.656538954258965,133.87490039215666,10.416990350206502,7.999,9.649759091004023,0.9263480877480826,11.0,5.0,3.2305294796929247,24.417238047717856,9443.0,10.460535644746088,139,baseline,0
1129.0011092064133,750.0,1879.6621848917614,1.6648895820952698,0.0,0.0,17.300767598994778,417.3034816577934,1.6259957648482404,1.0,2.8676534572529224,1.763629106082309,0.0,0.0,12.887700567512596,249.56176312165445,7.882938980613601,5.899,6.660951477339098,0.8449832598882574,8.639527999999999,3.9,1.300718203960435,1.2511025330636611,745.0493092669154,750.0,59.5809480501312,0.07996913400101711,0.0,0.0,-11.951783948363383,140.8451395483567,10.084672442270847,6.899,9.31595875095286,0.9237740545646428,10.5186,4.9,2.9527387376120307,20.990372841293826,9917.0,10.566939050874634,140,baseline,0
1126.3424248457097,750.0,1892.4008718374364,1.6801292662812235,0.0,0.0,17.47081524305686,425.0937323044434,1.627513438184352,1.0,2.9197262614730994,1.7939798179057345,0.0,0.0,12.780484519978055,244.6228378636824,7.81948258355959,5.999,6.4824669310614915,0.829014818025279,8.0,3.6800254,1.3165949485379975,1.3366496963355354,745.1128807485567,750.0,59.199798690234395,0.07945077882798239,0.0,0.0,-12.030881476875734,142.74210911063167,10.006311014732232,6.999,9.143342574029056,0.9137575836456979,10.49278825,4.762934500000001,2.979656163873154,21.36534540677324,10046.0,10.581016680511155,141,baseline,0
1126.031705646345,750.0,1912.9698224518459,1.6988596438799175,0.0,0.0,17.37999971191581,420.9676120305765,1.6314707897054506,1.0,2.97949608275238,1.826263823755193,0.0,0.0,12.5566634363134,234.9919323468272,7.783054668914613,6.103908333333333,6.3338543091068145,0.8138005678418423,7.795066,3.226931333333333,1.2982686938694263,1.3456989642059787,745.1956160093943,750.0,58.69994153053434,0.07877118473251236,0.0,0.0,-12.136148920152152,145.28611061211024,9.977945841080341,7.659559,9.091412696102417,0.9111507359232232,10.3766915,4.760559,3.0769521452026996,22.641675222693983,10219.0,10.6270289385352,142,baseline,0
1138.3961238010481,750.0,1963.6499996647651,1.7249268146734682,0.0,0.0,17.161641592208845,411.3937076219252,1.6558884603975081,1.0,3.0843075101847286,1.8626299922667002,0.0,0.0,12.260741974504533,223.4851840378331,8.015885250189921,6.899,6.270164752004006,0.7822173791541547,7.321192,3.6194700000000006,1.2783191128485432,1.315997600744562,745.1452585780678,750.0,59.004701442861325,0.07918550210660635,0.0,0.0,-12.071758685973514,143.72735777237716,10.269438321665183,7.999,8.947049680265991,0.8712306749426226,10.899999999999999,5.0,3.039311112267565,23.372780690932768,10113.0,10.58435183594666,143,baseline,0
1119.8834260695064,750.0,1933.9650201991908,1.726934228312401,0.0,0.0,17.520393981261137,431.39663237776057,1.626562072425431,1.0,3.0606259025413274,1.8816533069515797,0.0,0.0,12.433998432392393,229.4443949403576,7.7680225269066,5.999,6.335663828381256,0.8156083232812481,7.0,3.7703870000000004,1.2601280996339035,1.3138750046199412,745.5216637781629,750.0,56.68600582904531,0.07603535696303089,0.0,0.0,-12.578824652185498,156.22682963042953,9.904808636778254,7.999,8.993241254775931,0.9079671889250321,10.654203500000001,5.0,2.9588194546503943,22.51968717376332,10963.0,10.692144127680047,144,baseline,0
1100.1218836565097,750.0,1732.3505780874543,1.5746896810466002,0.0,0.0,17.146451348248117,460.1856435582284,1.603431328746314,1.0,2.8760164580945053,1.7936636303240978,0.0,0.0,11.589729715821061,211.4936153400966,7.952171526272535,6.362748,6.424217543442121,0.8078570139260288,7.999999999999999,4.069134999999999,1.256357708959261,1.3186637901352487,745.6129032258065,750.0,56.10915480437753,0.07525239244335483,0.0,0.0,-12.711398147739848,159.57964287036404,10.054533329103744,7.999,8.802887805589233,0.87551430956109,10.861502,5.0,2.467185344085366,16.211172596747545,11191.0,10.715026960114429,145,baseline,0
1106.9786926688334,750.0,1772.3970547022207,1.6011121681385925,0.0,0.0,16.857185947485977,444.4720623446624,1.6199891657638137,1.0,2.971599260790367,1.8343327990031826,0.0,0.0,11.319148353034041,199.2195953521379,8.225265307733732,6.899,6.443083454367218,0.7833283442309352,8.0,3.97102425,1.232660715696223,1.2370425593587013,745.5673528349585,750.0,56.397897941946695,0.0756442697329736,0.0,0.0,-12.644703644876682,157.88853026675775,10.387511282412424,7.999,8.819262698579864,0.8490255710732335,11.373144,5.0,2.463316202835263,16.531673009947806,11076.0,10.70472360590132,146,baseline,0
1113.4583668723728,750.0,1812.2649472318303,1.6276000981719294,0.0,0.0,16.75784779448127,441.3526109631472,1.633217064663268,1.0,3.056672222348284,1.87156520004798,0.0,0.0,11.223998687194243,195.05539478717645,8.327175855088205,6.999,6.585209968171568,0.7908095232728592,8.638382,3.9999999999999996,1.2245071021867036,1.2041247878555579,745.6089795188266,750.0,56.13408702865954,0.07528622719228151,0.0,0.0,-12.705612521559607,159.43258954801217,10.560850531526697,7.999,9.033650636385149,0.8553904450609838,10.50994,5.0,2.3787337134056856,15.4253988158756,11181.0,10.6977796543386,147,baseline,0
1116.397377978563,750.0,1834.3038266873168,1.6430563729992376,0.0,0.0,16.828276754745563,444.8807878653644,1.6415980157675614,1.0,3.1229550747008856,1.9023872133767699,0.0,0.0,11.1857977254554,191.91317187947817,8.22755119825187,6.899,6.46305926024924,0.7855386255903778,8.899999999999999,3.999999999999999,1.1771007825403368,1.0434883107675086,745.650987687129,750.0,55.866564077230606,0.0749232080420336,0.0,0.0,-12.767958566203946,161.02076594830066,10.469847727876694,7.999,8.938877933109309,0.8537734421207415,10.268236,5.0,2.202990157430538,12.938055758769407,11289.0,10.702833923471985,148,baseline,0
1124.5023280802293,750.0,1883.5154628356513,1.674976934953281,0.0,0.0,16.603495703947384,433.3283792358122,1.6600107449856734,1.0,3.229908982350509,1.9457157082307828,0.0,0.0,10.997681751352394,183.88722308560895,8.475189011792141,6.6283425000000005,6.522436200303802,0.7695918275366681,8.221331999999999,3.7293425000000004,1.1492983924371243,0.9456616831400435,745.6038681948424,750.0,56.16654866088411,0.07533028067151414,0.0,0.0,-12.698087267134898,159.24142024377335,10.766621197797278,8.8897455,9.023214573387472,0.8380730042990194,11.0,5.1092545000000005,2.213420014084513,13.062182705997653,11168.0,10.692284366701506,149,baseline,0
1140.4786356474187,750.0,1959.3644962231347,1.7180194656700927,0.0,0.0,16.094618502255667,406.9436262461334,1.6931133561961256,1.0,3.3805627486251884,1.9966547049278567,0.0,0.0,10.652398582756346,170.7060057722422,8.633469038754262,6.999,6.555912128293608,0.7593601249816461,7.9199364999999995,3.9999999999999996,1.1465149772282277,0.8574836826031347,745.4494392436741,750.0,57.1384044480617,0.07664960417172462,0.0,0.0,-12.476702585130234,153.66810739779544,11.01738513912318,8.420109,9.147771362003265,0.8303033112202967,11.444861,5.4211089999999995,2.2490456395707534,13.28964911871379,10789.0,10.640339273592335,150,baseline,0
1151.93143072431,750.0,2009.1313110972565,1.7441414111202411,0.0,0.0,15.985157177081254,401.5257585264078,1.7174343034755581,1.0,3.493913529546418,2.034379727059028,0.0,0.0,10.516535129215224,165.16386668282794,8.965215310493845,7.269944,6.676803824641045,0.7447455073193614,8.0,3.729056000000001,1.117407527433952,0.7932008940442765,745.375718187812,750.0,57.59641903904447,0.07727165996106668,0.0,0.0,-12.374926224014928,151.13879904981232,11.393617046434962,8.290556,9.17750009196589,0.8054948709055927,11.586973999999998,4.716557,2.20596153911471,13.350088112740583,10617.0,10.586381778350857,151,baseline,0
1164.069742384171,750.0,2081.8596117591824,1.7884320294205525,0.0,0.0,15.731261739937871,388.2571668076249,1.747379762954256,1.0,3.6492765524578754,2.0884278448367315,0.0,0.0,10.279145462666946,156.49527353748647,8.995266904611213,7.899,6.690126704318822,0.7437385433098472,8.216023499999999,4.1000000000000005,1.028432602785293,0.5464726992372895,745.1909099813889,750.0,58.72849092757329,0.07880999370891417,0.0,0.0,-12.130088968935365,145.1390583942877,11.475454671956117,8.999,9.271763029970533,0.8079647643617122,11.793105,5.0,2.244782584221702,13.962382730915735,10209.0,10.560322655393577,152,baseline,0
1171.4008308376003,750.0,2119.085808251602,1.8090185293247294,0.0,0.0,15.6729810233194,386.5435810013203,1.7608926673751328,1.0,3.729673398661777,2.1180583392521015,0.0,0.0,10.252660458406732,154.93006228566762,8.955100711074639,7.899,6.952036775261865,0.7763214507084644,9.3435405,4.653802499999999,1.0374784555618466,0.5322264452027063,745.2568833929089,750.0,58.32694947596105,0.07826422107021364,0.0,0.0,-12.215858590024055,147.22720109146454,11.472640707854312,8.999,9.580331681432224,0.8350589829657448,12.5854615,5.5661130000000005,2.1291429283203676,12.560979589854659,10351.0,10.544454984168402,153,baseline,0
1198.7793360912117,750.0,2207.201361385762,1.8412073806532667,0.0,0.0,15.260911082883641,367.7206491866015,1.8129351225910604,1.0,3.906525379740562,2.154807048008054,0.0,0.0,9.961931216142947,145.61024561967596,8.9530330052412,7.622344,7.1356431994332326,0.7970084769324486,9.76857025,4.6233439999999995,1.004930840379839,0.379432746709651,745.0463121783877,750.0,59.59885556090925,0.07999349112493748,0.0,0.0,-11.948092252023638,140.75690846286713,11.636723871960447,9.355596,9.922721400831476,0.8527074724820971,13.672166999999998,6.356596,2.0641253539659554,11.768549829580502,9911.0,10.444074070520536,154,baseline,0
1177.4603053435114,750.0,2190.426118994996,1.8602972083682794,0.0,0.0,15.701576452688416,388.0355094887248,1.7791984732824428,1.0,3.8990734031762533,2.191477489289238,0.0,0.0,10.221668967715878,152.04445142407675,8.490407853356128,6.899,7.267129413471474,0.855922299492231,9.860395583333334,4.9,1.0866603784992939,0.5004400932663602,745.3152671755726,750.0,57.96921922538177,0.07777811857398335,0.0,0.0,-12.293257419605217,149.1241779846785,11.063017226145037,8.433965,10.097121230292101,0.9126914497095556,13.4488165,6.434965,2.020495484309751,10.867197683246022,10480.0,10.561361647515435,155,baseline,0
1179.5541170871013,750.0,2230.5597172485095,1.891019398717252,0.0,0.0,15.773624645865103,389.05313957972055,1.7878153260352214,1.0,3.991376238846903,2.232543921467798,0.0,0.0,10.227601239609855,150.77582990752472,8.525609149765312,6.578133,7.217353416563683,0.8465498816307288,9.383046,4.579133000000001,1.1232316635711084,0.5803058865214488,745.3264159923846,750.0,57.90064996200041,0.0776849561744126,0.0,0.0,-12.308200900205351,149.49180939981605,11.062641850642553,8.610942,10.031867601049678,0.9068238614691295,13.0,5.864073000000001,2.018817606078379,10.44345620250797,10505.0,10.58392897244833,156,baseline,0
1166.0055207949945,750.0,2243.725651048345,1.9242839000612533,0.0,0.0,16.013734050790227,398.78810726226976,1.7686786897313214,1.0,4.029501739436923,2.2782553794714637,0.0,0.0,10.374841590625872,153.82735710120267,8.299842127632493,5.999,7.240449824639272,0.8723599453215853,9.100000000000001,4.000000000000001,1.1946012205486716,0.7577557573053211,745.4825174825174,750.0,56.931667192579354,0.0763688830488429,0.0,0.0,-12.52317155149051,154.82982570806115,10.748625371089437,7.56853,10.045298525062968,0.9345658796595324,12.899999999999999,5.56953,2.0521299747767685,10.576549807011844,10868.0,10.680235400697395,157,baseline,0
1160.4369732502748,750.0,2236.8001144247514,1.927549850604712,0.0,0.0,16.30364630234561,419.37780971276726,1.766397947966288,1.0,4.073440806533756,2.3060719761499056,0.0,0.0,10.42980436017752,155.7742062048996,7.995499347319142,5.666252999999999,7.02119749488184,0.8781437143429971,8.976734624999999,3.667252999999999,1.2512508140245822,0.9354521853311137,745.5023818248443,750.0,56.8071452654765,0.07619981726473321,0.0,0.0,-12.551321850756755,155.5356802012841,10.37706774725174,6.999,9.903652356092573,0.9543786932214502,12.0,5.0,2.115643762442116,10.594092621212017,10916.0,10.705464596783248,158,baseline,0
1125.7216005425569,750.0,2142.3969158579525,1.9031321019561098,0.0,0.0,17.131578616569332,475.6181261116466,1.709393014581214,1.0,3.9655369310354347,2.319850904507736,0.0,0.0,10.843428504254428,169.57895437166192,7.38265585416721,4.999,6.887679971103166,0.9329542250320866,8.636928750000001,3.4696664999999998,1.3713288897656322,1.2936029195718382,745.8379111563241,750.0,54.659904515021736,0.0732865729904755,0.0,0.0,-13.056660611555118,168.47638632533497,9.551401993472362,5.999,9.718285682511985,1.0174721668246896,12.37067175,4.588661,2.0944376038423593,9.156808453315378,11796.0,10.836338294941898,159,baseline,0
1118.6267914837213,750.0,2169.0248915909083,1.9390067430031448,0.0,0.0,17.325073373211342,486.227612660292,1.7006875983762737,1.0,4.0229396096287635,2.3654783003472555,0.0,0.0,10.960392654830962,172.8254820561875,7.277744082728685,4.999,6.684648583419989,0.9185055846197984,7.899999999999999,2.9999999999999996,1.4189206746611054,1.4471127728703008,745.9327313395742,750.0,54.03725842852648,0.07244253557755044,0.0,0.0,-13.210615849865096,172.52037113270688,9.377529544942423,5.999,9.583430842735686,1.0219568807335095,11.322307,3.9999999999999996,2.252752129501256,10.353368563416216,12071.0,10.902543151303847,160,baseline,0
1114.2184105202973,750.0,2200.8887253949742,1.9752758567032145,0.0,0.0,18.050587653625556,532.9359158929886,1.6972964142775464,1.0,4.0929750431708785,2.411467442422573,0.0,0.0,11.249672003669124,184.93013130993015,7.304117405418431,4.999,6.57168164298458,0.8997228930232548,7.0,2.9999999999999996,1.488450100008296,1.6898586410383922,745.9898717634567,750.0,53.658470517810734,0.07192922122517115,0.0,0.0,-13.306002512500301,175.0497028626644,9.344226017397697,5.899,9.403115938703273,1.006302279203856,10.0,3.9,2.2377019153464315,9.608890781242637,12243.0,10.925221580414838,161,baseline,0
1128.55700270636,750.0,2269.2527537013157,2.010755990401447,0.0,0.0,17.912001825371057,524.996003055408,1.729533152909337,1.0,4.246018661945364,2.455008540774669,0.0,0.0,11.084386231735303,179.0005664405574,7.802307030189587,5.424662,6.578871390622842,0.8431956554858856,7.0,2.8488583529411766,1.4909013760022165,1.7097721321787036,745.8477672530447,750.0,54.5955218540575,0.0731992830857866,0.0,0.0,-13.072418950658829,168.88813722154396,9.954736697733424,5.999,9.42773044062664,0.9470597492320638,9.825321249999998,3.0999999999999996,2.1690064427449096,8.737670378874206,11824.0,10.896330898566717,162,baseline,0
1125.9011800662195,750.0,2219.110890076175,1.9709641746229087,0.0,0.0,17.266554977858128,518.4424675353266,1.7324900246200865,1.0,4.258181062027114,2.457838718558209,0.0,0.0,10.748402900563265,169.22543292560368,7.872211962291271,5.899,6.523085362091904,0.8286216622898588,6.2154065,2.9,1.4889268956360882,1.7919582721060427,745.8319042363528,750.0,54.69910528572038,0.0733397230328006,0.0,0.0,-13.047083763891342,168.2263947419971,10.029811019016893,6.899,9.36657004631047,0.9338730339535916,9.518106,3.9,2.099888619406511,7.54222358434199,11779.0,10.908389218488658,163,baseline,0
1131.8200739657693,750.0,2282.6687992258558,2.0168124348843213,0.0,0.0,17.235288921854245,518.1977534055649,1.7491184312376364,1.0,4.386947285049447,2.5080904795825307,0.0,0.0,10.699044081657693,168.0251116623312,8.03790087682132,5.999,6.50256274270652,0.8089876750605106,6.6046249999999995,3.000000000000001,1.4700421616460364,1.8017293680130217,745.7774146383418,750.0,55.053395935044165,0.07382014372444065,0.0,0.0,-12.961141036941397,165.99117697948634,10.220643927324332,6.899,9.369489165256528,0.9167220022417288,9.6833995,3.9,2.1255662886452797,7.866071296368498,11627.0,10.89066519779317,164,baseline,0
1129.9711909457258,750.0,2317.6709175146457,2.0510885021545358,0.0,0.0,17.288044087452818,523.2109860804977,1.7516076481179799,1.0,4.472034411058841,2.55310281150224,0.0,0.0,10.711796118738427,168.17762765406232,8.031473603626628,6.899,6.325218291838706,0.7875538916024751,6.726750666666668,3.12787,1.4139381859398403,1.7460889971253737,745.7904484266484,750.0,54.96886310913812,0.07370550698940004,0.0,0.0,-12.981547306818324,166.5205704791619,10.17561008076824,6.999,9.279099000591502,0.9118960855358312,8.7275665,3.9999999999999996,2.250596786232213,8.946237692968515,11663.0,10.916377057941187,165,baseline,0
1138.8406486867618,750.0,2382.9922636244523,2.0924720823517906,0.0,0.0,17.153626186084857,516.7721133274467,1.7761325577295963,1.0,4.620856624441864,2.601639502824404,0.0,0.0,10.580340647024393,163.86958478001637,8.294296652428951,6.999,6.247916433383531,0.7532786317154275,6.0,3.000000000000001,1.3361068948706154,1.5525424255069638,745.6728362418473,750.0,55.726904518341456,0.07473371941400224,0.0,0.0,-12.80074101817212,161.85897061431422,10.466087437863566,7.999,9.272607866813443,0.8859669787649178,9.550808,3.9999999999999996,2.3365486734814707,9.756823693827771,11346.0,10.901055609908745,166,baseline,0
1142.9303522313903,750.0,2357.4612263236904,2.0626464436097276,0.0,0.0,17.10663148402441,540.8036352438371,1.7891935054564811,1.0,4.663450516363033,2.606453970540898,0.0,0.0,10.495052232398733,163.29487490816646,8.490042664905998,7.899,6.256788099404156,0.7369560255882921,7.1000000000000005,3.6843200000000005,1.22285086389542,1.300758607874637,745.6440422322776,750.0,55.910885704140334,0.0749833466606354,0.0,0.0,-12.75758871428028,160.7560698027315,10.698030556472363,8.320547,9.299630412965437,0.8692843382597288,9.0,4.321546999999999,2.2376026430361984,8.528983228794567,11271.0,10.886019485701485,167,baseline,0
1146.719206588152,750.0,2395.756045091544,2.089226404622337,0.0,0.0,17.14759580427527,545.3574675861995,1.7996103781103339,1.0,4.753533300101922,2.6414235869729374,0.0,0.0,10.50589362021508,163.53801362454897,8.631839881509931,7.999,6.470436594350431,0.7496010912123854,7.201935000000001,3.9999999999999996,1.134625206104411,1.0428510726808824,745.6525281147614,750.0,55.85672913221252,0.07490986354386203,0.0,0.0,-12.770261834364383,161.07958731822362,10.862170532188081,8.999,9.521298809804314,0.876555821103127,10.0,5.0,2.174949001332917,8.196020082158615,11293.0,10.881580738039442,168,baseline,0
1150.560353982301,750.0,2432.0517232913608,2.113797607290728,0.0,0.0,17.257950332189765,552.8388242004661,1.8104424778761061,1.0,4.843515579312736,2.675321441305793,0.0,0.0,10.53248757975008,164.1036407325965,8.898702215137785,7.999,6.593947589997195,0.7410010393178548,7.480455,3.9999999999999996,1.0989760301438707,0.9270484666232535,745.655221238938,750.0,55.83953046905168,0.07488652781948192,0.0,0.0,-12.77429155449684,161.18252471928935,11.1475445119469,8.999,9.613735784211109,0.8624083782673396,10.0,5.0,2.1474940339162947,8.11865745347245,11300.0,10.87079816237459,169,baseline,0
1160.5127646043427,750.0,2499.020153759438,2.1533758438335115,0.0,0.0,17.150597628498673,547.0264887658591,1.8371036613064413,1.0,4.997163971425294,2.7201317359912074,0.0,0.0,10.418001631326819,160.3949336281905,8.985985140876297,7.999,6.734282306250098,0.7494205922527691,8.100000000000001,4.000000000000001,1.0785574511107476,0.8030262208573489,745.5395657308985,750.0,56.57329819289569,0.07588235526766898,0.0,0.0,-12.60451757701027,156.8738633491608,11.303324201962386,9.475253,9.83503568546691,0.8701011764096296,10.470350999999999,5.423746999999999,2.135287653123214,7.9774074440698595,11007.0,10.856894719623659,170,baseline,0
1180.6905695611579,750.0,2584.4497129237957,2.1889305966798656,0.0,0.0,16.864542871194715,529.3049056399982,1.8782446311858076,1.0,5.1700064293807335,2.7525735165374656,0.0,0.0,10.256494541585475,155.27690977037295,9.164422505224772,7.899,6.746398956818943,0.7361510180235276,9.0,4.122810833333333,1.0276514938803354,0.6547881686212365,745.415873015873,750.0,57.34741024957519,0.0769334439009914,0.0,0.0,-12.430059926499055,152.5063897763578,11.551664407563026,8.999,9.914556006622647,0.8582794354838994,10.5716235,5.0,2.1486836185618494,8.128396661392777,10710.0,10.826656824315702,171,baseline,0
1200.9138064018512,750.0,2670.8852682894294,2.2240441021257564,0.0,0.0,16.641844978258863,515.3248262308772,1.9215194755109912,1.0,5.3528425113681815,2.785734196081825,0.0,0.0,10.098933540654464,150.33917912986104,9.525369381859054,7.999,6.900755019495278,0.7244606211951925,9.31840175,4.8999999999999995,0.9832294158335937,0.5223773624497037,745.266486694948,750.0,58.26826287129629,0.07818446678006416,0.0,0.0,-12.228491777140288,147.53601114358779,12.022502852005399,9.899,10.119911292760857,0.8417474645117524,10.0,4.9710990000000015,2.122206186644443,7.953239834470951,10372.0,10.770815404508438,172,baseline,0
1221.9259185303515,750.0,2771.8104054615706,2.2683948048137923,0.0,0.0,16.49170629803608,505.736288503272,1.9675519169329074,1.0,5.55552547074447,2.8235724927678802,0.0,0.0,9.960057701866456,146.5949144095632,9.390462712353706,7.999,7.07612017879169,0.753543291267494,10.0,5.0,0.9351368017237934,0.3457367194955445,745.0982428115016,750.0,59.287785137925766,0.07957042673220298,0.0,0.0,-12.012533171312862,142.3009531918919,11.98863516783147,9.519559000000001,10.457186865718215,0.8722583279352335,10.821175749999998,5.520559,2.096905520821417,7.727226325621986,10016.0,10.727584647830959,173,baseline,0
1219.8105263157895,750.0,2795.0972279782077,2.2914191734516987,0.0,0.0,16.791857250443993,522.5307145626781,1.9695134061569017,1.0,5.630633695321759,2.8588958459078357,0.0,0.0,10.051176044534747,148.9111721688219,9.139463392372884,7.273876333333334,7.102232881875296,0.7770951725461576,10.899999999999999,4.906443,0.9245088297964542,0.2380698024021748,745.1245283018868,750.0,59.129690864730826,0.0793554481416487,0.0,0.0,-12.045540001776166,143.09503393438968,11.700584917974181,8.999,10.561603177208543,0.9026559997854501,12.0,6.0,2.133369416874571,7.925537562328527,10070.0,10.742360149543748,174,baseline,0
1233.8940105989402,750.0,2862.7931149706246,2.320128868751868,0.0,0.0,16.60160276522123,512.3407665502333,1.9973002699730027,1.0,5.763000216343877,2.8853950019351746,0.0,0.0,9.978719155811529,146.76101009670887,9.015904801246698,7.5895019999999995,7.085610451953137,0.7859012054977949,10.0,4.6905019999999995,0.958248488775935,0.2664371414831761,745.0908909109089,750.0,59.33192572532237,0.07963045374610107,0.0,0.0,-12.0033485027752,142.08037527907572,11.646044510348965,8.899,10.71335355083606,0.9199134986403243,12.734145999999999,5.999999999999999,2.178573664339744,8.052454666029702,10001.0,10.7525850570594,175,baseline,0
1214.6502435369052,750.0,2835.6763164698577,2.334562012034619,0.0,0.0,17.079887803673074,544.6505803362298,1.9556013488197828,1.0,5.698206180498573,2.913787201025135,0.0,0.0,10.300914342810707,156.9448175078007,8.53995956278407,6.999,7.147371645850387,0.8369327270585235,9.100000000000001,4.8999999999999995,1.046890265399414,0.43627477776859847,745.4012738853503,750.0,57.43807076233941,0.07705657714125924,0.0,0.0,-12.409931919894252,152.00641025641022,11.042698988572498,7.999,10.776351362029958,0.9758802058429584,13.2447265,5.8999999999999995,2.2094405200330622,8.120236028232634,10676.0,10.834325729176808,176,baseline,0
1210.602314474651,750.0,2848.3662031073522,2.3528504522506384,0.0,0.0,17.32764573310046,560.4095389682343,1.9497612049963262,1.0,5.738976266171721,2.9434252007196617,0.0,0.0,10.422219825662584,160.40681529848888,8.09859718531085,5.899,7.219846047856075,0.8914934133224154,10.0,4.1000000000000005,1.1487382770351826,0.6235102397427936,745.4908155767818,750.0,56.879683626062494,0.07629830232322182,0.0,0.0,-12.534908524471339,155.1239317168642,10.578288786645848,6.999,10.965979764211061,1.0366496874290896,12.4445715,5.1,2.2558090529531274,8.159776625395466,10888.0,10.851353915404175,177,baseline,0
1194.1697088415992,750.0,2842.435034811609,2.3802605389889724,0.0,0.0,17.722608630846455,585.0957124480341,1.9235152702341733,1.0,5.7451074338372194,2.9867750585301027,0.0,0.0,10.61762765775248,166.08617214786872,7.742178155522413,4.999,6.973653535071393,0.9007353479843603,9.0,3.3523729999999996,1.2437243788564334,0.8822562432169652,745.6285281809278,750.0,56.009757074149086,0.07511750819244169,0.0,0.0,-12.734514370730139,160.16785625833236,10.094032767963673,6.487218,10.784567799517355,1.0684102228937966,11.462088000000001,4.488218,2.459063690419487,9.502769328892251,11231.0,10.912560650373752,178,baseline,0
1168.8246688741722,750.0,2781.6923750226224,2.3799056001290477,0.0,0.0,18.408787772128814,632.2890234135193,1.8719370860927151,1.0,5.635557690779864,3.010548662478254,0.0,0.0,11.023192417359759,178.84000832455388,7.139286080191206,3.999,6.79201336813448,0.9513575015546337,8.0,3.0,1.4334790275928297,1.4601008527215988,745.935761589404,750.0,54.01723890196691,0.07241540315330851,0.0,0.0,-13.215624080201065,172.6527198291904,9.341837925827814,4.999,10.632043672347573,1.1381104828368587,10.609909250000001,3.9999999999999996,2.601965780481495,10.168000762216186,12080.0,11.008251517629471,179,baseline,0
1150.190588051053,750.0,2744.0199037498137,2.3857088836028764,0.0,0.0,19.044125858049316,674.4844715556376,1.8353300446323702,1.0,5.572668258155504,3.0363303180555463,0.0,0.0,11.367876621981804,189.70178101121277,6.997619398072368,4.73405,6.561278965643995,0.9376444462600277,7.7205449999999995,2.7350499999999998,1.5674585657318205,1.9893545013182976,746.155665178921,750.0,52.54360884639048,0.07041909791543434,0.0,0.0,-13.594637788319943,182.81417659561657,9.126789853887715,4.999,10.481647211434034,1.1484484007231954,9.436634000000002,3.0,2.774842040715101,11.325419394761798,12771.0,11.074741389826203,180,baseline,0
1149.7534419007159,750.0,2786.099971127007,2.423215160392269,0.0,0.0,19.036143019418127,675.6704209302371,1.8413972150106208,1.0,5.673201400298632,3.0809221139535126,0.0,0.0,11.344742240251623,188.8074837477992,7.04419714796976,4.999,6.256213969725303,0.8881372622469028,6.0,2.9999999999999996,1.6076229066503667,2.219709156756738,746.1375186846038,750.0,52.66680878697902,0.07058592748402127,0.0,0.0,-13.562147656567333,181.931849058535,9.130790478483203,4.999,10.19583723830315,1.1166434343586944,8.899999999999999,2.9999999999999996,2.9191123027096313,12.535005378094558,12711.0,11.087390139010266,181,baseline,0
1145.0922670690306,750.0,2759.7874333343675,2.4101004894551408,0.0,0.0,19.486721969775022,712.4454395904235,1.827536778574123,1.0,5.63888630702374,3.0855118064563936,0.0,0.0,11.595131792984006,197.4521283759159,6.988095901939488,4.999,6.257100360657793,0.8953941743875018,6.1000000000000005,2.9999999999999996,1.6714873715828928,2.605330255778605,746.2960392304791,750.0,51.580426037518976,0.06911523487476176,0.0,0.0,-13.853939049304714,189.9316271818502,9.019509110298001,5.899,10.158519613045252,1.1262829815701154,8.0,3.1000000000000005,2.9368915085954512,12.379451175821556,13255.0,11.094211547671021,182,baseline,0
1139.7454303263523,750.0,2778.814511010772,2.4381010329781203,0.0,0.0,19.84334845123612,744.6280437493493,1.8195811440834753,1.0,5.679689437857195,3.1214268494291635,0.0,0.0,11.755344339884815,204.57061738177094,7.1503846020320845,5.797525,5.995527308738624,0.8384901851342011,5.899999999999999,2.798525,1.6588408761519877,2.7141137830970967,746.3667579368016,750.0,51.0881622466443,0.06844913938539875,0.0,0.0,-13.990198207228525,193.72564587754022,9.117012750314512,5.999,9.952123049022264,1.0915991149270843,7.899999999999999,3.0999999999999996,3.1557654912258175,14.251504809000515,13513.0,11.127506598550875,183,baseline,0
1172.6182924875861,750.0,2939.138848835833,2.506475353203607,0.0,0.0,19.061829359549336,684.7102179783129,1.8934006086817234,1.0,6.004570821637024,3.17131556528742,0.0,0.0,11.2885761048515,188.2432648890712,7.732296613372336,5.999,5.916442447111224,0.7651597892506153,5.1000000000000005,2.9999999999999996,1.6307059618930737,2.662680159307129,746.0679160659939,750.0,53.13664758232615,0.07122226601368274,0.0,0.0,-13.43961022429118,178.6231229808721,9.853897927999359,6.999,10.084105071779673,1.0233620386026316,7.442483749999999,3.0999999999999996,3.2376257156651307,14.773923841111152,12486.0,11.04881456957697,184,baseline,0
1167.4746889914718,750.0,2950.909557796989,2.5276004573136786,0.0,0.0,19.294007237282916,699.704756365938,1.8841248728581488,1.0,6.03169126382712,3.201322455171065,0.0,0.0,11.424897467176919,192.41388479318246,7.817126788239194,6.999,5.905166988111616,0.7554139964821721,5.687051,2.9999999999999996,1.5423296741825918,2.5858647140466493,746.1586730302794,750.0,52.52315945609162,0.0703914078258797,0.0,0.0,-13.60004526494098,182.9612312084436,9.908758577263125,6.999,10.051849393567023,1.0144408419266806,7.439674999999999,3.000000000000001,3.2713807674880493,15.29799935635673,12781.0,11.07949213975943,185,baseline,0
1193.0045278669631,750.0,3073.3929023785413,2.576178740807988,0.0,0.0,18.916224918239756,673.4879596778587,1.9407261052111633,1.0,6.282903495300147,3.2373983523123306,0.0,0.0,11.161407616161595,184.15299929103386,8.117767720015031,6.999,5.895897278041895,0.7262953907273141,6.0,3.000000000000001,1.4994463294440576,2.5307820002381805,745.9581789742323,750.0,53.86890070717915,0.07221437102714567,0.0,0.0,-13.25284809187354,173.63798254627625,10.300156507203425,7.999,10.204113896990588,0.9906756164194525,6.050000000000001,3.000000000000001,3.344198978514689,15.777525352858579,12147.0,11.021889389127633,186,baseline,0
1182.9756097560976,750.0,3070.1789187464306,2.5953019600965663,0.0,0.0,19.295743218703088,698.5963053884877,1.923780487804878,1.0,6.291942650640718,3.270613612377425,0.0,0.0,11.340178481167852,189.6635992298158,8.285643657042016,7.608202,6.117358808628166,0.7383082186293382,6.999999999999999,3.390798,1.4072788980524593,2.3365050936448046,746.060975609756,750.0,53.18326519318987,0.07128541356786978,0.0,0.0,-13.427568777987616,178.29960328758804,10.435811626203465,7.999,10.277213569967156,0.9848025182978501,7.000000000000001,3.3375025000000003,3.262119707966977,15.450854111649782,12464.0,11.049952649678719,187,baseline,0
1208.068585944115,750.0,3185.57621031732,2.6369166845173506,0.0,0.0,18.873869955115534,669.8637000267382,1.9820491109229466,1.0,6.547450683261945,3.3033745971173776,0.0,0.0,11.050504557210134,180.06880907086745,8.463778843550278,7.899,6.015263398952925,0.7107065898274013,7.066458000000001,3.9,1.2620477101652936,1.9283496423455606,745.8428450465707,750.0,54.627684730996336,0.0732428890265554,0.0,0.0,-13.064542156738861,168.68226176520687,10.732615497967824,8.899,10.437331203556985,0.9724872008629444,7.416647500000001,3.999999999999999,3.338932996494381,16.035470913300742,11810.0,11.009420806711889,188,baseline,0
1219.0294367874767,750.0,3234.3707042684764,2.653234291693606,0.0,0.0,18.837442520284867,668.1752008149225,2.0040837161817255,1.0,6.656767816741473,3.3216016691280044,0.0,0.0,11.022793953501857,179.07109880577295,8.462529146932042,7.999,5.9706409624439685,0.705538599486955,7.785173375,4.000000000000001,1.0962861586396508,1.4181892927353612,745.8230389654585,750.0,54.756906993135,0.07341809535555387,0.0,0.0,-13.032987382219893,167.85876010510313,10.769802708865068,8.899,10.54023259620202,0.9786839073222688,8.525495000000001,4.100000000000001,3.380071798476783,16.512803674452616,11754.0,10.989328240742752,189,baseline,0
1242.9162465729194,750.0,3325.3636312004137,2.6754527027620774,0.0,0.0,18.63585172660036,654.3978857254649,2.0567789864685593,1.0,6.868906952190152,3.3396427119201086,0.0,0.0,10.84151268063263,173.1371452544261,8.620219250143789,7.999,6.101466499371605,0.7078087369146475,8.0,4.000000000000001,1.0431616754814637,1.1584623193876507,745.6579110285663,750.0,55.822347682081876,0.07486321388997282,0.0,0.0,-12.77832000401689,161.28546212505822,11.058000302025293,8.999,10.837281664530417,0.980039913956735,9.625331000000001,5.0,3.3326863580157515,15.98177650476292,11307.0,10.928182572773455,190,baseline,0
1258.5807856300462,750.0,3404.763183249556,2.705240078446875,0.0,0.0,18.4782891149311,643.2534311665065,2.0939853034564093,1.0,7.048107980966871,3.365882257785193,0.0,0.0,10.71735996197205,169.01516855635748,8.566267859575733,7.386071,6.1853961583686035,0.7220642944820256,8.100000000000001,4.387071000000001,0.98521285201921,0.8390706758325095,745.546040097977,750.0,56.532479960212314,0.07582694685466107,0.0,0.0,-12.613847485513288,157.1091483877897,11.068248658804317,9.218848,11.076019269638675,1.0007020632688963,10.0,4.780152000000001,3.336412476141642,15.933964541306384,11023.0,10.886072458505511,191,baseline,0
1288.4008023688987,750.0,3526.4640084546577,2.7370861629166776,0.0,0.0,18.101209465384215,618.4459830831129,2.162097621549336,1.0,7.320063775941469,3.385630557558261,0.0,0.0,10.45693269726121,160.89537958981919,9.129817815876248,7.999,6.308416483648915,0.6909684958531076,9.0,4.000000000000001,0.9701069918577091,0.7283800700757106,745.3103448275862,750.0,57.99946697036629,0.07781921634776638,0.0,0.0,-12.286676531342474,148.9624201858419,11.83450359891107,9.899,11.35288733672336,0.9593040588342019,10.0,4.999999999999999,3.2876322099618185,15.315728568478551,10469.0,10.815830925776773,192,baseline,0
1297.423076923077,750.0,3580.1630317742292,2.759441461658612,0.0,0.0,18.081302968065955,617.0607887009539,2.1834615384615383,1.0,7.442587661201885,3.408618622357742,0.0,0.0,10.428806980576576,159.88371508089787,9.149138954996738,7.899,6.489630555787639,0.7093159900302282,9.0,4.1000000000000005,0.9520182912713386,0.6240597354801114,745.2792307692308,750.0,58.190288901888145,0.07807850601421933,0.0,0.0,-12.24531575603401,147.94775796497476,11.883881298173078,8.999,11.524026686053459,0.9697191007642477,10.0,5.0,3.248226326810316,15.17475465232441,10400.0,10.79724166002056,193,baseline,0
1310.863038679336,750.0,3615.277628466627,2.7579369635053066,0.0,0.0,18.18846578028892,623.775282089885,2.206929647758902,1.0,7.530683051575563,3.412289584864129,0.0,0.0,10.457973695188464,160.61153665619912,9.05675095676722,7.999,6.610264990339519,0.7298715645261635,9.0,4.6432329999999995,0.9192817102117706,0.48241398438027616,745.2878395239467,750.0,58.13755591146268,0.07800684893583947,0.0,0.0,-12.256718877777919,148.22715764887747,11.867788785584029,8.999,11.77072823526611,0.9918215135041989,10.577925,5.0,3.196010446315818,14.764752712705974,10419.0,10.779638295122512,194,baseline,0
1327.7621354424123,750.0,3682.947891472242,2.773800964165226,0.0,0.0,18.156232997047887,623.4810867816657,2.249826989619377,1.0,7.71715569760138,3.430110729939709,0.0,0.0,10.348605622788654,157.29441943507604,9.16319951521169,7.92355,6.604372617738126,0.7207496253654966,9.499876,4.92455,0.8920107775708686,0.3576187581386563,745.146218487395,750.0,58.998907253683385,0.07917762418958235,0.0,0.0,-12.07297677416425,143.75676818950936,12.097856098467622,8.999,11.941737429082778,0.9870953441573322,11.0,5.1000000000000005,3.186380568297924,14.398568861154299,10115.0,10.737527514821275,195,baseline,0
1360.9644994840041,750.0,3809.0966596853905,2.7988214689873034,0.0,0.0,17.796956629395524,598.5465464822261,2.321981424148607,1.0,7.986129732666637,3.439359871535098,0.0,0.0,10.12881002112841,150.5739813471237,9.283930798527678,7.999,6.7517524689142085,0.7272514859745569,9.851712500000001,4.796260500000001,0.8869051487104892,0.2860386968407975,744.9333333333333,750.0,60.26991141707629,0.08090644990658175,0.0,0.0,-11.811310983028473,137.5070671378091,12.413225764189887,9.899,12.309542922728312,0.991647389370724,11.100000000000001,5.899999999999999,3.130336380893176,13.778720995860798,9690.0,10.66248310112998,196,baseline,0
1383.0148933890496,750.0,3920.957148168886,2.835079482449145,0.0,0.0,17.568574781360812,581.7210343576693,2.37790635379835,1.0,8.235628604789975,3.4633948438023174,0.0,0.0,9.957886030794453,145.29534761893174,9.239900506296888,7.922597666666667,6.856982494909113,0.7421056633928209,9.302509703703704,4.874307066666667,0.9141506602323209,0.30091966007975834,744.7395264116576,750.0,61.403496223013185,0.08244962707816876,0.0,0.0,-11.58694694255313,132.25733944954123,12.491508349726777,9.338227,12.645201004807639,1.0123037707519302,11.314519,5.660773000000001,3.1273443091825692,13.534250434626195,9333.0,10.618951301615724,197,baseline,0
1389.3933921172845,750.0,3938.7139894124025,2.834844336930544,0.0,0.0,17.68261871862639,592.0987763254592,2.388930202910868,1.0,8.296194830741445,3.4727656842517556,0.0,0.0,10.005487961886091,146.7926694283936,9.011063519730403,7.908294333333333,6.811886155841427,0.755946969070442,9.420881999999999,4.695899768115941,0.929588732404317,0.3087073516797889,744.7842345692128,750.0,61.143915739829495,0.08209614664466611,0.0,0.0,-11.637600577728557,133.43374720674794,12.275220878359715,8.999,12.78800684821452,1.0417740727385858,12.390154999999998,5.370281,3.1799987957729914,13.853118726302853,9413.0,10.608835178504469,198,baseline,0
1425.4201661801033,750.0,4065.179443090959,2.8519166064452324,0.0,0.0,17.416861051395728,575.2248336181697,2.474960700651246,1.0,8.607211581053159,3.4777164658769366,0.0,0.0,9.76864572663712,139.88313327551634,8.974419516814015,7.899,6.82854340501957,0.7608897034761924,9.67547321590909,4.9,0.9510519579686243,0.3044352908268517,744.4873119245452,750.0,62.84720407990374,0.08441675643529757,0.0,0.0,-11.31274866174093,125.97828228372123,12.385820343476308,8.999,13.05764690799431,1.05424158803271,12.14480425,5.4055875,3.2138229601067656,13.924386181640486,8906.0,10.523675501476541,199,baseline,0
1419.9377132166833,750.0,4069.539365989977,2.8659985069140586,0.0,0.0,17.613738390963647,588.565732999258,2.463519313304721,1.0,8.62815122601584,3.502368006379252,0.0,0.0,9.872458877977934,142.7607804161395,8.739066542595447,6.999,6.970481220539031,0.797623085550833,9.28121925,4.4854519999999996,1.0204169005554293,0.457533998740844,744.5971167602069,750.0,62.22291018449546,0.0835658758057399,0.0,0.0,-11.42978095064456,128.6398925797173,12.18286015637724,8.999,13.289987946822238,1.0908758515023635,12.0,5.899999999999999,3.1738421318913193,13.612803628697701,9087.0,10.533360263641951,200,baseline,0
1410.0765726681127,750.0,4075.879237964042,2.890537519002789,0.0,0.0,17.867890201716627,604.2771362274818,2.449349240780911,1.0,8.664832468220368,3.537605958331125,0.0,0.0,9.971787109492892,145.38986503234972,8.574828591430837,6.899,7.016427221290675,0.8182585979972202,9.071861375000001,4.4203244999999995,1.0915784240977262,0.583726452237955,744.675054229935,750.0,61.77585125704744,0.08295678887878091,0.0,0.0,-11.515019121306217,130.59566536404782,11.944287947396965,8.390603,13.376291979032585,1.1198902804371607,11.8736085,5.4916030000000005,3.2389338494444972,14.051879158484827,9220.0,10.565927594175959,201,baseline,0
1428.0713807718046,750.0,4166.4726220692255,2.917552076295686,0.0,0.0,17.675950898478334,593.499815417555,2.496877091233549,1.0,8.881449691549701,3.557023180168607,0.0,0.0,9.83768473654127,141.56069543254313,8.726149039669616,6.899,6.965326892366124,0.7982131477128473,9.159657999999999,4.0,1.1165584432352695,0.6302874541914867,744.52420254294,750.0,62.63817850326251,0.08413182310168069,0.0,0.0,-11.35167755634601,126.8605833432496,12.216916633281283,8.7377905,13.569930005773973,1.1107491696232759,12.100000000000001,5.738790499999999,3.2887763839333046,14.229139949885276,8966.0,10.534835453784726,202,baseline,0
1428.3407030731814,750.0,4171.585659777844,2.920581658705354,0.0,0.0,17.989429627279183,612.9800167474391,2.4993367234136636,1.0,8.930811608043841,3.5732726704571003,0.0,0.0,9.93054286633625,144.0213141428062,8.51623811267637,6.5635425000000005,7.029848154935099,0.8254640208416919,9.186797875,4.01491545,1.1599721671195893,0.7363133159237929,744.5726287862038,750.0,62.362694442017805,0.08375636174496631,0.0,0.0,-11.403376071789207,128.03698583465476,11.997976328543004,8.761479999999999,13.67378968566962,1.139674667730414,11.76890675,5.538213999999999,3.2673258665257765,13.955848579437326,9046.0,10.502301837538056,203,baseline,0
1439.3090665475659,750.0,4224.496154598444,2.9350861832140307,0.0,0.0,17.970114868977806,613.5692157251309,2.5273559624832513,1.0,9.070380717656873,3.5888813654665324,0.0,0.0,9.890321743463053,142.88580774996979,8.381601580045439,5.999,6.941575992175339,0.828192073541356,8.664182375,3.9999999999999996,1.2207024664492008,0.8994182770346186,744.5180884323358,750.0,62.67287130344209,0.08417911166591892,0.0,0.0,-11.34519868129324,126.71353311801772,11.886918835864227,7.899,13.805249095535514,1.1613816234601904,11.318074999999999,4.999999999999999,3.3582932560014256,14.49030014347214,8956.0,10.488074928126656,204,baseline,0
1403.2876451953537,750.0,4141.788866214356,2.951489582620655,0.0,0.0,18.66683744408585,664.0007405092874,2.453326293558606,1.0,8.92040877635378,3.636046619552804,0.0,0.0,10.215768759254342,152.82032503570161,8.090924949313724,5.999,7.026556409073865,0.8684490899485924,8.83227475,3.9999999999999996,1.2790305223009364,1.0817926127885897,744.8156282998945,750.0,60.96096011015071,0.08184704750261394,0.0,0.0,-11.673557229314282,134.2719383860755,11.436434455966209,6.999,13.770643054364223,1.2041028265746143,11.899999999999999,5.0,3.4003573268408225,14.995598052161373,9470.0,10.589847973112194,205,baseline,0
1419.0721112076455,750.0,4223.964800925405,2.9765681162818187,0.0,0.0,18.568714337167364,657.3423312244564,2.4981537793223283,1.0,9.132757040057525,3.655802583352158,0.0,0.0,10.099195224285738,149.24951595526775,7.988017407967515,6.122232666666666,6.951839472391187,0.8702834655138821,9.05183525,4.1232326666666665,1.2679760664719457,1.0477007440354598,744.6681146828845,750.0,61.815792463759266,0.08301119820348882,0.0,0.0,-11.507354367135294,130.41920453082756,11.413767576998262,6.999,13.94499878548182,1.2217699976285352,12.0,5.0,3.4555937865748354,15.344764267943386,9208.0,10.545086123871416,206,baseline,0
1413.331330472103,750.0,4227.068984137577,2.9908549347204985,0.0,0.0,18.806569642810903,674.9763626221886,2.490343347639485,1.0,9.170424628387991,3.6823936896413647,0.0,0.0,10.183622445716486,151.67828804924213,7.575150459004097,4.999,6.875744490593513,0.9076710129791224,8.663689499999998,3.146098743589744,1.3151321112496148,1.1151775047118662,744.7321888412017,750.0,61.44599109988869,0.0825075000390385,0.0,0.0,-11.578694800867043,132.06617329162546,10.978030188197424,6.999,14.074039439388521,1.2820186498047386,11.420046,5.0,3.528963793105203,15.85033330919422,9320.0,10.580165677248605,207,baseline,0
1403.4794607791105,750.0,4199.11319077331,2.991930632488391,0.0,0.0,19.30015654932927,712.1725328610049,2.4777624456002547,1.0,9.18633598552841,3.707512801253616,0.0,0.0,10.310605746228044,155.4780780412956,7.670931928749605,5.359128,6.772569868311914,0.8828874941425627,8.379204916666666,3.399875999999999,1.340676849319338,1.212205564190823,744.7886636238192,750.0,61.118138361511654,0.08206104811549797,0.0,0.0,-11.642653822972873,133.55138804158474,11.068975190107208,6.999,14.005804909720302,1.2653208331551649,11.529509,5.0,3.5805375474097554,16.23469915977798,9421.0,10.597882207169611,208,baseline,0
1388.4671866874676,750.0,4179.023473048322,3.009810756146436,0.0,0.0,19.700863018556774,741.2054147363785,2.452418096723869,1.0,9.181092405120001,3.743689714810382,0.0,0.0,10.454526177892596,159.6469647054696,7.60906804509135,4.999,6.754568819226523,0.8876998837701197,7.086283520833334,3.0,1.4136127695722587,1.4271048057495008,744.8938117524701,750.0,60.50284915850968,0.08122345521460032,0.0,0.0,-11.764530652765595,136.4041814798613,10.93845113447738,6.352483,13.986288079308661,1.2786351474592845,10.899999999999999,4.353483000000001,3.64028621423624,16.67887781852556,9615.0,10.650072006684661,209,baseline,0
1400.6999163529904,750.0,4244.629672164894,3.03036333665005,0.0,0.0,19.733605255927543,741.7937572392473,2.4788791300711,1.0,9.316671587385553,3.7584210840963146,0.0,0.0,10.447316301006804,159.61912885294515,7.7464948245997,5.13984125,6.873570460184671,0.8873136322710785,7.899999999999999,3.14084125,1.4273539547471148,1.4683567271835072,744.866583019657,750.0,60.66279823675742,0.08144115955750499,0.0,0.0,-11.732613508225102,135.65421973338613,11.128609849226265,6.390954499999999,14.161754080071741,1.2725537395900675,11.0,4.391954499999999,3.6271795593053704,16.554914263075062,9564.0,10.610461101108328,210,baseline,0
1377.8478542268247,750.0,4191.2227729532915,3.0418618137669373,0.0,0.0,20.306838167862626,785.2184466781223,2.425868764313452,1.0,9.200941767722863,3.7928439918417567,0.0,0.0,10.730887901050732,168.63492716086913,7.732458967182122,5.899,6.8429439705860755,0.8849635025066023,7.727569000000001,3.559561714285714,1.4594831392572531,1.6699206133823878,745.1114208901722,750.0,59.20857971259389,0.07946271933646969,0.0,0.0,-12.029047905515828,142.69799351319477,11.022976778253511,6.899,14.061274061357354,1.275633102039904,10.899999999999999,4.5718890000000005,3.6943849362966836,17.280304742092316,10043.0,10.689061823403911,211,baseline,0
1366.6329388560157,750.0,4210.133250241938,3.080661332344416,0.0,0.0,20.420148290688676,794.8437567887524,2.411834319526627,1.0,9.255789700849771,3.8376556904897234,0.0,0.0,10.783530117670685,170.1810926865155,7.50185686409276,5.899,6.399841019213225,0.8531009235654341,6.95730375,3.2782045,1.467000220297591,1.8073556051362623,745.1581854043393,750.0,58.92662360502515,0.07907934819645075,0.0,0.0,-12.08819252199499,144.12439844881567,10.669856419230769,6.899,13.907636678407938,1.3034511554758665,10.0,4.1947944999999995,3.9682807163921496,19.420431695215882,10140.0,10.751973304330013,212,baseline,0
1358.5044533620437,750.0,4204.121504424521,3.0946689162631076,0.0,0.0,20.833027837972075,824.5290461721426,2.4030537339727904,1.0,9.29579929737236,3.8683276890376916,0.0,0.0,10.88449643449948,173.04915941702998,7.628746319312195,5.999,6.261463456148278,0.8207722729352481,6.899999999999999,3.000000000000001,1.43475995577794,1.7522829173391843,745.1946755407654,750.0,58.7056480792851,0.07877894194115675,0.0,0.0,-12.134937171963612,145.25670016750414,10.74573276000783,6.999,13.769095727646972,1.2813547512451762,10.0,3.9999999999999996,4.066728930487089,20.311176273686147,10217.0,10.780523639988324,213,baseline,0
1378.6454271356783,750.0,4299.0576700199645,3.1183200447353863,0.0,0.0,20.598834281237362,805.1454401986224,2.452462311557789,1.0,9.515874146456154,3.880130635080679,0.0,0.0,10.743818090302513,168.4022959186901,8.109971303370934,6.451136916666666,6.315286910973825,0.7787064435541045,6.299831625,3.452136916666666,1.4076797091998279,1.6815486983780694,745.0657286432161,750.0,59.482744437152625,0.07983556638079735,0.0,0.0,-11.972067933732367,141.3304106099027,11.35798768723618,7.899,13.883929026907357,1.2223933859789058,9.899999999999999,3.999999999999999,4.017125479435621,19.770882831700344,9950.0,10.723164826997479,214,baseline,0
1382.7874522421073,750.0,4335.892638583588,3.1356175756101905,0.0,0.0,20.760010438881764,818.5780322983157,2.4649105167906695,1.0,9.613516095179866,3.900148110730093,0.0,0.0,10.773177876706292,169.6665010042187,8.276328770934642,6.899,6.251652694503241,0.7553654364793008,6.899999999999999,3.1000000000000005,1.3171587225720243,1.5150995254693287,745.0637442187814,750.0,59.4946220502509,0.07985172075797696,0.0,0.0,-11.969611099236486,141.27158986696526,11.550024942388898,7.999,13.917579745052734,1.204982657134778,9.050318999999998,3.9999999999999996,4.073887932302954,20.331337621540097,9946.0,10.71309812514748,215,baseline,0
1414.6408055113936,750.0,4486.783182141693,3.1716766296160372,0.0,0.0,20.30276059530099,781.6675029470551,2.5480657127715953,1.0,9.963616654150739,3.9102667581178907,0.0,0.0,10.499782929291701,160.976289347082,8.635260464979595,6.999,6.385842426810588,0.739507795127715,7.3459255,3.525353,1.2273483734524906,1.2119059595095525,744.7963963963964,750.0,61.07310628532306,0.08199973386125066,0.0,0.0,-11.651491729737035,133.75725952813056,12.05056493810281,7.999,14.135829234375784,1.1730428662045176,9.0,4.000000000000001,4.000647316312391,19.527055238621582,9435.0,10.612367400012758,216,baseline,0
1383.1299697275479,750.0,4420.608318890203,3.19609032820031,0.0,0.0,21.149808379643236,842.6535748140204,2.481029263370333,1.0,9.827256385315069,3.9609594817778637,0.0,0.0,10.838359785915706,171.78346009057168,8.51955173605936,6.999,6.575221871761063,0.7717802620918612,8.239846916666666,3.9999999999999996,1.1734098564121254,1.0992998884132996,745.0458123107971,750.0,59.60184171604591,0.07999755280979004,0.0,0.0,-11.947476858418732,140.742203282451,11.809949070938446,7.999,14.055024164553425,1.1901003196651871,9.3635315,4.8999999999999995,3.9706206558970463,19.71001322520892,9910.0,10.672814294917623,217,baseline,0
1377.147254493099,750.0,4403.732176504071,3.197720622930043,0.0,0.0,21.582000831312364,874.30378081449,2.469466785820673,1.0,9.831094452547294,3.9810595991798876,0.0,0.0,10.971694088357966,175.7073479748745,8.628219567276235,7.554021,6.789683064421207,0.7869158882061901,8.899999999999999,4.444979000000001,1.1706371802641518,1.0698249517259688,745.1250124118757,750.0,59.126775107741075,0.07935148347302845,0.0,0.0,-12.046150386620727,143.10973913708256,11.890668916989377,8.433179,14.104119952578753,1.1861502537024473,10.4817615,5.097793000000001,3.920277962774456,19.484831372045146,10071.0,10.673641881113022,218,baseline,0
1375.7297513232797,750.0,4443.98518441001,3.230274826967617,0.0,0.0,21.682424917132646,880.0813459947385,2.4778787576151005,1.0,9.948756903321307,4.015029739750766,0.0,0.0,10.965436948604161,175.21107769368427,8.512832356988808,7.703449,6.700769934521589,0.787137541716117,8.8353,4.704449,1.1222031712087193,0.9272588314257098,745.0967741935484,750.0,59.296605374582896,0.07958242127509177,0.0,0.0,-12.010696799388342,142.25683760683745,11.740447170478376,8.899,14.135583955667778,1.2040072878324455,11.504389999999999,5.899999999999999,4.01626107854697,20.317953255295183,10013.0,10.69560758891368,219,baseline,0
1399.6870425729305,750.0,4549.383604590796,3.2502862898752243,0.0,0.0,21.39383681955482,857.3971678112077,2.5373672817235335,1.0,10.200564229642854,4.02013705430694,0.0,0.0,10.795456804525733,169.7632734166554,8.565118703369645,7.354054,6.689416749987719,0.7810068933844434,8.899999999999999,4.355053999999999,1.1200228604701963,0.8454871972806979,744.9390784455211,750.0,60.23597293439519,0.08086026720479045,0.0,0.0,-11.818156530257594,137.66882377367023,11.900745165343778,8.999,14.39082072109224,1.20923694450662,11.100000000000001,5.602188999999999,4.042116776417506,20.307795340656995,9701.0,10.644213471938285,220,baseline,0
1434.575819893928,750.0,4697.1027641922665,3.2742101874682152,0.0,0.0,20.95210208135929,821.3654818640356,2.6246347007251867,1.0,10.546472406395766,4.018262961882572,0.0,0.0,10.540271799218665,161.68345967748166,8.62827565008329,6.999,6.5922726115124455,0.7640312941843495,8.347737166666665,4.000000000000001,1.080686329680047,0.6400047617688327,744.6860049788938,750.0,61.71276903651561,0.08287085915931064,0.0,0.0,-11.527144561231195,130.87506173552194,12.121719420824764,8.899,14.668651051974194,1.2101130658719814,11.638330999999999,4.999999999999999,4.084163270364083,20.375531444619504,9239.0,10.57523268229453,221,baseline,0
1442.2714584020223,750.0,4754.724634726117,3.2966919001462855,0.0,0.0,21.01558694605966,823.3021788450111,2.6531486976590832,1.0,10.714179425490387,4.038288330745911,0.0,0.0,10.49406401272743,159.9729932116906,9.01504107761245,7.216201666666667,6.831764029661532,0.7578184026944956,8.0,4.217201666666666,1.0982951713030396,0.6712591123724185,744.6042422244203,750.0,62.18217519511392,0.08351036922560602,0.0,0.0,-11.437497678671185,128.81635314960877,12.64121632509067,8.999,14.885814705572477,1.1775618993266224,11.3562545,5.0,3.9937642817917327,19.66496930356061,9099.0,10.538774866137407,222,baseline,0
1415.2441885263383,750.0,4709.132828998617,3.3274348463512364,0.0,0.0,21.61155245845625,862.841077263277,2.602473875026658,1.0,10.646904791465277,4.091070766793467,0.0,0.0,10.704752958254366,165.81684518740963,8.743701202572685,6.899,6.91899420053087,0.7913118301086356,9.14216275,4.1000000000000005,1.103649201678805,0.6829959884012404,744.764768607379,750.0,61.25707647070744,0.08225023397018477,0.0,0.0,-11.615466787008755,132.91906868010352,12.241427785348689,8.5929675,14.828709820676103,1.2113545969224306,10.921653749999999,5.045285499999999,4.0052574145585735,20.01007949799976,9378.0,10.5884029172713,223,baseline,0
1402.429416737109,750.0,4727.32878245854,3.3708140502765116,0.0,0.0,21.786506169104744,874.1650944566554,2.5859044801352495,1.0,10.700635935834923,4.138063110233388,0.0,0.0,10.766892541044024,167.45384386380795,8.515583706837601,6.999,6.864914651034985,0.8061590241339288,9.0,4.1,1.1481592245330385,0.7763646585038417,744.8123415046492,750.0,60.98014130008963,0.08187316173749114,0.0,0.0,-11.66977753474395,134.18370771041486,11.888795786031276,7.999,14.82800553217325,1.2472251857160668,10.899999999999999,5.1,4.125472601997798,21.03537583493817,9464.0,10.635587735935038,224,baseline,0
1408.977588953797,750.0,4756.070561348059,3.3755473462708276,0.0,0.0,21.989241593984143,887.8037050273042,2.6054168879447688,1.0,10.810613791599046,4.149283687236243,0.0,0.0,10.778018089514465,167.55547309109144,8.550388953992785,6.999,6.826512802936828,0.7983862301081688,8.899999999999999,3.9999999999999996,1.152345733567607,0.8074107100225616,744.7853425385024,750.0,61.137468337841085,0.08208736779037851,0.0,0.0,-11.638864094681162,133.4631574144583,11.980378132023366,7.999,14.91834421986316,1.2452314989947317,11.100000000000001,5.0,4.146589619654729,21.193307431171135,9415.0,10.621026260596484,225,baseline,0
1410.4585729499468,750.0,4790.053195430815,3.3960963386627596,0.0,0.0,22.153644675039857,897.0106658210481,2.6164004259850904,1.0,10.916598700701682,4.172373078784956,0.0,0.0,10.793954605125238,167.7100523587238,8.669601677097775,7.4411570000000005,6.780075136022055,0.7820515161535938,8.73236,4.339101250000001,1.17515121983577,0.9047780135188148,744.771458998935,750.0,61.218207763451275,0.08219730633305433,0.0,0.0,-11.623060262516827,133.09552986609793,12.127934895633652,8.7842705,14.949776415809845,1.2326728783143555,11.0,5.214729500000001,4.195652922099213,21.645258100229686,9390.0,10.626256453624661,226,baseline,0
1383.6987618950168,750.0,4721.709091875733,3.4123822481485866,0.0,0.0,22.82503788156862,946.6857453281295,2.558682083290699,1.0,10.793389045684414,4.2183392443203145,0.0,0.0,11.052075280434565,175.36180768373956,8.477544106260689,6.999,6.727517727342605,0.793569180297666,7.681992000000001,3.9999999999999996,1.1730132634429928,0.9659649352130395,744.9763634503223,750.0,60.015236937664675,0.08055992093454749,0.0,0.0,-11.862866219125658,138.72759493287262,11.830652251816227,8.899,14.798720907578769,1.2508795451499208,10.717189,4.999999999999999,4.271806751538569,22.68632084388952,9773.0,10.676170896591596,227,baseline,0
1397.4842968167784,750.0,4840.427083433946,3.4636718956052537,0.0,0.0,22.62019046269807,924.2665204533668,2.613009688065581,1.0,11.096492714395971,4.24663282538793,0.0,0.0,10.868538185912483,169.19583618301726,8.727859659679277,6.999,6.587777683808881,0.7547987640363779,7.999999999999999,4.000000000000001,1.1425962454289558,0.8943173396887931,744.7731289257958,750.0,61.20850214103493,0.08218409038107674,0.0,0.0,-11.624957856541993,133.13964516637748,12.135248877887788,8.999,14.915146174323603,1.2290762492313774,10.159497,5.0,4.374887793229648,23.356750368331245,9393.0,10.650230301618667,228,baseline,0
1410.5071095191577,750.0,4901.1127696525655,3.474716813957327,0.0,0.0,22.77108372499239,935.8319055282005,2.652230543796809,1.0,11.284436887359139,4.254696830089615,0.0,0.0,10.818931039572805,167.9440458614007,8.914758232786795,6.999,6.677833206839786,0.7490761984189294,8.100000000000001,4.000000000000001,1.0866574204478552,0.7284196325350538,744.6710083577553,750.0,61.79914088219615,0.08298851464418307,0.0,0.0,-11.51054863483455,130.49272987489147,12.379905555627914,8.999,15.103904727085485,1.2200339218435508,10.0,4.899999999999999,4.358388873608913,23.130907751845317,9213.0,10.613336225411315,229,baseline,0
1385.1518771331057,750.0,4826.205360676023,3.484242732042481,0.0,0.0,23.88442210069648,1012.2286356454265,2.612094709897611,1.0,11.234869368391358,4.301095716713788,0.0,0.0,11.052126938113817,174.28881825388316,8.606805053695545,6.999,6.919488068668763,0.8039554777295332,9.333399625,4.30477975,1.0742183226208741,0.6417246916215853,744.7636518771332,750.0,61.26356178876678,0.08225906518713093,0.0,0.0,-11.61420072518101,132.88965848479498,11.966436232935154,7.999,15.042158685371163,1.25702910980052,10.793023,5.000000000000001,4.31324131388095,23.29049023213966,9376.0,10.636909998309967,230,baseline,0
1373.578748027354,750.0,4792.7998459694945,3.4892792661888565,0.0,0.0,24.501495876236596,1060.2778973872767,2.5932667017359283,1.0,11.23003960306781,4.330460725674857,0.0,0.0,11.189859828433006,178.36370497479757,8.449664854291974,6.999,7.001051685559554,0.8285596892051165,10.429616500000002,5.0,1.0791319243579502,0.6124130625920401,744.8347185691741,750.0,60.84942942046911,0.0816952109017699,0.0,0.0,-11.695581107601145,134.78661744447703,11.728529817885324,7.999,15.030907991098871,1.2815679564694984,11.899999999999999,6.0,4.35846287783691,23.950751253247066,9505.0,10.616427548496189,231,baseline,0
1388.1167347794194,750.0,4832.42900960457,3.4812843102655004,0.0,0.0,24.459678467216392,1057.6749904434441,2.6165775961437703,1.0,11.314421925153628,4.324130093381701,0.0,0.0,11.198813905076275,178.61215147473686,8.36242819165905,6.721643,7.251088843416677,0.867103271589123,9.812230870370371,4.722643,1.1355816332556163,0.6711544355101173,744.855286597506,750.0,60.729029307299555,0.08153131272613953,0.0,0.0,-11.719445894542982,135.34541207512035,11.738309285863982,7.999,15.31529193587898,1.3047272450320104,12.3134445,6.0,4.250468921757912,23.007568585611754,9543.0,10.574489537925036,232,baseline,0
1388.790178100959,750.0,4871.422470447155,3.507673475274984,0.0,0.0,24.57156810384883,1064.7077602416402,2.6288333860259248,1.0,11.436393677477694,4.350368394691755,0.0,0.0,11.189592524402794,178.1058659749442,7.994895216253056,5.899,7.021886362588638,0.8782962343663542,8.702219,3.9,1.2129406387428698,0.8399238680575682,744.8260090631258,750.0,60.900338867763026,0.08176451698345778,0.0,0.0,-11.685518198371751,134.55133556447745,11.326878430603859,6.999,15.338030176362427,1.354126847068555,12.0,5.0,4.417078807255431,24.368901723203514,9489.0,10.610363750704277,233,baseline,0
1349.2897795591182,750.0,4777.458690693024,3.540721024548236,0.0,0.0,25.545825006633347,1144.1725919875857,2.5445891783567136,1.0,11.246193556959808,4.4196499979704225,0.0,0.0,11.534837663649837,189.1873520804481,7.693663598851775,4.999,6.831807908657415,0.8879785060627051,8.440925,3.3918325833333336,1.2639192892627555,0.959464424824044,745.0805611222445,750.0,59.393888497618214,0.07971472025542957,0.0,0.0,-11.990478149499307,141.77156625362022,10.796416541082165,5.999,14.960288950257283,1.3856717081386116,11.313379999999999,4.000000000000001,4.619793784511011,26.660600169735698,9980.0,10.721518434731582,234,baseline,0
1347.0054256683436,750.0,4789.822214989676,3.5559041735953736,0.0,0.0,25.6395023356377,1153.1815292005158,2.5365492749334124,1.0,11.265451539614448,4.441250816982524,0.0,0.0,11.611360247937982,191.60347948582066,7.88004682835278,5.608315666666667,6.780450592565753,0.8604581597369919,8.0,3.609315666666667,1.314122440405588,1.103070758619805,745.156752490875,750.0,58.9352836181654,0.07909112199702854,0.0,0.0,-12.086367643477265,144.08028281329416,10.954472145901153,5.999,14.871056966758285,1.3575329571970844,11.611267999999999,3.9999999999999996,4.7161138229177295,27.723536760619048,10137.0,10.73639002576562,235,baseline,0
1355.9562667726866,750.0,4854.273703452327,3.579963323600392,0.0,0.0,25.515559476323716,1140.1926411806087,2.5606798528973265,1.0,11.410965719395548,4.456225055422063,0.0,0.0,11.563831589485504,189.85693002658854,8.02835887881731,5.999,6.710658439606225,0.8358692655496736,8.0,3.0999999999999996,1.3455093910875688,1.2055750770740268,745.1201669814134,750.0,59.15595210230543,0.0793911569216473,0.0,0.0,-12.040045145940086,142.96268711627536,11.155155262299969,6.899,14.954376415390302,1.3405798542249074,10.0,3.9,4.781327859658326,28.241354151939635,10061.0,10.715834654200581,236,baseline,0
1371.464817252202,750.0,4945.261728762569,3.605824711326279,0.0,0.0,25.243449144518955,1114.975698130258,2.6021059026020046,1.0,11.619260578075158,4.4653296264599955,0.0,0.0,11.450186288210427,186.0017031306167,8.37145300297671,5.999,6.599002225069224,0.7882744157702086,7.0,2.9999999999999996,1.3278791511846206,1.20483883845933,745.0292598967297,750.0,59.70063732814618,0.08013193647779877,0.0,0.0,-11.92715106003995,140.25693240901228,11.587890215348787,6.999,15.04234678049908,1.298109189934737,10.265404,3.9999999999999996,4.848714756833284,28.72613865638824,9877.0,10.679491388047682,237,baseline,0
1382.5641287685232,750.0,4995.472075717704,3.613193754829491,0.0,0.0,25.255182485816427,1115.0749638588477,2.630965763924374,1.0,11.762851797466032,4.470925452074469,0.0,0.0,11.410609014089045,184.6100523513458,8.583240086279618,6.999,6.5476945924361285,0.7628464923057056,7.274573,3.0999999999999996,1.3055717720311737,1.2587470990148564,744.9825242718447,750.0,59.97868298858792,0.08051018786945618,0.0,0.0,-11.870301464924701,138.90405686819352,11.872259808277974,7.999,15.13217317342191,1.274582380927256,9.0,3.9999999999999996,4.884560838387903,29.017139729390188,9785.0,10.639135426674223,238,baseline,0
1395.9493644509273,750.0,5075.060186703747,3.6355618018422424,0.0,0.0,25.16484945698631,1102.9494294811032,2.671077307772453,1.0,11.969314586526998,4.481081304422753,0.0,0.0,11.319861184624608,181.42811181159803,9.032228153820677,7.899,6.570889944233327,0.7274937958087129,6.3399275,3.1000000000000005,1.2554013445638728,1.2178212067967422,744.8847676599291,750.0,60.55602486655021,0.08129582922844322,0.0,0.0,-11.753901232592685,136.15419418554393,12.43248296030423,8.324715,15.262134626269106,1.2276014915926041,9.0,3.7590324999999996,4.880948881417935,28.88217074715157,9598.0,10.615224939575391,239,baseline,0
1399.1039295683918,750.0,5143.658889660136,3.6763951418869207,0.0,0.0,25.384013190805966,1110.6757957189548,2.7071075799871163,1.0,12.214983342896241,4.512189849120948,0.0,0.0,11.226376074914642,177.8487883848231,9.412853954331146,7.999,6.4166974132087375,0.6816952057623519,6.000000000000001,3.000000000000001,1.1862319875681253,1.1307990690401368,744.728795361821,750.0,61.46563389755074,0.08253425177105998,0.0,0.0,-11.574884136222854,131.97794276698357,12.862989374060554,8.999,15.1876832146439,1.1807273389552286,8.779810000000001,3.5600710000000007,4.992595199674366,30.004859686672376,9314.0,10.589707687106948,240,baseline,0
1424.6845310596834,750.0,5291.820556788731,3.7143805813997735,0.0,0.0,24.869531036243472,1066.5445403380988,2.7621525855387,1.0,12.464859713946945,4.512733937729198,0.0,0.0,11.114372037002237,174.8768367561494,9.660004216834116,8.999,6.5236416760474,0.6753249304673078,7.000000000000001,3.2137124999999997,1.0874510733051101,0.9574661697140971,744.6435610674343,750.0,61.95690011027072,0.08320343228571872,0.0,0.0,-11.48035361467281,129.7985191179311,13.189117131657623,9.999,15.377739814970763,1.1659415608691368,8.412359,4.000000000000001,4.990703851642916,29.92852343230738,9031.0,10.556756886158034,241,baseline,0
1454.2173713235295,750.0,5436.452736504048,3.738404480449961,0.0,0.0,24.372016535826877,1024.4227400942661,2.8415670955882355,1.0,12.801360477737362,4.505035442454453,0.0,0.0,10.899730927448593,168.11211360853096,9.989742661165305,8.999,6.703882556107295,0.6710766016194141,7.713287625,3.8999999999999986,0.9890999846631611,0.7725878388893448,744.359375,750.0,63.56661544875089,0.08539774950607815,0.0,0.0,-11.180692018643033,123.00787401574809,13.703288940602024,10.899,15.737574512356817,1.148452359179797,8.56647375,4.0,4.890782362260327,28.752730666653164,8704.0,10.481429791862233,242,baseline,0
1393.7700738622825,750.0,4371.392423889784,3.1363798849376923,0.0,0.0,12.538612116366007,191.68710673444303,1.8585894686680962,1.0,5.828490917340257,3.1359754349178974,0.0,0.0,12.538706024855985,191.6894495226375,10.132223649034131,9.999,6.791624449805828,0.6702995003918265,8.0,4.0,0.919418048710994,0.6137720713590915,749.9139861806052,750.0,7.880011372195023,0.01050788692757791,0.0,0.0,-91.6024023655872,8389.000119146918,12.93292497807958,10.999,12.566449380395749,0.9716633632140462,8.363482750000001,4.1000000000000005,4.9557150915905535,35.63607863328263,8394.0,10.45520522691086,243,baseline,0
1319.6059372755567,750.0,3974.054242782867,3.0115461976381024,0.0,0.0,13.784768548053638,237.72188318744824,1.76765621259277,1.0,5.29690669900874,2.996570634761225,0.0,0.0,13.794702072099518,237.96980474741838,10.044094009131582,9.589938499999999,6.988323257611608,0.6957644214857187,9.178485583333334,4.409061500000002,0.8639053692569993,0.43987709457308455,744.1230548240364,750.0,64.87384628989132,0.08718161044644976,0.0,0.0,-10.94811160840241,117.86114779003566,12.689097037945894,10.999,12.033242771016686,0.9483135588790976,9.0,4.899999999999999,4.685963306393449,34.649693578319216,8354.0,10.434449829272312,244,baseline,0
1311.5179873602333,750.0,3909.399565048947,2.980820394936113,0.0,0.0,14.055982802125135,248.85396019529568,1.76507049100632,1.0,5.210457507309532,2.9519826736998436,0.0,0.0,14.063646924839913,249.0784554064166,10.053545378720088,9.299777,7.047479422005677,0.7009944409186014,10.0,4.760982560606061,0.8379303082246337,0.34093220615941,744.0330578512396,750.0,65.36457628408759,0.08785170980555604,0.0,0.0,-10.863164057185791,116.00833333333334,12.699794065994164,11.999,11.964224558713772,0.9420802019735105,10.562411,5.000000000000001,4.6330002604083385,34.50278380678231,8228.0,10.42387407918368,245,baseline,0
1270.1847478474785,750.0,3485.6586986757916,2.7442139457136223,0.0,0.0,13.841479222308843,240.92710076595841,1.7183271832718328,1.0,4.647116436525335,2.704442135214815,0.0,0.0,13.82998285881121,240.72237331409218,9.924208584701201,8.899,6.991621882386154,0.704501706379306,10.508485499999999,5.100000000000001,0.7813066095347543,0.17275987112055713,743.9611316113161,750.0,65.7540496487777,0.08838371637287501,0.0,0.0,-10.79663179704748,114.56725816101678,12.523233987699875,11.570914,11.608608343687399,0.9269656987236039,11.0,5.5719140000000005,4.524548793143144,34.44288989807679,8130.0,10.41481691517856,246,baseline,0
1228.930254930255,750.0,3254.4486064506173,2.6481963426275286,0.0,0.0,14.878142065980496,285.4413952110213,1.6707551707551707,1.0,4.342986911372519,2.5994155142488746,0.0,0.0,14.819794280468694,284.0155149704496,9.224146570101771,7.90657675,7.043696838323494,0.7636150168248876,10.863716750000002,5.24391995,0.8183029607178913,0.09563053541915068,744.0962000962,750.0,65.02067884326817,0.08738208693292884,0.0,0.0,-10.92256206528254,117.30236206994927,11.699002806758054,10.395018499999999,11.415247959900292,0.9757453817607559,12.0,6.236496499999999,4.326674926163255,33.181673917529835,8316.0,10.485315530732354,247,baseline,0
1217.4085095917364,750.0,3157.4869655932366,2.593613352228098,0.0,0.0,15.21167585590626,302.7140656544493,1.6642892277422527,1.0,4.220169020396605,2.535718521786995,0.0,0.0,15.07828962493401,299.19088530142847,9.321029745839411,7.542550666666667,7.03178423740299,0.7543999353227832,11.39376925,5.396216416666667,0.8166475343703925,0.013688199828058245,743.9626168224299,750.0,65.74603150436383,0.08837276231052371,0.0,0.0,-10.797993694839805,114.59666783380023,11.766091164412199,9.999,11.193069282841458,0.9512988745740891,12.744318999999999,6.0,4.264667954752414,33.041455503137335,8132.0,10.474303011274827,248,baseline,0
1206.6572393943186,750.0,3086.0519368034898,2.557521586123772,0.0,0.0,16.083357966773296,340.4521168640404,1.6589913652859467,1.0,4.1340289553448475,2.4918929910357304,0.0,0.0,15.835525151632098,333.3328195306315,9.23971738010546,7.2654285,7.104990711740132,0.7689619086226895,11.393690999999999,4.6335714999999995,0.8420928380672571,-0.008576481265623048,743.8560880991115,750.0,66.31860024906752,0.08915514883872432,0.0,0.0,-10.701555423860171,112.52328848995111,11.667046403829309,9.899,10.987074167818482,0.9417185624814479,12.999999999999998,6.5269439999999985,4.030388187254391,31.025743337639078,7991.0,10.425913509322081,249,baseline,0
1201.4927427427428,750.0,3113.1921125393087,2.5911035512645526,0.0,0.0,16.16701719507492,339.6436499140791,1.6604104104104105,1.0,4.180702393645829,2.5178729110789346,0.0,0.0,15.804081097668607,329.13394881866725,9.0404184058588,6.999,7.1040885874841235,0.785814136974036,10.899999999999999,5.0,0.8566117738307998,-0.08137589330214601,743.8568568568569,750.0,66.31448666522424,0.08914952662456317,0.0,0.0,-10.702242442086074,112.5379932891885,11.421227300300302,8.999,10.932425900335227,0.9572023752690552,12.999999999999998,6.1000000000000005,4.011205204625294,31.020026452728715,7992.0,10.455686712771897,250,baseline,0
1203.3084303441217,750.0,3113.13668839011,2.587147741913365,0.0,0.0,16.78612172040596,367.9731399455949,1.6726365613406677,1.0,4.194169167219937,2.5075197231478583,0.0,0.0,16.2589308663781,351.88818008066363,8.964288673840018,6.999,7.070963499909986,0.7887924806063846,10.370675,4.510413999999999,0.8972875960313658,-0.04851068085521293,743.7193296661123,750.0,67.04623152142057,0.0901499111923318,0.0,0.0,-10.581335344784689,109.96465767878968,11.370756058334399,8.801755,10.850555289879251,0.954250995642998,13.251775,5.802754999999999,3.954243134359965,30.452890824555126,7817.0,10.388746885010118,251,baseline,0
1221.2866613630338,750.0,3115.5344494367105,2.5510263462302745,0.0,0.0,16.978532532060164,376.8945735670074,1.7079024131530098,1.0,4.2139718642239385,2.4673376135375316,0.0,0.0,16.264159059755027,354.627126369093,8.862170547758065,6.650456,7.362328750705877,0.8307590912441178,10.510276499999998,4.651456,0.9537636199592083,0.009345233912959827,743.4903208697958,750.0,68.2467025549895,0.09179232148597297,0.0,0.0,-10.388496662799696,105.92086291300036,11.420406228851762,8.997174999999999,11.085695990655811,0.9706919148505978,14.226338750000004,6.351269500000002,3.592816197519199,26.344996021054122,7542.0,10.259702202961982,252,baseline,0
1198.8742736397253,750.0,3000.3712769971385,2.5026571534379114,0.0,0.0,18.127312006558583,429.7066132917706,1.6864764923402007,1.0,4.081313231770969,2.420023789425981,0.0,0.0,17.09750946238268,395.1770154563147,8.380963522326171,5.999,7.296545467046579,0.8706093813210385,9.654830375,3.9999999999999996,1.0612634266256311,0.1824733914201513,743.5161119915479,750.0,68.11260043777754,0.091608775303247,0.0,0.0,-10.40970715294908,106.36200301015928,10.887160559957739,7.4139985,10.863929715766796,0.9978662164424777,14.234203500000001,5.414998499999999,3.3701304395664113,23.914834264203755,7572.0,10.272324717165299,253,baseline,0
1205.051169004676,750.0,3037.77306106431,2.5208664488275536,0.0,0.0,17.994135412356272,421.7249714361629,1.7046092184368737,1.0,4.151375672095969,2.4353826244720063,0.0,0.0,16.76255111538738,380.6039453438678,8.536853243442222,5.999,7.372997735194453,0.8636669185871491,9.297692,3.9999999999999996,1.1017558576594628,0.2720450261364151,743.4407481629927,750.0,68.50369363514656,0.09214412016615445,0.0,0.0,-10.348076997154601,105.08269753904005,11.108528780093522,7.999,10.953194071984273,0.9860166263972229,14.579399999999998,5.803368,3.3703573278768086,23.97353476598325,7485.0,10.241620332310402,254,baseline,0
1171.2432432432433,750.0,2950.5174734607617,2.519132973002773,0.0,0.0,19.079741542348867,473.2433156036743,1.6620993086109366,1.0,4.054960614681479,2.4396620548926915,0.0,0.0,17.51532020936928,417.67409149357786,8.19270819278066,5.999,7.382994614114876,0.9011665545003426,9.340447999999999,3.9999999999999996,1.195115495286134,0.5009511331112848,743.8282840980515,750.0,66.46720096432844,0.08935825967538326,0.0,0.0,-10.676793334158315,111.9939159003275,10.584540261345067,6.999,10.792948327422598,1.0196898552919338,13.999999999999998,5.0,3.2875575517239746,23.08998376440566,7955.0,10.369238530067483,255,baseline,0
1141.8599112771421,750.0,2879.9370187270424,2.5221456592743534,0.0,0.0,20.254748534505644,534.3354514967717,1.6235115573196357,1.0,3.9790019828346153,2.4508615075114197,0.0,0.0,18.34469855932998,461.9023862730226,7.987728034021345,5.6359055,7.325243669620571,0.9170622282607621,8.578951,3.6369054999999997,1.293957164647172,0.7967116962424554,744.2685033854775,750.0,64.07254093793208,0.08608793821918205,0.0,0.0,-11.089571232382712,120.97859011809021,10.215806818701845,6.999,10.598726865540714,1.037483093957676,12.398288249999998,5.0,3.294825229567009,23.245065894591068,8566.0,10.50416042734223,256,baseline,0
1118.8289114532154,750.0,2799.9351481833587,2.502558809055624,0.0,0.0,21.48378960794451,599.6341689407352,1.5935145758270552,1.0,3.891918648149967,2.442348948160709,0.0,0.0,19.1628488717815,506.2229377517381,7.6454512874825085,4.999,7.134963518090079,0.9332298709131501,8.0,3.0,1.3951035707867474,1.160765052131005,744.6395894748335,750.0,61.97969343399415,0.08323448593124912,0.0,0.0,-11.476003502778708,129.69865639578921,9.740655887760672,5.999,10.312865296991223,1.0587444434773168,11.0,3.9999999999999996,3.2967741955366328,23.267355278147864,9159.0,10.616529971514552,257,baseline,0
1116.026943884587,750.0,2780.627710905391,2.491541737537967,0.0,0.0,21.81783052552289,615.71394875314,1.5939323220536756,1.0,3.8882170702856205,2.4393865514163813,0.0,0.0,19.175681330790976,507.72414432172195,7.557351394724501,4.999,7.221261429492047,0.9555280748931345,7.899999999999999,3.0,1.4806294034723906,1.4180156783168414,744.7919804815954,750.0,61.09882670709828,0.08203475374102541,0.0,0.0,-11.646442318351761,133.63961867469484,9.648800561578446,5.999,10.367887200534698,1.07452601329741,10.95,3.9999999999999996,3.2040518856198856,21.910587403635425,9427.0,10.648351641149361,258,baseline,0
1124.4136210823121,750.0,2858.6935588678525,2.5423860982012982,0.0,0.0,21.637192622142738,605.109342387739,1.6146838737664029,1.0,4.018015657191909,2.4884224847180194,0.0,0.0,18.776006135782495,488.89006851048424,7.813286689956346,4.999,7.127115025856598,0.9121788702593246,7.0,2.9999999999999996,1.5391363402638016,1.625225846035561,744.6756317102266,750.0,61.77252631656901,0.08295225959617054,0.0,0.0,-11.51565762058933,130.61037043463725,9.95215588135777,5.999,10.346147548730745,1.0395885747841827,10.647001,3.9999999999999996,3.3477085190200917,23.35778978415353,9221.0,10.615390579711134,259,baseline,0
1132.0013357079251,750.0,2918.953915195734,2.578578154565775,0.0,0.0,21.320791541965114,587.2858807584009,1.635240427426536,1.0,4.127957841296739,2.524373646872909,0.0,0.0,18.228307582145238,463.11913587699644,8.136116827327498,5.999,6.965217617516035,0.8560862344209881,7.0,2.9999999999999996,1.5544170397240744,1.7882284217406346,744.5351736420303,750.0,62.57587636886423,0.08404690414122795,0.0,0.0,-11.36333022477439,127.12527379727115,10.268678694011577,6.318159,10.200364450185765,0.9933473189821733,9.40500775,3.3191589999999995,3.5914353409579833,26.268467856829265,8984.0,10.568416503792593,260,baseline,0
1138.8127897301795,750.0,2852.1987177462497,2.5045369559135575,0.0,0.0,21.334794567144353,600.5253027401908,1.6607631047188873,1.0,4.092590242006352,2.4642829735184257,0.0,0.0,17.607955135696805,447.217545654194,8.354053786121451,6.685159,6.796314129975199,0.8135348782726157,6.0,3.0000879999999994,1.5022704471083521,1.7808579722445073,744.1642695827885,750.0,64.64782758704509,0.08687306046457931,0.0,0.0,-10.987662937461504,118.72873682726534,10.517850424581004,6.999,9.899646672670112,0.9412233748384458,9.727841,3.30455,3.534935063448503,25.789602142599502,8413.0,10.4872884490242,261,baseline,0
1130.1048803378696,750.0,2855.7691612548306,2.526994804589319,0.0,0.0,21.60611571167406,615.6311875777998,1.655091506335054,1.0,4.128166759763112,2.494222672258348,0.0,0.0,17.529524434191874,445.5100183250803,8.195144921128366,6.999,6.4634709662024985,0.7886951394280606,6.1000000000000005,3.072828833333333,1.4448610367125707,1.8632254004716584,744.2402627874237,750.0,64.22893191329061,0.08630133993655786,0.0,0.0,-11.061689871069314,120.36098280371748,10.242164980525576,7.999,9.53014344883357,0.9304813451993947,8.0,3.8636299999999997,3.7708647039756764,29.35702986108261,8524.0,10.568020589052912,262,baseline,0
1133.607548071181,750.0,2911.091442919054,2.5679887610771814,0.0,0.0,21.451961038844395,600.2096529675512,1.6703690433536367,1.0,4.2376018717842845,2.5369255307056924,0.0,0.0,17.13019167713529,422.74289107535094,8.293414212535003,6.999,6.573595681085869,0.7926284052170298,7.05627,3.5284696666666666,1.3874382240761987,1.705511200988572,744.1363907798877,750.0,64.80080203079952,0.08708188825826059,0.0,0.0,-10.96086405261135,118.14054077982786,10.340269958198972,7.999,9.522441290289994,0.9209083833192857,8.512443000000001,4.000000000000001,3.6409474112026543,28.13526377890676,8373.0,10.51974365922104,263,baseline,0
1124.3788503516857,750.0,2714.6716337571693,2.414374508118921,0.0,0.0,22.51475657239581,693.4476664220244,1.6685665777346592,1.0,4.045628555855209,2.424613203836184,0.0,0.0,17.034803480840793,446.01219554758853,8.652385921187973,7.7917889166666665,6.576237750876727,0.7600490559225783,6.813352,3.7927889166666664,1.3572846090691058,1.6863832870211644,744.0460829493088,750.0,65.29378976864926,0.08775503462074898,0.0,0.0,-10.87534003485838,116.27302087379343,10.722817683967984,8.999,9.322255283707193,0.8693848537260114,8.74021225,4.359235,3.415415798441789,25.476579910855012,8246.0,10.479630685600824,264,baseline,0
1138.700544015826,750.0,2781.8381174879146,2.4429935790469353,0.0,0.0,22.29142654932249,683.4603577584011,1.6991839762611276,1.0,4.17488479283116,2.4569939754361076,0.0,0.0,16.615123528456287,427.9461398469785,8.506334773974775,7.7445889999999995,6.608898555073917,0.7769384500706362,7.232948222222222,3.7455889999999994,1.2907901642386348,1.4965477593854688,743.9297725024728,750.0,65.92311120800431,0.08861469676935828,0.0,0.0,-10.767992165375155,113.94965527358077,10.612913705365974,8.8125,9.439179248233504,0.8894050691716243,9.798658249999999,4.8134999999999994,3.444261912008105,25.98914124072222,8088.0,10.46456885247658,265,baseline,0
1142.4372348390316,750.0,2828.412159258533,2.4757702856709267,0.0,0.0,22.361513276118124,687.5555554421742,1.7141252807586724,1.0,4.2774103390558755,2.4953895652030127,0.0,0.0,16.394520041940247,418.121907022249,8.6409033826909,7.80212925,6.65132285455211,0.7697485505827742,8.263398375000001,4.19687075,1.1886414675279304,1.2517597188151095,743.8737209882705,750.0,66.22418102127894,0.08902610638442378,0.0,0.0,-10.717345704109007,112.86149894138379,10.77872495183429,8.999,9.416393682527183,0.8736092371412381,10.29171575,5.0,3.323752786135589,25.009154507890802,8014.0,10.447992077610515,266,baseline,0
1147.5454663044884,750.0,2534.241741394195,2.2084020335641865,0.0,0.0,17.10048732362907,342.6873878119728,1.7365153279006598,1.0,4.00481991526911,2.3062393121002223,0.0,0.0,11.855874612746923,180.710426401291,8.730336623859602,7.37203075,6.650231078384696,0.7617382198310573,8.69463,4.37303075,1.1208802654316263,1.0333644462527571,743.6494632001035,750.0,67.41482219718782,0.09065403195086773,0.0,0.0,-10.52140913945472,108.70005027980136,10.961302386107878,9.5784,9.443793525642581,0.8615576135926553,10.03185,5.144375,3.257685652285545,24.284777712363883,7731.0,10.374018896349844,267,baseline,0
1170.621595465229,750.0,2640.3872459730583,2.2555429151498907,0.0,0.0,16.59697635669624,321.3567190267567,1.7906815982303332,1.0,4.214802969648776,2.3537422698787522,0.0,0.0,11.317878935609592,163.72047092817724,8.875370690662225,7.607332,6.566041743933919,0.7398047893190591,9.375207583333335,4.608332000000001,1.020461629419097,0.6734462776356165,743.2122217613714,750.0,69.67569127660653,0.0937493884471908,0.0,0.0,-10.167454825964462,101.37713763802803,11.243300184294208,9.493098,9.509675915833702,0.8458082377910526,10.352217,5.019171,3.4079658898406904,26.09358867098581,7233.0,10.27525122761833,268,baseline,0
1177.3926330150068,750.0,2668.1187332834306,2.2661248749714433,0.0,0.0,16.573872733075138,320.78489418049867,1.8057298772169168,1.0,4.291038273012484,2.376345613567657,0.0,0.0,11.194172406102751,159.74122583245997,8.667907679824168,7.6444399999999995,6.761102222196599,0.7800154860825365,9.653721749999999,4.645439999999999,0.9626975982727629,0.44366314683824415,743.3020463847204,750.0,69.21748281756196,0.0931216093837258,0.0,0.0,-10.237357152052525,102.80348145868106,11.057244475443383,8.999,9.749558223605195,0.8817348884034916,11.0,5.353470499999999,3.256707824474722,24.516829410896698,7330.0,10.256817420773617,269,baseline,0
1189.84059365123,750.0,2714.6235502414906,2.2815018790972688,0.0,0.0,16.419176875966805,315.23901918686414,1.833173010856122,1.0,4.401729144711474,2.401153147381214,0.0,0.0,10.971458170966782,153.06521196317922,8.740780678694144,6.999,6.9704376320120796,0.7974616785663875,10.0,4.759465,1.0117444691840847,0.4730922997697409,743.2532637075718,750.0,69.46671974790223,0.09346305376633161,0.0,0.0,-10.199222447617299,102.02413853598043,11.2025827039989,8.999,9.962136480827857,0.8892714067865574,12.0,5.899999999999999,3.161647456091722,23.308937748846024,7277.0,10.197704124457818,270,baseline,0
1243.2651766837814,750.0,2886.4905673292683,2.321701453127271,0.0,0.0,15.605547946415628,284.7957753536494,1.938840229537904,1.0,4.713030804234957,2.4308505324124843,0.0,0.0,10.323206207039824,135.08182925300883,8.978825053232395,6.999,7.130682229753741,0.7941665181667261,10.214270749999999,4.20611625,1.0111236038317148,0.3739113457496259,742.5859257022048,750.0,72.7873144532406,0.0980187099350306,0.0,0.0,-9.71559201924815,92.39272828447828,11.717801867411657,9.899,10.28824813647494,0.8780015443926864,12.692082249999999,6.313929999999999,3.166446976027969,22.901927085342127,6622.0,9.895683451230727,271,baseline,0
1243.8054943440575,750.0,2890.5210964413163,2.3239333718859982,0.0,0.0,15.700841389990977,289.0509959631476,1.9416776847363009,1.0,4.755114402192696,2.448972061415274,0.0,0.0,10.302778252988682,134.26060498948678,8.424246815521537,6.911494,7.119234866564721,0.8450885904064026,9.488895499999998,4.7734689999999995,1.0278327471672903,0.29022136787823394,742.7874247098575,750.0,71.80151890570916,0.09666496297208554,0.0,0.0,-9.854594445960306,95.11303169435165,11.154983379462319,7.999,10.455029684032313,0.9372519284323896,13.005567499999998,6.0,3.1306299752034783,22.375363400080353,6807.0,9.918736814513089,272,baseline,0
1232.990198823859,750.0,2859.8503151184213,2.319442861627297,0.0,0.0,15.980850229331908,300.3636308082503,1.9232707924950994,1.0,4.742958234428999,2.4660896702309194,0.0,0.0,10.399607561763933,136.51383747194637,8.248275007109767,6.134855166666667,7.133257950777977,0.8648181522353852,9.683389625,4.135855166666667,1.1064567111381642,0.4708024444792036,743.1257350882106,750.0,70.11393405190225,0.09435002818679072,0.0,0.0,-10.101436750819516,100.03902443080715,10.895617523522823,7.999,10.442652080112083,0.9584268223042135,13.56187,6.0,3.1565374858173816,22.63666894718195,7142.0,9.987089005066291,273,baseline,0
1195.704955527319,750.0,2759.408891429921,2.3077673791299054,0.0,0.0,16.637024409521523,326.79829814496077,1.8561626429479035,1.0,4.615938027852846,2.4868176532860007,0.0,0.0,10.747335356217418,145.46762545064644,7.63437331524658,5.64086875,7.032337223691123,0.9211413868964027,8.480552999999999,3.74186875,1.2560552833972245,0.8520692279707829,743.7616264294791,750.0,66.82206531611219,0.0898433892548341,0.0,0.0,-10.618098221035938,110.74400983156656,10.108818080559084,6.899,10.388822409917278,1.027699017543573,12.927541,5.0,3.2019687146828386,22.835499907609474,7870.0,10.20825832817371,274,baseline,0
1197.9792483866886,750.0,2758.1081887853425,2.3023004718150752,0.0,0.0,16.82224120026993,336.04802396381297,1.8665063899784893,1.0,4.668488220520994,2.5011905909278975,0.0,0.0,10.700382868457028,144.40968459454712,7.641236163764352,5.217265666666667,7.0823039162628305,0.926853164131735,8.0,3.218265666666667,1.336620823992709,1.0179082921787428,743.7876755662406,750.0,66.68362067482505,0.08965410810828406,0.0,0.0,-10.640924172258782,111.2292672397613,10.140797832595215,6.999,10.42413090130629,1.0279399188691414,12.900110000000002,5.0,3.146411000334502,21.89851502671744,7903.0,10.198622553961867,275,baseline,0
1214.7830920372285,750.0,2819.605102001748,2.321077005832526,0.0,0.0,16.53760183332646,326.3411466316119,1.9033092037228543,1.0,4.809661447272737,2.526999521604312,0.0,0.0,10.443506194137905,137.3661225098296,7.768341621311822,4.999,6.865933263487418,0.8838351347282772,8.0,3.0,1.3475232980962122,1.0511074377963823,743.6535677352637,750.0,67.39322586617085,0.09062449074427414,0.0,0.0,-10.524902560371071,108.77357390530551,10.355851832083763,6.999,10.308863558649241,0.9954626356000048,12.688752249999999,4.271806,3.2279158049559706,22.71667246846874,7736.0,10.1500921299034,276,baseline,0
1224.7623058699658,750.0,2780.677506413295,2.27038135733459,0.0,0.0,16.457489763674385,329.5143295915514,1.9305080284285339,1.0,4.8468151707238665,2.5106423280038137,0.0,0.0,10.153887042503769,130.5716928236842,8.049977931176311,5.75090725,6.964439211510394,0.8651500999199271,7.834958875,3.2480927500000005,1.3800210371921162,1.1477200977354087,743.5382995525138,750.0,67.9970157463692,0.09145058941454944,0.0,0.0,-10.428054692133895,106.74432466213571,10.769777707423005,6.743361,10.406892396003668,0.9663052180576374,12.369608000000001,3.9345594999999998,3.116118709692184,21.26014912127402,7598.0,10.094466458421676,277,baseline,0
1240.6205327265427,750.0,2839.8596401867744,2.289063871888001,0.0,0.0,16.263038949440457,323.06896987419293,1.9656003212421362,1.0,4.985458163934856,2.53635396273458,0.0,0.0,9.973521099442715,125.73193955893859,8.324475423388588,5.899,7.076108184867953,0.8500365278257412,7.50582725,3.334651,1.3524613342860896,1.0769139501932754,743.428456699237,750.0,68.56725954708301,0.09223114736758418,0.0,0.0,-10.338125193872218,104.87683252417538,11.151229042430733,6.999,10.558404481364104,0.9468377379021706,12.653922,4.240236,3.090676405232048,20.945614018438672,7471.0,10.006893436083969,278,baseline,0
1253.1226519337017,750.0,2799.0734699055115,2.2336787748479714,0.0,0.0,16.13745309227094,325.50657965357306,2.001381215469613,1.0,5.0424987528361696,2.5195093837497495,0.0,0.0,9.648605661591054,118.20220281774617,8.730271824943394,6.3605835,6.895141679171509,0.7897969063771065,7.0,3.3615834999999996,1.323766420767117,1.0688409990940402,743.2187845303868,750.0,69.64231964700379,0.09370365913316933,0.0,0.0,-10.172515399424269,101.48006955152394,11.656174695441988,7.999,10.320191545786294,0.8853840831522442,11.410658250000001,4.301118,3.085882002636011,20.98843205662584,7240.0,9.946194286634267,279,baseline,0
1271.6553094832482,750.0,2877.408871173791,2.2627270532476755,0.0,0.0,15.817803974457698,314.32644294761053,2.044718909710392,1.0,5.216724316891226,2.551316120820787,0.0,0.0,9.424734665013881,112.54134583766835,9.07393865226567,6.999,7.067243096750887,0.7788506587474302,7.788376124999999,3.1871242499999997,1.2781116239766774,0.9743968177518978,743.0300965360591,750.0,70.59526008641589,0.09500996045183739,0.0,0.0,-10.029854585214068,98.59798300053964,12.171613832481544,8.641516500000002,10.545821333407552,0.8664275320060392,11.650691249999998,4.642516500000001,3.011742405118929,20.146976437265874,7044.0,9.881835343205674,280,baseline,0
1279.093139352446,750.0,2915.173514349987,2.279094011735395,0.0,0.0,15.708793039081794,312.5338801132303,2.0657538154328914,1.0,5.326759527589693,2.5786032623027917,0.0,0.0,9.317858432907673,109.97514225031456,9.090582438429728,7.612379,6.948973065595462,0.7644145039837295,7.341574625,3.6120565000000004,1.2182129290421422,0.9465555925027687,742.9972899728997,750.0,70.75958374554463,0.0952353187561768,0.0,0.0,-10.005635172922817,98.11273521363032,12.203796007987448,8.776854,10.472672354723365,0.8581487553437428,11.099999999999998,4.777854,3.021131221168608,20.314550726090246,7011.0,9.896511205717132,281,baseline,0
1268.6379504504505,750.0,2798.2544039115196,2.2057155100223462,0.0,0.0,16.230302640814184,345.58297407454916,2.0564470720720722,1.0,5.268339438548564,2.561864834790129,0.0,0.0,9.342328626602892,112.06314435021976,9.04009093694329,7.999,6.944864537121801,0.7682294996326725,7.380756000000001,3.7296055000000004,1.1433593715448525,0.8417272565104446,743.0889639639639,750.0,70.29939970530779,0.09460428443224324,0.0,0.0,-10.073740755917985,99.48025281744304,12.059300779842342,8.999,10.320241773995358,0.8557910580724631,11.099999999999998,4.759456999999999,2.892700846239057,19.14389655531159,7104.0,9.911356415723874,282,baseline,0
1269.492054641762,750.0,2845.345150899206,2.241325686518089,0.0,0.0,16.28510669630037,348.6369298687307,2.0632840814050737,1.0,5.36996558566998,2.6026302602078393,0.0,0.0,9.366010401681761,112.55574904397763,9.114884356285716,7.999,6.94004490810108,0.7613969236280168,8.338531,4.079768249999999,1.1066757333251138,0.785352340814577,743.1563981042653,750.0,69.95888565302535,0.09413750030476098,0.0,0.0,-10.124700952521533,100.50956937799045,12.169078381377197,9.899,10.37706889685533,0.8527407394084793,11.457808,5.670186,2.900082776662432,19.31187106317128,7174.0,9.96598209086322,283,baseline,0
1273.4259693666345,750.0,2847.939683528176,2.2364391429402524,0.0,0.0,16.475649296790618,360.34273778874353,2.07396163929902,1.0,5.428618497755026,2.617511527161056,0.0,0.0,9.393935419312404,113.4411548957248,9.037347730303983,7.999,6.9610150446355465,0.7702497737576159,9.0,4.649386000000001,1.0423892114075337,0.693518505712921,743.2253346212226,750.0,69.60899591635334,0.09365799667180193,0.0,0.0,-10.177573457513526,101.58300148308383,12.112965672692146,9.999,10.423747793579969,0.8605446490350085,11.7385225,5.766537,2.784897634405346,18.16651697926404,7247.0,9.973905369904122,284,baseline,0
1282.6668524453114,750.0,2916.5326550925656,2.2738037156978117,0.0,0.0,16.479260497543592,360.2891063353385,2.099205796293716,1.0,5.5758961622440095,2.6561932003468245,0.0,0.0,9.35831033444572,112.44232042717542,9.204208903562968,8.441544,7.020162701380098,0.7627122303430748,9.3424415,4.8050049999999995,0.9867599912004267,0.5277014984512949,743.1592587432075,750.0,69.94440253845781,0.09411764936730273,0.0,0.0,-10.126879232358265,100.5536829867691,12.360726717988017,10.999,10.478953656383615,0.8477619395252917,12.68116,6.59033,2.6859205891091174,17.096699240108034,7177.0,9.954753183412105,285,baseline,0
1286.523542600897,750.0,2964.4453158788206,2.3042293574245503,0.0,0.0,16.364062711146293,357.70199550462155,2.1158912556053813,1.0,5.699490058757774,2.693659252883997,0.0,0.0,9.276524454311275,110.42525094114076,9.496571183543725,8.668852000000001,7.034652583713929,0.740757105670311,9.286474250000001,4.669852000000001,0.9725578432345621,0.4585321720753277,743.1199551569507,750.0,70.1431205439225,0.0943900376475665,0.0,0.0,-10.097068747752855,99.9507972968475,12.663637367853138,10.999,10.346577936197075,0.8170304972931428,12.248093250000002,6.3507560000000005,2.5657984154114093,15.630173995194799,7136.0,9.972449387080012,286,baseline,0
1311.920926864591,750.0,3045.2095893603027,2.321183790122293,0.0,0.0,16.202156387452842,352.1751279646475,2.1727733526430124,1.0,5.8931947079116584,2.7122915055742185,0.0,0.0,9.120620493669463,106.73725440680805,9.46554663843159,7.999,7.158333188986127,0.7562514308388891,9.792456333333334,5.0,0.9132195059295185,0.24191008017341087,742.8897900072411,750.0,71.29527704294847,0.09597019369757867,0.0,0.0,-9.92743992828745,96.55406352975592,12.727869923099204,11.766214,10.514673498147339,0.8261141543460276,13.092407999999999,6.767214,2.447444814904128,14.303078645614654,6905.0,9.869154882556119,287,baseline,0
1324.564049586777,750.0,3107.2046607914403,2.34583194505452,510.0,0.0,16.05369867853904,348.1759798350726,2.207497048406139,1.0,6.051923342519625,2.7415317936163244,1.0,0.0,9.001041769133067,103.962381116282,9.629887394321644,7.841335333333333,7.311898850538294,0.759292248302906,10.2182695,5.157664666666667,0.8542177697241435,0.0711329168984487,742.7544273907911,750.0,71.96391527295857,0.09688789809810941,0.0,0.0,-9.831439160835073,94.65719597320144,12.927005118506491,11.999,10.62692155873547,0.8220714280929472,12.741862999999999,6.809123999999999,2.417367238294394,14.23185704093654,6776.0,9.774916746334728,288,baseline,0
1384.9352448453608,750.0,3299.3048956978564,2.3822809824341284,750.0,0.0,15.423135438862667,321.1930978311877,2.339078608247423,1.0,6.441064591242896,2.7536759852927415,1.0,0.0,8.609154137152789,94.95155863493412,10.100826505940075,8.3125605,7.46089065596763,0.7386416004254743,11.556713333333335,5.59780905,0.7214760400462658,-0.23612500368387979,742.0914948453608,750.0,75.14916012749927,0.10126670450947436,0.0,0.0,-9.397084258727583,86.30519256562567,13.76819038659794,12.999,10.829546510721114,0.7865628093916159,13.0755425,7.000000000000001,2.2821148262352566,12.999201928689875,6208.0,9.518112197119715,289,baseline,0
1390.5746569814366,750.0,3349.461582217956,2.4086887858928305,750.0,0.0,15.362765138038917,320.6672578903465,2.358353510895884,1.0,6.567590531723393,2.78482021519688,1.0,0.0,8.565757780754588,94.00910235680499,9.662487955757722,8.1667155,7.514169178151477,0.7776640149573385,12.0,5.5895165,0.7206661611568862,-0.38309029669048567,742.0748991121873,750.0,75.22709363599525,0.10137399031552793,0.0,0.0,-9.386907882434667,86.11403959331409,13.376800286037124,12.546638,11.116712519618638,0.8310442169957792,14.999999999999998,7.0993590000000015,2.248325779876327,12.492347334975477,6195.0,9.550046968856574,290,baseline,0
1416.5356729018374,750.0,3452.333900296961,2.4371669322133616,750.0,0.0,15.170508335352311,315.4243287574499,2.416818407548419,1.0,6.781481196047645,2.80595396611807,1.0,0.0,8.446491524515688,91.84091487596281,9.625916460185808,7.880897999999999,7.528056826588573,0.7820613089388124,11.685664,5.401183999999999,0.7583088976581868,-0.4293291467621323,741.8728687303427,750.0,76.1691441071669,0.10267142433382748,0.0,0.0,-9.2655069941147,83.84961985798847,13.467919659327926,11.87984,11.295821938099577,0.8387206208403577,15.612993999999999,7.836919,2.285933639364185,12.54545136335549,6041.0,9.477781982637977,291,baseline,0
1402.1626359357247,750.0,3454.6423334186898,2.4637957430047015,750.0,0.0,15.359482753881409,324.9683412670672,2.398149651030677,1.0,6.828199200261978,2.847278191053404,1.0,0.0,8.518410302560302,93.36892806694453,9.58566956483724,7.431615,7.689154855078636,0.8021510446473641,11.799446,4.6634018,0.8144169371310344,-0.39798946024296944,742.031163772115,750.0,75.43207146636088,0.10165620414498765,0.0,0.0,-9.360240462958789,85.6141015244109,13.36568864892063,10.801648,11.413092096523714,0.8539097682367005,15.916910999999999,7.802648,2.183362902594486,11.269267919459606,6161.0,9.532228610463696,292,baseline,0
1377.1886209029067,750.0,3359.629903442936,2.4394842162145585,750.0,0.0,15.935747792707417,356.2374954331883,2.350030921459493,1.0,6.734329596437441,2.865634462484037,1.0,0.0,8.736449397358834,98.78035015550708,9.107513194379404,6.315502,7.798317209015811,0.8562509921839533,10.759003499999999,4.416502,0.9141363968018876,-0.24655214841904938,742.4094001236858,750.0,73.63963541610268,0.09919006333141023,0.0,0.0,-9.59834736081288,90.12827205882357,12.759412155534942,9.899,11.575773466762804,0.9072340736121857,16.3888065,7.865426500000002,2.0811844549379614,9.893611339092264,6468.0,9.65566847914285,293,baseline,0
1367.312547070342,750.0,3367.2883516218267,2.46270566216679,678.0,0.0,16.06941835956312,363.8948624296762,2.3336345835216146,1.0,6.7708162219719545,2.901403788657575,1.0,0.0,8.820423165212686,100.61319821667233,8.904300424813904,6.2755745,7.771362091674321,0.8727650372192759,10.055049499999999,4.276574500000001,1.000672229811152,-0.0956269468719455,742.604910378069,750.0,72.69502979239917,0.09789193254241918,0.0,0.0,-9.728448049003788,92.64270144216559,12.47765878144299,9.613995,11.588131544157324,0.928710405303871,17.5493925,7.614994999999999,2.0732746744477746,9.29403437344684,6639.0,9.733625950283917,294,baseline,0
1352.1383376473973,750.0,3346.405881234574,2.4748990455052313,0.0,0.0,16.42197315855458,383.83751498594677,2.299827437446074,1.0,6.743075142718331,2.9319917803078392,0.0,0.0,9.018946224891376,105.71850817562178,8.84901822166569,5.999,7.77145813838001,0.8782282897047933,9.736308625,3.9999999999999996,1.09053047253452,0.12317566906364208,742.9398907103825,750.0,71.0461382759294,0.0956283801210306,0.0,0.0,-9.96366303079694,97.27458099126969,12.271664432413,8.2779205,11.578476325915648,0.9435131142710811,16.778897750000002,5.941582500000001,2.155874807951654,9.648285037940935,6954.0,9.812065562550789,295,baseline,0
1385.5426508199187,750.0,3460.4767761433604,2.497560630194649,734.0,0.0,16.034946466695484,368.48599861386225,2.3773130735670227,1.0,7.003209077773973,2.94585057207718,1.0,0.0,8.78812905448764,100.41927892319109,9.19324194802101,6.764126,7.738635701433472,0.8417743974528306,9.740246249999998,3.886963,1.0783254942701035,0.09489715381912278,742.613810741688,750.0,72.6517229853613,0.09783244256230592,0.0,0.0,-9.734492072897927,92.76033591731262,12.836767359861593,8.999,11.674861863531122,0.9094861296650468,16.542356,6.0,2.189785736730398,9.87008117566889,6647.0,9.709095074413886,296,baseline,0
1399.3897583953806,750.0,3554.5485701632,2.5400704477350518,750.0,0.0,16.01473005446773,371.3895135171322,2.411183710682267,1.0,7.181830313740042,2.97854961524598,1.0,0.0,8.765958748650522,100.89220392946226,9.40023577697171,6.504014,7.701280431902498,0.8192646029973802,9.3270605,3.564726333333333,1.0846520303507194,0.1266129948004,742.539735602492,750.0,73.01133713417414,0.09832650514646628,0.0,0.0,-9.684516117073331,91.78985242185308,13.108071837410728,9.391354,11.728201666835604,0.8947312627142503,15.427851,6.06793,2.2593556653885543,10.280694583946648,6581.0,9.682408120856238,297,baseline,0
1412.1412628038527,750.0,3617.089848263831,2.5614221066538208,750.0,0.0,16.00612956959178,371.786504267528,2.4416755847729705,1.0,7.325725825127693,3.0002863078179347,1.0,0.0,8.740628813646513,100.33048971564192,9.897264445497257,6.999,7.79864448942052,0.7879595955394018,9.260185,3.6335195,1.0763333303143836,0.1465589392385791,742.4941140498395,750.0,73.23190105493019,0.09862960482675899,0.0,0.0,-9.654101804203838,91.20168164593188,13.739332485094025,9.720079,11.82749633590449,0.8608494152635355,15.487352999999999,5.721079,2.255576004481998,10.206857257811025,6541.0,9.653530320052935,298,baseline,0
1418.2197097020626,750.0,3657.278164705927,2.578781087081523,750.0,0.0,16.08005056505821,376.4470621798096,2.4595874713521773,1.0,7.43718858229254,3.0237544583864255,1.0,0.0,8.747702304184509,100.50918273197635,9.75177723304555,6.999,7.741097616174535,0.7938140331941252,8.796410999999999,3.9999999999999996,1.063983082966976,0.22649004107825865,742.4987012987013,750.0,73.20975467881009,0.09859916865949962,0.0,0.0,-9.657147544055858,91.26049868766408,13.575448969289532,9.763059,11.866349031713318,0.8741036159140997,14.31654,5.764059,2.2546081473888084,9.920681115253037,6545.0,9.638036453509386,299,baseline,0
