CB_mean,CB_median,CB_std,CB_CV,CB_IQR,CB_MAD,CB_skew,CB_kurt,CP_mean,CP_median,CP_std,CP_CV,CP_IQR,CP_MAD,CP_skew,CP_kurt,APIT_mean,APIT_median,APIT_std,APIT_CV,APIT_IQR,APIT_MAD,APIT_skew,APIT_kurt,APS_mean,APS_median,APS_std,APS_CV,APS_IQR,APS_MAD,APS_skew,APS_kurt,Time_mean,Time_median,Time_std,Time_CV,Time_IQR,Time_MAD,Time_skew,Time_kurt,TNFE,PSE,t,source,label
1217.0536912751677,750.0,1129.9235246749627,0.9284089377281997,750.0,722.0,1.196100677064965,1.0623553411903917,1.8456375838926173,1.0,1.317027526758062,0.71358945995255,1.0,0.0,1.6517538959968476,2.1977082814279623,0.5744093381991051,0.559962,0.3076097231945603,0.5355235417289383,0.577114125,0.2859610833333333,0.08189547857190341,-1.4302925704089138,585.248322147651,750.0,302.99768324895126,0.517724992592988,0.0,0.0,-1.2953783675395827,-0.32199488491048545,0.7537837617449664,0.7724975000000001,0.1886255928963608,0.2502383342136521,0.31258675,0.17041800000000007,-0.36297464459647505,-0.6725473715399519,298.0,3.5507115414596,2,attack,0
1521.6791208791208,750.0,1369.640855429176,0.9000851997219312,1500.0,694.0,1.4860263090904486,2.2735264296661306,2.320879120879121,2.0,1.6395869543859618,0.7064508184144058,2.0,1.0,1.7699229580779114,3.3676508407229413,0.7829637881493109,0.6686,0.5290766289158806,0.6757357580565219,0.6559545,0.330975,0.5941187988683737,-0.8396886312103691,642.0967032967033,750.0,257.41611989217097,0.40089930157019177,0.0,0.0,-1.9664402012020288,1.8668870649034792,1.3291646175824177,1.570754,0.6165305439870128,0.4638481462953805,1.166165,0.32501099999999994,-0.5803714201966642,-1.3113282592098492,455.0,4.166178036674282,3,attack,0
1559.9149606299213,750.0,1363.5559991606674,0.8741220089395382,1500.0,666.0,1.7953714939798493,4.032305227209442,2.393700787401575,2.0,1.7048216953200783,0.7122116950843748,2.0,1.0,1.8190569807944799,4.415174309267018,1.0125629399387008,0.8479736666666667,0.7681169349808612,0.7585868538970644,0.9486779999999999,0.4703844666666668,1.0566399299779852,0.1256617205535,672.6834645669292,750.0,223.25924825481218,0.33189346849568474,0.0,0.0,-2.54129194453932,4.458164747380437,1.8109958850393701,1.843502,0.9805365610390826,0.5414350022213144,1.9171845,0.9527,-0.2653201787817346,-1.4911669722205132,635.0,4.503079857896653,4,attack,0
1597.8699186991869,750.0,1445.082154392391,0.9043803487888556,1500.0,638.0,2.189471686037614,6.936188398893879,2.4905149051490514,2.0,1.8936613724236107,0.7603493432255847,3.0,1.0,1.9620184645329801,6.040764991279632,1.3803146554598444,0.99985625,1.014018982166829,0.7346288602789732,1.130155125,0.4437829285714286,1.1058350060495539,0.2601244460853085,683.4742547425474,750.0,208.82028946877094,0.3055276596298859,0.0,0.0,-2.8203605644995124,5.95443371378402,2.4877309295392953,2.485913,1.2160916581531076,0.4888356870565244,2.288915,1.1167715,-0.295887942844925,-1.2518067512958144,738.0,4.654874687914619,5,attack,0
1708.2741738066095,750.0,1659.9157440478427,0.9716916461653179,1500.0,610.0,2.6232556174922403,9.928462326906024,2.6842105263157894,2.0,2.247404681828327,0.8372684108772199,3.0,1.0,2.2190129070290165,7.641850745936354,1.7606947301003357,1.2913810000000001,1.2718509999945267,0.7223574752916131,1.537864,0.6364670000000001,1.0465845614904472,0.13264165702217845,689.9069767441861,750.0,199.4391921029412,0.2890812802678646,0.0,0.0,-3.0175310436363154,7.105493599308879,3.2054201750305995,3.364038,1.4436969063495744,0.4503924064606577,2.3060080000000003,1.2076859999999998,-0.37668046926941845,-1.0668689022633369,817.0,4.815068744343725,6,attack,0
1815.3226544622426,750.0,1854.7676530832227,1.0217289188365608,1500.0,582.0,2.9774033553023767,13.382656278361704,2.876430205949657,2.0,2.5731082589750627,0.8945491719746239,3.0,1.0,2.419715931280387,9.539782600335094,2.164039281012542,1.6756975,1.5582601334621544,0.7200701702295594,1.9313179166666665,0.8763652857142858,0.9472609536184319,-0.15885642004135114,693.8260869565217,750.0,193.3961134841521,0.27873860196362316,0.0,0.0,-3.1523496668561655,7.937308422128163,3.975555897025172,4.309029499999999,1.6450316092927768,0.41378656266000957,2.85316325,1.3561765000000006,-0.45861897538771085,-0.9229308284271482,874.0,4.80643739956541,7,attack,0
1871.6185671039354,1500.0,2004.4377053050066,1.070964853916036,1500.0,750.0,3.3890643316112814,17.833881738134842,2.9646821392532794,2.0,2.8436847152438096,0.9591870499682149,3.0,1.0,2.6825729875076676,11.989824388453371,2.3703103940972223,1.70273225,1.8618851967541235,0.7855026925548533,2.367208202380952,1.01812125,0.9498865077754959,-0.12676168658406484,700.4581231079718,750.0,182.52352601804384,0.2605773564423477,0.0,0.0,-3.412799762340574,9.647202217831875,4.445217428859738,4.5784,2.1193596839754028,0.476773007820913,3.7079545000000005,1.9229260000000004,-0.5525685746192428,-0.8613356266638723,991.0,4.97008316025498,8,attack,0
1925.3384030418251,1500.0,2132.3261712722347,1.1075072142660176,1500.0,750.0,3.6429579873330273,20.554877984050105,3.0722433460076046,2.0,3.0899858961039164,1.0057751122219432,3.0,1.0,2.7925881932968584,12.824400081982018,2.758865539007017,1.948289,2.124064461724722,0.7699050322290172,2.8482848125,1.1171342499999999,0.9590616329293635,-0.15795185305449655,703.3307984790874,750.0,177.53069911285576,0.25241422598975577,0.0,0.0,-3.5411430254016865,10.539693926351022,5.161009239543726,5.4617945,2.3549882934925375,0.4563038320971378,3.950561,2.0761890000000003,-0.5411377059272054,-0.927810158339319,1052.0,5.051854801828804,9,attack,0
1946.3469210754554,750.0,2264.7943216478247,1.1636128673280974,1500.0,498.0,3.8068924117442156,22.155708216424443,3.113616652211622,2.0,3.337624384130211,1.071944544540984,3.0,1.0,2.863744515412335,13.100545783193393,2.98565549774069,2.275285,2.442318005183442,0.8180173523139548,3.2808455000000003,1.3621065714285714,0.9262678708429783,-0.16495991050483205,707.4189071986123,750.0,170.08938690712458,0.24043658598365808,0.0,0.0,-3.744136103829703,12.018555164001073,5.6350013425845615,6.37861,2.819624555741533,0.5003769093066938,4.724963,2.1814660000000003,-0.57405380046061,-0.8896808396331255,1153.0,5.5547096547976444,10,attack,1
1301.0714285714287,750.0,1737.3640611284802,1.3353333437166468,0.0,0.0,6.0998442152920775,54.392384134760434,1.9743867243867244,1.0,2.652368421963028,1.343388500946741,0.0,0.0,4.64426644547108,31.752955743347982,1.7625627024905335,0.8,2.293593661382317,1.301283442649403,1.702757875,0.46895228571428577,1.9939506527235737,3.198381471898788,732.2886002886003,750.0,111.6867803810891,0.15251743689178354,0.0,0.0,-6.147345265343974,35.789853811346994,3.0511776305916305,0.85,3.534957922855395,1.1585552697467694,5.86704675,0.6499999999999999,0.8900213499951993,-0.8953545505886749,2772.0,9.502252716950196,11,attack,1
1129.586577181208,750.0,1526.2097237287435,1.3511223969545358,0.0,0.0,7.967558770228267,90.89294483568288,1.6695749440715884,1.0,2.3539657713918665,1.4099192011418522,0.0,0.0,6.071166475076532,52.972941053073384,1.7953410289476655,1.25,2.0780543799367415,1.1574705565297463,1.15278575,0.6,2.5824176785879134,6.669675955976556,739.0165548098435,750.0,88.37087392941122,0.11957901802639584,0.0,0.0,-7.921536570735496,60.750741641499886,2.714786270917226,1.35,3.2703449739129975,1.2046417830189147,1.3,0.6500000000000001,1.5091047816987044,0.7471676741789035,4470.0,10.526556626363952,12,attack,1
1062.4691437802908,750.0,1444.447437693572,1.3595194233633867,0.0,0.0,9.114068619790281,116.54968337041461,1.5453957996768983,1.0,2.230959419665809,1.4436168521567383,0.0,0.0,7.014163610143861,68.93442799400309,2.064897445402098,1.678165,2.0229488433808154,0.9796848980976322,1.65,0.8281649999999999,2.663589432753229,8.288697223357804,742.0684975767367,750.0,75.25713267794549,0.10141534497651035,0.0,0.0,-9.382990954163876,86.04051924592117,2.827270016639741,1.8304995000000002,3.1292707836009632,1.1068170939400246,1.85,0.9195004999999998,1.815239609845232,2.113747579081882,6190.0,10.884861171760939,13,attack,1
1017.2024399542508,750.0,1395.2397190062306,1.3716440938432886,0.0,0.0,10.20990644089788,143.32995514899318,1.466005845723726,1.0,2.1618980309362668,1.4746858187792549,0.0,0.0,7.872082089160864,84.92721455625032,2.447172061335558,2.15,2.0708269286305607,0.8462122305778512,2.2,1.0999999999999999,2.3893974935861304,7.852557582450107,743.7608336510357,750.0,66.82627407855512,0.0898491437771907,0.0,0.0,-10.617405759716906,110.72930506646964,3.1238552944465625,2.35,3.089384190733764,0.9889652047026378,2.3,1.15,1.9137728972474979,2.952694655895362,7869.0,11.142424294906712,14,attack,1
984.0999895189184,750.0,1313.900774733503,1.3351293453176534,0.0,0.0,11.190234261250938,174.95486527789504,1.4096006707892255,1.0,2.0640432807909,1.4642751834356442,0.0,0.0,8.55838106774595,100.67674091170257,2.861672091016551,2.6,2.1807438888606816,0.7620523314696117,2.6500000000000004,1.3112054000000002,1.9826247110610395,6.4672729743406485,744.8542081542815,750.0,60.7353483474762,0.08153991436522312,0.0,0.0,-11.71819106456376,135.31600182562198,3.493307712923174,2.85,3.1236313559591826,0.8941758392493145,2.8,1.4,1.8679999148707371,3.2800104250588813,9541.0,11.282041236504611,15,attack,1
964.2139037433155,750.0,1273.1088721057965,1.3203593799708495,0.0,0.0,12.080536145760746,203.4395475658491,1.374420677361854,1.0,2.016687483895506,1.4673000174636908,0.0,0.0,9.207517076350959,115.42370516487294,3.2919625674032673,3.1,2.3277141820430507,0.7070901124732942,3.147297750000001,1.5786881666666668,1.5634587185778688,4.836975041924269,745.6242424242424,750.0,56.037038780927475,0.07515452904097468,0.0,0.0,-12.728161593921396,160.00609756097555,3.898765826470588,3.35,3.212125605896881,0.8238826718158403,3.3,1.6500000000000001,1.7348638775709195,3.214350299354777,11220.0,11.374832144088929,16,attack,1
954.0926155755508,750.0,1271.8709893844116,1.3330686860176177,0.0,0.0,12.778441158884627,225.85164666510602,1.3545609680421966,1.0,2.016729246063986,1.4888434656277219,0.0,0.0,9.77363631753662,128.7710481792338,3.7396580548359855,3.55,2.5220903256690086,0.6744173634826147,3.6500000000000004,1.7999999999999998,1.2102355739184396,3.3010754479770528,746.1917468197331,750.0,52.2977628954398,0.07008622531451561,0.0,0.0,-13.659924518525788,184.59353785182194,4.331168996897301,3.85,3.339455675308982,0.7710287171203092,3.8,1.9000000000000001,1.5628689476551334,2.910116537288234,12892.0,11.439531027525701,17,attack,1
944.7602037351443,750.0,1266.7460021278612,1.340812194586239,0.0,0.0,13.557993302201954,252.61188344645413,1.3363667232597622,1.0,2.011258221764232,1.5050196826648194,0.0,0.0,10.388930681646166,144.36691961303015,4.160788273926085,3.95,2.756437224950222,0.6624795696103207,4.199999999999999,2.0999999999999996,0.9394052018809324,2.1135181093676154,746.6658064516129,750.0,48.950698619298365,0.06555904689398762,0.0,0.0,-14.613307533494787,211.5487570684955,4.732939351986418,4.35,3.50577566961016,0.7407184856782041,4.35,2.1999999999999997,1.3756723484649698,2.4720261755825543,14725.0,11.473997938819219,18,attack,1
938.2231133795115,750.0,1262.4618351965994,1.3455880772849105,0.0,0.0,14.36965893070058,286.9785145899538,1.32361161745048,1.0,2.010521064881118,1.518966015691032,0.0,0.0,10.992187435532026,162.9146618987078,4.615392442897555,4.434511499999999,2.9917365530901936,0.6482084871664724,4.7366333437499994,2.334511499999999,0.7471786562900269,1.2720942729893832,747.0168914813464,750.0,46.31312356161905,0.06199742481027355,0.0,0.0,-15.46071022417693,237.03356063596888,5.1834041511119215,4.8,3.6838280884220023,0.7106966736583261,4.9,2.4499999999999997,1.2096747791135731,2.0350732982268838,16458.0,11.500908991505165,19,attack,1
933.5432193202929,750.0,1235.095225038004,1.3230187949276406,0.0,0.0,15.013076159119471,318.2218897012795,1.3136815648562998,1.0,1.9834325565492843,1.5098275028060144,0.0,0.0,11.462306393664187,177.99840649774356,5.052808886651848,4.85,3.252197697703689,0.6436415409051219,5.226085749999999,2.6000000000000005,0.6065817291161626,0.659940872638431,747.317451644629,750.0,43.92725630971,0.058779915032144435,0.0,0.0,-16.314128481792917,264.15078812044726,5.6127095939788,5.25,3.8881861986425963,0.692746726610221,5.4,2.7,1.0548691973045536,1.5982934707138154,18302.0,11.520321042594677,20,attack,1
926.8829414707353,750.0,1233.3190024016474,1.330609235773261,0.0,0.0,15.659670620072152,345.6609410779695,1.3023011505752877,1.0,1.9885137165114184,1.5269231050229806,0.0,0.0,11.942573847656837,192.25476784729022,5.537988067755416,5.35,3.502692112277204,0.6324845899671411,5.750000000000001,2.8499999999999996,0.5098630373567379,0.25841807150712626,747.543971985993,750.0,42.038317669805366,0.056235244005944644,0.0,0.0,-17.057960064064236,288.9740015472104,6.098583905602802,5.75,4.088276133526913,0.6703648251475217,5.85,2.9000000000000004,0.9293746555517041,1.2374248592401607,19990.0,11.546508735302535,21,attack,1
921.336098437716,750.0,1242.376266806322,1.3484506565117604,0.0,0.0,16.290110333574482,373.1263478169852,1.2927323839808287,1.0,2.005712886597318,1.5515298537048663,0.0,0.0,12.425474826611065,207.4206662464181,6.01541168746131,5.8,3.763426022900452,0.6256306664338603,6.2,3.0999999999999996,0.432062314908763,-0.04341979174703914,747.7374072537905,750.0,40.354338513077636,0.05396859662443091,0.0,0.0,-17.779372452730673,314.10608481291825,6.580379807779161,6.25,4.306392191390662,0.6544291237262252,6.299999999999999,3.1500000000000004,0.81282922090519,0.9090309600872537,21699.0,11.563818627545533,22,attack,1
916.9938158399796,750.0,1234.643728684905,1.3464035496836515,0.0,0.0,17.049188128095455,413.9045006843701,1.2849831534951166,1.0,2.0043002195275306,1.5597871568011554,0.0,0.0,12.950766316363653,226.94882474788417,6.483948500894408,6.25,4.03259925337758,0.6219357314175638,6.7,3.35,0.37296604885353246,-0.27066841093901717,747.9060860664478,750.0,38.82552490905451,0.051912299729039844,0.0,0.0,-18.488151127751898,339.811732122594,7.054639039749222,6.7,4.538661662623563,0.6433584535013862,6.85,3.4000000000000004,0.7106423762063574,0.6192101411690563,23447.0,11.575415830883795,23,attack,1
910.2706695258518,750.0,1221.8041498025793,1.3422426874843736,0.0,0.0,17.805048054757478,454.12898455025015,1.2743626399809387,1.0,1.9980872884689058,1.5679110684685422,0.0,0.0,13.454942157509867,244.98624334662549,6.963013230315853,6.75,4.303502628234227,0.6180517666543359,7.199999999999999,3.6,0.3251715076453324,-0.4436025944047315,748.050353427051,750.0,37.467902315311385,0.05008740674161744,0.0,0.0,-19.16575688734644,365.32623706486714,7.535969350567867,7.2,4.777143186346109,0.6339122366502368,7.299999999999999,3.6499999999999995,0.6237171642315928,0.37406914737021113,25182.0,11.59480652049031,24,attack,1
905.2849960898224,750.0,1209.2902389045566,1.3358116439881556,0.0,0.0,18.504294704350354,497.9806646004521,1.2664134361151453,1.0,1.9934357539227097,1.574079757111375,0.0,0.0,13.914078089781412,263.72094126331933,7.458409664064303,7.25,4.57019469716387,0.6127572636809867,7.699999999999999,3.8499999999999996,0.2870284847511574,-0.5721774408424349,748.1716754180167,750.0,36.286465485286975,0.04850018609032892,0.0,0.0,-19.796454166286864,389.89959755789636,8.037432888057202,7.740899,5.015120757024755,0.6239704675452666,7.749999999999999,3.8908989999999997,0.550109810439068,0.17255580634418077,26853.0,11.606784286989532,25,attack,1
901.8571931058741,750.0,1196.7864542606562,1.3270243486544535,0.0,0.0,19.16234328880863,539.3056075183323,1.2608863876187126,1.0,1.9902506453916697,1.5784535902163408,0.0,0.0,14.33535183119182,280.29124474085995,7.974206805338001,7.75,4.829212945584157,0.6056041764995913,8.149999999999999,4.050000000000001,0.2547092646638251,-0.6665670051179857,748.2730918044319,750.0,35.268193961191436,0.04713278393606742,0.0,0.0,-20.373773162287264,413.0906328683369,8.565399285684137,8.3,5.249259130255846,0.6128446503397974,8.25,4.1000000000000005,0.4865271150981034,0.008679084221972388,28430.0,11.618321171945738,26,attack,1
897.8771824202288,750.0,1185.8036208438127,1.3206746357530526,0.0,0.0,19.88931469628028,585.7823695824566,1.2549334403639039,1.0,1.9902842587888978,1.5859679842556096,0.0,0.0,14.77696023044193,298.00295797123937,8.519080826833175,8.3,5.0835788665642525,0.5967285637849721,8.549999999999999,4.299999999999999,0.2230349747233515,-0.7381275516543768,748.3578834704663,750.0,34.39348176074644,0.04595860151996885,0.0,0.0,-20.89685981607157,434.6787501725468,9.121375720382636,8.9,5.479415832373476,0.6007225226046953,8.65,4.35,0.4290120265684441,-0.12422090542296749,29898.0,11.630375850577316,27,attack,1
893.4798197679993,750.0,1174.478530239969,1.3144992245543203,0.0,0.0,20.791313650350425,647.7996399522541,1.2486179017671684,1.0,1.9910141722415664,1.5945744245887272,0.0,0.0,15.289329153781138,320.54882806588006,9.07904959462502,8.9,5.338127877384929,0.587961087969517,9.0,4.494350000000001,0.19162957475083814,-0.7940642064146144,748.4310868245294,750.0,33.61984271434913,0.04492042528189552,0.0,0.0,-21.382080212476552,455.1933542127817,9.693268792253859,9.45,5.711142966188858,0.589186484826747,9.05,4.5,0.37478924163885124,-0.23504484440514117,31293.0,11.639576621961671,28,attack,1
893.4654120820179,750.0,1172.6303334424776,1.3124518504974125,0.0,0.0,21.38904985377934,694.5973299017238,1.248291292487817,1.0,2.0022942693301387,1.604028067310804,0.0,0.0,15.655735066543542,337.76507574559855,9.642389521814534,9.5,5.590825042384348,0.5798173813385056,9.35,4.699999999999999,0.15997767856789646,-0.8417087805272665,748.4952340086431,750.0,32.92683897781417,0.04399071294211334,0.0,0.0,-21.836000367412623,474.810912045644,10.277627462622982,10.1,5.944682476582606,0.578409997657713,9.399999999999999,4.699999999999999,0.32392134773258735,-0.328461711406856,32627.0,11.64467175600678,29,attack,1
892.19284575881,750.0,1176.5775625254244,1.3187480353810113,0.0,0.0,22.014334112841254,737.6834337487311,1.2464435393424238,1.0,2.0204973234600643,1.621009905130562,0.0,0.0,16.03215709887574,353.7878019083156,10.230348138636684,10.15,5.844163662072097,0.571257554764984,9.75,4.851993950000001,0.12932881726575537,-0.8748756092553287,748.5509710170592,750.0,32.3125245174352,0.043166765883066116,0.0,0.0,-22.25458867028807,493.26671688371346,10.879743512661591,10.75,6.176466022132882,0.5677032748929104,9.75,4.9,0.27640934937198197,-0.40589422936939545,33882.0,11.653633814780013,30,attack,1
884.5762488119126,750.0,1160.244034107412,1.3116382399660322,0.0,0.0,22.960419656733624,799.5455866506932,1.2320466786355475,1.0,1.9881071427686396,1.613662190924783,0.0,0.0,16.819340832386775,387.9493227093184,10.08290111785307,9.9,6.395796893390608,0.6343210965409578,10.950114500000002,5.5,0.15652339445565439,-1.0002720743791298,748.70438510726,750.0,30.55037955899235,0.04080432833930267,0.0,0.0,-23.537767314167038,552.0344057650549,10.719148436239308,10.65,6.749767659493403,0.6296925263833255,11.0,5.5,0.2524738147613877,-0.629704686985733,37876.0,11.981735532587832,31,attack,1
883.636599775899,750.0,1167.5695223171044,1.321323180381182,0.0,0.0,23.420011013630845,833.2284107714321,1.230620352449832,1.0,2.0084464488324314,1.6320601596049977,0.0,0.0,17.12912087260395,401.567488717869,10.586175992343199,10.45,6.584203834694051,0.6219624385100242,11.499999999999998,5.749999999999999,0.13176590111728234,-1.1089925136166598,748.7502944509524,750.0,30.005395540935396,0.040073968268604036,0.0,0.0,-23.968653745071084,572.5040784013307,11.22213156636447,11.15,6.903837544486108,0.6151984142815285,11.55,5.75,0.20944073837054045,-0.7641437824258932,39268.0,12.009391853735481,32,attack,1
882.728997020854,750.0,1173.9792594978708,1.3299430102103422,0.0,0.0,23.714272964599235,857.1493063025971,1.22974180734856,1.0,2.0315410699852103,1.6520061836113433,0.0,0.0,17.32188615578033,409.3779830859861,11.206413228214204,11.1,6.785627106197443,0.6055128405503895,11.899999999999999,5.950000000000001,0.11045003877250001,-1.1437412797977022,748.781675242996,750.0,29.627113869526067,0.0395670925839784,0.0,0.0,-24.277105124450852,587.3852890089389,11.842174426166833,11.8,7.057780891351423,0.5959869055598719,11.950000000000001,5.949999999999999,0.17058666143910944,-0.836118639762498,40280.0,12.014015651952604,33,attack,1
881.6016664624433,750.0,1178.4280655747575,1.3366899251715052,0.0,0.0,24.07363930265566,889.4523939922075,1.2291875995588777,1.0,2.0575153414839327,1.6738822798263824,0.0,0.0,17.49397442219419,416.99645276518015,11.937773866663619,11.85,6.942959938475395,0.5815958667020571,12.250000000000002,6.1,0.07200691884127342,-1.1662976096505855,748.7973345250366,750.0,29.43659940168729,0.03931183785577839,0.0,0.0,-24.435575547026474,595.1044797495196,12.587972528930278,12.6,7.178691833421077,0.5702818159892441,12.149999999999999,6.05,0.127196507438948,-0.8677655145060905,40805.0,12.00111909922827,34,attack,1
881.3659639652783,750.0,1192.8604066640278,1.3534223641872116,0.0,0.0,24.404026900731527,914.8242640554337,1.2300678386461448,1.0,2.0957175268881985,1.7037414206315789,0.0,0.0,17.645367643881563,422.9826728229456,12.703239357973773,12.7,7.106850458163936,0.5594518262543006,12.45,6.2255009999999995,0.027143001318708677,-1.1715439817904467,748.8067359294728,750.0,29.321681131025265,0.03915787575632461,0.0,0.0,-24.532255535493753,599.8383517829915,13.37265698020765,13.45,7.303531260632143,0.5461540867638957,12.250000000000002,6.100000000000001,0.07674997827612848,-0.8830035743688565,41127.0,11.984503679888306,35,attack,1
882.9323290176637,750.0,1213.889690250313,1.3748388753653036,0.0,0.0,24.576051385873267,935.9641154730858,1.2331905472397362,1.0,2.139278405219599,1.7347508947485604,0.0,0.0,17.746641528967086,429.4955612779459,13.446553761338178,13.5,7.302274472914715,0.5430591810007388,12.7,6.35,-0.01464985876219462,-1.159844363812329,748.8189838657062,750.0,29.171219798216434,0.03895630376198906,0.0,0.0,-24.659886828661385,606.1165131098318,14.138056054218607,14.3,7.464512271772525,0.5279730284804759,12.5,6.199999999999999,0.02905574124277399,-0.8833003369924257,41554.0,11.973255383064627,36,attack,1
886.0419342471006,750.0,1241.1761876652165,1.4008097581971506,0.0,0.0,24.62768424164512,942.5390025580751,1.2386897344963097,1.0,2.1916984107253916,1.7693683492231453,0.0,0.0,17.777913361135184,431.0648074910186,14.250283723058544,14.45,7.496759827957861,0.526077934562613,12.886194749999998,6.400000000000002,-0.06539231851054912,-1.1270912502527088,748.8240082793423,750.0,29.109355701041345,0.03887342737304752,0.0,0.0,-24.71288479853318,608.7328588437449,14.969761570329727,15.25,7.6165704623973385,0.5087970457387568,12.6,6.25,-0.026769392042082323,-0.8580520235161964,41732.0,11.941973479886133,37,attack,1
885.2987873660462,750.0,1244.2327732583012,1.4054382441437208,0.0,0.0,25.011376014029274,979.5816545483957,1.238155668358714,1.0,2.2125204027621876,1.7869484906490645,0.0,0.0,17.99308955636163,441.63146095864056,14.828007464708621,15.15,7.797512323168231,0.5258637980677235,13.299999999999999,6.6,-0.10700748154207834,-1.112045309099022,748.8466582064298,750.0,28.82826181676153,0.03849688250703875,0.0,0.0,-24.955657417755933,620.7908229464737,15.548776800338409,15.9,7.884906900985723,0.5071078582087636,12.85,6.4131855,-0.0825496104501876,-0.8591719711448884,42552.0,11.969590640586869,38,attack,1
889.1526747912329,750.0,1262.7010761394936,1.4201172778746545,0.0,0.0,25.029633763195083,989.5564665120194,1.2445790741737035,1.0,2.255564107193758,1.8123108077253058,0.0,0.0,18.006738358557143,442.93031797414284,15.624004356327143,16.05,8.005596135784728,0.5123908028445191,13.400999999999998,6.699999999999999,-0.15191148874492502,-1.077483156712066,748.8520154574281,750.0,28.76147309044029,0.038407418951622446,0.0,0.0,-25.014205003557635,623.7161688008496,16.36834688840027,16.85,8.052389411560592,0.4919488489865195,13.0,6.449999999999999,-0.13315326892222473,-0.8324025379177513,42751.0,11.933884098381457,39,attack,1
888.664033254484,750.0,1271.2701142467515,1.4305407518194244,0.0,0.0,25.367333666453554,1021.0280558050742,1.2443791194910778,1.0,2.281875930249537,1.8337465604395315,0.0,0.0,18.206713876996144,452.6120850108261,16.229128600170146,16.75,8.333159209331985,0.5134692942937565,13.633774,6.800000000000001,-0.18632403268690673,-1.0631641541326196,748.8728854236043,750.0,28.4993776520207,0.03805636204320559,0.0,0.0,-25.245928919627474,635.362468925629,16.993713657465033,17.6,8.359510256219732,0.49191780117746947,13.306331499999999,6.600000000000001,-0.17991043972163273,-0.830436217143359,43543.0,11.964511961805488,40,attack,1
890.6000455788515,750.0,1293.4809875664916,1.4523702238593363,0.0,0.0,25.581002547832348,1039.0818801516568,1.248017319963537,1.0,2.326788172032906,1.8643877250845264,0.0,0.0,18.319778621618457,458.0250000621509,16.957557216582625,17.65,8.584749329904612,0.5062491737612816,14.049999999999999,6.949999999999999,-0.222844336139431,-1.0382227147832181,748.8815316717433,750.0,28.390147557983354,0.03791006502004056,0.0,0.0,-25.34387706153841,640.3174264490683,17.74121204917958,18.4588885,8.571683164442124,0.48315093358226957,13.45,6.7088885000000005,-0.2233291867229024,-0.8083247168543188,43880.0,11.946697050894391,41,attack,1
890.9487804878049,750.0,1305.6333278210698,1.465441511807469,0.0,0.0,25.821595248951894,1065.6764176406957,1.2494354110207768,1.0,2.3609380737738594,1.8896039386661816,0.0,0.0,18.442819612777086,464.5084632904455,17.6531957967386,18.5,8.845880904123515,0.5010923237909012,14.3,7.050000000000001,-0.2550498437440684,-1.0170843962589862,748.8916258011786,750.0,28.26206035527955,0.037738518340413085,0.0,0.0,-25.459650796101375,646.1989421146799,18.45666317172538,19.3,8.807686356924577,0.47720903150128896,13.601,6.75,-0.2591338899921457,-0.7868802436912214,44280.0,11.941488237702702,42,attack,1
891.9323507011335,750.0,1323.5723592745628,1.4839380567754092,0.0,0.0,25.92005875664502,1077.3014873084499,1.25173603333184,1.0,2.4010967659274334,1.9182133468957139,0.0,0.0,18.509609980504543,467.4537427331492,18.365009220848517,19.35,9.11792466612936,0.4964835332496547,14.6,7.200000000000001,-0.28667897465970066,-0.9963717927603093,748.9006046032363,750.0,28.147638688060574,0.03758527969539169,0.0,0.0,-25.563973427185285,651.5216705051533,19.186674177187403,20.15,9.04284822945802,0.471308792026593,13.84829325,6.850000000000001,-0.2975580918863302,-0.7652998056118072,44642.0,11.934535699277877,43,attack,1
893.6385877980799,750.0,1342.0039682107633,1.5017301026776977,0.0,0.0,26.190778700378402,1099.2911914900683,1.2547007034464452,1.0,2.4390521255178577,1.943931424297607,0.0,0.0,18.66602216285558,474.8276048698205,19.011859576293684,20.15,9.43202628933636,0.4961127685319834,14.999999999999998,7.399999999999999,-0.31378959942492607,-0.9833764999522296,748.9143124605341,750.0,27.971978251194688,0.03735003829649569,0.0,0.0,-25.725674739801494,659.8151165415335,19.854948641552003,20.95,9.338470002257363,0.4703346339921533,14.2,6.950999999999999,-0.3311445713280538,-0.7522367630020641,45206.0,11.93873665938927,44,attack,1
893.182987098185,750.0,1359.0594811868903,1.5215913209478684,0.0,0.0,26.51046373718022,1132.6427525981235,1.2548217800131205,1.0,2.4760455773744696,1.9732248968045325,0.0,0.0,18.836279982808957,484.96588350782383,19.666858019861326,20.95,9.745541772172887,0.4955312008827734,15.446425499999998,7.550000000000001,-0.33630258700885796,-0.979690383665456,748.9267449036615,750.0,27.81169929016087,0.03713540673959833,0.0,0.0,-25.875001964888757,667.520349848721,20.51660995788323,21.730551,9.623106372972115,0.4690397874076934,14.5,7.119449000000003,-0.3608175991102385,-0.7524069435938463,45730.0,11.952248428122623,45,attack,1
894.5593628610491,750.0,1374.1678964238558,1.5361394150846353,0.0,0.0,26.655771902523625,1153.0563551672108,1.257611596970552,1.0,2.5131018534065466,1.9983131989720297,0.0,0.0,18.919346092379964,489.94415669451143,20.3562218515874,21.75,10.01437758619321,0.4919565948536898,15.85,7.699999999999999,-0.3531111997634667,-0.9751061631535616,748.9349123424442,750.0,27.705925407224555,0.03699376935249114,0.0,0.0,-25.974544779133,672.6814389046889,21.223993165317594,22.561107,9.854216535936514,0.4642960662105479,14.720334999999999,7.193916999999999,-0.3837106176493045,-0.749793625453111,46081.0,11.959650700416365,46,attack,1
895.3721302954172,750.0,1393.6523111919062,1.5565062436465245,0.0,0.0,26.823671284929656,1169.7415082292248,1.2600060642813826,1.0,2.5576842719059116,2.0298983825642396,0.0,0.0,18.98711089927501,493.0244495137709,21.044150448740947,22.584098,10.245928992216616,0.48687776763302987,16.19936925,7.784098,-0.36770251087619366,-0.9676782265414494,748.937004281862,750.0,27.67883389499546,0.036957492735368365,0.0,0.0,-26.000281930454243,674.0189473105517,21.927259163172483,23.4,10.056744951779418,0.458641222641726,14.899999999999999,7.299999999999997,-0.39855619280606913,-0.7405063671587007,46172.0,11.955248645374672,47,attack,1
895.7304243482055,750.0,1421.9657307689424,1.5874929466682586,0.0,0.0,26.80091827596332,1167.7153358312066,1.2624195483800589,1.0,2.6165495966423844,2.07264660944133,0.0,0.0,18.941986280482983,489.7633658041092,21.759234873010243,23.4,10.451310864525823,0.4803161014401953,16.35,7.850000000000001,-0.3843370040295567,-0.9455868094770667,748.9291816661212,750.0,27.780428051445497,0.0370935313131252,0.0,0.0,-25.90479022337509,669.0622402364739,22.651620569935638,24.15,10.238922337217975,0.4520172102303172,15.05,7.399999999999999,-0.4100650627852204,-0.7196073035168471,45835.0,11.945269937057041,48,attack,1
897.6496119325326,750.0,1450.3064275955878,1.6156709793181452,0.0,0.0,26.645102974066525,1154.7724344029004,1.2659888132506611,1.0,2.6669531171811482,2.106616653533653,0.0,0.0,18.911396636255873,487.61154009169013,22.48658304090948,24.3,10.739840923179347,0.4776110671701666,16.75,7.949999999999999,-0.41053257515861014,-0.924694881527381,748.9359305964939,750.0,27.69295819647715,0.036976404876744196,0.0,0.0,-25.98724940166523,673.3410782881059,23.379354390322163,25.0,10.494966318207137,0.4488988935704532,15.3,7.5,-0.4398403721977309,-0.6994013346111165,46126.0,11.9409493951555,49,attack,1
898.3099195942871,750.0,1471.472369744037,1.6380453311799263,0.0,0.0,26.701364393810977,1164.4681083216647,1.2682863396978825,1.0,2.7141864162000906,2.1400423005790907,0.0,0.0,18.9306087508156,488.73287497757855,23.267674685783984,25.2,11.014789977671969,0.4733945323896828,17.15,8.05,-0.4426663838481362,-0.8916739881112803,748.936270128519,750.0,27.688626047507586,0.03697060371072182,0.0,0.0,-25.991484101773995,673.561040597806,24.152710074900842,25.85,10.746636909501168,0.44494538609433,15.55,7.600000000000001,-0.466286280559746,-0.6700917661803611,46141.0,11.923003609068402,50,attack,1
900.8093641171159,750.0,1505.831863799708,1.6716432175142573,0.0,0.0,26.425807108813764,1139.75783990704,1.2724751709015865,1.0,2.768942076945415,2.176028373884527,0.0,0.0,18.865155507173515,484.92094619492815,23.96775884418182,26.05,11.323024794353998,0.47242734992315166,17.6,8.2,-0.4645896628002282,-0.8768082982802636,748.9448849233145,750.0,27.576518979635672,0.03682049178085951,0.0,0.0,-26.097911665419044,679.1046732572632,24.872801952341028,26.7,11.031732604293605,0.4435259294643038,15.899999999999999,7.699999999999999,-0.49139000127267546,-0.6527138848658325,46518.0,11.926634433957679,51,attack,1
902.1480306181522,750.0,1532.1592018899448,1.698345670432943,0.0,0.0,26.487994968586197,1143.3918980940707,1.2754990458629045,1.0,2.8194872221981404,2.2104973197300137,0.0,0.0,18.899683041338562,485.98399834607915,24.754290036723308,27.0,11.582649501141844,0.46790473424844076,17.85,8.25,-0.48991659892610084,-0.8529734357693584,748.9476164715235,750.0,27.540925687218667,0.036772833081398594,0.0,0.0,-26.131972789673515,680.8835534605405,25.67821250757949,27.6,11.258717267704379,0.43845408882651465,16.15,7.800000000000001,-0.517946935262091,-0.6251813866790026,46639.0,11.915631375328312,52,attack,1
901.9718231808688,750.0,1557.60859521482,1.7268927423051874,0.0,0.0,26.55973028441494,1148.4344715277211,1.2762479219063045,1.0,2.866878010694178,2.2463331469421575,0.0,0.0,18.953382548618894,488.3035228340147,25.46206302403981,27.85,11.896934986994967,0.4672415968714934,18.349999999999998,8.400000000000002,-0.5110557095409431,-0.8371127392146955,748.9538689339169,750.0,27.459179924670558,0.036663379499937386,0.0,0.0,-26.21035276863218,684.9860339080486,26.381165926211686,28.45,11.559254461254927,0.43816313856583317,16.5,7.949999999999999,-0.5386058627516599,-0.6129150601746671,46918.0,11.925626669547237,53,attack,1
903.0592331535815,750.0,1576.0965541572639,1.7452859084928045,0.0,0.0,26.717755887769762,1165.9988511051117,1.2788204322534076,1.0,2.9087842989638326,2.274583847427483,0.0,0.0,19.028705480133333,492.448939669718,26.223990535648397,28.75,12.17118952781819,0.4641242343064799,18.75,8.5,-0.5315679576063396,-0.8193399747784507,748.957950201061,750.0,27.405709906774717,0.0365917871616391,0.0,0.0,-26.261913940412974,687.6914544116834,27.16030823364188,29.35,11.81131229564655,0.4348740152004818,16.849999999999998,8.003238500000002,-0.5599347721338472,-0.5945258031816936,47102.0,11.927043681021724,54,attack,1
908.0479361981928,750.0,1611.6280446244946,1.7748270552456127,0.0,0.0,26.450695001220918,1145.309051722526,1.2868111822848174,1.0,2.9689985279206366,2.3072526636339807,0.0,0.0,18.933001200288768,487.836863265294,26.852796813659698,29.5,12.502169890612432,0.4655816664971273,19.353522,8.700000000000003,-0.5421242262733857,-0.8173882121671294,748.958917559766,750.0,27.393070137796283,0.03657486344784773,0.0,0.0,-26.274223580320502,688.3380404369436,27.82003700417851,30.1,12.120065545149417,0.43565957670469707,17.35,8.199999999999996,-0.5743050827671095,-0.5884867680977872,47146.0,11.929535812923067,55,attack,1
908.334595003785,750.0,1630.1945971805583,1.7947071554329221,0.0,0.0,26.57568182347187,1158.2568340673834,1.287934224913786,1.0,3.0074427423162238,2.335090320716915,0.0,0.0,19.018718699803152,492.2309742704176,27.464717961075905,30.35,12.900811050738193,0.46972304864086856,20.050000000000004,8.899999999999999,-0.5562090715819386,-0.8194029778828247,748.9678882340219,750.0,27.275028781782485,0.03641682001359737,0.0,0.0,-26.3887089481375,694.3670906958266,28.434333393157544,30.95,12.511771366463725,0.4400233757361291,17.950000000000003,8.400000000000002,-0.5923401505161354,-0.5911148407695128,47556.0,11.949246105087957,56,attack,1
910.7036998174225,750.0,1657.1224431083017,1.8196065783421336,0.0,0.0,26.421689627311704,1151.375316627402,1.2923338439906822,1.0,3.0585281832294533,2.3666703440844854,0.0,0.0,18.96947298130568,490.4895825747148,28.158998454535155,31.2,13.225194415928113,0.46966139215786373,20.549999999999997,9.099999999999998,-0.5686738416772952,-0.8164520770315531,748.9699411694752,750.0,27.24798888540238,0.03638061741550822,0.0,0.0,-26.415160472509044,695.763732516547,29.152223171727766,31.85,12.812940631362203,0.43951847363011315,18.6,8.549999999999997,-0.6069218032549843,-0.5870786439572355,47651.0,11.94869097536791,57,attack,1
913.2484554003393,750.0,1682.9517635634854,1.842819173261818,0.0,0.0,26.33849643243603,1149.2405760212014,1.296961065616688,1.0,3.1084865330243425,2.3967462211722586,0.0,0.0,18.94716016630133,489.92253221434385,28.984454042608554,32.15,13.448404881576689,0.4639868276216927,20.75,9.149999999999999,-0.5861510531821649,-0.7975588380860374,748.9720076292932,750.0,27.220740875210755,0.036344136493661555,0.0,0.0,-26.44186391566277,697.1751010968859,30.00801226958762,32.8,12.998973068580577,0.43318340954408086,18.749999999999996,8.599999999999998,-0.6243351964112295,-0.5658948047959722,47747.0,11.942697117159,58,attack,1
915.567447845255,750.0,1721.4025040684257,1.8801482164090322,0.0,0.0,26.233265378546413,1136.0565401228382,1.3020229080093657,1.0,3.1774885956787653,2.4404244934036976,0.0,0.0,18.874875770842664,485.32692958363305,29.59740612375025,32.95,13.859617324588042,0.46827135008518467,21.5,9.449999999999996,-0.5931305901831925,-0.8041868346078704,748.9646304825898,750.0,27.31815492852228,0.03647455943402832,0.0,0.0,-26.347140559729848,692.1746323016043,30.632421777184803,33.6,13.395408747372503,0.4372951262165461,19.549999999999997,8.850000000000001,-0.6354804588143108,-0.5711461947956877,47407.0,11.952318720769657,59,attack,1
917.7038812301166,750.0,1753.9253076352204,1.9112105151873267,0.0,0.0,26.085180312242457,1125.9528273076805,1.3067232237539768,1.0,3.239673761569407,2.479234854541283,0.0,0.0,18.794299482294182,481.2957420659103,30.288180274480045,33.8,14.158674464763449,0.4674653391670791,21.999999999999996,9.600000000000001,-0.6000328544466867,-0.8070762105539901,748.958982679392,750.0,27.39250983546753,0.036574112159615396,0.0,0.0,-26.275313191278713,688.3947935904172,31.350165102735946,34.5,13.680854455107305,0.4363885934978176,19.9,9.0,-0.6434163439309465,-0.5763168805726533,47150.0,11.95423714806339,60,attack,1
918.1701553004726,750.0,1772.4069377216315,1.9303687094268585,0.0,0.0,26.137014042607035,1135.7962374898727,1.3083220796758948,1.0,3.2802467165623215,2.507216508472381,0.0,0.0,18.83729334585452,483.9960855105378,31.016518293540294,34.75,14.459280229239088,0.4661799913322468,22.3,9.700000000000003,-0.6123854299605354,-0.8002877520723493,748.9642943126598,750.0,27.322691262781788,0.03648063261527893,0.0,0.0,-26.342943505215647,691.9533094977654,32.089118936592676,35.350021999999996,13.962897676273862,0.43512873332122987,20.35,9.149978000000004,-0.6563212545073126,-0.5694794021071523,47392.0,11.96409369705109,61,attack,1
918.3659477578901,750.0,1806.7700206762631,1.967374797690761,0.0,0.0,26.10785804021542,1126.2686377101948,1.3099108215799127,1.0,3.3393710553708833,2.549311754935495,0.0,0.0,18.830027375956416,482.15814316077865,31.805864853537788,35.7,14.742199842482389,0.46350570595607005,22.6,9.849999999999994,-0.6306260191895579,-0.7813959133956612,748.9651855282459,750.0,27.311001631473726,0.03646498149605078,0.0,0.0,-26.354380330714363,692.5559187339089,32.87864254156389,36.35,14.243235332897914,0.4332063075564076,20.748925000000003,9.25,-0.6730920974310272,-0.5585328867972694,47433.0,11.96004550566938,62,attack,1
921.770223788696,750.0,1844.5982770321339,2.001147606450547,0.0,0.0,25.93861535716368,1111.5013334121281,1.3164677905643551,1.0,3.408174508382465,2.5888780058351584,0.0,0.0,18.734009111157615,477.01568261734604,32.29493111039419,36.45,15.237047064507427,0.47180924499954585,23.418160500000003,10.199999999999996,-0.6288338648675948,-0.8020521079592058,748.9578211456424,750.0,27.407920407199864,0.036594744902023156,0.0,0.0,-26.260742641669687,687.6290634981071,33.38747036525967,37.1,14.751041820486252,0.44181370014288374,21.55,9.600000000000001,-0.6768168490466706,-0.5787808342672509,47098.0,11.974814034899126,63,attack,1
924.4986904359581,750.0,1872.7270210561094,2.0256675757680123,0.0,0.0,26.31218150828007,1155.5651661072875,1.3210544102737412,1.0,3.457681121723068,2.6173646557120898,0.0,0.0,18.89818872489372,490.21894028690497,33.019378005962686,37.35,15.543860791817849,0.4707496546122376,23.799999999999997,10.3,-0.6397443568704402,-0.7953566928709659,748.9632325373859,750.0,27.33682259051753,0.03649955218483033,0.0,0.0,-26.32952809845849,691.2464466051186,34.13560264134842,38.0,15.037467364826778,0.44052151423311653,21.999999999999996,9.75,-0.689960672849988,-0.5692027254541983,47344.0,11.96843187167088,64,attack,1
925.8721484081224,750.0,1892.3091609876205,2.043812597928472,0.0,0.0,26.375379030413363,1162.5516478251286,1.323305757499791,1.0,3.4940306509877757,2.6403804496318966,0.0,0.0,18.97217662142777,494.0726533240924,33.54807551455791,38.15,16.008391181673968,0.4771776304941027,24.549999999999997,10.550000000000004,-0.643471190965482,-0.8103325051226626,748.974578166882,750.0,27.187094588430455,0.03629908862190085,0.0,0.0,-26.475456042290197,698.952122928134,34.68341879478984,38.8,15.499910221189161,0.44689683888710435,22.6014725,9.999999999999996,-0.6993104766059907,-0.5798887430498367,47868.0,11.986370938367429,65,attack,1
926.2219247981932,750.0,1922.908366857285,2.07607735832452,0.0,0.0,26.365113975773777,1158.5675764977111,1.325254088418587,1.0,3.550977687272337,2.6794693321864673,0.0,0.0,18.96346171150963,492.7290824561496,34.427040692007445,39.15,16.221794415769786,0.4711934017475927,24.65,10.582483999999997,-0.6623789211501381,-0.7840562059719502,748.973502434103,750.0,27.201376342896143,0.0363182091949767,0.0,0.0,-26.461561897012356,698.216536287067,35.56064010803463,39.8,15.680842465362845,0.4409606356275878,22.700000000000003,10.049999999999997,-0.716059982685529,-0.5562919806420861,47818.0,11.969248669829868,66,attack,1
925.840989618947,750.0,1933.0762969917632,2.0879139276252707,0.0,0.0,26.576187307661023,1182.2143624691357,1.3252937154223907,1.0,3.57949043669086,2.7009035016438023,0.0,0.0,19.08492666398855,499.50600665502554,34.99348631984684,40.0,16.653891078495082,0.47591402943609235,25.3,10.75,-0.6641660863277643,-0.8010551978095357,748.9829215333168,750.0,27.076510047013507,0.036151037985729384,0.0,0.0,-26.58437150498986,704.7310404764522,36.12872983740494,40.6,16.12157194452695,0.44622581577268455,23.352154,10.25,-0.719522720820515,-0.5782663619109791,48261.0,11.981825111403172,67,attack,1
926.4961048596513,750.0,1950.0660061487447,2.1047751802951695,0.0,0.0,26.693731269676935,1195.7360671949777,1.3270475248340958,1.0,3.6176633060322754,2.7260992830566084,0.0,0.0,19.15382358777661,503.2370055131695,35.648450652366435,40.85,17.029427328088023,0.47770455704103837,25.945888000000004,10.949999999999996,-0.6701789354329263,-0.8076522438259848,748.9883891357953,750.0,27.003777917262536,0.03605366693123278,0.0,0.0,-26.65646026528642,708.569053482483,36.79495887918882,41.5,16.50065036622005,0.4484486698408242,24.0,10.399999999999999,-0.726760883672602,-0.5900204396527924,48522.0,11.991032792424232,68,attack,1
925.7334601389348,750.0,1972.9899320976324,2.1312721393926113,0.0,0.0,27.035724840611284,1236.6107762518805,1.3276959973536222,1.0,3.6690541970423567,2.76347462397684,0.0,0.0,19.26517357343776,512.2732961640949,36.60131240183937,41.9,17.195687740068895,0.46981068742236515,25.85,10.899999999999999,-0.6934546663385046,-0.767377355134585,748.9851650630193,750.0,27.046755872557473,0.03611120371160058,0.0,0.0,-26.613942991695577,706.3040726277927,37.74123943940209,42.55,16.653635694411214,0.44125831429438206,24.15,10.300000000000004,-0.7455919321058104,-0.5585965775347073,48368.0,11.970794372317371,69,attack,1
926.9768700787401,750.0,1994.5445655766396,2.151665947616597,0.0,0.0,27.18674770839396,1246.698549972475,1.329949967191601,1.0,3.7088671919110623,2.7887268569530623,0.0,0.0,19.359667639803906,516.5302003530423,37.195471300125746,42.75,17.61265625197967,0.4735161468950153,26.549999999999997,11.05,-0.6973148566309747,-0.7745292816181588,748.9934857752155,750.0,26.93584377768522,0.035962721023943704,0.0,0.0,-26.724224458351166,712.1862418247633,38.3504912007874,43.4,17.064125488854167,0.44495194075907457,24.65,10.5,-0.7523633659567512,-0.5636070533699371,48768.0,11.981146858294585,70,attack,1
925.8252645800495,750.0,2005.891933368372,2.1665988282121855,0.0,0.0,27.413329212791947,1273.0403410408505,1.3296145421792798,1.0,3.744797887828927,2.8164537683914666,0.0,0.0,19.449737558450646,521.6963502312267,37.95444746711732,43.7,17.94096283867418,0.47269724725192575,26.950000000000003,11.099999999999994,-0.7113727700855778,-0.7618843828794408,748.9951929134323,750.0,26.913061916383793,0.03593222249090504,0.0,0.0,-26.747048315290293,713.4066088360871,39.10313434789462,44.35,17.385138533990027,0.4445970591338562,25.15,10.549999999999997,-0.7645755918594201,-0.5559676104821385,48851.0,11.97573510969127,71,attack,1
927.1086854699114,750.0,2030.0666791860972,2.189674965839786,0.0,0.0,27.497092442082796,1278.023918827742,1.3321861317584767,1.0,3.7896137779011734,2.844657880426145,0.0,0.0,19.505105119535006,524.0366771034708,38.62073021510428,44.6,18.314024242810476,0.47420191541712475,27.599999999999998,11.25,-0.716268328120068,-0.7678397391724707,749.0003874916562,750.0,26.84353950854616,0.03583915303227423,0.0,0.0,-26.816780993725136,717.1417134394986,39.7847678367376,45.25,17.750520624484658,0.44616373525984665,25.5,10.700000000000003,-0.7710530255221054,-0.56283955801598,49105.0,11.979409250209592,72,attack,1
924.8167881884833,750.0,2041.4983684134181,2.207462488232154,0.0,0.0,27.765444270458175,1303.8518523601267,1.329684312577003,1.0,3.8194427997808678,2.8724433037632613,0.0,0.0,19.641637943415045,531.1648818864493,39.16240636986401,45.45,18.786921955239478,0.4797182731267572,28.55,11.449999999999996,-0.7155271311688505,-0.7890704342606658,749.0085817376131,750.0,26.73347756867162,0.035691817451080535,0.0,0.0,-26.927870419921895,723.1121388269212,40.30849449041627,46.05,18.23509894521363,0.4523884897152186,26.3314,10.900000000000006,-0.7691688878514089,-0.5919648488087299,49511.0,11.998921726353538,73,attack,1
925.0404115507506,750.0,2052.3895362006742,2.218702567555962,0.0,0.0,27.9960276190669,1330.7217301094734,1.3308281253139882,1.0,3.8515094813996615,2.8940697961962276,0.0,0.0,19.748592216238347,537.4381317330412,39.79090537342502,46.35,19.205048225930675,0.48264918944913143,29.450000000000003,11.549999999999997,-0.719350915974416,-0.7988334132395316,749.013599597226,750.0,26.665866935964672,0.03560131211276265,0.0,0.0,-26.996591497482576,726.8178442836683,40.93828075122079,46.95,18.666927318452824,0.45597731453087886,27.200000000000003,11.049999999999997,-0.773867275981867,-0.6077476424324715,49763.0,12.0011842718273,74,attack,1
925.7167971101746,750.0,2073.280105430467,2.2396483588746143,0.0,0.0,28.12033710720995,1343.0928859688993,1.3329319686935581,1.0,3.89653117792445,2.9232783588674396,0.0,0.0,19.799233736123078,540.0389116599404,40.59954011436346,47.3,19.461835747663976,0.47936099012064165,29.802273250000006,11.599999999999994,-0.729055739587728,-0.7874379871717583,749.0149232724597,750.0,26.648028024461826,0.03557743270058775,0.0,0.0,-27.01483111824181,727.8029451547335,41.7528197080875,47.9,18.90377423842136,0.45275443360678486,27.6,11.050000000000004,-0.7823262949105922,-0.5993503158871407,49830.0,11.989296701107849,75,attack,1
928.8850518006907,750.0,2111.7828786595087,2.27345985874755,0.0,0.0,27.98211687777784,1334.4736273292426,1.3409184344680152,1.0,3.9831004722330596,2.9704271116335885,0.0,0.0,19.630613646783747,531.0842257642935,40.72733401609733,47.6,19.938861409942106,0.4895695211000392,31.049999999999997,12.100000000000001,-0.6939718385835311,-0.8528546583728431,748.9909862687058,750.0,26.969439519809043,0.03600769570561103,0.0,0.0,-26.691169039196797,710.4202593558773,41.873881899831446,48.2,19.402019934649534,0.46334419104161517,29.05,11.599999999999994,-0.7436067682166598,-0.6793163664489223,48648.0,11.99058927446571,76,attack,1
929.5001020283231,750.0,2119.1213540465133,2.2798505878829274,0.0,0.0,28.14989752239096,1360.7985380658374,1.3423458352038526,1.0,4.009623630952681,2.9870272814931984,0.0,0.0,19.72521141009758,537.413133060435,41.30599013758539,48.4,20.357118810939234,0.4928369648840778,31.85,12.300000000000004,-0.6912250864499152,-0.8714544308063021,748.9983548264167,750.0,26.87095405082954,0.035875851899644005,0.0,0.0,-26.789608085199607,715.6848238703855,42.45353204123985,49.05,19.82268042138595,0.4669265304505163,29.78125325,11.75,-0.7402900985794076,-0.704144448697174,49006.0,11.996931403205098,77,attack,1
931.8023040819229,750.0,2133.69693522361,2.289860119337093,0.0,0.0,28.27000448512097,1378.730536746464,1.346323424832883,1.0,4.045839093595353,3.0051019086276067,0.0,0.0,19.788320481591644,541.5524228630047,41.99309100477787,49.3,20.704442048529188,0.49304401160118194,32.35,12.400000000000006,-0.6960019485256914,-0.8715812937815421,749.0026465735468,750.0,26.813437152044045,0.03579885501701115,0.0,0.0,-26.84745659396249,718.7876119444057,43.17437872038117,49.95,20.142538364374392,0.466539159598046,30.25,11.899999999999999,-0.7466078165557459,-0.7016678635702887,49217.0,11.992623640679591,78,attack,1
929.0341077406919,750.0,2147.956385162159,2.3120317836185276,0.0,0.0,28.58916221602168,1407.0778001829754,1.343836867200974,1.0,4.084864538839421,3.03970268902328,0.0,0.0,19.90521108866705,547.1183431783556,42.765367332734,50.25,21.013273167257697,0.4913619238615415,32.800000000000004,12.450000000000003,-0.7060730129540116,-0.8620666641544323,749.0040202747389,750.0,26.795021843310714,0.035774202965535684,0.0,0.0,-26.866071577588464,719.7874487519398,43.92819352588008,50.9,20.45685679053037,0.4656885509866986,30.650000000000002,11.949999999999996,-0.7542358203044691,-0.7004564004440881,49285.0,12.000657344028925,79,attack,1
928.6921017402946,750.0,2163.7214557501616,2.3298587892537483,0.0,0.0,28.794868298056265,1428.9342028012884,1.3446918989087664,1.0,4.126297824486067,3.0685823479970447,0.0,0.0,19.976776715981032,550.8992455296022,43.578404096931685,51.25,21.28981246390063,0.48854043430653366,33.14994175,12.450000000000003,-0.717268685066666,-0.8490758769874369,749.0043613849336,750.0,26.790469758174467,0.03576810915845404,0.0,0.0,-26.870721599338705,720.0372861429287,44.72718077434992,51.9,20.73705271006786,0.4636342454644518,31.150000000000002,11.950000000000003,-0.7623380312058544,-0.6963221893148703,49302.0,11.995065031571974,80,attack,1
928.3604171719621,750.0,2184.867075707909,2.35346858320781,0.0,0.0,28.931319414435393,1439.373969351543,1.345217883418223,1.0,4.169366120180694,3.0993983737312942,0.0,0.0,20.041217978003786,553.7678443086753,44.2738632068541,52.15,21.63884712048096,0.48874992045263893,33.75,12.550000000000004,-0.7217245334523502,-0.8494971552126391,749.0078606512299,750.0,26.743444054658625,0.03570515806256874,0.0,0.0,-26.918291091954146,722.595968741102,45.415488111528816,52.75,21.081676385553745,0.46419574603673847,31.65,12.099999999999994,-0.7648611922523754,-0.7024520954578519,49476.0,11.999153285466342,81,attack,1
929.3020603756798,750.0,2218.979928010053,2.3877918952563255,0.0,0.0,28.97352920098712,1442.0989532582585,1.347857735002123,1.0,4.228599933055567,3.1372746716840307,0.0,0.0,20.054226414897492,555.1062636981092,45.17313759052939,53.15,21.81321704209391,0.48288027366660224,33.9,12.549999999999997,-0.7319093946660582,-0.833325884394116,749.0074773010504,750.0,26.748632049304177,0.03571210282931933,0.0,0.0,-26.91309842356805,722.3164019040632,46.32962986068707,53.75,21.2274543930785,0.4581831207568317,31.65,12.099999999999994,-0.7731796390435497,-0.6898863011695093,49457.0,11.995132650802617,82,attack,1
937.0814531548757,750.0,2276.496571642299,2.429347591906775,0.0,0.0,28.669118483966532,1417.915291611524,1.3651582749097089,1.0,4.363749845787498,3.196515690516629,0.0,0.0,19.69544893333581,535.6675491254016,45.38363071773629,53.75,22.38708344699117,0.49328542236357736,36.2917835,12.950000000000003,-0.694571398569869,-0.9190206014519067,748.9571425280473,750.0,27.417580510556366,0.03660767613218886,0.0,0.0,-26.252841071145173,687.2130909727763,46.607652777374135,54.433800000000005,21.790943790321215,0.46754003885172507,33.9,12.4662,-0.7387368083763323,-0.7781235806315143,47070.0,12.003885085937616,83,attack,1
940.0810345925973,750.0,2302.319883286454,2.449065344972319,0.0,0.0,28.638143819400575,1417.1855395622822,1.3705166592342486,1.0,4.4149539643524385,3.2213792766439004,0.0,0.0,19.687086556831325,535.3730068680514,46.211527905341484,54.75,22.64509973698881,0.49003140046298527,36.55,12.950000000000003,-0.7070487218836118,-0.8977994237707421,748.9576053861268,750.0,27.41153244874237,0.036599578202574354,0.0,0.0,-26.25872020590931,687.5217807590055,47.4577466236436,55.4,22.02818900559402,0.46416424235826453,33.95,12.5,-0.7516263242037229,-0.755653195749439,47091.0,11.991981721000396,84,attack,1
937.2641665080272,750.0,2313.4787869517886,2.4683316290338246,0.0,0.0,28.966837974559557,1447.8203832659144,1.3677052266429766,1.0,4.448747391149074,3.2527092128385697,0.0,0.0,19.815739589155836,541.7535721998547,46.869296537509236,55.65,23.032452458058067,0.49141877859475286,37.188598,13.100000000000001,-0.7109360309427608,-0.8977519389384203,748.9617042984463,750.0,27.357690784916745,0.03652748949366208,0.0,0.0,-26.31075051975211,690.2569599466107,48.091429376017935,56.3,22.438109539886696,0.4665718992140428,34.849999999999994,12.600000000000009,-0.7538326894770037,-0.7635015603927235,47277.0,12.00829668027786,85,attack,1
938.2339736123171,750.0,2327.4029779303314,2.4806210853456325,0.0,0.0,29.08549487290885,1468.255942752113,1.3705499904699379,1.0,4.490933157921103,3.276737943999576,0.0,0.0,19.846775628393303,544.2457147463102,47.75052816534835,56.65,23.259997353484838,0.48711497541851645,37.45,13.050000000000004,-0.7243487750951837,-0.8769237634442364,748.960426848278,750.0,27.374517843431097,0.036550019015859886,0.0,0.0,-26.294534657762288,689.4038870153577,48.990660229547444,57.35,22.646077129458586,0.4622529482833994,34.7,12.550000000000004,-0.7668900060828033,-0.743907088895948,47219.0,12.007553413593683,86,attack,1
939.387355638587,750.0,2356.0394801850553,2.508059605064027,0.0,0.0,29.04766989219515,1464.6433995749835,1.3737899116847827,1.0,4.548163899719992,3.310669164939662,0.0,0.0,19.821418691056568,542.653748980832,48.6952520740399,57.725,23.444731550153264,0.4814582644424171,37.45,12.975000000000001,-0.7419702572285006,-0.8445513321358065,748.9578867792666,750.0,27.407918646042095,0.03659473934362851,0.0,0.0,-26.262354768734404,687.712578822917,49.93665638283372,58.35,22.805276887641092,0.45668409820647626,34.45,12.550000000000004,-0.7812573162722409,-0.7156965801591864,47104.0,11.99958401833473,87,attack,1
941.5726825544907,750.0,2379.277070634055,2.526918117652974,0.0,0.0,29.090732073903936,1470.3318164549964,1.3779577643965737,1.0,4.595998075036459,3.3353693369906066,0.0,0.0,19.841858783423284,543.8507196139894,49.500706859479266,58.7,23.70614001369377,0.47890508070904647,37.650000000000006,13.049999999999997,-0.7506037154207883,-0.8297804401494928,748.9592105110986,750.0,27.39055672933789,0.03657149327350718,0.0,0.0,-26.279146581825614,688.594818433692,50.768475190632685,59.35,23.04018777965415,0.45382863466234863,34.75000000000001,12.550000000000004,-0.7901340671542878,-0.6996695236817541,47164.0,11.99214943510403,88,attack,1
941.9250477200425,750.0,2402.8538427791677,2.551003233851087,0.0,0.0,29.562594267390367,1527.0729135236545,1.3798727465535525,1.0,4.646085478133911,3.367039090914894,0.0,0.0,19.994553391451845,556.0492463091376,50.33771931839134,59.7,23.976918972211912,0.4763211225473961,37.650000000000006,13.049999999999997,-0.7642888931968745,-0.8050839934172478,748.9588995198209,750.0,27.394667894534038,0.036576997632443584,0.0,0.0,-26.27522741933284,688.3888207872442,51.614688377306464,60.35,23.292601598187748,0.45127854745372936,34.85000000000001,12.575000000000003,-0.8029208495637332,-0.6753104213673642,47150.0,11.985988455831315,89,attack,1
943.2737480063796,750.0,2424.427395051559,2.570226723870579,0.0,0.0,29.619400080847473,1536.4014693470122,1.3834130781499203,1.0,4.697218429224241,3.39538385418907,0.0,0.0,19.997431463852887,556.3555581703697,51.31068754632017,60.75,24.144699413863503,0.47055887512844446,37.25,12.950000000000003,-0.7841757662207376,-0.7643563586488464,748.9561301907968,750.0,27.431050602251727,0.03662571076795067,0.0,0.0,-26.240222016470053,686.5504658889835,52.618592861818186,61.4,23.411222969046502,0.44492301477021196,34.35000000000001,12.500000000000007,-0.8228364416318243,-0.63012670345561,47025.0,11.977563351716588,90,attack,1
945.5106843042482,750.0,2444.582737830013,2.585462838665703,0.0,0.0,29.770147337485614,1558.7495634798101,1.3874120240820826,1.0,4.739895833105352,3.416357758785668,0.0,0.0,20.062142934761358,561.5587046247085,52.03160420833542,61.65,24.478245205474536,0.4704495580698075,37.8125,13.050000000000004,-0.7892362936529034,-0.7573698323282123,748.9593812869061,750.0,27.38838662026304,0.03656858743554651,0.0,0.0,-26.28138015108423,688.7121345014488,53.35507684632834,62.35,23.72541057855703,0.4446701603839918,34.95,12.600000000000001,-0.828096406840944,-0.6221321490355978,47172.0,11.97704554723067,91,attack,1
945.8329708385244,750.0,2459.063463089432,2.599891882505808,0.0,0.0,29.940438739263755,1577.726435779488,1.3887492873281668,1.0,4.776366116840023,3.4393293018564477,0.0,0.0,20.136281236310573,565.5393477021698,52.69032814345836,62.55,24.877682154368554,0.47214893189950996,38.550000000000004,13.199999999999996,-0.793800968417268,-0.7528993071867558,748.9634446402029,750.0,27.334962522651324,0.036497058325433845,0.0,0.0,-26.33308681448057,691.4326320960722,54.03440757716916,63.25,24.109109110413485,0.44618068729599925,35.55,12.700000000000003,-0.8348925579144997,-0.6123425982848114,47357.0,11.991705162329177,92,attack,1
946.5141057881278,750.0,2478.963949215136,2.61904596461454,0.0,0.0,29.98133980564214,1586.5409888034947,1.3911582595465015,1.0,4.823653489607471,3.467365022280007,0.0,0.0,20.143744305943095,566.2007090581152,53.5919087501198,63.6,25.080558636769766,0.467991516288617,38.45,13.149999999999999,-0.8066053539641884,-0.7284604789338811,748.9626542854306,750.0,27.34538979019418,0.03651101911921608,0.0,0.0,-26.323031210899476,690.9031173918111,54.94863579501701,64.25,24.29526831679719,0.44214506812197135,35.39999999999999,12.700000000000003,-0.8474508289669705,-0.5885772249772145,47321.0,11.989838319779974,93,attack,1
946.7666976665539,750.0,2504.635571355537,2.645462263859281,0.0,0.0,30.10221024089368,1602.012873204675,1.3929235711870138,1.0,4.8755209021054835,3.5002070486542842,0.0,0.0,20.181208844923283,569.310604641702,54.42543782770831,64.6,25.371546995200948,0.4661707467658468,38.400000000000006,13.150000000000006,-0.8213787434256784,-0.7000877886059236,748.9624552090604,750.0,27.348032359900195,0.03651455713126027,0.0,0.0,-26.32051567753668,690.7706665910473,55.78550266735712,65.25,24.587609030418378,0.4407526661009333,35.39999999999999,12.700000000000003,-0.8631891535272381,-0.5587681271693143,47312.0,11.993245228312773,94,attack,1
947.6454608923774,750.0,2523.5512752119485,2.6629698335024727,0.0,0.0,30.19826360699756,1614.8487580257179,1.3956248545496859,1.0,4.922205247260464,3.526882765962683,0.0,0.0,20.204871545523694,570.6342730053547,55.314693915164284,65.6,25.600624527712387,0.46281779244726307,38.300000000000004,13.149999999999991,-0.8359557583063679,-0.6704613957581262,748.9614657160387,750.0,27.361073299598804,0.03653201740284524,0.0,0.0,-26.3079400192137,690.1088048336749,56.69452428544228,66.25,24.796083926327004,0.43736294181577623,35.24999999999999,12.650000000000006,-0.87882381563629,-0.5258664412033194,47267.0,11.988998969322253,95,attack,1
948.0062285496377,750.0,2533.9402465089047,2.672915187894493,0.0,0.0,30.45528884083047,1646.076654196289,1.3976950129231813,1.0,4.961767452111475,3.549964338596505,0.0,0.0,20.275067456717334,574.5935165741037,56.26677929996537,66.65,25.75356000975046,0.4577045341880144,38.1,13.099999999999994,-0.8502726623238384,-0.6379349053042591,748.9600339145235,750.0,27.379922282404213,0.03655725411581708,0.0,0.0,-26.289765204294138,689.152827300203,57.670961325918405,67.3,24.905243548044517,0.43185067450664527,35.05,12.600000000000009,-0.8926339666053011,-0.4918626155845831,47202.0,11.980364487211418,96,attack,1
961.5862499164568,750.0,2623.539544587643,2.7283455278354674,0.0,0.0,29.774967854567592,1580.115014442764,1.4241762648428276,1.0,5.139369538491839,3.608661136519517,0.0,0.0,19.7921604046442,549.1338949831847,56.10289312598687,66.95,26.687229976854024,0.4756836678087907,41.800000000000004,13.650000000000006,-0.8135810283581142,-0.7385464694829791,748.9063970258419,750.0,28.076091072473677,0.03748945286617024,0.0,0.0,-25.634107914571782,655.1084881939465,57.584715027959085,67.65,25.844204364268656,0.4488031998025957,37.60000000000001,13.100000000000009,-0.8627472781162467,-0.5829109306616438,44887.0,12.008651722216046,97,attack,1
963.65810780586,750.0,2651.062383728615,2.7510403972678468,0.0,0.0,29.72372137339806,1578.4881078207761,1.4289868038470142,1.0,5.198876470295606,3.638155689261489,0.0,0.0,19.75408295812181,547.2707617891665,57.156785495070835,68.05,26.79867472614073,0.46886252426585173,41.050000000000004,13.549999999999997,-0.8351610011992728,-0.6919799252609473,748.9020659214256,750.0,28.13156923798538,0.03756374901085789,0.0,0.0,-25.58328517562671,652.5054560476302,58.6593670701409,68.75,25.91944382900894,0.4418636804931124,37.0,13.0,-0.8838569817376483,-0.5344723838805554,44710.0,11.99333147278232,98,attack,1
964.8077189377526,750.0,2669.6422628964965,2.7670200087492627,0.0,0.0,29.808730803490267,1589.632623584733,1.4318004154289417,1.0,5.242880319094482,3.661739626974343,0.0,0.0,19.786691606911692,549.0502364299227,57.91973357646749,69.0,27.127788149179594,0.46836866252785186,41.400000000000006,13.599999999999994,-0.8428300964980978,-0.6804573832998049,748.9036091601923,750.0,28.111842649357126,0.03753733098025962,0.0,0.0,-25.601384604152287,653.4318512427976,59.4497158142854,69.75,26.22026779952466,0.4410495061310973,37.2,13.049999999999997,-0.8927882675709894,-0.5190501926286215,44773.0,11.99438044782749,99,attack,1
964.7556840934371,750.0,2693.4285360850336,2.791824480014334,0.0,0.0,29.835808287130973,1590.499527569919,1.4326362625139044,1.0,5.28799408866071,3.6910932851732055,0.0,0.0,19.8163508953663,550.2674685692332,58.526733801832236,69.9,27.589364508467355,0.4713976454227426,42.150000000000006,13.700000000000003,-0.8454878907887372,-0.6819060382865714,748.9079248053392,750.0,28.056565225763798,0.03746330396097282,0.0,0.0,-25.652169157826645,656.0347249217157,60.051808580422694,70.6,26.704786168868665,0.44469578519196523,37.95,13.199999999999996,-0.8966565385971793,-0.5202895578432623,44950.0,12.003824020651694,100,attack,1
973.9037654023542,750.0,2757.8651967775363,2.8317635630437925,0.0,0.0,29.365939599718647,1545.4767345927044,1.4509533971225994,1.0,5.419927022800085,3.7354246067092145,0.0,0.0,19.505663262207623,533.5167313064114,58.44881441926201,70.0,28.143416117315383,0.48150533756661834,44.8,14.299999999999997,-0.8077860640552628,-0.7596338813141519,748.8736180563744,750.0,28.493188154044347,0.03804805973536032,0.0,0.0,-25.25670872993702,635.9022318392931,60.030624418944036,70.8,27.26353455384382,0.4541604359064469,40.6,13.700000000000003,-0.8594106581905254,-0.6025345459745051,43581.0,11.99791442367172,101,attack,1
974.6688449674398,750.0,2780.3872416476393,2.852648113257916,0.0,0.0,29.5279619277524,1564.2164501335837,1.452850451273849,1.0,5.463675749876414,3.7606594299405707,0.0,0.0,19.578405208122447,538.4229828155201,59.04290742823765,70.85,28.603167742190276,0.48444714171563014,45.45,14.499999999999993,-0.8082449397664713,-0.7667859858422612,748.8783520720067,750.0,28.433362102960945,0.03796793167313641,0.0,0.0,-25.310218688871533,638.6080524298974,60.638062292882445,71.7,27.727490031218164,0.4572621383792594,41.400000000000006,13.800000000000004,-0.861832246725486,-0.6073709503140856,43765.0,12.00620716088209,102,attack,1
975.8459052214686,750.0,2802.5149407936046,2.8718826669232915,0.0,0.0,29.642543578461137,1581.1366912983303,1.4553421040651886,1.0,5.50747387012446,3.7843156291160014,0.0,0.0,19.63434090705509,542.7816363161015,59.68841052972353,71.75,28.99248469722307,0.4857305537192257,45.96875000000001,14.599999999999994,-0.8082573631767102,-0.7716816402088393,748.8826651274352,750.0,28.378746685469725,0.03789478379852817,0.0,0.0,-25.35926688278499,641.0932856246121,61.30876743378704,72.6,28.09859436553292,0.45831282444030813,42.150000000000006,13.950000000000003,-0.8626024033702071,-0.6108914109326693,43934.0,12.014571037108514,103,attack,1
976.5286794435434,750.0,2830.974561089413,2.899018350083267,0.0,0.0,29.617408086576347,1579.5421667349667,1.4583228636041756,1.0,5.568058131342867,3.8181244155918095,0.0,0.0,19.60680588292688,541.1639809295228,60.712405243554606,72.85,29.14013653409972,0.4799700558263308,45.6,14.499999999999993,-0.8280236625402888,-0.7314396981341145,748.8786564247822,750.0,28.429548951358957,0.03796282442750381,0.0,0.0,-25.31370260229045,638.7843887196472,62.34767443835804,73.7,28.229429736140283,0.4527743815697598,41.50000000000001,13.849999999999994,-0.882688860886981,-0.568694643293393,43777.0,12.010018461204886,104,attack,1
977.829353404037,750.0,2854.380137631335,2.919098437467249,0.0,0.0,29.6387208286297,1582.6147205687273,1.4613296841144943,1.0,5.616378157062979,3.8433340663070656,0.0,0.0,19.62116952583251,541.8862483998001,61.44912797309086,73.8,29.50262110342493,0.48011456104542927,45.800000000000004,14.549999999999997,-0.8354385154600523,-0.7204312915823183,748.8803940287485,750.0,28.407566618528943,0.03793338274714989,0.0,0.0,-25.333446120259676,639.7843269485865,63.1055069380545,74.65,28.57984399284907,0.45288985667928405,41.800000000000004,13.899999999999991,-0.8920277026584,-0.5527249646798631,43845.0,12.016248816311146,105,attack,1
979.9436021554479,750.0,2882.9325781688144,2.9419372419265986,0.0,0.0,29.561403766831116,1576.6478470907145,1.4658416293725454,1.0,5.673362912876169,3.8703791727518726,0.0,0.0,19.591089313293516,540.302959503176,62.35305674179952,74.85,29.72507948009025,0.47672208923421544,45.650000000000006,14.5,-0.8482282430393405,-0.6952463626431196,748.8791399059447,750.0,28.42346621525361,0.03795467746480887,0.0,0.0,-25.319219098181755,639.0636739185423,64.03186756742625,75.65,28.776459741477773,0.44940840919837066,41.650000000000006,13.849999999999994,-0.9051480641116855,-0.5254626984486537,43796.0,12.015048173739475,106,attack,1
979.1066989581429,750.0,2909.0403518249577,2.9711167893350505,0.0,0.0,29.587796904747343,1577.6953601130228,1.4663452750868213,1.0,5.727543359765673,3.9059991238602034,0.0,0.0,19.59544540413387,540.0827039356537,63.22478014721676,75.85,29.985103202895022,0.47426188170327715,45.650000000000006,14.499999999999993,-0.8609044365429032,-0.6704516328662335,748.8784213960782,750.0,28.43257891600647,0.03796688234520329,0.0,0.0,-25.311085407896403,638.6518471059865,64.89935270962805,76.7,29.041864389062606,0.44749081734299245,41.550000000000004,13.849999999999994,-0.9179144570668887,-0.5006992652348852,43768.0,12.021921731636482,107,attack,1
982.9124445266273,750.0,2949.499975316198,3.0007758999700966,0.0,0.0,29.469166066990883,1565.074648328413,1.4748289571005917,1.0,5.811683924893001,3.940581649765242,0.0,0.0,19.49702631378166,534.5128028226717,64.41091252519982,77.15,30.21268338812565,0.46906156431653384,44.5,14.149999999999991,-0.8986949502915657,-0.6014658518283871,748.8653542248795,750.0,28.597487610441075,0.03818775624897374,0.0,0.0,-25.164244988778318,631.2400047284555,66.11318568086632,78.0,29.23932557444145,0.4422616346999528,40.25,13.5,-0.9587432835321728,-0.4200123121111856,43264.0,12.015769490678345,108,attack,1
984.0957579107364,750.0,2969.690586738702,3.0176845727324753,0.0,0.0,29.60485748063823,1584.470551695436,1.4773386762470637,1.0,5.853860265401771,3.9624362101400754,0.0,0.0,19.5577751924363,539.0889297434783,65.0522445369352,78.05,30.618836377370425,0.47068070587457955,45.1,14.25,-0.8981654208900888,-0.6075945828450124,748.8694814576301,750.0,28.545528329908816,0.038118162158707065,0.0,0.0,-25.210369196945564,633.563482603411,66.78168091633275,78.9,29.63177013406228,0.4437110555990102,40.9875,13.599999999999994,-0.9596804156114228,-0.4232423616702663,43422.0,12.02455061100286,109,attack,1
986.6076288612157,750.0,3006.107309308962,3.046912694947168,0.0,0.0,29.79424615815218,1612.1463240001058,1.4827530439202459,1.0,5.921487788687146,3.9935765520543756,0.0,0.0,19.600429056988585,544.6456678199156,66.03060876694525,79.15,30.837387129332757,0.46701655043304513,44.6,14.149999999999991,-0.918982749165254,-0.5622586614203922,748.8658494937126,750.0,28.591290213200413,0.03817945528231817,0.0,0.0,-25.169794461126738,631.5193045963055,67.77731866030543,80.0,29.839492054074217,0.440257783044316,40.349999999999994,13.5,-0.9827600517209534,-0.37043216209115926,43283.0,12.01718623794531,110,attack,1
987.5710826703563,750.0,3020.5125828897503,3.0585267591294736,0.0,0.0,29.932723810383525,1629.570629665314,1.4852530842845613,1.0,5.961175397062949,4.013575504496876,0.0,0.0,19.650738656785897,547.4534340980043,66.70516504503743,80.1,31.286629296450265,0.469028586846707,44.95,14.200000000000003,-0.9250818755149439,-0.5563328308098656,748.8679927246513,750.0,28.564322012897538,0.038143334059411796,0.0,0.0,-25.19373724058699,632.7251355617499,68.46733861932435,80.95,30.29036617287045,0.4424060695755047,40.75,13.549999999999997,-0.9908794822402377,-0.3600452951998778,43365.0,12.024252584135267,111,attack,1
990.3635482978134,750.0,3045.0566756005564,3.074685736196819,0.0,0.0,29.92758286692481,1630.6336268428377,1.4905434080634745,1.0,6.013311192301898,4.0343079978559215,0.0,0.0,19.647271078176797,547.2299870799351,67.60403884129927,81.1,31.475995398179887,0.4655934162760586,44.9,14.200000000000003,-0.9333597040470855,-0.5376237129801433,748.8677563988507,750.0,28.56731544416213,0.03814734337279577,0.0,0.0,-25.1911096105814,632.592729643975,69.39945492921396,81.95,30.43233785880322,0.4385097532803909,40.7,13.549999999999997,-0.9990620020859704,-0.3393278709143863,43356.0,12.016222278875196,112,attack,1
993.7280052011981,750.0,3083.9434083896954,3.1034079670173886,0.0,0.0,29.78532345300194,1614.7719868160937,1.4977128659994892,1.0,6.089045445735156,4.065562621491984,0.0,0.0,19.568444266810623,542.6282646532694,68.87679690672503,82.25,31.422729903379356,0.4562164809425289,43.849999999999994,14.0,-0.9632839266841563,-0.4619884206883276,748.8601571825418,750.0,28.662887245052094,0.038275353509113506,0.0,0.0,-25.106611897470337,628.3426697725388,70.71333816149257,83.1,30.29862211811615,0.4284711046863782,39.3,13.400000000000006,-1.0287466888373338,-0.2561425103168613,43067.0,11.992318699369035,113,attack,1
994.0534399033435,750.0,3113.418115889033,3.1320429978007676,0.0,0.0,29.786518610951042,1611.7808347185367,1.499802504705035,1.0,6.146563265424496,4.098248433471803,0.0,0.0,19.565527655314074,541.9353095629028,69.77305364792649,83.3,31.65746938471028,0.45372056588569665,43.875,14.0,-0.9754097678050857,-0.4342610090649748,748.8594143296391,750.0,28.672227077377265,0.038287863554528394,0.0,0.0,-25.098409482940298,627.9308546480485,71.61434185980158,84.15,30.53345129427192,0.42635944841951967,39.24999999999999,13.349999999999994,-1.0419780993081256,-0.22547317288529278,43039.0,11.994872280916399,114,attack,1
994.1810181110751,750.0,3131.7178080894987,3.150047879650431,0.0,0.0,29.893137348500176,1622.4418539838323,1.500949557645097,1.0,6.187526172093928,4.12240780549734,0.0,0.0,19.61433376336853,544.3260378475409,70.36769385242074,84.2,32.16989527677865,0.45716853168795385,44.5,14.099999999999994,-0.9778358620049705,-0.4364030385733,748.8630848640713,750.0,28.62614335175363,0.038226137634958544,0.0,0.0,-25.13909786448733,629.9749277651389,72.21842862772708,85.05,31.063362756593104,0.4301306930495416,39.949999999999996,13.450000000000003,-1.0463665486382667,-0.22450843108800367,43178.0,12.011577517944705,115,attack,1
994.9912215856589,750.0,3148.4682100635273,3.1643175756324755,0.0,0.0,29.962539263693557,1633.1334507628744,1.5031186472001479,1.0,6.228139702148513,4.14347843648247,0.0,0.0,19.647572996307183,546.3012304368377,71.02239926108949,85.1,32.616596246926626,0.4592437961300476,44.95,14.199999999999989,-0.9806966171294702,-0.4361671734663304,748.8659726514953,750.0,28.589837533812275,0.03817750916440333,0.0,0.0,-25.17125054782429,631.5925304949145,72.89825145795602,85.95,31.5037086644448,0.4321600043125112,40.462500000000006,13.549999999999997,-1.0515149605041443,-0.2188442020586301,43288.0,12.021282662648385,116,attack,1
995.7413506781069,750.0,3170.6191457655154,3.184179449418568,0.0,0.0,30.005003751135494,1637.496651671548,1.5053741120029522,1.0,6.275209786233411,4.168538396003123,0.0,0.0,19.668256435503746,547.2000876985844,71.7280469914486,86.05,33.04060915746467,0.4606372338759449,45.3,14.25,-0.9870444167364775,-0.42752106952508084,748.8677500447498,750.0,28.567474379916234,0.03814755593121635,0.0,0.0,-25.191105972231558,632.5924860813651,73.62329049192732,86.95,31.9222650425236,0.4335892192433837,40.8,13.549999999999997,-1.0598298276817155,-0.20493959591875788,43356.0,12.02630677012568,117,attack,1
1006.3152163484601,750.0,3261.4148547785853,3.240947569701902,0.0,0.0,29.51529581840027,1585.430398684245,1.5281588794013239,1.0,6.454435798162271,4.223668026384063,0.0,0.0,19.31285133225958,528.3098746954757,72.00507079604054,86.4,33.419553542966206,0.4641277784120157,46.15625,14.799999999999997,-0.9615955455958365,-0.47630916731362216,748.8225587317487,750.0,29.131103073133684,0.03890254471295828,0.0,0.0,-24.700631262640613,608.1218145483919,73.97530712160606,87.35,32.28522462256073,0.43643245129740255,42.099999999999994,14.099999999999994,-1.0348869661870292,-0.2571289091847597,41692.0,12.026377352779756,118,attack,1
1006.1338061918912,750.0,3267.01623852265,3.247099161579668,0.0,0.0,29.838372830874754,1620.1997576540846,1.5293300105434677,1.0,6.488259051006359,4.242550009661205,0.0,0.0,19.411462230977897,533.395444415054,72.74096710934577,87.35,33.81702918951792,0.46489661236815066,46.4,14.850000000000009,-0.9691748940742387,-0.46458567394834205,748.8236860736819,750.0,29.11719172787644,0.038883908548014864,0.0,0.0,-24.712535048261568,608.7100084243609,74.7300227981645,88.35,32.67904806238344,0.43729476907353615,42.349999999999994,14.100000000000009,-1.0444717734832047,-0.24042962731006012,41732.0,12.033273243710891,119,attack,1
1007.4984665858356,750.0,3277.432688752719,3.2530398779257026,0.0,0.0,29.978819556873603,1636.918657275437,1.5312507429332192,1.0,6.513910967023495,4.253980608391829,0.0,0.0,19.494490317317155,537.9509810752141,73.0505220082514,88.15,34.49292415156689,0.47217902354853464,47.550000000000004,15.099999999999994,-0.9533742866578371,-0.5135096615837029,748.8329414608246,750.0,29.002617568381577,0.03873042432108184,0.0,0.0,-24.81082437769106,613.5776208271135,75.06860933747,89.1,33.36128382292169,0.44441057477095997,44.05,14.350000000000009,-1.030417804427471,-0.2896427141846032,42063.0,12.048005756397693,120,attack,1
1006.540705949331,750.0,3299.205671979276,3.277766763409325,0.0,0.0,30.026072192470576,1641.4112654800922,1.528394534585824,1.0,6.534458016032479,4.2753738437066815,0.0,0.0,19.60837509779229,545.0106027005332,73.68546304032787,89.05,34.969701241105625,0.47458073544257695,48.150000000000006,15.150000000000006,-0.9552043283318301,-0.5188217006125173,748.8526417815292,750.0,28.75717045269882,0.038401641188425505,0.0,0.0,-25.02393869009488,624.1981314464597,75.68998075469685,90.05,33.881027076556066,0.4476289561541951,44.55,14.400000000000006,-1.03287078809744,-0.297979678554662,42156.0,12.065339177076142,121,attack,1
925.6748994558789,750.0,2325.758464728072,2.5125003023147503,0.0,0.0,25.448668138190484,760.3264283266896,1.234255973503667,1.0,3.1010060310025733,2.512449684322602,0.0,0.0,25.448776840312295,760.3308546808989,74.30651526847439,89.95,35.43931679415741,0.47693417819571815,48.7,15.25,-0.9561129610194272,-0.5234635865133823,749.9829193281287,750.0,3.511688104278279,0.004682357442785791,0.0,0.0,-205.58939667127277,42265.00002365797,75.94592587374024,90.8,34.51562992784321,0.45447638607007423,45.599999999999994,14.600000000000009,-1.0264725233529353,-0.33707940974454154,42270.0,12.075668339535733,122,attack,1
899.0187029983397,750.0,1886.6398192399079,2.098554582844304,0.0,0.0,26.441004395627672,811.0263588338202,1.2003369469674774,1.0,2.5150937819218186,2.095323140952991,0.0,0.0,26.452642711113203,811.5086827095292,74.81297994967936,91.25,36.355515476635944,0.4859519765298663,50.35,15.099999999999994,-0.9491720905913323,-0.5834456511632506,748.8012501220823,750.0,29.394904500386097,0.039255950087681665,0.0,0.0,-24.480518391706713,597.2957807266909,76.46188875705636,92.05,35.43984124599466,0.46349680634490026,46.5,14.400000000000006,-1.0228005711915371,-0.39740038065372874,40956.0,12.092966748647278,123,attack,1
882.0162933780794,750.0,1632.5782330408983,1.8509615358557645,0.0,0.0,29.078636783439613,998.4577343266188,1.179275795822086,1.0,2.1766225730632387,1.8457281840045663,0.0,0.0,29.08046780211156,998.5569742068046,75.34022195181134,92.15,36.87351293107557,0.4894266565163609,51.150000000000006,15.199999999999989,-0.9426262561381185,-0.6066804380828077,748.8060601639065,750.0,29.33596886634703,0.03917699178332727,0.0,0.0,-24.53002740786656,599.7222446306846,76.96106366744488,92.95,35.98379385369875,0.46755842680641346,47.25000000000001,14.5,-1.0152109588313933,-0.42780608718200863,41121.0,12.099574265231933,124,attack,1
879.0140413209062,750.0,1567.3256706220375,1.7830496407848002,0.0,0.0,29.599764190487885,1041.6010338501476,1.1768914413647094,1.0,2.0907848779589293,1.7765316362012795,0.0,0.0,29.551233940149775,1039.2955091806452,76.2093105770778,93.15,37.13796874536801,0.4873153747770335,51.05,15.199999999999989,-0.9510578066396628,-0.590899265376879,748.8052466356801,750.0,29.34594509361481,0.039190357206314606,0.0,0.0,-24.521632919838584,599.310481055311,77.8438181450612,93.95,36.235337315950055,0.46548766722138235,47.150000000000006,14.5,-1.0241503709096356,-0.4107885624684542,41093.0,12.090632144394673,125,attack,1
874.1705662936589,750.0,1481.447950652166,1.694689809716729,0.0,0.0,31.32190601740835,1189.7702612386176,1.172019570798818,1.0,1.9784499809418399,1.6880690649161942,0.0,0.0,31.167132876686175,1181.7089271606335,76.69393857917012,94.0,37.6807550017459,0.49131333844393144,51.900000000000006,15.349999999999994,-0.9422638895232174,-0.6184384377395271,748.8108317589498,750.0,29.277386306375554,0.03909850801383741,0.0,0.0,-24.57943670201163,602.148708588196,78.32895790887952,94.8,36.78637910915843,0.4696395827447649,48.199999999999996,14.675000000000004,-1.014772925583879,-0.443160703360856,41286.0,12.096233645626823,126,attack,1
866.4739707383463,750.0,1381.9967337392222,1.5949662429692895,0.0,0.0,33.71518936527876,1401.325487098324,1.1633937685315705,1.0,1.8493188369636557,1.5895897734589521,0.0,0.0,33.357042614330624,1380.6747356564524,77.71646046530861,95.1,37.880504003932074,0.48741931602560984,51.35,15.25,-0.9604384081454257,-0.5800845545022879,748.8067855927673,750.0,29.327070112788963,0.039165069917967144,0.0,0.0,-24.53752005972548,600.0898906814299,79.31799158749331,95.9,37.01764406807949,0.4666992106985769,47.4875,14.549999999999997,-1.0319465051014707,-0.4082955530087209,41146.0,12.088757113468704,127,attack,1
868.036876882713,750.0,1385.3227607995454,1.5959261613106868,0.0,0.0,33.94453681089285,1418.6148262189204,1.167087746574677,1.0,1.8578293103397527,1.591850583465001,0.0,0.0,33.37817242113261,1385.4557201364246,78.5013100447269,96.1,38.22049765223775,0.48687719517624917,51.550000000000004,15.25,-0.9661314543743597,-0.5705127793992761,748.807307355942,750.0,29.320668022175493,0.03915649291098337,0.0,0.0,-24.542913352711906,600.3545958387249,80.12203795554368,96.9,37.34173312158502,0.4660607003319657,47.5625,14.550000000000004,-1.0379954120024106,-0.39760148833661324,41164.0,12.072811218873127,128,attack,1
867.1512535764512,750.0,1319.7687881959137,1.5219591538992778,0.0,0.0,33.87350406678699,1426.5416233325327,1.167499151350565,1.0,1.7761937839769775,1.5213662313349636,0.0,0.0,32.98679804482919,1373.5712462389051,79.16652844622712,97.05,38.64908872627911,0.4881998678586876,51.900000000000006,15.299999999999997,-0.9669513481803446,-0.5729169990483411,748.8095630667766,750.0,29.292973998816205,0.03911939088871378,0.0,0.0,-24.566270606823142,601.5016515276626,80.80229891515931,97.8,37.76446875742067,0.4673687415388089,48.08749999999999,14.650000000000006,-1.0385033480066808,-0.4020683130864584,41242.0,12.061176207761939,129,attack,1
864.5794093399932,750.0,1258.3919518599723,1.4554960923955034,0.0,0.0,35.72619285735159,1615.42644158801,1.1656806168469036,1.0,1.7016788147708308,1.4598156563448488,0.0,0.0,34.34683135367231,1526.210810218943,79.96328073898773,98.05,38.99737429291051,0.4876910243365808,52.06875,15.299999999999997,-0.9742814862828971,-0.5596330133024732,748.8095630667766,750.0,29.292973998816198,0.039119390888713766,0.0,0.0,-24.566270606823153,601.5016515276634,81.61172177733864,98.8,38.101310382892834,0.4668607591302225,48.13749999999999,14.650000000000006,-1.0461641092383451,-0.3877531697916816,41242.0,12.049559460311876,130,attack,1
862.4384413565251,750.0,1218.8157871538704,1.413220618084696,0.0,0.0,37.369276121034275,1783.153635735856,1.1644640948401517,1.0,1.6574740842778715,1.4233792966415133,0.0,0.0,35.39468129641993,1647.4323182744174,80.90204747781819,99.1,39.249020801179206,0.4851424905153426,51.900000000000006,15.25,-0.9878282040182017,-0.5311088844501932,748.807307355942,750.0,29.320668022175493,0.03915649291098337,0.0,0.0,-24.542913352711903,600.3545958387248,82.5518714364979,99.85,38.34390587043433,0.46448257566068557,47.699999999999996,14.600000000000009,-1.0592686903346649,-0.3595418549711318,41164.0,12.033977329622168,131,attack,1
860.1665167173252,750.0,1140.6645337032594,1.3260973445658009,0.0,0.0,35.575783104018534,1605.0582370234272,1.163063829787234,1.0,1.564814439468243,1.3454243863421524,0.0,0.0,32.97140134462123,1432.7819047963014,81.77393978832184,100.1,39.55276942500325,0.48368428288264753,51.95,15.25,-0.9985983236458059,-0.5090190146784668,748.8061762917933,750.0,29.33454452141624,0.03917508355324411,0.0,0.0,-24.53122638594985,599.781067998722,83.44327283727658,100.9,38.62312533309574,0.4628668557669714,47.5,14.549999999999997,-1.07060952493527,-0.3344781250293698,41125.0,12.01751653372338,132,attack,1
860.586062785499,750.0,1105.1651284435072,1.2842005886853056,0.0,0.0,34.730695216010474,1554.6177569910737,1.1652249975702207,1.0,1.5294630485389986,1.3125903166584165,0.0,0.0,31.523740987210232,1341.245795454261,82.56040889523122,101.1,39.86586235607745,0.4828690033096499,52.25,15.25,-1.0019590027709766,-0.5034942689894479,748.807075517543,750.0,29.323512878117164,0.03916030421834626,0.0,0.0,-24.54051647993724,600.2369491020715,84.25823633766645,101.85,38.90649890854695,0.4617530653339151,47.662499999999994,14.600000000000009,-1.0741095867888208,-0.3283148984813562,41156.0,11.99512526514023,133,attack,1
863.6486807932231,750.0,1120.943024805872,1.2979155178889816,0.0,0.0,34.397034996157075,1531.5884683571398,1.170902206364232,1.0,1.5611648843525696,1.3333008306476268,0.0,0.0,30.768720939843913,1289.4994903847144,83.29207917555664,102.05,40.26093416622687,0.4833705025104244,52.5,15.299999999999997,-1.0057012944658033,-0.4988284849375111,748.8083205903056,750.0,29.308231505566393,0.039139831515843646,0.0,0.0,-24.553396920040615,600.8693003130597,85.02216794150344,102.85,39.26337722283886,0.4618016474227365,47.94999999999999,14.600000000000009,-1.0781153866167312,-0.321709238642514,41199.0,11.977297548373206,134,attack,1
864.7846415483006,750.0,1132.0354658650242,1.3090374313751003,0.0,0.0,34.457571821097936,1531.4147454992376,1.1737526647344847,1.0,1.5867272526218676,1.3518412356327234,0.0,0.0,30.383836791639407,1258.2710298996246,83.01171551661241,102.65,41.40515709237745,0.49878691019331356,54.199999999999996,15.799999999999997,-0.9666782565316538,-0.6061754048780799,748.8240197369997,750.0,29.11485566351409,0.03888077157800005,0.0,0.0,-24.717554769671825,608.9575137917266,84.75336098237084,103.45,40.461249442382154,0.47739993993628543,50.900000000000006,15.049999999999997,-1.0385512018815664,-0.43892212776029504,41749.0,12.000618640924293,135,attack,1
864.2112943860817,750.0,1102.56573811448,1.2758057494466333,0.0,0.0,35.27721458700877,1641.5449171281093,1.1744069971954176,1.0,1.5622602127521024,1.330254516945923,0.0,0.0,30.361609337741456,1294.125463560048,83.21053505473337,103.4,42.141610679676056,0.5064456159542368,55.24375,16.099999999999994,-0.9447865313544427,-0.6657133146779435,748.8331035794077,750.0,29.002371772171358,0.03873008769716587,0.0,0.0,-24.814046685980234,613.7369129340069,84.94636034653229,104.25,41.23480053260025,0.4854216280060262,52.2875,15.299999999999997,-1.014776647234339,-0.5090024674166362,42074.0,12.004376140878987,136,attack,1
858.5501860487024,750.0,905.1164286371938,1.0542382301526285,0.0,0.0,30.239990449010282,1280.9698197795842,1.1682209975978521,1.0,1.3336105884386737,1.1415738898555179,0.0,0.0,24.370494515347985,879.9304747052713,83.30335544371484,104.1,42.91755764520195,0.5151960256174777,56.550000000000004,16.44999999999999,-0.9174503529437917,-0.7355486310094403,748.8437661909472,750.0,28.869775432360473,0.03855246813258373,0.0,0.0,-24.928754089828786,619.4427804711555,85.05091294027602,104.95,42.025934808833284,0.4941267924818691,53.849999999999994,15.649999999999991,-0.986234215866158,-0.5867841581233479,42462.0,12.01900929199034,137,attack,1
859.569322784214,750.0,901.099849124687,1.0483155054975115,0.0,0.0,30.4413077333978,1312.030759638635,1.1711406235283037,1.0,1.3467187731644301,1.1499206381443425,0.0,0.0,23.9668174092258,858.212253191033,84.09040841178349,105.1,43.24996785328429,0.5143270043533731,56.6125,16.450000000000003,-0.9211244513880205,-0.7318450678307791,748.843929546953,750.0,28.86773922924214,0.03854974059375361,0.0,0.0,-24.930523771840225,619.5310155382905,85.85879213330038,105.95,42.34539545901136,0.49319812691131104,53.9,15.649999999999991,-0.9901898172297662,-0.5827598223345118,42468.0,12.002777895297328,138,attack,1
864.8354313934346,750.0,921.663372212276,1.0657095428286043,0.0,0.0,29.98594717333783,1279.1515537068717,1.1804735160259514,1.0,1.3939859094849596,1.1808701258947298,0.0,0.0,23.19149846412025,804.2131654550002,84.0503714593041,106.0,44.309081372011036,0.5271729393065777,57.949999999999996,16.574999999999996,-0.894867076817845,-0.8159227922756838,748.8114650915077,750.0,29.269601785858605,0.03908807910984876,0.0,0.0,-24.586017105661327,602.4722371198716,85.88881459559892,106.9,43.3911785409652,0.5052017395427953,54.5,15.699999999999989,-0.9658637456488547,-0.668293361273292,41308.0,12.029552387990334,139,attack,1
861.6128365881194,750.0,849.7743614720313,0.9862600989523704,0.0,0.0,27.55383643953127,1114.4070987014038,1.1775599913525978,1.0,1.330256441223578,1.1296719071574317,0.0,0.0,20.673502591445274,636.2130845251336,84.2308575007171,106.7,44.984372520551176,0.5340604839523118,63.95,16.89999999999999,-0.8710734999183347,-0.8714070885753213,748.8206865076505,750.0,29.156021010471687,0.038935918218885646,0.0,0.0,-24.682427439493015,607.2222243058375,86.08038216338787,107.7,44.102553312316566,0.5123415138725358,55.699999999999996,16.0,-0.9416772040753425,-0.7305874214795174,41631.0,12.049293137492725,140,attack,1
861.1320745674989,750.0,857.8563236005563,0.9961959947101171,0.0,0.0,28.11756027835821,1163.9914139144273,1.1784396415392726,1.0,1.3609242529231016,1.1548527433661926,0.0,0.0,20.735262927603912,638.0371202246118,84.81757124005573,107.6,45.42975072501421,0.5356172083309982,65.99375,17.05000000000001,-0.8656329130663559,-0.8869069372234732,748.8235970671395,750.0,29.12007887463282,0.0388877687464514,0.0,0.0,-24.713092201174657,608.7369261437593,86.68399399964059,108.6,44.55729299276701,0.5140198430745099,56.08749999999999,16.10000000000001,-0.9363910200418443,-0.74832439153213,41734.0,12.056643246902725,141,attack,1
861.6751688100976,750.0,875.3433460428986,1.015862331569419,0.0,0.0,28.19110519585685,1165.5068601799405,1.1806208393977715,1.0,1.4021214310135062,1.1876136556497858,0.0,0.0,20.594049133979507,622.6041826368375,85.29885233007526,108.45,45.91070017621555,0.5382335039932071,74.55,17.200000000000003,-0.8544746701325497,-0.913526597709061,748.8285652931212,750.0,29.058623489319974,0.03880544204125717,0.0,0.0,-24.765699271706403,611.3398604165991,87.18445891085874,109.5,45.04049231335607,0.5166114795689386,56.7,16.25,-0.9249756005497528,-0.778104204131636,41911.0,12.066121414459598,142,attack,1
863.763917697828,750.0,894.1132028070203,1.0351360880992595,0.0,0.0,27.89686429944427,1143.1034026872176,1.184965310063658,1.0,1.4456681322092813,1.2200088221414838,0.0,0.0,20.256532847729044,597.270016289766,86.07924868605558,109.4,46.1873162265139,0.5365673717130854,75.4375,17.25,-0.8543727209899673,-0.9154348904721354,748.8294590277281,750.0,29.047554386084542,0.03879061385191705,0.0,0.0,-24.77519823149775,611.8104474100093,87.98908529804737,110.45,45.293475614191486,0.5147624328718488,56.89999999999999,16.299999999999997,-0.9242817885631597,-0.7819993742438762,41943.0,12.056071615328051,143,attack,1
864.6252351392025,750.0,906.2232342509323,1.0481110166823115,0.0,0.0,27.801254569691686,1139.3637779964374,1.1872178329571106,1.0,1.479014950628157,1.2457822899646318,0.0,0.0,20.08270859036505,582.9432208388585,85.76443253357046,109.85,47.13670811137069,0.5496067159649209,81.1,17.89999999999999,-0.8125152542698413,-1.0036295367251005,748.8455605718585,750.0,28.847400866020603,0.03852249700724831,0.0,0.0,-24.94821368782108,620.4133662131835,87.68625882388073,111.0,46.28601973778825,0.5278594429573563,73.15,16.799999999999997,-0.8811698596707009,-0.8798324218130231,42528.0,12.085194995305276,144,attack,1
860.7910884369661,750.0,828.7719552900691,0.962802666550559,0.0,0.0,27.00059862518114,1204.4493503171088,1.1834967587933818,1.0,1.4200446078272861,1.1998719872076993,0.0,0.0,19.11072908315454,549.2906597559754,86.20985191493388,110.6,47.605991049736005,0.5522105651765927,87.15,18.150000000000006,-0.7997873996227377,-1.0301395057394094,748.8510449088484,750.0,28.778906824443286,0.03843074937278923,0.0,0.0,-25.007971783223525,623.3986527105044,88.1441300528188,111.85,46.75968904908134,0.5304912422535843,78.225,17.0,-0.8677769372399583,-0.9101823495777248,42731.0,12.091757653854263,145,attack,1
862.0778164653098,750.0,843.117459170685,0.9780062113506575,0.0,0.0,27.19750594445239,1225.3248114706646,1.186712780127591,1.0,1.4601809018050882,1.2304417094489326,0.0,0.0,19.118373488945714,545.4844069848551,86.9239833091494,111.5,47.91980528105394,0.5512840467817127,88.9,18.25,-0.7977972211741012,-1.0353622773484268,748.8527095553011,750.0,28.75808452780032,0.03840285834697457,0.0,0.0,-25.0261945789493,624.3104151034313,88.8930105379618,112.8,47.05005651182831,0.5292885934123647,79.1,17.049999999999997,-0.8659415990514976,-0.9155923749983752,42793.0,12.086837906684789,146,attack,1
863.7896576635361,750.0,861.8879544990497,0.9977984186918487,0.0,0.0,27.285006395528647,1233.5874773846515,1.1904406795460372,1.0,1.504591395862481,1.2638944734619133,0.0,0.0,19.107315793126048,540.5658629124665,87.48452511617715,112.35,48.3658437998454,0.5528502753557482,91.8,18.400000000000006,-0.7921010066136487,-1.0484344126953717,748.8558644636573,750.0,28.71857954554648,0.03834994277051591,0.0,0.0,-25.060840066476185,626.0457048374983,89.49349646475262,113.7,47.473099449007464,0.5304642384567568,80.05,17.14999999999999,-0.8609142642375489,-0.9279625585942837,42911.0,12.089264153180132,147,attack,1
865.7900104299455,750.0,880.9948036710343,1.017561756381941,0.0,0.0,27.28289603200952,1235.320162384996,1.1944373623826632,1.0,1.5485039637762783,1.2964296099104964,0.0,0.0,19.078752335991087,535.1911332449317,87.82523039184312,113.05,48.92916188087595,0.5571196530037262,97.0,18.750000000000014,-0.7784204258423176,-1.0759988608904485,748.8620697647468,750.0,28.64071829812441,0.038245652242904785,0.0,0.0,-25.129402553309088,629.4868726862571,89.859665161386,114.5,48.041194620055684,0.5346246787563113,88.14555899999999,17.400000000000006,-0.847273727974703,-0.9577364346585213,43145.0,12.087071100933526,148,attack,1
866.9486140379316,750.0,900.4596985879529,1.0386540609297923,0.0,0.0,27.476400548712277,1251.2694995478066,1.1974851214598337,1.0,1.5943263030828754,1.331395500880428,0.0,0.0,19.119330125841227,533.7012849657528,88.58456924822117,114.0,49.2291333857904,0.555730346758772,97.844055,18.80000000000001,-0.7786778415333637,-1.0767324963362916,748.8630711159484,750.0,28.62813383715153,0.038228796346560616,0.0,0.0,-25.140518984785796,630.0456948243752,90.64273167577517,115.5,48.322169955550194,0.5331058438132287,89.425,17.400000000000006,-0.8477186176999305,-0.9581219649693304,43183.0,12.082799581457056,149,attack,1
867.8426016260163,750.0,920.7290719892794,1.060940163877843,0.0,0.0,28.25089687770055,1324.7573343476538,1.2003484320557491,1.0,1.6424747961021733,1.3683316878993432,0.0,0.0,19.387380050607288,549.5031113601989,89.63302368870333,115.15,49.40944305280956,0.5512415069741393,95.0375,18.650000000000006,-0.7919527039277586,-1.053086622222155,748.8595586527293,750.0,28.67225220073966,0.03828788972437477,0.0,0.0,-25.101589936729557,628.0898173517223,91.7193408986295,116.6,48.47122290343492,0.5284733015799419,81.65,17.30000000000001,-0.8618663488409982,-0.930865556101784,43050.0,12.067722550674631,150,attack,1
871.158747956085,750.0,946.5175633663706,1.0865041137302387,0.0,0.0,28.12319527129234,1318.2758428367342,1.2065638869423032,1.0,1.697149564541523,1.4065973488088321,0.0,0.0,19.280559682539057,541.8937494288483,90.79046082253173,116.45,49.61259568463921,0.5464516341823293,94.9375,18.299999999999997,-0.8118451644686681,-1.0207935739785443,748.8531651483298,750.0,28.75238307912681,0.03839522140956919,0.0,0.0,-25.031188834540135,624.5604144704066,92.91908391160943,117.8,48.61979601180998,0.5232487661852138,79.20000000000002,17.049999999999997,-0.8830972236670618,-0.8925994895567917,42810.0,12.057999308333367,151,attack,1
869.6791351047115,750.0,929.5667871694351,1.0688617786116175,0.0,0.0,28.163694656642512,1385.7032796966037,1.2063272437325578,1.0,1.7098092551715136,1.417367686964531,0.0,0.0,19.154148087007055,538.7013254896666,91.8902553263295,117.65,49.7958607896714,0.5419057832936861,90.29999999999998,18.099999999999994,-0.8288738453388145,-0.989055083872409,748.8486198728923,750.0,28.809213380005193,0.03847134469566786,0.0,0.0,-24.981495685171502,622.075126668242,94.02812222028093,118.9,48.79163291649232,0.5189046826032271,77.39999999999999,16.900000000000006,-0.9009276631528381,-0.8570410218361513,42641.0,12.047560457515486,152,attack,1
872.5635044668891,750.0,950.5824735133635,1.089413513912826,0.0,0.0,28.723524858248666,1453.388231434913,1.2114716241748502,1.0,1.755870656640763,1.44937002369883,0.0,0.0,19.370962926434046,554.4473452484438,92.2283464180619,118.35,50.36211893889788,0.5460590034934749,98.77499999999999,18.400000000000006,-0.8147707608578711,-1.0177307732599117,748.8547969489865,750.0,28.731952819182002,0.03836785573951432,0.0,0.0,-25.04910120197195,625.4574710266326,94.40297176961116,119.75,49.34870099123631,0.5227452067046255,79.70000000000002,17.099999999999994,-0.8871305239029813,-0.8869779164246108,42871.0,12.046672798331072,153,attack,1
874.388207767899,750.0,971.0115306110982,1.1105039180364236,0.0,0.0,28.97174553388143,1484.1107521939912,1.2156059897051943,1.0,1.8049753860485596,1.4848358771959471,0.0,0.0,19.42270956681364,556.6369025132798,93.27694760072477,119.5,50.54837032853682,0.5419170719962974,93.91250000000001,18.25,-0.8287318386621848,-0.990778268545597,748.8512868507253,750.0,28.775881426587183,0.03842669690480657,0.0,0.0,-25.010617851534814,623.5310053155121,95.48832261733739,120.85,49.49812545341041,0.5183683627135288,78.55,17.0,-0.9024050962533956,-0.855030623034053,42740.0,12.02801332792921,154,attack,1
874.8179771107551,750.0,992.8008886561943,1.1348656687818637,0.0,0.0,29.086747186582468,1491.6841553816562,1.2173317547647236,1.0,1.8506417789221556,1.520244396548937,0.0,0.0,19.4879324717547,557.5146912949574,93.35504493405391,120.1,51.2955384402963,0.5494672352900855,102.43750000000001,18.700000000000017,-0.8071503027130669,-1.0346315557598609,748.8602734637974,750.0,28.66327934066447,0.03827587115562241,0.0,0.0,-25.10949770867741,628.4868751820758,95.58764839789217,121.55,50.27526799943228,0.5259598791483704,82.15,17.349999999999994,-0.8808853617477176,-0.9025564934296879,43077.0,12.05165764331109,155,attack,1
876.4630623958526,750.0,1015.2618383561551,1.1583623793350624,0.0,0.0,29.30041265709876,1510.0816151469155,1.220908165154601,1.0,1.898949414055863,1.5553581082123429,0.0,0.0,19.565408969768644,559.8918491038868,93.88262797241906,120.95,51.7427744701414,0.5511432262563256,103.771875,18.89999999999999,-0.7999362204208056,-1.0495544387905384,748.8637289390854,750.0,28.619863627496585,0.03821771908761334,0.0,0.0,-25.147829746704026,630.413340969211,96.1390412162794,122.45,50.73196116664662,0.5276936458365271,100.3625,17.450000000000003,-0.8739198223680985,-0.9191711457201954,43208.0,12.053032900146812,156,attack,1
876.7189702021831,750.0,1032.9440575235446,1.1781928903458472,0.0,0.0,29.633173725632634,1547.1852317088767,1.2225164647906783,1.0,1.9417602835265613,1.5883305783198864,0.0,0.0,19.687890745702607,565.9532829183773,94.1959521026067,121.7,52.33138783607907,0.5555587758067886,105.73960524999998,19.14999999999999,-0.7865140953427455,-1.0762189060230631,748.8694330585364,750.0,28.548049848065226,0.03812153172211761,0.0,0.0,-25.211489749652785,633.6192153968467,96.48595382494358,123.25,51.3379166134323,0.5320765829456972,102.10197924999999,17.650000000000006,-0.8612159191955489,-0.9473868539906358,43426.0,12.072137157684967,157,attack,1
877.7180436432201,750.0,1042.683443338635,1.1879480556314859,0.0,0.0,30.002978630875937,1611.7852792119397,1.225298351307227,1.0,1.9787816877635738,1.614938668327173,0.0,0.0,19.78869675886297,574.1338741700249,94.80670303687711,122.6,52.768731956555385,0.5565928385467623,106.39999999999999,19.299999999999997,-0.7845512414404116,-1.0810828472527798,748.8710708455012,750.0,28.52739680574244,0.038093869447425745,0.0,0.0,-25.229856989479014,634.5456837095635,97.12708118388558,124.2,51.78904983197092,0.5332091647428532,103.0,17.749999999999986,-0.86052608530434,-0.9511685624604755,43489.0,12.078096276650824,158,attack,1
876.7694093019022,750.0,1060.4688673858755,1.2095185531509791,0.0,0.0,30.58754027566661,1663.530751188015,1.2249704195867843,1.0,2.0188242039399107,1.6480595544673762,0.0,0.0,20.0285378173662,585.8779142504658,94.5800496288043,122.85,53.684024586478564,0.5676041067558197,108.3475,20.05000000000001,-0.7549163863505675,-1.1369820579811296,748.8828615636661,750.0,28.378265499270817,0.03789413131983959,0.0,0.0,-25.36327398677085,641.295667328007,96.917732950851,124.8,52.770223415911644,0.5444847068665186,106.9,18.14999999999999,-0.831007930785736,-1.0128530843440111,43948.0,12.112612201874574,159,attack,1
877.5670079687607,750.0,1077.673961859488,1.2280247001922964,0.0,0.0,30.920594230701745,1705.0221989707845,1.2274161690921062,1.0,2.062363302036887,1.6802477871563104,0.0,0.0,20.13235589325805,591.543331653836,95.15178991809071,123.65,54.10494333433181,0.5686171892394966,109.24933200000001,20.25,-0.7500683229868844,-1.1465945907361779,748.8853724430721,750.0,28.346405442511195,0.037851460965297457,0.0,0.0,-25.3919582977072,642.751546192501,97.52096753186369,125.7,53.19880965014663,0.5455115037980383,107.55000000000001,18.299999999999997,-0.8270101729324753,-1.0225222976727801,44047.0,12.12549941015707,160,attack,1
877.8656689342404,750.0,1096.8520120056667,1.2494531348256088,0.0,0.0,31.573884568803013,1767.8682712337436,1.2292517006802721,1.0,2.1083048467120316,1.7151124098874855,0.0,0.0,20.339724412961584,602.4701852295389,95.84572551321921,124.55,54.444679883740214,0.5680449450636285,109.70000000000002,20.35000000000001,-0.7486483643047436,-1.1496813289038519,748.8867120181405,750.0,28.329393088662208,0.037828676399289586,0.0,0.0,-25.4073012359853,643.5309560961007,98.23616390950112,126.6,53.54215403006929,0.5450350654917099,107.9,18.400000000000006,-0.8260199418142334,-1.0258001207361251,44100.0,12.132806066707113,161,attack,1
880.2942395736054,750.0,1124.3137464375845,1.2772022079596665,0.0,0.0,31.29801644118007,1741.4735079413022,1.2342664510397923,1.0,2.1650017379060524,1.754079709516672,0.0,0.0,20.218014652977686,593.8582387887532,97.10255535430268,125.85,54.4424309218582,0.5606693945716622,109.07500000000002,20.05000000000001,-0.764294985743182,-1.12148124249222,748.8817165114001,750.0,28.392782900029886,0.03791357469948015,0.0,0.0,-25.35022493416952,640.6339042129911,99.54119221697835,127.85,53.4816351736001,0.5372814408031367,106.65,18.099999999999994,-0.8429203282085316,-0.9927071424019465,43903.0,12.121095107171442,162,attack,1
882.1783845278726,750.0,1153.9482630512439,1.308066807450534,0.0,0.0,31.088167405838135,1713.528214369364,1.2382252559726963,1.0,2.2206589310503833,1.7934208015373823,0.0,0.0,20.15566071180459,588.161058021834,97.79992157875999,126.75,54.79468353341952,0.5602732870219369,109.4,20.150000000000006,-0.7636994636670087,-1.1230043114786206,748.8829124004551,750.0,28.377620798199196,0.037893267863781416,0.0,0.0,-25.363853788848488,641.3250790220835,100.2714788389761,128.8,53.82181688116962,0.5367609763450379,106.95000000000002,18.19999999999999,-0.8429660802639325,-0.9933499947427391,43950.0,12.122761787394493,163,attack,1
881.8343165615106,750.0,1159.8062170578708,1.315220098918628,0.0,0.0,31.6275439833927,1799.9049711344064,1.2393458305810536,1.0,2.2557831945754874,1.8201402214891773,0.0,0.0,20.28804077134299,598.2374546269216,98.72564211758018,127.8,54.98434888512862,0.5569409092284596,109.30000000000001,20.10000000000001,-0.7690299137488282,-1.112639650910642,748.8817165114001,750.0,28.392782900029886,0.03791357469948015,0.0,0.0,-25.35022493416952,640.6339042129911,101.23156291503996,129.85,53.99441030643439,0.5333752512716807,106.72500000000001,18.099999999999994,-0.8494653117394256,-0.9805520901153764,43903.0,12.117580269315804,164,attack,1
881.4514283108771,750.0,1177.4191050950735,1.33577309795885,0.0,0.0,31.968599666479907,1839.0691456693553,1.2404076328568496,1.0,2.3017272191163203,1.8556216183667689,0.0,0.0,20.373893765171065,602.1464872396332,99.60041542108706,128.85,55.2525814368396,0.554742479770237,109.25000000000001,20.05000000000001,-0.7746718838400372,-1.1029424865839375,748.880696714771,750.0,28.40570597769082,0.037930882852639215,0.0,0.0,-25.33862013480057,640.0456703357218,102.12803702516925,130.85,54.256631708328925,0.5312608886721037,106.45000000000002,18.099999999999994,-0.8561095395521732,-0.968374244556347,43863.0,12.122031997736942,165,attack,1
881.5146711867512,750.0,1198.574506459821,1.3596761864963898,0.0,0.0,32.08908033695375,1856.5285586343532,1.242320819112628,1.0,2.3533394692832195,1.8943089684065475,0.0,0.0,20.37163379149096,601.0886066900476,100.85187807209778,130.15,55.28821355025648,0.5482120373676295,108.0,19.75,-0.7920834661187403,-1.0704769706722501,748.8754151682433,750.0,28.472540411499693,0.03802039676399714,0.0,0.0,-25.278771052188542,637.0162659089649,103.40369213823669,132.05,54.27436144692853,0.5248783706327534,104.85,17.899999999999977,-0.8750849388187173,-0.9306301713732412,43657.0,12.11711149188259,166,attack,1
883.0773527459195,750.0,1205.7049467800016,1.3653446586880245,0.0,0.0,32.29282475697457,1917.0514448634667,1.2458851269372524,1.0,2.389005004889879,1.9175162727584265,0.0,0.0,20.407232116980037,605.9971167949149,101.62524960954234,131.1,55.57666155363127,0.5468784752525987,108.19999999999999,19.80000000000001,-0.7928318745307524,-1.0687886520356502,748.8760845180047,750.0,28.464078976666826,0.03800906393610769,0.0,0.0,-25.28633263089313,637.3986179201712,104.20840402618867,133.0,54.54420932384439,0.5234146884174222,105.02992649999999,17.94999999999999,-0.8765488779564062,-0.9273311331989147,43683.0,12.11232146322494,167,attack,1
883.4124635886144,750.0,1228.541185166103,1.3906767628968018,0.0,0.0,32.286427641898264,1918.7963434510025,1.247987339159155,1.0,2.44056278870065,1.9555989969778105,0.0,0.0,20.38675310530618,603.7046668553303,102.61878102769091,132.2,55.76020972650624,0.5433723648642812,107.875,19.700000000000017,-0.8023057415399446,-1.0500904152198223,748.8739191265855,750.0,28.491443144772767,0.03804571426122363,0.0,0.0,-25.261894758925923,636.1633268110489,105.22574048074496,134.1,54.72014157918538,0.520026196339274,104.30000000000001,17.849999999999994,-0.8872237300970204,-0.9050204396555985,43599.0,12.111476602533806,168,attack,1
883.6693350459894,750.0,1245.4703280043127,1.4094302909577527,0.0,0.0,32.4937828282472,1947.0466031586107,1.2498566415120307,1.0,2.485636936707123,1.9887376313015313,0.0,0.0,20.43479229183246,605.4590902960833,103.44282473138429,133.2,56.02898357018101,0.5416420492738339,108.125,19.700000000000017,-0.8054860706437764,-1.0434746383747588,748.873867467945,750.0,28.492095634823478,0.038046588180676584,0.0,0.0,-25.261312616689498,636.1339151181157,106.0698448233135,135.1,54.99150565156269,0.5184461780175612,104.35000000000001,17.849999999999994,-0.8911529947743486,-0.8969945543108095,43597.0,12.108380957682714,169,attack,1
885.083659468668,750.0,1272.7524666393901,1.438002445332057,0.0,0.0,32.35899423119726,1928.094372701752,1.253533772273125,1.0,2.542447019534024,2.0282237908306353,0.0,0.0,20.37191454527883,600.0871947020307,104.6074398275152,134.45,56.12559148716378,0.536535370521523,107.60000000000001,19.450000000000017,-0.8209267423335741,-1.012938775119736,748.8697453842258,750.0,28.544112476875128,0.03811625807132839,0.0,0.0,-25.214989303014598,633.7956855511401,107.26868281829272,136.25,55.04787825769277,0.5131775352452204,102.65,17.650000000000006,-0.9079314491775277,-0.8608185967209181,43438.0,12.101855789166214,170,attack,1
886.9080499572916,750.0,1297.256482537079,1.4626730274908963,0.0,0.0,32.31739921704999,1925.583448621378,1.2577048272041,1.0,2.596265086722416,2.064288082994767,0.0,0.0,20.339016519139584,597.4180624132317,105.72333225057415,135.6,56.20381330342781,0.5316122005142586,106.79999999999998,19.30000000000001,-0.8327285691991068,-0.9885136910322636,748.8665881755431,750.0,28.583889079236062,0.03816953450797522,0.0,0.0,-25.179679866373252,632.0162781730419,108.42770430378373,137.35,55.081826123303905,0.5080050940576979,101.13285299999998,17.55000000000001,-0.9210393803830841,-0.8316699850823386,43317.0,12.091499976452678,171,attack,1
889.4678763192002,750.0,1320.40738053086,1.4844913635273436,0.0,0.0,32.56501330780116,1966.5286548313832,1.2628448435474913,1.0,2.6487494608837427,2.097446471288642,0.0,0.0,20.391594014860686,602.9477718698394,106.80679446191711,136.75,56.30565587153828,0.5271729776668332,105.99999999999999,19.099999999999994,-0.8438139820971845,-0.9652627708018242,748.8637289390854,750.0,28.619863627496585,0.03821771908761334,0.0,0.0,-25.147829746704026,630.413340969211,109.5586885277958,138.45,55.13737820565928,0.5032679648375906,101.0000625,17.450000000000017,-0.9335424240856655,-0.8033463479203209,43208.0,12.07813879033995,172,attack,1
892.1203465013122,750.0,1349.629280501768,1.512833202151144,0.0,0.0,32.49574207409643,1951.822109366917,1.2681901576906105,1.0,2.7073992902092896,2.1348527851213546,0.0,0.0,20.352168428430684,599.2787589994454,107.91784660355496,137.85,56.45070620412912,0.5230896277193652,105.15,19.0,-0.8594813879456725,-0.9317454451999145,748.8597970226898,750.0,28.66926031115032,0.03828388227694064,0.0,0.0,-25.104226137479355,628.222169961702,110.72527809893404,139.6,55.24041590675121,0.4988961586295895,82.625,17.30000000000001,-0.9514925535161209,-0.7618798657851911,43059.0,12.065683480427447,173,attack,1
893.287758936649,750.0,1363.9672650460325,1.5269069248969342,0.0,0.0,32.74457322867649,1992.5196055909014,1.2711962699204342,1.0,2.749496502438033,2.1629205241533063,0.0,0.0,20.417365221381413,603.3770554443818,108.571368553087,138.8,56.88466291343883,0.5239379743622237,105.64999999999999,19.049999999999983,-0.860074752945664,-0.9301541420414998,748.86111948781,750.0,28.65265574043976,0.038261641571186104,0.0,0.0,-25.118866659184363,628.9574622418844,111.40643497063259,140.55,55.67708323644281,0.499765415266359,99.3,17.349999999999994,-0.9530993965968672,-0.7580776564061789,43109.0,12.067806328185926,174,attack,1
896.8052459624163,750.0,1389.253784055844,1.5491142478375572,0.0,0.0,32.771172130251976,1995.9498627265427,1.2773362374585815,1.0,2.801185960039115,2.192990285480682,0.0,0.0,20.43039317745175,604.0566532154838,109.2425880322361,139.75,57.29043749408391,0.524433176895976,106.19999999999999,19.099999999999994,-0.8603353180084293,-0.9291991455686945,748.8623861714207,750.0,28.636742465080278,0.03824032691972474,0.0,0.0,-25.13291353653355,629.6633428348717,112.12405492304839,141.5,56.05548672279129,0.4999416651606348,100.25,17.400000000000006,-0.9542288674184738,-0.7549745332410076,43157.0,12.065302166420155,175,attack,1
898.2626550298576,750.0,1410.2435428886051,1.5699679097109183,0.0,0.0,32.891858672120605,2008.1867790348217,1.2800872760679836,1.0,2.8429547523877012,2.2209069690313177,0.0,0.0,20.514746318070756,608.5493931494645,109.07606652647259,140.1,58.203334529046046,0.5336031668773111,108.35,19.80000000000001,-0.8343867490023139,-0.9813404103853358,748.8723932016536,750.0,28.510710466671757,0.03807152022894039,0.0,0.0,-25.244715919817892,635.2956818723068,112.00626414354618,142.15,57.012702004985236,0.5090135131363572,104.01203025000001,17.799999999999983,-0.9289279916083512,-0.8116387336152702,43540.0,12.088324853749365,176,attack,1
899.7891990846682,750.0,1430.445357047553,1.5897560878733679,0.0,0.0,33.42049828400306,2088.495008620525,1.2833409610983981,1.0,2.8879837543189297,2.2503635759020226,0.0,0.0,20.683326845456975,623.4057134791869,109.4383855986255,140.85,58.81273296812496,0.5374049758356781,109.30000000000001,20.05000000000001,-0.826708111918552,-0.9955992723282465,748.8765217391305,750.0,28.458550577026575,0.038001659487116424,0.0,0.0,-25.291275517709902,637.6486173127116,112.41929452826088,143.0,57.6255663709647,0.5125949830300556,105.39999999999999,17.94999999999999,-0.9224145331620025,-0.8249975516046408,43700.0,12.090488774443564,177,attack,1
898.8561920175059,750.0,1445.1757777674306,1.6077942062385935,0.0,0.0,33.99761589568244,2165.45840178519,1.2832850858197897,1.0,2.928004584076281,2.28164779317591,0.0,0.0,20.85919065386115,635.6618424340908,109.75117666810492,141.55,59.46231419566005,0.5417920426992611,110.15,20.349999999999994,-0.8175784478705663,-1.0142116069600484,748.880900822867,750.0,28.40311995048671,0.037927419325659774,0.0,0.0,-25.340941519820618,640.1633171109685,112.75893935196375,143.85,58.31727201174213,0.5171853544108963,106.75000000000001,18.099999999999994,-0.9141853522882465,-0.8445983660484147,43871.0,12.106734341843119,178,attack,1
898.9460726846424,750.0,1457.6049988421432,1.6214598885660663,0.0,0.0,34.341503653925635,2207.647991333777,1.283975110469835,1.0,2.9599143888613786,2.3052739610959283,0.0,0.0,21.01153885938575,644.0202463011493,109.32950581088811,141.8,60.51357134714054,0.5534971634447287,112.15,21.150000000000006,-0.7860701844663067,-1.0746194279693937,748.8931373433132,750.0,28.247649339141592,0.03771919908272853,0.0,0.0,-25.481280443723463,647.2956530516832,112.36543148466951,144.35,59.44383215619923,0.5290224170438877,109.64999999999999,18.650000000000006,-0.882160020030291,-0.9135424530977998,44356.0,12.137000291563485,179,attack,1
899.4346709541993,750.0,1470.3362695307633,1.6347338133751297,0.0,0.0,34.727536036930864,2252.8053202813344,1.2852995690136442,1.0,2.993047080437196,2.3286766389675986,0.0,0.0,21.16673253574627,652.3761377814836,109.11093180818995,142.1,61.3928879486364,0.5626648671332143,113.9,21.900000000000006,-0.7590891372111448,-1.1253067454753123,748.9036421696702,750.0,28.113490587367657,0.037539529793070917,0.0,0.0,-25.603625494401417,653.5456384575615,112.16629540834283,144.85,60.374615596672825,0.5382598701051707,111.39999999999999,19.200000000000017,-0.8541025725247361,-0.97225059151131,44781.0,12.159347422909537,180,attack,1
898.7007569836768,750.0,1486.985951450813,1.6545951918874608,0.0,0.0,34.96756015387619,2285.212531189135,1.2858004153361766,1.0,3.037642942525426,2.3624529174935947,0.0,0.0,21.22185191140637,654.9866051840733,109.91374095156388,143.05,61.67688617889564,0.5611389954061798,113.9,21.94999999999999,-0.7614244182518072,-1.1210263797560598,748.9036911327959,750.0,28.1128637635697,0.0375386903502185,0.0,0.0,-25.604199853817835,653.575050154245,112.98614964305652,145.85,60.66622650524794,0.5369350729881797,111.5,19.200000000000017,-0.8569118799371008,-0.9674432773319563,44783.0,12.158717505444459,181,attack,1
901.0539054880752,750.0,1501.516719614058,1.6664005454820479,0.0,0.0,35.111597771282206,2311.9011465047547,1.289764163489671,1.0,3.0737849532017623,2.383214730424147,0.0,0.0,21.297788913343915,659.6510623728847,109.88646501863026,143.65,62.44242519057305,0.5682449169694056,115.39999999999999,22.44999999999999,-0.7412674422309287,-1.1569524620141007,748.9117829594823,750.0,28.009078651868602,0.03739970352874519,0.0,0.0,-25.699651704571224,658.4720977362708,112.99584917308717,146.5,61.47072475916166,0.5440086977442927,112.75000000000001,19.599999999999994,-0.8367469125537316,-1.0081286477112195,45116.0,12.16781432314016,182,attack,1
901.6063698206556,750.0,1522.5944215457946,1.6887573918190748,0.0,0.0,35.10999865449181,2313.7267924166035,1.2916556232882763,1.0,3.1189556351812917,2.4146959754188226,0.0,0.0,21.315890744611334,660.2392425454291,110.29282204090339,144.35,62.942867514305746,0.5706887025790549,116.15,22.75,-0.732279648424527,-1.1732276613607246,748.915628589098,750.0,27.959619048092893,0.03733346986063939,0.0,0.0,-25.745388588450552,660.8250335703207,113.42380001126426,147.25,62.00573906204237,0.546673088504216,113.35,19.900000000000006,-0.8281422461843453,-1.0265496999068084,45276.0,12.179028505039707,183,attack,1
909.153286021406,750.0,1578.1378306469376,1.7358325102174028,0.0,0.0,34.4566380803282,2226.790860999547,1.3074273561571002,1.0,3.2389540386215137,2.4773491417081237,0.0,0.0,20.86455194342078,631.8041626754502,111.52968575695641,146.65,63.271017617041394,0.5673020343204456,116.325,21.650000000000006,-0.734326072484753,-1.1788510731296136,748.8650685406506,750.0,28.60301460043884,0.038195151305667,0.0,0.0,-25.16273711478856,631.1633391079574,114.82912605742159,149.45,62.25106390339847,0.5421191124651521,113.55,18.80000000000001,-0.8353006590341315,-1.0242423645473882,43259.0,12.164048860106876,184,attack,1
909.2565642618802,750.0,1591.9599539296757,1.7508369106160957,0.0,0.0,34.74710972030203,2266.438353016983,1.3086641353123922,1.0,3.277405233401794,2.5043898926896486,0.0,0.0,20.960059357053783,637.1411463565171,111.86105897874536,147.3,63.803406005727346,0.570380850925527,117.975,22.049999999999983,-0.7233060682643353,-1.197555878969914,748.8701875503394,750.0,28.538537322075957,0.0381087908111679,0.0,0.0,-25.21994617236128,634.0456849368001,115.18375489695087,150.2,62.797487526152295,0.5451939605748576,114.37248749999999,19.100000000000023,-0.8238824534445013,-1.0461519116011393,43455.0,12.172596853518346,185,attack,1
910.5884424672134,750.0,1615.8073705809559,1.774465054929724,0.0,0.0,34.833885334547965,2276.949129394934,1.31264192038556,1.0,3.33534575670179,2.5409410631363234,0.0,0.0,20.934920593769878,634.923261590179,113.38235568563918,148.8,63.71206537529619,0.5619222231715005,115.85000000000001,21.5,-0.7466152855968161,-1.1557756968816584,748.8624125307011,750.0,28.63641122039331,0.03823988324319763,0.0,0.0,-25.133206096330003,629.6780486806001,116.75315692089531,151.6,62.657161021373035,0.5366635273410691,113.20000000000002,18.650000000000006,-0.8498486999779485,-0.9949561465561998,43158.0,12.152415203923905,186,attack,1
914.3137106858882,750.0,1646.5186979460775,1.800824682713019,0.0,0.0,34.728195127514,2268.8603432768955,1.3209777505131775,1.0,3.410531545795198,2.581823610935358,0.0,0.0,20.789728647414556,626.0618954276697,115.0876915796807,151.0,64.26241791672534,0.5583778511382637,115.1,20.19999999999999,-0.7923365163516946,-1.095690722005344,748.8416110232877,750.0,28.896625688217576,0.038588434807636435,0.0,0.0,-24.905441549184822,618.2810187598618,118.55503829110727,153.35,63.11728589053467,0.5323880519995501,112.1,17.799999999999983,-0.9011132889467384,-0.9149875034893826,42383.0,12.164559722264912,187,attack,1
915.0098633392751,750.0,1668.2609154214806,1.8232163195850806,0.0,0.0,34.80405086771765,2282.8626581783456,1.324230540701129,1.0,3.467862288554266,2.618775343089555,0.0,0.0,20.755921018215925,623.5628117873638,116.68316099655324,152.5,64.10379082190052,0.5493833923799348,114.05000000000001,19.650000000000006,-0.8179204296248385,-1.0460550146241967,748.8331313131313,750.0,29.00202767716073,0.038729626754499556,0.0,0.0,-24.81434300516181,613.7516187778231,120.21057067579322,154.6,62.89590284771403,0.5232144102979404,110.82500000000002,17.5,-0.9301211068553892,-0.8529809320228536,42075.0,12.145251005615757,188,attack,1
916.7768618600784,750.0,1679.7206570900219,1.832202280587647,0.0,0.0,35.20541862330657,2338.7585667109097,1.3281149780258938,1.0,3.508603702157506,2.6417921341213124,0.0,0.0,20.84837094872136,628.7866013051013,117.40628100380312,153.45,64.48510398655414,0.5492474800770266,114.33333333333334,19.700000000000017,-0.8194981364002065,-1.043216543473571,748.833685710892,750.0,28.9951483478698,0.03872041135588575,0.0,0.0,-24.820268645897656,614.0457356545303,120.96435490625964,155.6,63.262216886522346,0.5229823028076899,110.95000000000002,17.5,-0.932123308781686,-0.848864228733655,42095.0,12.141215732184673,189,attack,1
918.3021034326687,750.0,1699.3837816965104,1.850571587873001,0.0,0.0,35.400116753452394,2363.433840160838,1.3320231544343601,1.0,3.5597698309077566,2.6724534172376324,0.0,0.0,20.873179419240458,629.6589143947305,118.53578237471382,154.65,64.58746152845458,0.5448773377500603,113.85,19.5,-0.8313796874025052,-1.0190424999054868,748.8304628504728,750.0,29.035116752210143,0.038773952440030346,0.0,0.0,-24.78588020990704,612.3398577798613,122.13571998363466,156.7,63.320388399056284,0.5184428307094827,110.32500000000002,17.350000000000023,-0.9455958002277701,-0.8184964999363409,41979.0,12.12259617066542,190,attack,1
919.9372349044464,750.0,1718.5779775295512,1.8681469912543103,0.0,0.0,35.714608536096776,2415.1345715215994,1.3358194729066386,1.0,3.6080099355196262,2.7009712080846366,0.0,0.0,20.94468696340962,636.018502800607,119.36501116622902,155.65,64.88486728174937,0.5435836401957855,113.79999999999998,19.5,-0.835375010246734,-1.0104010278270634,748.8301005575943,750.0,29.03960627680092,0.03877996658411225,0.0,0.0,-24.782023359941647,612.1486818126933,123.00441382068817,157.7,63.59585730128469,0.5170209371022463,110.25000000000001,17.350000000000023,-0.9507285404233987,-0.8064672920195699,41966.0,12.112823688225685,191,attack,1
921.653946705682,750.0,1741.534545279443,1.8895753134940776,0.0,0.0,35.69915477290937,2420.5026548432534,1.3404168565466625,1.0,3.666248787664502,2.735155686649538,0.0,0.0,20.892514238738457,632.7892639294195,120.96435737164651,156.95,64.65537714819625,0.534499405883267,112.65,19.150000000000006,-0.8585361163510439,-0.9630429899050514,748.8224402177824,750.0,29.134370007268707,0.038906913632015976,0.0,0.0,-24.70089040044529,608.1339865748105,124.67030626891804,158.95,63.271053550024334,0.5075070034202575,108.5,17.099999999999994,-0.9768138742789245,-0.7472022753522869,41693.0,12.089926631247264,192,attack,1
922.2110311750599,750.0,1758.5325217891377,1.9068656330736538,0.0,0.0,36.4056933778698,2521.830070016532,1.3427338129496402,1.0,3.712296142035389,2.7647297671609468,0.0,0.0,21.0624689939007,646.4653471006231,121.72065341537952,157.95,65.02749471051726,0.5342355047060647,112.8625,19.150000000000006,-0.8616614275286122,-0.9563222069801562,748.8226378896883,750.0,29.13192856826142,0.03890364299129662,0.0,0.0,-24.702974061367645,608.2369274766023,125.44877596501196,159.9,63.64295698690004,0.5073222635878907,108.55000000000001,17.099999999999994,-0.9804685435228354,-0.738918838158046,41700.0,12.085465390013503,193,attack,1
924.4193980573233,750.0,1773.328755009086,1.9183162520558898,0.0,0.0,36.612794300928506,2555.2613201766485,1.3470022489114313,1.0,3.7539748122227876,2.7869105751356624,0.0,0.0,21.118187754862564,649.6950503873279,122.23456959897463,158.825,65.50764728745337,0.5359175190976652,113.29999999999998,19.325000000000017,-0.8564292889197253,-0.9661656205311155,748.8253983444184,750.0,29.09781274049005,0.03885794045557554,0.0,0.0,-24.732126882081136,609.6781001113601,126.01435880350732,160.85,64.11089700048493,0.5087586653553686,109.2116575,17.200000000000017,-0.9757533125324009,-0.7491296803388909,41798.0,12.083242902223805,194,attack,1
925.921022345833,750.0,1789.4931100359686,1.9326627939629932,0.0,0.0,36.849969205007724,2591.7442618378236,1.3508439627889135,1.0,3.8019478216093265,2.814498140673431,0.0,0.0,21.150524248406697,651.3941220556495,123.29734904760086,159.9,65.63494142040466,0.5323305158415471,113.1625,19.200000000000017,-0.8657179731321254,-0.9464370577762273,748.8228637191905,750.0,29.129139103667583,0.03889990612598475,0.0,0.0,-24.705355172950235,608.354574221619,127.14050461247241,161.9,64.17723671052902,0.5047741229763317,108.56250000000001,17.099999999999994,-0.9868845526435076,-0.7231021422156014,41708.0,12.071830292508604,195,attack,1
928.2249338146811,750.0,1813.7168019920764,1.9539625966933813,0.0,0.0,37.0901867582574,2628.264148434393,1.355956678700361,1.0,3.8586374602789713,2.8456937606423724,0.0,0.0,21.18147900311669,654.7638508192761,124.5546046447991,161.1,65.64719144947415,0.5270555162266762,112.85,19.0,-0.8810527375240407,-0.9135069799600566,748.8183874849578,750.0,29.184379858491166,0.03897390922318587,0.0,0.0,-24.658285646612356,606.0310510299291,128.46233302830322,163.05,64.11663689810352,0.49910845760505645,107.349918,16.94999999999999,-1.004558357826348,-0.681042867864921,41550.0,12.054608083659076,196,attack,1
928.3714216751147,750.0,1834.539908097977,1.9760839953343348,0.0,0.0,37.424153906169344,2678.737974640759,1.3580979966208062,1.0,3.91163948237447,2.8802336003052336,0.0,0.0,21.236897693266872,659.5844006625103,125.67510266891813,162.2,65.77206179884931,0.5233499746733528,112.50000000000001,18.900000000000006,-0.8940608155365996,-0.884886359320364,748.8149650012068,750.0,29.226545488310556,0.03903039716662641,0.0,0.0,-24.622476518486806,604.2663499034348,129.63009912780592,164.15,64.21247230180178,0.4953515636711264,106.38958124999999,16.849999999999994,-1.0199961220487228,-0.6438854573063733,41430.0,12.045168962928711,197,attack,1
936.2624650977264,750.0,1883.2021191308672,2.0114040553086787,0.0,0.0,36.88605331338285,2607.378007600378,1.3742271639409653,1.0,4.023432672697681,2.9277784476035302,0.0,0.0,20.901480187826603,638.6621767432894,123.97055856566406,160.8,66.77223041497795,0.5386136126797428,114.44999999999999,20.899999999999977,-0.8310020897120661,-1.0003173489640786,748.7760271240527,750.0,29.702025298503294,0.03966743621932549,0.0,0.0,-24.225689898808508,584.884051073232,128.06817440688573,163.65,65.3014090782748,0.5098956815828851,110.35000000000001,18.0,-0.9557029272386239,-0.779064023832285,40112.0,12.045676419784622,198,attack,1
943.0858125358203,750.0,1933.1565751823161,2.0498204399707167,0.0,0.0,36.53338420123108,2561.321754664736,1.3907153649768145,1.0,4.152833794516811,2.9861134054458693,0.0,0.0,20.53112906451659,615.888379265539,123.37472255266435,159.95,67.12170567758476,0.5440474700879903,114.84166666666665,22.450000000000017,-0.8005268583496387,-1.0443782131686732,748.7209920283436,750.0,30.36128940187343,0.04055087238788688,0.0,0.0,-23.696028667751317,559.5017746228926,127.59093990272494,163.1,65.66965581357978,0.5146890199542866,110.85,19.25,-0.9257190095075104,-0.8302787500279067,38386.0,12.02106826081627,199,attack,1
943.6604780030555,750.0,1949.170752457936,2.0655424253675534,0.0,0.0,36.72463120725845,2584.1804452816486,1.3923975245345555,1.0,4.191935675602281,3.010588285126076,0.0,0.0,20.60853878944686,619.687695740929,123.44738576461147,160.6,67.84045905975917,0.549549580491861,116.56666666666666,22.849999999999994,-0.7840134701539619,-1.075067950148314,748.7287086667185,750.0,30.269723503448112,0.04042815929597548,0.0,0.0,-23.768219001124375,562.9282344854104,127.71008869395894,163.75,66.41094462079901,0.5200132996535962,111.825,19.650000000000006,-0.9088804595819197,-0.866061475465751,38619.0,12.0265867706741,200,attack,1
942.7881953378275,750.0,1950.035251337778,2.068370457946841,0.0,0.0,37.46137246446285,2681.4510365998635,1.3920907734266454,1.0,4.218019998269722,3.0299891923620925,0.0,0.0,20.797930662819557,630.0509630944049,123.47394527762395,161.15,68.60629677422598,0.5556337948056064,119.4,23.349999999999994,-0.7673542610259759,-1.1060178021469014,748.7367879380436,750.0,30.173554713011463,0.04029928166893846,0.0,0.0,-23.84450830269048,566.5605761970749,127.7560776166315,164.35,67.21830682967068,0.5261456682427145,112.98750000000001,20.05000000000001,-0.8912224162513602,-0.9034492179550275,38866.0,12.033475849176025,201,attack,1
942.5706187028113,750.0,1970.15735414934,2.090196018268338,0.0,0.0,37.559995072762554,2695.033652379079,1.3937176282629422,1.0,4.2701908098887404,3.0638851968966527,0.0,0.0,20.803384788300136,629.7056276845179,124.44279834202337,162.25,68.81773118127464,0.5530069405232543,118.80000000000001,23.25,-0.7747396988177192,-1.0920420128214752,748.7348674208262,750.0,30.196442865354854,0.040329954139003595,0.0,0.0,-23.826307557143362,565.6929318075871,128.7633433760404,165.45,67.40416338883163,0.5234732309799113,112.67500000000001,19.950000000000017,-0.899894971154008,-0.8849966299220373,38807.0,12.023735519948495,202,attack,1
943.5412443874278,750.0,1985.7264101831279,2.1045464859062037,0.0,0.0,38.242441026422455,2794.5063342233707,1.3961257216164207,1.0,4.310808692570049,3.0876937698555094,0.0,0.0,20.981447290516037,643.4194802941219,124.6580758180763,162.95,69.51119455292883,0.557614852441427,120.8,23.600000000000023,-0.7649190932459802,-1.1101342482004963,748.7403207184093,750.0,30.131406363063476,0.04024279917789478,0.0,0.0,-23.878096918794743,568.1635124633551,129.00575391889674,166.2,68.13481852444312,0.5281533300233885,113.5,20.200000000000017,-0.8900319062647655,-0.9059454372724112,38975.0,12.018172642334227,203,attack,1
943.8379125803395,750.0,1999.6840095674236,2.1186731142220463,0.0,0.0,38.452086062121175,2829.059497858262,1.397946380559752,1.0,4.353160258100114,3.113967973762387,0.0,0.0,21.02979034508443,646.0637124198705,125.19461941984336,163.85,69.98176084059375,0.5589837739424577,121.69999999999999,23.700000000000017,-0.7617117594813038,-1.1158452614411758,748.7428366578752,750.0,30.10135334740494,0.04020252598578011,0.0,0.0,-23.902103836064818,569.3105677900247,129.56549485335316,167.05,68.62383044616627,0.5296458792816495,113.9,20.349999999999994,-0.8871521633865774,-0.9121925191068101,39053.0,12.014637982817508,204,attack,1
942.6949552337231,750.0,2005.6198888157837,2.127538582529625,0.0,0.0,38.81365489782744,2887.297383138818,1.3967839297943034,1.0,4.378654533348807,3.1348116483510995,0.0,0.0,21.158784236590915,653.7698929726082,124.77771082304474,164.25,70.95914229959725,0.5686844375613602,124.69166666666666,24.349999999999994,-0.7343107971270242,-1.1644070708517877,748.7547619651508,750.0,29.958492008071733,0.04001108711408247,0.0,0.0,-24.016880547139824,574.8105512155829,129.18438724612574,167.55,69.6995712798442,0.5395355643639089,115.92500000000001,20.94999999999999,-0.8592698353386267,-0.9700682341300473,39427.0,12.03658339974379,205,attack,1
942.1236151603498,750.0,1992.1537701100112,2.114535436807776,0.0,0.0,39.74275139538261,3058.8276931291102,1.397642286728356,1.0,4.400814582327402,3.148741723197975,0.0,0.0,21.317062250028222,665.2742168658627,125.46890141341603,165.2,71.32659247380127,0.5684802502476882,125.1,24.44999999999999,-0.7348550964609055,-1.1625440342107374,748.7553302066168,750.0,29.951667531676833,0.04000194232128105,0.0,0.0,-24.022390728405355,575.0752563081757,129.93117937411586,168.5,70.06193863618718,0.539223448703218,116.2,21.0,-0.8612853780530632,-0.9658966413772117,39445.0,12.02463036679849,206,attack,1
942.531221628165,750.0,2004.5499438557717,2.1267729894326837,0.0,0.0,40.00566687852985,3098.9327394563597,1.3991223645717745,1.0,4.43716992983562,3.1713951847190236,0.0,0.0,21.398949810572134,669.8801597232771,125.56323117166468,165.9,72.07122347008834,0.5739835045464515,126.80000000000001,24.75,-0.7224119057665569,-1.184479132185589,748.7618279027539,750.0,29.87351978038816,0.03989722588297865,0.0,0.0,-24.085667209455234,578.1193649246276,130.0474647934026,169.2,70.8484507519187,0.5447891726645401,118.50000000000001,21.350000000000023,-0.8482486326296119,-0.9924583715107476,39652.0,12.031306572178664,207,attack,1
941.9477589491628,750.0,2005.9683460095428,2.1295961765941263,0.0,0.0,40.956954862969155,3244.75553086296,1.3991527123232728,1.0,4.463493449444016,3.190140297146299,0.0,0.0,21.61979157160552,685.020390483756,125.61650945610268,166.6,72.76477567709951,0.579261245135358,129.2,25.05000000000001,-0.7063362924719313,-1.2125561509218332,748.7692770480297,750.0,29.783674930036156,0.039776838931554724,0.0,0.0,-24.158823778002688,581.6487663365872,130.12650826629397,169.9,71.57434867992463,0.5500366499764459,121.35,21.69999999999999,-0.8311765977251963,-1.0268176835751934,39892.0,12.036701820813336,208,attack,1
941.4611631149173,750.0,2013.3296372617676,2.138515868886686,0.0,0.0,41.30917644871746,3305.4673139807587,1.399173471420036,1.0,4.4931891313394905,3.2113166974065805,0.0,0.0,21.725736762025807,691.4920954029321,125.56595400559189,167.2,73.49598297105045,0.5853177603204243,132.35,25.5,-0.6879147250761872,-1.2434077564144965,748.7777335192193,750.0,29.681348752602876,0.039639732091260205,0.0,0.0,-24.242680918445053,585.70757811354,130.09574020177752,170.55,72.3584405984964,0.556193773034144,124.35000000000001,22.149999999999977,-0.811787260043136,-1.0646339130945832,40168.0,12.047221092390444,209,attack,1
940.9229431637519,750.0,2025.169696128277,2.1523225794865435,0.0,0.0,41.72372753416023,3361.1179906402194,1.3997913354531002,1.0,4.533131210687736,3.238433540682262,0.0,0.0,21.81352635570714,695.9030912118843,126.08586445295033,168.0,73.91875313419997,0.5862572577418714,133.3625,25.69999999999999,-0.6830375226567444,-1.2510607090414525,748.7804054054054,750.0,29.64894410130204,0.03959631406920895,0.0,0.0,-24.269357058796952,587.0016920473773,130.6535897745926,171.4,72.79410602988435,0.5571535091800452,125.3125,22.299999999999983,-0.8075957253473844,-1.07270378051737,40256.0,12.041520104258138,210,attack,1
941.3675889328064,750.0,2031.135067726036,2.1576428715042746,0.0,0.0,42.31921159979418,3461.3782516047477,1.4003142415240715,1.0,4.554194635453486,3.2522661702681823,0.0,0.0,22.00822312325871,709.894258482475,125.44649682448741,168.25,74.9292508300754,0.5973004645550936,141.35,26.55000000000001,-0.6508712603899398,-1.3029743185689135,748.7946873542337,750.0,29.475124285899923,0.039363426028096365,0.0,0.0,-24.41344666535296,594.0163780820335,130.02320203353543,171.7,73.88031639069845,0.5682087137928147,130.45,23.05000000000001,-0.7728624775893375,-1.137599870502988,40733.0,12.060554656047193,211,attack,1
937.7768613192122,750.0,2032.5520979148803,2.1674154926957776,0.0,0.0,43.00841200441169,3566.6391598407545,1.3962761414382976,1.0,4.58008518539802,3.2802144572062195,0.0,0.0,22.1665756211235,719.023000611127,125.44765459039809,168.85,75.67778160665976,0.6032618294360063,145.875,27.0,-0.6364826040360109,-1.3261710242050229,748.801922936138,750.0,29.386667920289913,0.03924491513731886,0.0,0.0,-24.48742565248196,597.6340150858316,130.00059637668076,172.35,74.71548786777736,0.5747318854698705,133.3,23.450000000000017,-0.7572073204058037,-1.1671821307207686,40979.0,12.076402250840339,212,attack,1
937.0310947383728,750.0,2030.8526096023882,2.1673268059150375,0.0,0.0,43.83624592185538,3693.255699804151,1.3958944281524928,1.0,4.602036698934617,3.2968372149930762,0.0,0.0,22.35312728233107,729.9078063950932,125.3962160318379,169.3,76.36638973161702,0.6090007509654655,150.10000000000002,27.549999999999983,-0.6188105338942019,-1.3530185695727885,748.8101112430625,750.0,29.286239896152946,0.039110369179625945,0.0,0.0,-24.571956831530766,601.7810625306124,129.9506657811735,172.9,75.47412716095965,0.5807906154790466,138.89999999999998,23.94999999999999,-0.738325657583729,-1.2011112050456922,41261.0,12.085054252867591,213,attack,1
938.1089746694435,750.0,2048.3981524079604,2.1835396608690836,0.0,0.0,43.90751759122615,3707.2705008999114,1.3988230735700102,1.0,4.648039521190638,3.322821598394235,0.0,0.0,22.365839578904087,730.2602823159077,126.16203018390804,170.25,76.59525860934112,0.6071181519327741,150.580625,27.599999999999994,-0.6176507564293141,-1.3545060715251689,748.8110621397782,750.0,29.274554853057758,0.039094714719362905,0.0,0.0,-24.581829779877634,602.2663553268791,130.75308536881872,173.85,75.6818529228204,0.5788150444736548,139.8875,24.0,-0.737313532098283,-1.202774600431553,41294.0,12.074980590926925,214,attack,1
938.7699628037293,750.0,2063.4039685601624,2.197986780912336,0.0,0.0,44.318121619625785,3777.9239544289967,1.400922660741027,1.0,4.689267492973187,3.3472707840222733,0.0,0.0,22.45843619988441,737.6291540400564,126.65768802501002,171.05,76.98709978588764,0.6078359788999594,152.4,27.849999999999994,-0.6116668079375405,-1.363075004941213,748.8141635669774,750.0,29.236410460184814,0.039043613065379436,0.0,0.0,-24.61411355932255,603.8545863112269,131.2832314457031,174.75,76.07900125292483,0.5795028078996519,142.9,24.150000000000006,-0.7313178436986226,-1.2131912056298133,41402.0,12.071486131220977,215,attack,1
940.2214787878788,750.0,2090.0047416305197,2.222885552800736,0.0,0.0,44.40156910347174,3790.984717205556,1.4050181818181817,1.0,4.749217125242825,3.380181969671766,0.0,0.0,22.45081389168356,738.2094596665072,127.92495460613792,172.3,77.02244489606946,0.6020908518842959,150.85000000000002,27.55000000000001,-0.623543554735049,-1.3448428441065303,748.8097939393939,750.0,29.290138021028042,0.03911559151348211,0.0,0.0,-24.568664967101093,601.6192982656612,132.6008000980606,175.95,76.06553004647937,0.5736430699530288,138.85,23.94999999999999,-0.7447261006793597,-1.189668965221391,41250.0,12.048074299685892,216,attack,1
939.6626060212883,750.0,2099.0838132045815,2.2338696887093388,0.0,0.0,44.715500892854884,3837.812363627441,1.4045267786347582,1.0,4.77593125807843,3.4003846211609985,0.0,0.0,22.567770259238443,744.8524910844949,127.63950757127849,172.6,77.80414982178934,0.6095616576892597,155.85,28.25,-0.6007728626240268,-1.3780835702163077,748.820346476369,750.0,29.160217105258177,0.0389415395060695,0.0,0.0,-24.678852367768265,607.0457541901022,132.32022877243566,176.45,76.90470502157793,0.5812014212417864,148.875,24.5,-0.7200032429200388,-1.23194929156437,41619.0,12.06175486800851,217,attack,1
940.2364953729166,750.0,2113.4019911527575,2.247734481221706,0.0,0.0,45.38338666186413,3951.109377709667,1.4061550969654941,1.0,4.812941912577723,3.422767462112914,0.0,0.0,22.729572110491514,758.4794237597408,127.88720607009584,173.15,78.3040186308754,0.6122896968126463,158.9,28.69999999999999,-0.5891755607115684,-1.3943761604437785,748.8259881871876,750.0,29.09051778696796,0.03884816799346454,0.0,0.0,-24.738369445481883,609.9869228211512,132.5926854738277,177.15,77.41230579354145,0.5838354168399567,152.39999999999998,24.799999999999983,-0.7076573224138256,-1.252159138762534,41819.0,12.065287971639853,218,attack,1
946.0046009993569,750.0,2158.260360976001,2.28144805923356,0.0,0.0,45.098311481960906,3895.3325103601737,1.4207440755949141,1.0,4.935613148213727,3.4739635610636044,0.0,0.0,22.416439236527548,736.8983245238624,126.93345694490165,174.55,79.64515109147213,0.6274559364285172,165.172265,28.599999999999994,-0.5431277061964968,-1.4659957303219644,748.7855340622372,750.0,29.586643600631252,0.03951284079984922,0.0,0.0,-24.320807653529226,589.5016849199661,131.74749062341067,178.35,78.85153009852586,0.5985049865117845,162.14999999999998,24.30000000000001,-0.6617479180572117,-1.3364169480265966,40426.0,12.070939846275323,219,attack,1
944.5264462400238,750.0,2164.2870033667205,2.2913990518553784,0.0,0.0,45.82019113257233,4000.4979078987003,1.4207356367421802,1.0,4.977660431368032,3.503579626384303,0.0,0.0,22.510736858201533,741.4365728675151,127.94041468304503,175.7,79.83662560963215,0.6240141225696081,165.20000000000002,28.450000000000017,-0.5500192780229332,-1.4560869275111106,748.7831259604421,750.0,29.61591251561565,0.03955205651520016,0.0,0.0,-24.296609180671943,588.325217678312,132.79725128567887,179.5,79.0318240962916,0.5951314754721475,161.3,24.150000000000006,-0.6698132418118654,-1.3237025433637992,40346.0,12.05530751097878,220,attack,1
944.4738395891736,750.0,2172.5289380796785,2.300253164264119,0.0,0.0,46.65512329899578,4133.134589213382,1.4224614850281574,1.0,5.019723195790005,3.5288991994680545,0.0,0.0,22.637419035637333,750.3225575281848,128.82148453874225,176.75,80.09689196556342,0.621766565199571,164.9,28.349999999999994,-0.5545537170951482,-1.4493624958478268,748.7820089806247,750.0,29.6294787984147,0.03957023331630472,0.0,0.0,-24.28540923236722,587.7811015835474,133.70255400074427,180.55,79.2940244945289,0.59306290060912,161.0,24.099999999999994,-0.6749132821246222,-1.3155282164158904,40309.0,12.039809712849136,221,attack,1
943.8172453073151,750.0,2175.343115312977,2.3048351003638063,0.0,0.0,47.41197221909761,4251.21124686444,1.4229359615670347,1.0,5.053126887924028,3.551197681699729,0.0,0.0,22.760091679039515,757.1287680339523,129.44855256660273,177.575,80.37568700842039,0.6209083486434983,165.75,28.575000000000017,-0.5505324481740775,-1.4538080599610936,748.7842107869843,750.0,29.602730758949424,0.039534394999911224,0.0,0.0,-24.30750147455333,588.8546279354129,134.37975483512454,181.425,79.55111981179144,0.5919873861162764,161.89999999999998,24.224999999999994,-0.6710771739845831,-1.3208640803367346,40382.0,12.03276908652545,222,attack,1
942.3770108146725,750.0,2188.4188794842344,2.3222328795907012,0.0,0.0,48.29203598320257,4382.046127517791,1.4217968615278496,1.0,5.088592599562372,3.5789870812446574,0.0,0.0,22.955944761482286,771.5665110846484,129.55865117746913,178.1,80.99675980599956,0.6251744601373659,168.2,29.099999999999994,-0.539249034986709,-1.4679682840656487,748.7905303870125,750.0,29.525823338769182,0.039431352481859985,0.0,0.0,-24.371244537969297,591.9575603294979,134.48917780964697,182.1,80.21932290247285,0.5964741863171587,164.5,24.599999999999994,-0.6588036557466111,-1.339384517875871,40593.0,12.042919863674513,223,attack,1
940.7642755437718,750.0,2192.7619690346337,2.330830396134243,0.0,0.0,48.94651711617785,4485.8974168214845,1.4207050621102764,1.0,5.120254138127284,3.6040232942661574,0.0,0.0,23.07367585311391,778.2101677460224,129.8884591115262,178.85,81.48666495544866,0.6273587777762589,169.7,29.349999999999994,-0.5318238109491815,-1.47668763750358,748.7947169440762,750.0,29.474763088650697,0.039362942101061886,0.0,0.0,-24.41374784672083,594.0310839232657,134.8444681057102,182.95,80.74101925467578,0.5987714615877273,166.2,24.80000000000001,-0.6514513605013511,-1.350148212945362,40734.0,12.048811059607251,224,attack,1
939.8699003940187,750.0,2195.2437203224713,2.3356889282252427,0.0,0.0,49.76710167602482,4609.511047935814,1.4206211301730256,1.0,5.151026138368509,3.625897171993448,0.0,0.0,23.212998577450357,785.7256195136998,130.30705180580884,179.6,81.90181691720107,0.6285294293915569,171.046207,29.650000000000006,-0.5252381367817863,-1.4842052733138322,748.7984630821566,750.0,29.428998686975554,0.03930162805869256,0.0,0.0,-24.45196772810304,595.898725776193,135.29028914419615,183.8,81.16654843151775,0.5999436393029524,167.85,24.950000000000017,-0.6444969549042766,-1.360120727308678,40861.0,12.046594147275668,225,attack,1
936.8119106942205,750.0,2187.4640989898207,2.335008846513074,0.0,0.0,51.21502046850665,4827.872584857773,1.4178513850212517,1.0,5.176295559337539,3.650802625734962,0.0,0.0,23.426944384003892,797.2964090219198,130.88217474630798,180.375,82.23704481050905,0.628328838284595,171.99373699999998,29.875,-0.5216305025461552,-1.4879289908961393,748.8007230446041,750.0,29.401355352774853,0.03926459263184164,0.0,0.0,-24.47511134963013,597.0310755767933,135.8912681337388,184.7,81.51466922648937,0.5998521490451164,168.8875,25.100000000000023,-0.6408264933042125,-1.365310119465118,40938.0,12.046321024534318,226,attack,1
939.1147532729103,750.0,2220.1501561685895,2.364088252720065,0.0,0.0,51.60961178913213,4852.08282453914,1.4277693856998992,1.0,5.289358224984846,3.704630648311581,0.0,0.0,23.228779216048242,781.0889633391921,128.1341155708839,176.85,83.22610754577275,0.6495234089295446,175.65833333333333,34.75,-0.4485327528112871,-1.5596141942873645,748.763947633434,750.0,29.84798122499629,0.03986300531607421,0.0,0.0,-24.10641744388049,579.1193619786256,133.25652800465758,182.95,82.69761553376165,0.6205896009152453,174.6,28.200000000000017,-0.5660652649326166,-1.4582348648727057,39720.0,12.07118743887541,227,attack,1
937.213094066278,750.0,2227.1920928392246,2.376398822146334,0.0,0.0,52.39383701404051,4969.236542074809,1.4273491330355115,1.0,5.334291051789341,3.737201311388352,0.0,0.0,23.306350130555117,784.548256272406,129.22417433571076,178.05,83.36498743696202,0.6451191339817626,175.9,34.44999999999999,-0.4560762206392869,-1.550395021190019,748.7608591403549,750.0,29.88518413183609,0.03991285570956123,0.0,0.0,-24.076201609017943,577.6634839180784,134.3881747678504,184.1,82.82673212865085,0.6163245558750267,175.45,28.05000000000001,-0.5748663060959235,-1.4461200727304098,39621.0,12.060297034829489,228,attack,1
938.3577669780676,750.0,2237.4442232827682,2.3844255379143298,0.0,0.0,52.73050462295181,5032.758369907528,1.4301362274318232,1.0,5.372673557538052,3.7567564924818853,0.0,0.0,23.360800194916852,787.8520719219453,129.72688015872964,178.8,83.72929359030306,0.6454274818592306,176.6,34.79999999999998,-0.45194577250809675,-1.553780934863493,748.7637297610354,750.0,29.850607170184507,0.03986652395637699,0.0,0.0,-24.10428221509517,579.0164211049533,134.93269922806132,184.95,83.1984274629106,0.616592033946418,176.22343800000002,28.200000000000017,-0.5709590900211933,-1.4504964907763567,39713.0,12.050310842508361,229,attack,1
938.4276896163939,750.0,2237.853990563692,2.384684526389531,0.0,0.0,53.52036909862741,5161.950308500066,1.4305385480444832,1.0,5.393946287380933,3.770570387463062,0.0,0.0,23.52053948589095,797.2867493491427,129.4999466740216,178.8,84.4060357853017,0.6517843285122681,177.6703325,36.04999999999998,-0.4348338695881316,-1.5702497803276225,748.7730601024616,750.0,29.737942506343135,0.03971556148437527,0.0,0.0,-24.196230793419673,583.4575846084298,134.75822772927654,185.3,83.93309197859696,0.6228420586475426,177.3,28.899999999999977,-0.5537498417359219,-1.4719520057966617,40015.0,12.053938501037461,230,attack,1
935.5442729690102,750.0,2222.855717833854,2.376002699241029,0.0,0.0,55.375029415944766,5452.157948664374,1.4273466040408558,1.0,5.407638985961705,3.788595545505581,0.0,0.0,23.795611692247753,812.8474257428581,129.53223258027037,179.05,84.97975047179047,0.6560509981106749,178.70000000000002,37.0,-0.42254085877299347,-1.5817689080666049,748.779890156316,750.0,29.65519581977473,0.03960469052338449,0.0,0.0,-24.26420599903151,586.7516927634367,134.8173116017048,185.9,84.56307103305006,0.62724193227408,178.4492055,29.349999999999994,-0.5413973179272058,-1.48723418349056,40239.0,12.053277694614502,231,attack,1
937.6136458872538,750.0,2227.7433015966653,2.375971501021165,0.0,0.0,55.8386898617296,5539.709639574417,1.4302792772806823,1.0,5.430672111655051,3.7969312692414263,0.0,0.0,23.915180301128807,820.4774598025427,129.28392875862016,178.95,85.6535390749839,0.6625227118128776,180.0,38.35000000000002,-0.40507876213192534,-1.5982301263086502,748.7898148832853,750.0,29.534540901312806,0.039443032362715014,0.0,0.0,-24.364002547762162,591.6046201473608,134.59400591335748,186.2,85.27171465358738,0.633547638878358,179.204141,30.05000000000001,-0.5227678286226969,-1.5092598034684128,40569.0,12.048649705906877,232,attack,1
938.5046476171741,750.0,2246.147336500222,2.3933257466578355,0.0,0.0,55.7488782498149,5528.287610967158,1.4326710273938916,1.0,5.474450641679566,3.8211498222574494,0.0,0.0,23.91994912700359,820.5220861999735,129.693733661031,179.5,86.1156151409456,0.6639921043989553,180.7875,38.900000000000006,-0.4013445725851892,-1.6009132377971549,748.7927015196971,750.0,29.499354792235582,0.03939588985358133,0.0,0.0,-24.39325904269586,593.0310867240634,135.03588903061527,187.0,85.76265493366148,0.6351100848028439,180.25,30.25,-0.5195031701140225,-1.5126623802980654,40666.0,12.05393013568473,233,attack,1
937.9306964494733,750.0,2261.968141286837,2.411658078629363,0.0,0.0,55.656454051613174,5515.143878250319,1.4320132657042528,1.0,5.504796203079292,3.8440958159504737,0.0,0.0,23.97974069129152,824.2282968865571,129.40759072144616,179.05,86.77772838277902,0.6705768023266175,181.9617175,40.599999999999994,-0.3829606165940848,-1.617775450447751,748.8027701911822,750.0,29.376292529033062,0.03923101475911046,0.0,0.0,-24.49613203133671,598.0604844966809,134.75910671427525,187.15,86.49361176727568,0.6418387141038631,181.7,31.049999999999983,-0.5002077378987912,-1.535378441529876,41008.0,12.073082877052105,234,attack,1
935.6723476571983,750.0,2262.5325614237886,2.418082106507556,0.0,0.0,56.54102131144439,5662.539122728466,1.4298130614226754,1.0,5.531508522949705,3.8686935181902804,0.0,0.0,24.119024305349978,832.2981425468431,129.6746364714813,179.3,87.1975273053045,0.6724331733482933,182.67312325,41.44999999999999,-0.37387281331368744,-1.625607426115135,748.8080602087886,750.0,29.311427955471572,0.03914411384313722,0.0,0.0,-24.55070157314687,600.7369477337161,135.03536619252247,187.85,86.94201351129244,0.6438462453409248,182.3875,31.450000000000017,-0.4905498858613086,-1.546294725038472,41190.0,12.075894153104018,235,attack,1
936.7779282984179,750.0,2283.431934537513,2.437538145977867,0.0,0.0,57.17426803074697,5789.010900508917,1.4322415211185835,1.0,5.574396460141145,3.8920785202397497,0.0,0.0,24.261690102349373,846.8587040699524,130.00951595313958,179.675,87.61308622272746,0.673897488044695,183.4875,42.17499999999998,-0.3669079731824152,-1.6311297467962154,748.8123276404277,750.0,29.258996530597447,0.0390738713167224,0.0,0.0,-24.594987546080443,602.9134123918525,135.40161182481012,188.45,87.3733671984864,0.645290451280113,183.05,31.900000000000006,-0.4835449133979527,-1.5537074652258762,41338.0,12.07175911084909,236,attack,1
937.4099089305988,750.0,2300.401330182557,2.453997240979525,0.0,0.0,57.15955892515378,5791.387228505642,1.4344276155276952,1.0,5.618585358572162,3.916952865206241,0.0,0.0,24.265737088124503,846.8159744295277,130.6453853382382,180.4,87.90685446218077,0.6728661271470993,183.906074,42.5,-0.36498916060679276,-1.6322800004142581,748.8140203396381,750.0,29.238173113696288,0.03904597446030029,0.0,0.0,-24.61261987474089,603.7810570984905,136.06524294603474,189.2,87.66270577370179,0.6442696450295536,183.75,32.19999999999999,-0.4816808026860259,-1.5553494505293024,41397.0,12.06357637889289,237,attack,1
938.2325066750054,750.0,2306.9124126467314,2.458785424971236,0.0,0.0,57.5829024830481,5878.2435652423255,1.4363408943304548,1.0,5.649528868930878,3.933278576994346,0.0,0.0,24.343080174032732,851.9482312694909,130.9118184757658,180.6,88.3326044783361,0.6747488920924896,184.741399,43.400000000000006,-0.35645051822636986,-1.639145070691672,748.819041204628,750.0,29.17631893474937,0.03896311035014991,0.0,0.0,-24.665143125788823,606.369285415648,136.36241525218293,189.7,88.10175846601565,0.6460853476603796,184.687466,32.75,-0.47296483880719326,-1.564469485649618,41573.0,12.05673892186808,238,attack,1
939.0803528391015,750.0,2320.446974897528,2.470978088171231,0.0,0.0,57.87811069438196,5931.404959362645,1.439434107779813,1.0,5.697846817115843,3.958393639778494,0.0,0.0,24.352295406206895,851.9403075288346,131.82140585962134,181.95,88.64323325279591,0.6724494605010772,185.7,43.0,-0.3625607709978031,-1.6337325560007037,748.8167357562903,750.0,29.204737110405762,0.03900118108459415,0.0,0.0,-24.64098439893754,605.1781121486833,137.3318582967078,190.95,88.38797749614082,0.6436086906009609,185.7,32.45000000000002,-0.48005843389403247,-1.5568106376449173,41492.0,12.049721882852515,239,attack,1
936.9991093565703,750.0,2293.6178222747376,2.447833513790367,0.0,0.0,60.34896425352914,6423.14453804899,1.4380280673037575,1.0,5.710944392957563,3.9713719939175767,0.0,0.0,24.623835418774167,872.6984330601331,132.498283342315,182.75,88.9111809889595,0.6710364749349518,186.05,43.25,-0.3610751072707622,-1.6345430319300231,748.8181883831211,750.0,29.186834509565664,0.03897719761934078,0.0,0.0,-24.65619820917507,605.9281101301282,138.0333397767133,191.8,88.64633243067843,0.6422095746873566,186.00041099999999,32.64999999999998,-0.4784878170234516,-1.5581060029966451,41543.0,12.04000429326739,240,attack,1
935.8327960352211,750.0,2300.639444477208,2.458387282668624,0.0,0.0,60.97649274142609,6535.021639278494,1.435187412789299,1.0,5.720289952964448,3.98574423241841,0.0,0.0,24.86036664434234,890.0963785637953,133.21904669886757,183.575,89.19616621439727,0.6695451470690901,186.60000000000002,43.42500000000001,-0.3615782326403982,-1.6330759213893586,748.83621228889,750.0,28.963776093336307,0.038678386031580574,0.0,0.0,-24.847327304928125,615.389674198227,138.76458543826686,192.75,88.94899411491745,0.6410064486841911,186.69259975,32.69999999999999,-0.479119717070519,-1.5567919303606301,41566.0,12.032417806166205,241,attack,1
936.9938213727612,750.0,2319.152793616611,2.4750993450724046,0.0,0.0,60.970521519515664,6526.256945929766,1.4382017069359299,1.0,5.766631815261999,4.009612690244773,0.0,0.0,24.86440364008983,889.5303704639881,133.92671344825774,184.4,89.47220962150688,0.66806843323363,186.93992100000003,43.599999999999994,-0.3615820783835177,-1.6318933469258476,748.8196658252194,750.0,29.1686147327475,0.03895278938835414,0.0,0.0,-24.671700670189953,606.692813959451,139.5159000134872,193.65,89.2114303472612,0.6394355793041295,186.9,32.79999999999998,-0.4794439587085996,-1.5554307019865237,41595.0,12.016167440612527,242,attack,1
915.5163480521982,750.0,1694.9598531668653,1.851370384344275,0.0,0.0,24.39388295610593,681.261846805266,1.2207348196658159,1.0,2.2599427094647093,1.8512970000178937,0.0,0.0,24.39394735045692,681.2643996152561,134.9031450953559,185.65,89.65474757903277,0.664586044422171,186.95000000000002,43.349999999999994,-0.36650579763193125,-1.6262652970091767,749.9826166514181,750.0,3.54266502725178,0.004723662853773,0.0,0.0,-203.79156023760456,41529.0000240772,140.30475295721578,194.85,89.59217511623902,0.6385540990443784,187.15,32.599999999999994,-0.4817390645677877,-1.5544502047069013,41534.0,12.009324999879217,243,attack,1
906.4031520203109,750.0,1589.7265007857636,1.7538845680780915,0.0,0.0,25.08052560532091,722.910614366625,1.210174606596249,1.0,2.1191469701922823,1.75110844223762,0.0,0.0,25.095839784902022,723.5023099467243,135.00459962405432,185.6,90.18673142734278,0.6680271018801187,188.25,44.5,-0.3567900468326143,-1.63388026055082,748.8240760700343,750.0,29.11415944770182,0.03887983890755523,0.0,0.0,-24.718149717933034,608.9869254781535,140.39955737316473,195.1,90.16792007148116,0.6422236776133555,188.1,33.45000000000002,-0.4709722997596292,-1.565666840646008,41751.0,12.007603361220005,244,attack,1
906.1362226146723,750.0,1598.7463864156105,1.7643554539762234,0.0,0.0,25.3158771656976,736.0427096690657,1.21139802396067,1.0,2.131491067710168,1.759529919605821,0.0,0.0,25.317866555517487,736.1268050948426,135.33532520103617,185.9,90.61553445764771,0.6695630599257165,189.15,45.29999999999998,-0.3505592050551858,-1.638427907375961,748.828313684311,750.0,29.06173895528409,0.038809615534297036,0.0,0.0,-24.763027032756828,611.2075078250454,140.74166592952605,195.8,90.61189409510567,0.6438171205141057,189.125,33.849999999999994,-0.4641852105704789,-1.5722602346276364,41902.0,12.005733656393975,245,attack,1
900.9438020845699,750.0,1530.680035760067,1.698973934021675,0.0,0.0,26.404501101207487,810.2314704256195,1.2060352809895771,1.0,2.0418938193419383,1.693063089884503,0.0,0.0,26.360983066909707,808.4151713885948,135.44644628323493,185.7,91.12554996229298,0.6727791866295142,190.35860399999999,46.70000000000002,-0.34085231104931607,-1.645706870582938,748.8343502932169,750.0,28.986899611005647,0.038709361555937453,0.0,0.0,-24.827377547931768,614.3986759075462,140.8500692274033,196.25,91.1626581613754,0.6472319017053,190.45000000000002,34.55000000000001,-0.4534617003952367,-1.5831065903102433,42119.0,12.002229836696804,246,attack,1
893.3705894831122,750.0,1439.169173341626,1.6109430848560873,0.0,0.0,28.301497512768865,950.0117736959045,1.1974685931128763,1.0,1.9220533826149129,1.6050971137526404,0.0,0.0,28.158766373071135,943.399530879593,135.22810942678257,185.3,91.78493918379087,0.6787415691371962,191.7,48.39999999999998,-0.326566916543845,-1.656371701647497,748.8428123600537,750.0,28.881661877515906,0.03856839032278675,0.0,0.0,-24.91842843989444,618.9280759141401,140.62788669052725,196.45,91.88285282161873,0.6533757633990527,192.26661850000002,35.55000000000001,-0.4381720521582235,-1.5982406555057145,42427.0,12.01371913188542,247,attack,1
892.7858318055752,750.0,1435.0978042500617,1.6074379242194197,0.0,0.0,28.76000221393713,983.4122691176202,1.1982325012927184,1.0,1.9195869998738138,1.602015466783666,0.0,0.0,28.4886608437476,970.4563523868726,135.67649221976248,185.85,92.13664733329912,0.6790907240147428,192.4,48.95000000000002,-0.32182373814822207,-1.6592193768704708,748.846048982278,750.0,28.841307734636082,0.03851433518789739,0.0,0.0,-24.953518217215372,620.6780714168991,141.09809911451137,197.125,92.24360671701366,0.653755134164857,192.95,35.974999999999994,-0.4331997190379155,-1.6025527222756342,42546.0,12.006354827253126,248,attack,1
890.7321809695804,750.0,1438.108071270739,1.614523536923667,0.0,0.0,29.61857524766261,1037.6625881398966,1.1970354387034736,1.0,1.927392459607557,1.610138177442051,0.0,0.0,29.17867290437097,1015.9314898042683,136.17277974741893,186.3,92.4909359195415,0.6792175065464551,193.25,49.599999999999994,-0.31869598877669,-1.6604596507544895,748.8485118558998,750.0,28.810562561226348,0.03847315191937022,0.0,0.0,-24.980318318406518,622.0163032889162,141.61217716980556,197.95,92.62816134674401,0.6540974314353958,193.55,36.20000000000002,-0.4301910646202604,-1.604709044118183,42637.0,11.99866281460413,249,attack,1
887.0386486992327,750.0,1405.8183251073933,1.5848445016109582,0.0,0.0,30.821346941247164,1129.1952677509628,1.1936412128017968,1.0,1.8893214778535763,1.5828219213534283,0.0,0.0,30.134885879939233,1093.4045734963215,136.63385371490244,186.725,92.84252933142552,0.6794987245631595,193.9,50.275000000000006,-0.3144517746100896,-1.6627587091986658,748.8513943477448,750.0,28.774537111549243,0.038424896219378855,0.0,0.0,-25.011793792040596,623.5898286955612,142.10211960719633,198.65,92.99445208410474,0.6544198801619797,194.25,36.599999999999994,-0.4259979549144286,-1.6081593495762105,42744.0,12.001529244643462,250,attack,1
885.0403589539857,750.0,1388.6059575092113,1.5689747291867926,0.0,0.0,31.664828197962304,1198.1690823212052,1.1925171180855787,1.0,1.872236851346207,1.5699874013983333,0.0,0.0,30.69179932561238,1145.3244395059507,137.28683839126742,187.3,93.14467689790496,0.6784676374616675,194.10000000000002,50.75,-0.3138726225463522,-1.6621095131990546,748.8526559323223,750.0,28.75875550947439,0.03840375710982785,0.0,0.0,-25.02560695394286,624.2810034132327,142.76441742214485,199.55,93.31399549559916,0.6536222203021073,194.5,36.69999999999999,-0.4255228512498912,-1.6076876002078246,42791.0,11.991186051999996,251,attack,1
886.174688057041,750.0,1381.4980404597914,1.5589454980809243,0.0,0.0,32.51420632016304,1276.888281324771,1.195632798573975,1.0,1.8695320986854338,1.5636340027767848,0.0,0.0,31.209907947521238,1202.841567061245,138.45846862803822,189.2,93.34448356304229,0.6741695505372632,194.04999999999998,49.70000000000002,-0.32418339596295204,-1.6526705626617249,748.8484848484849,750.0,28.810899886150217,0.038473603765092144,0.0,0.0,-24.98002396804473,622.0015974440892,144.00618110617788,200.95,93.46905745563201,0.6490628161767299,194.45,36.20000000000002,-0.4368466517920562,-1.5951963938102276,42636.0,11.975006050686902,252,attack,1
884.135156652461,750.0,1352.5287209479102,1.5297759746019997,0.0,0.0,33.26785052273913,1352.3542673886593,1.1944457453285253,1.0,1.839070057351986,1.5396848827538505,0.0,0.0,31.54301087723393,1250.175370610155,139.00260462207754,189.825,93.70241180632867,0.6741054389670486,194.45,50.17500000000001,-0.32251065970808773,-1.6525578188372387,748.850372313024,750.0,28.787315716788523,0.03844201295897233,0.0,0.0,-25.000620124033475,623.0310065862272,144.57844430822368,201.75,93.84237076999867,0.6490758094611817,194.79999999999998,36.44999999999999,-0.43535592307481913,-1.595569158566352,42706.0,11.976073591660528,253,attack,1
877.4451148215705,750.0,1217.497644255024,1.3875484901441424,0.0,0.0,35.000658425195375,1551.4727595768793,1.1870586034329544,1.0,1.6722933753748388,1.4087706963570232,0.0,0.0,32.351805411217136,1378.3971933778014,139.6552065569915,190.25,93.95358283407138,0.6727538854466564,194.78750000000002,50.80000000000001,-0.32077640003928926,-1.6527503582949867,748.8518778354614,750.0,28.76849002454197,0.0384167962664347,0.0,0.0,-25.017084840287225,623.8545339061283,145.25617183424538,202.6,94.10559477561844,0.6478595269810921,195.14999999999998,36.650000000000006,-0.4335900965549478,-1.5966985383866945,42762.0,11.973492674603738,254,attack,1
878.0141493912471,750.0,1219.0417857742948,1.3884079050656442,0.0,0.0,35.57284736091598,1605.3283249611932,1.1894655196728248,1.0,1.6848608646608123,1.416485670912303,0.0,0.0,32.38475478993375,1392.0635939442102,140.55102628894178,192.425,94.63333226891707,0.6733023213531852,199.1,49.44999999999999,-0.33479108266781926,-1.6438331943317894,748.846048982278,750.0,28.841307734636082,0.03851433518789739,0.0,0.0,-24.95351821721536,620.6780714168989,146.21508741284728,204.1,94.77061538193912,0.6481589352974804,199.3,36.0,-0.4486415724738991,-1.583856065606559,42546.0,11.994831215746492,255,attack,1
877.4288704875325,750.0,1228.2452522279632,1.3998231577968296,0.0,0.0,36.27956891695885,1666.8575747182604,1.190035355414961,1.0,1.7071717848622794,1.4345555172745224,0.0,0.0,32.58544701459001,1414.196823443896,139.95362061823792,190.7,95.3258300546506,0.6811244298900854,200.85,52.60000000000002,-0.31247349188308327,-1.6609631885191176,748.8580200967622,750.0,28.691555761901462,0.038313745719374334,0.0,0.0,-25.08459444186748,627.2368783129689,145.62439959197062,204.0,95.53641300997127,0.6560467427001081,201.554188,37.400000000000006,-0.4251852728958964,-1.6073824942514028,42992.0,12.019727968975308,256,attack,1
873.748078250863,750.0,1154.6260916895264,1.3214633833598202,0.0,0.0,37.5868855268757,1843.7927615938272,1.1864441887226698,1.0,1.6250669854453064,1.3696952632848745,0.0,0.0,32.78680133988426,1490.5382901158248,139.30727886325008,189.0,96.04356925425841,0.6894368337245238,202.5,55.5,-0.2904118351968931,-1.676581134447055,748.8700575373994,750.0,28.54017673436712,0.03811098660857033,0.0,0.0,-25.21848837075043,633.9721557056739,144.98171243539701,203.5,96.33216202998197,0.6644435385111553,203.14354025,39.25,-0.40187792943594464,-1.6294792633559851,43450.0,12.0438870775077,257,attack,1
874.8466423024212,750.0,1156.0237893381254,1.3214016416588195,0.0,0.0,37.49192522282557,1833.314817819194,1.1892645043398813,1.0,1.6394920209412451,1.3785764352323533,0.0,0.0,32.16367895459554,1439.8382225589728,139.09446359183704,186.675,96.61382784823604,0.694591469375392,203.45000000000002,58.375,-0.275587880969875,-1.6862788666031727,748.87857469164,750.0,28.432577757102447,0.037966873025857245,0.0,0.0,-25.31452320405541,638.8250850486603,144.78585234257653,203.25,96.92842457695117,0.6694606068803579,204.0,40.75,-0.38610739841972147,-1.6431691826840256,43780.0,12.05486718266997,258,attack,1
872.0251842051235,750.0,1095.7524839297428,1.2565605945527287,0.0,0.0,37.02094823119201,1805.3297959275794,1.1869881606861783,1.0,1.5789425890440487,1.3302092146658717,0.0,0.0,30.73015238084063,1336.0753643301712,139.7386593833332,187.1,96.87601558717303,0.6932656718955725,203.891957,58.80000000000001,-0.27396045734329005,-1.686471208965219,748.8800328489632,750.0,28.414115446889504,0.037942145871874465,0.0,0.0,-25.331074164292485,639.6633183168858,145.44972249700027,204.05,97.20420433726123,0.6683010642338348,204.428383,40.94999999999999,-0.38462817724524073,-1.643846434687018,43837.0,12.045894407508358,259,attack,1
871.6752983048527,750.0,1099.9707885187531,1.2619042786435117,0.0,0.0,37.69735483307682,1882.8727218591052,1.1880404280075745,1.0,1.5998346603584284,1.346616346247965,0.0,0.0,30.684722537969424,1345.8441125435984,140.56350232324368,188.05,97.08971050847177,0.6907177816699644,204.25,58.849999999999994,-0.27553822901131525,-1.6844214420062975,748.8798795373137,750.0,28.416057154512607,0.03794474645529149,0.0,0.0,-25.329332467235925,639.5750832357713,146.30234384531497,205.05,97.42345519959717,0.6659049516158313,205.0307325,40.94999999999999,-0.3866823690950075,-1.641261062083379,43831.0,12.034026146971053,260,attack,1
868.6881685946627,750.0,1050.4675389975962,1.2092573341904849,0.0,0.0,39.473665616262,2135.907976503374,1.1856831978009392,1.0,1.5573696875089642,1.3134787525009917,0.0,0.0,30.870482453496425,1421.0291828601798,141.9255067467616,190.35,97.11541474727872,0.6842703399365855,204.04999999999998,57.80000000000001,-0.2854502682211511,-1.6760867370882784,748.8753636467759,750.0,28.473191603696954,0.03802126893992334,0.0,0.0,-25.278189298599724,636.9868542158415,147.70378241903563,206.75,97.43341751022206,0.659654180241664,204.70000000000002,40.150000000000006,-0.39778802591987766,-1.630031512179615,43655.0,12.014014265049166,261,attack,1
868.8632372546316,750.0,1067.0106181193612,1.2280535904486196,0.0,0.0,39.88926511877866,2182.5732345350634,1.1875373511699536,1.0,1.5956233723512891,1.3436405775189235,0.0,0.0,30.667324693489054,1406.8148065640014,142.85077528548015,192.575,97.56114742378043,0.6829584734756206,205.35,56.775000000000006,-0.2951224302110167,-1.6689854917046978,748.8715119753597,750.0,28.52183143783942,0.03808641533526232,0.0,0.0,-25.234810938397477,634.7956830966651,148.6936309293661,208.2,97.89556961529561,0.6583709672258856,205.89999999999998,39.60000000000002,-0.4089420740346741,-1.6199400289656,43506.0,12.02533544223566,262,attack,1
868.1566790650686,750.0,1077.2817120426655,1.2408839763840864,0.0,0.0,40.44785685890993,2251.432686355739,1.188088350094136,1.0,1.6262245359593552,1.3687740779803996,0.0,0.0,30.533366883998273,1402.2123362762165,143.49740087431402,192.85,97.83432832967932,0.6817846715939482,205.54999999999998,57.400000000000006,-0.29409755996391695,-1.6683167195136868,748.8727556596409,750.0,28.506135022770003,0.038065392027328476,0.0,0.0,-25.24879331218934,635.5015637216577,149.37304208867155,209.0,98.1857363377682,0.657318984502456,206.2,39.849999999999994,-0.4083872856422771,-1.619404963877015,43554.0,12.016899074650583,263,attack,1
868.1804797504931,750.0,1089.373065111415,1.2547771926690756,0.0,0.0,41.333384840821736,2341.578114857267,1.1896069348254827,1.0,1.6594033424376506,1.394917341063658,0.0,0.0,30.643967524299015,1410.9957644769095,144.2004830308592,193.35,98.04314258450472,0.6799085587218406,205.85,57.80000000000001,-0.29236898369413455,-1.6688053983230973,748.87409989451,750.0,28.48915978256095,0.03804265601731195,0.0,0.0,-25.26393215111942,636.2662677363652,150.10680509842683,209.9,98.38485311914822,0.65543233069704,206.5,39.94999999999999,-0.4067409302201938,-1.6203501804375555,43606.0,12.009844329212967,264,attack,1
869.077295900871,750.0,1091.892797800219,1.2563816854384409,0.0,0.0,42.59673005892909,2497.0761284717255,1.1922224000365789,1.0,1.6815179644559297,1.4104062835963649,0.0,0.0,30.894333878971405,1445.3826156205694,144.57100378908723,193.3,98.43095804670531,0.6808485482351978,206.55,58.64999999999998,-0.287493593388908,-1.6709761991804413,748.8775748153906,750.0,28.445230619436813,0.03798381948671514,0.0,0.0,-25.30319262516251,638.2515570260798,150.50230981861412,210.45,98.78289505757965,0.6563546777231068,207.2,40.5,-0.40162090095536496,-1.6239743533626196,43741.0,12.006192724138382,265,attack,1
869.1224680870498,750.0,1106.0661147476878,1.2726240033607163,0.0,0.0,42.96634649197895,2551.8998394755563,1.1937612751478615,1.0,1.7179650953616774,1.4391194714779862,0.0,0.0,30.68283633574825,1432.7029169758955,145.246059257075,193.9,98.67475295452364,0.6793626860462801,206.85000000000002,59.0,-0.28625232894278757,-1.6706250724733913,748.8788563860154,750.0,28.42901205272017,0.037962097354323245,0.0,0.0,-25.31771809154945,638.98684936317,151.20942517400837,211.2,99.0285959074541,0.6549102067777471,207.39999999999998,40.80000000000001,-0.4007073891538496,-1.6237797655537527,43791.0,11.99898181825438,266,attack,1
869.7606919530787,750.0,1112.8190036114793,1.2794542382831817,0.0,0.0,42.95237671392419,2550.8985344693256,1.1961066228490576,1.0,1.7464311646103101,1.4600965593271367,0.0,0.0,30.15314005620414,1381.9001877813307,145.97593773207552,194.75,98.92047299257487,0.6776491696469432,206.95,59.099999999999994,-0.28657253540640504,-1.6689644687222132,748.8795472180383,750.0,28.42026555364637,0.03795038288763912,0.0,0.0,-25.325558379370268,639.3839072268911,151.9745261336209,212.1,99.27017069872902,0.6532026993224344,207.55,40.900000000000006,-0.40127194651395554,-1.62200771994038,43818.0,11.9874315914626,267,attack,1
869.5151515151515,750.0,1117.735802750289,1.2854701850825794,0.0,0.0,43.16586687035134,2562.534285993977,1.1974045591870366,1.0,1.7742473139370432,1.4817442445197027,0.0,0.0,29.730442900717286,1334.9864513059326,147.19856329803747,196.5,98.99100709711115,0.6724998184709249,206.35000000000002,58.5,-0.29422580958878136,-1.6618865133188943,748.8763160303946,750.0,28.461151775561802,0.03800514339460917,0.0,0.0,-25.288949573671367,637.5309705396924,153.24308855893528,213.65,99.31754647066352,0.6481045729671997,206.95,40.29999999999998,-0.40994943697111785,-1.6124236566743855,43692.0,11.967494603080008,268,attack,1
871.3419674966996,750.0,1137.981271684553,1.3060099411415798,0.0,0.0,43.26184290138048,2569.4310617226315,1.2011426230254472,1.0,1.8173124253219823,1.5129863768754805,0.0,0.0,29.521026810453343,1311.91414806438,147.2149750961788,196.05,99.5143960436438,0.675980116687374,207.53750000000002,59.64999999999998,-0.2844791373538832,-1.667433319229408,748.8825055765467,750.0,28.38277963742942,0.03790017716541288,0.0,0.0,-25.359215001053407,641.0897854696519,153.2720487902308,213.7,99.87200284798823,0.6515995815040859,208.10000000000002,41.35000000000002,-0.39953799778175886,-1.6208815895849376,43934.0,11.965511153554072,269,attack,1
869.9555192447349,750.0,1057.0786394675458,1.2150950434629861,0.0,0.0,38.52662546172882,2005.1993002992606,1.2006853667392883,1.0,1.7509615789944803,1.458301756229096,0.0,0.0,25.55327967341799,929.0450341125819,147.6358039250333,196.125,99.83505194667002,0.6762252061658729,208.1,60.27499999999998,-0.2793569682142675,-1.6696361465168121,748.8858024691358,750.0,28.340945311442358,0.03784414822393483,0.0,0.0,-25.396880627255285,643.0015455950543,153.7241880831518,214.15,100.20635793018491,0.6518581049586142,208.75,41.99999999999997,-0.39440141604990114,-1.6245867504528557,44064.0,11.958920277868385,270,attack,1
871.8662995745068,750.0,1072.6949012808095,1.2303433471442953,0.0,0.0,38.4030047422781,1988.7220336014934,1.204851077385151,1.0,1.7924245757502275,1.4876731318863639,0.0,0.0,25.227554833177404,899.0122431767651,148.86210182268368,197.9,99.88371995419564,0.6709815240494966,207.60000000000002,59.74999999999997,-0.28637523398876874,-1.6631609061026105,748.882886982639,750.0,28.37794314324256,0.0378936995844324,0.0,0.0,-25.363563889466423,641.3103731750446,154.99483180074634,215.65,100.21865076818003,0.6465934999498315,208.21381000000002,41.400000000000006,-0.4021872274239376,-1.6158899704178968,43949.0,11.92348581847422,271,attack,1
873.6928957546423,750.0,1081.6371858809264,1.2380061588422033,0.0,0.0,38.17969124448657,1972.6760517912717,1.2085359509646485,1.0,1.8242089833040744,1.509437085299778,0.0,0.0,24.88011345758533,870.258323701353,148.80116796371058,197.35,100.43348192804594,0.6749508979159324,208.7,60.849999999999994,-0.2757568527476146,-1.668975166132925,748.8895573700044,750.0,28.293223500025327,0.037780235044787086,0.0,0.0,-25.439982642464354,645.1927168488874,154.94506327383348,215.65,100.80726229702348,0.6506000266614975,209.39999999999998,42.54999999999998,-0.3909251609588908,-1.6248628806549537,44213.0,11.926006799243696,272,attack,1
874.5902471910113,750.0,1058.9993882775846,1.2108520437757617,0.0,0.0,38.112994428068994,2021.6676373112934,1.2109438202247191,1.0,1.8231647404996447,1.5055733470453763,0.0,0.0,24.36220098767361,842.0267071358909,148.71861554790652,196.95,100.94829166157564,0.6787871934502867,209.8,61.900000000000034,-0.2637679057374944,-1.6760380266569643,748.8967191011236,750.0,28.20197830378108,0.037658034258223214,0.0,0.0,-25.52279951600926,649.4132951344026,154.86812552253934,215.5,101.35254256181418,0.65444417448614,210.5,43.85000000000002,-0.3779097510247997,-1.6357028428192504,44500.0,11.935475266688892,273,attack,1
874.9793784619492,750.0,1063.7238672572792,1.2157130710064363,0.0,0.0,38.0951139164836,2029.3879359186665,1.2124885992036127,1.0,1.8496071540359733,1.5254635427094598,0.0,0.0,24.167973264633144,824.6401110285739,148.07594103718395,195.85,101.67378172433234,0.6866326900384218,211.35,63.900000000000006,-0.24435191315537963,-1.6875763709879372,748.9078370742776,750.0,28.059736501173088,0.037467542883237434,0.0,0.0,-25.65297340259992,656.075044394499,154.22837418383648,214.45,102.13059381447961,0.6622036597023477,212.14999999999998,46.19999999999999,-0.35723611028851554,-1.6525274697903003,44953.0,11.96665246291742,274,attack,1
876.5493082653423,750.0,1080.546690017095,1.2327277881896406,0.0,0.0,38.10176184461138,2034.277206410102,1.2159010287335934,1.0,1.8909825255163235,1.5552108936743418,0.0,0.0,24.047828573165052,813.5224147279735,148.4155517122701,194.325,102.02580636586833,0.6874333935278123,211.8,65.67500000000001,-0.23862295570325584,-1.689656928268122,748.9114934373891,750.0,28.012798711806543,0.03740468527626954,0.0,0.0,-25.696218156574076,658.2956275502474,154.609134526583,214.7,102.49192792110296,0.6629099130199245,212.60000000000002,47.05000000000001,-0.35154829348675426,-1.6560991740110027,45104.0,11.964111326144678,275,attack,1
877.7933237218587,750.0,1095.8806599303455,1.2484495271435796,0.0,0.0,37.95859218126776,2021.2060923906608,1.2190529000776311,1.0,1.9324435585820086,1.585200739409215,0.0,0.0,23.832028503344514,794.183227125847,149.31050559288056,195.75,102.19828761678477,0.6844681639177156,211.75,65.44999999999999,-0.24075427990774356,-1.6872440147786385,748.9110347122103,750.0,28.018691839309245,0.03741257711615399,0.0,0.0,-25.6907807670926,658.0162164228153,155.54370455803485,215.8,102.64529528050818,0.6599128879704047,212.55,46.94999999999999,-0.35413695921019456,-1.6528591020299044,45085.0,11.955532814404764,276,attack,1
878.5652800248222,750.0,1099.7512711729732,1.2517581745796986,0.0,0.0,38.23183459820416,2060.1310989021736,1.221515480596618,1.0,1.9621027341298016,1.6062856061156612,0.0,0.0,23.73135202913337,784.7606663105793,150.0677560060326,196.0,102.39023940408107,0.6822933995225802,211.85,66.0,-0.2403181873343853,-1.6863905215211024,748.911903548237,750.0,28.00752906424581,0.03739762838799886,0.0,0.0,-25.70108221418915,658.5456269805106,156.3369223009242,216.6,102.81607018653435,0.6576569928159993,212.65,47.150000000000006,-0.353739563587818,-1.6521456862296637,45121.0,11.947578864104019,277,attack,1
879.9301300369951,750.0,1114.0862392978636,1.2661076161251845,0.0,0.0,38.02379460553264,2047.15286781975,1.2247845639219335,1.0,2.0025465668150035,1.6350194359100723,0.0,0.0,23.515628652589044,767.4999397856288,150.87278194407494,196.6,102.5640468246051,0.6798048362535214,211.89999999999998,66.35,-0.2405676641777856,-1.6850271761928153,748.912385636118,750.0,28.001333284654915,0.03738933127787824,0.0,0.0,-25.70680345663074,658.8397439578414,157.17469132252276,217.5,102.97781428920918,0.6551806364161932,212.75,47.30000000000001,-0.35421521281898344,-1.6506576520402811,45141.0,11.938566630940455,278,attack,1
880.6009006410967,750.0,1128.7160043670153,1.2817565863778762,0.0,0.0,38.223780380045454,2083.4867073599726,1.227223319062091,1.0,2.044273336357615,1.6657712615173879,0.0,0.0,23.46354932589916,765.0224314773595,151.9374379659986,198.7,102.65310424783517,0.6756274531284873,211.75,65.60000000000002,-0.24447435453680325,-1.6815180550287445,748.9108897712904,750.0,28.020553599778324,0.03741507031408705,0.0,0.0,-25.68906345762832,657.9279813300543,158.27702421588768,218.85,103.04339040614936,0.651031891183395,212.55,46.900000000000006,-0.3586716938257041,-1.6459244097243226,45079.0,11.928508295059972,279,attack,1
879.6126557580595,750.0,1115.5561824219228,1.2682357116161824,0.0,0.0,39.73000547368142,2288.459282749567,1.2273513369695357,1.0,2.058384322697359,1.6770946188723224,0.0,0.0,23.7473094407527,790.8364437887345,152.74041124377453,199.025,102.82407346659264,0.6731949497142892,211.85000000000002,66.07500000000002,-0.24459675938487896,-1.6801759738731026,748.9114451687286,750.0,28.01341886591538,0.03740551576108441,0.0,0.0,-25.69564585396906,658.2662158525975,159.11504295186467,219.7,103.19293673639818,0.6485429336031793,212.6375,47.05000000000001,-0.35879425318858876,-1.6447855704341798,45102.0,11.920495796404756,280,attack,1
880.385068414294,750.0,1130.9767372768915,1.2846387085073476,0.0,0.0,39.72178659823635,2305.3570973787328,1.2297746092193242,1.0,2.0999437997127326,1.7075842873726286,0.0,0.0,23.651620273910467,784.7827933667852,153.36495122975296,198.85,103.10016507927229,0.672253759757795,212.0375,66.95000000000002,-0.24341337339145594,-1.6794111175034225,748.912987645574,750.0,27.993594339363106,0.03737896765199535,0.0,0.0,-25.71395321961091,659.207390180339,159.76002111311607,220.4,103.47556987905486,0.6476937669267725,212.8,47.400000000000006,-0.3577151370849313,-1.644244177261774,45166.0,11.921150418179277,281,attack,1
880.9269708631116,750.0,1089.0835480199808,1.236292659938567,0.0,0.0,38.43867073147683,2276.7328975576133,1.2315777899945024,1.0,2.0848006420964365,1.692788436941318,0.0,0.0,22.828787070716107,731.816606549623,153.19949632164673,183.4,103.65246059854314,0.6765848654027024,213.0,80.6,-0.23157236372227477,-1.6850640061303772,748.9203738317757,750.0,27.89846771410267,0.037251580660521984,0.0,0.0,-25.80216071507298,663.7514975664548,159.58571018970864,220.15,104.07898580765671,0.6521823644731854,213.75,48.900000000000006,-0.34495700395734397,-1.6533460718923285,45475.0,11.925223624547694,282,attack,1
881.7448729184925,750.0,1106.8209529329717,1.2552621363926943,0.0,0.0,38.31159966421141,2272.465558279007,1.233917616126205,1.0,2.1275945419282887,1.7242597999433038,0.0,0.0,22.759219518389493,725.8185834570702,153.5280301262663,180.425,104.0056656830474,0.6774376353133031,213.5,84.17500000000001,-0.22576397371088427,-1.6872012423275196,748.9242769500438,750.0,27.848067473132748,0.03718408967398225,0.0,0.0,-25.849138529795034,666.1779627325343,159.9312516904908,220.475,104.4408019368823,0.653035606442966,214.29999999999998,49.69999999999999,-0.33874352726988977,-1.6571705422537921,45640.0,11.9311804135737,283,attack,1
883.3660835042101,750.0,1120.0983712571167,1.2679888804580512,0.0,0.0,38.313944382653375,2292.0520852046448,1.237271497753152,1.0,2.1657375696927685,1.7504141763757455,0.0,0.0,22.722622570936906,723.3935253300393,153.70521837344884,161.35,104.43444692057349,0.6794463325691067,214.10000000000002,99.50000000000003,-0.2187313460298907,-1.6896260117286466,748.9290170585925,750.0,27.786735670736643,0.03710196165167779,0.0,0.0,-25.906534781460387,669.1485443830171,160.1316171347018,220.3,104.88165841641428,0.6549715808352102,214.89999999999998,51.05000000000001,-0.33126211930722255,-1.6615762516091461,45842.0,11.93234459941525,284,attack,1
883.8791975577846,750.0,1137.4473532216548,1.2868810085863491,0.0,0.0,38.254967227610656,2298.4320448935414,1.2393807239424335,1.0,2.209937110540934,1.7830978551217007,0.0,0.0,22.658323479701103,718.5945739686238,154.4943823628063,162.125,104.64567810060416,0.6773429331227065,214.16250000000002,99.72500000000002,-0.21969926407332563,-1.6875715569589678,748.9294374182294,750.0,27.78129010317718,0.03709466969137588,0.0,0.0,-25.911643129709553,669.413249681424,160.95120384358918,221.15,105.07531919864735,0.6528395978992398,214.91250000000002,51.20000000000002,-0.33228126629059695,-1.6593269241335917,45860.0,11.928107009223677,285,attack,1
883.2778116295265,750.0,1134.1756343475724,1.28405312509229,0.0,0.0,38.76090882083473,2412.401569143844,1.2399025069637883,1.0,2.2345459033984576,1.8021948426173462,0.0,0.0,22.70139440414102,725.764355288998,155.0653809415999,162.0,104.90940118208088,0.6765494692950933,214.45000000000002,100.64999999999998,-0.21702769573475247,-1.6879559680836944,748.9315807799443,750.0,27.75350711622656,0.03705746670119559,0.0,0.0,-25.9377367532411,670.7661878804349,161.54261284786298,221.6,105.33585886220122,0.6520623692115469,215.25000000000003,51.82499999999999,-0.32945603819537034,-1.6604537986530106,45952.0,11.927393045461999,286,attack,1
885.6006961061562,750.0,1152.3581482582783,1.3012163984570153,0.0,0.0,38.81642879717047,2430.653567265399,1.244420274091799,1.0,2.279547933652822,1.8318151681645325,0.0,0.0,22.68534047789145,724.5341798151844,155.82747212907287,162.825,105.14549991805382,0.6747558596789732,214.5,100.77500000000003,-0.21823690276194974,-1.685291081857352,748.9319991298673,750.0,27.74808105756508,0.037050200939208994,0.0,0.0,-25.942838957632173,671.0308931816372,162.34353707202524,222.475,105.55811091373936,0.6502144330322648,215.3,51.974999999999994,-0.3309273300631537,-1.6573667595419121,45970.0,11.91218889579448,287,attack,1
886.3265545306565,750.0,1176.3645565240956,1.327236051442716,0.0,0.0,38.606148628885414,2402.9423903046186,1.2466847531199132,1.0,2.328647145416755,1.8678716809435245,0.0,0.0,22.62739297508899,718.463179046188,156.34836447773972,162.95,105.43503103875169,0.6743596672145753,214.9,101.5,-0.21538108652854068,-1.6853877170392906,748.9344329896908,750.0,27.716492353648206,0.037007902338000435,0.0,0.0,-25.97258184023522,672.5750074477161,162.87930721540965,222.95,105.85529373410913,0.6499001963098624,215.60000000000002,52.55000000000001,-0.32789172035140524,-1.6582800889571352,46075.0,11.903273073779417,288,attack,1
887.023369269302,750.0,1177.760383036491,1.3277670282877527,0.0,0.0,39.41652232451636,2557.15116269388,1.249286725470979,1.0,2.361275410585546,1.8900988559654703,0.0,0.0,22.7464837964618,732.7957375676777,157.71684198512546,165.4,105.43274268132679,0.6684938739216597,214.40000000000003,100.4,-0.2237743154840061,-1.6788125214077352,748.9307198083415,750.0,27.764670685048,0.037072415312531505,0.0,0.0,-25.92724573550755,670.2220714293956,164.30888303171076,224.8,105.79978101547565,0.6439078585608596,215.15000000000003,51.599999999999966,-0.33709954266137204,-1.6493754180360343,45915.0,11.87459438834692,289,attack,1
885.6124465289992,750.0,1162.3558067731321,1.3124881107179325,0.0,0.0,40.378687901253066,2757.2602398096838,1.2486482965279135,1.0,2.375320091212723,1.9023131636167836,0.0,0.0,22.888958677927054,747.2309149488855,158.08669677003527,165.1,105.81891453601666,0.6693726714395758,214.85000000000002,101.4,-0.22015316351009892,-1.6789200209818356,748.9339239571798,750.0,27.723102005135175,0.03701675290478662,0.0,0.0,-25.966352819429,672.2514787430682,164.6923686151608,225.0,106.19888618657039,0.644831858813853,215.55,52.5,-0.3331863230079377,-1.6504836887074805,46053.0,11.878540825948942,290,attack,1
886.8389122244836,750.0,1184.7925057479122,1.3359726207503266,0.0,0.0,40.79200441781934,2832.372746055195,1.2515264365825143,1.0,2.4225097765914447,1.9356441108878857,0.0,0.0,23.01621265448076,760.8101584977073,158.50090522569667,164.95,106.15967988958917,0.6697733349751129,215.25,102.25,-0.21628924694440357,-1.679490822909473,748.9369938942536,750.0,27.683215607439752,0.03696334382348389,0.0,0.0,-26.003987325628625,674.2073568314532,165.12732999385094,225.3,106.54302274427647,0.6452173770886016,215.95,53.30000000000001,-0.3290785670053374,-1.6520582502359935,46186.0,11.870724812681429,291,attack,1
886.0581167080143,750.0,1198.0869819590926,1.3521539494614236,0.0,0.0,41.34712380809044,2901.355588453726,1.2516664868946177,1.0,2.4612192572392915,1.9663538834099266,0.0,0.0,23.153598374993287,767.9226769158302,158.7794239790249,164.6,106.55346687117081,0.6710785579197387,215.74999999999997,103.25000000000003,-0.21108830330737602,-1.6805401428715017,748.9408693776292,750.0,27.632780382663242,0.03689581048718321,0.0,0.0,-26.05173018372449,676.692645565582,165.42186804459064,225.6,106.96067173013333,0.6465933010821842,216.5,54.150000000000006,-0.32363111183439497,-1.6545025205112085,46355.0,11.87627857084932,292,attack,1
886.9911102542682,750.0,1205.5998038097998,1.3592016761748582,0.0,0.0,41.85119241057368,2987.7733371676695,1.2538397275239381,1.0,2.492350610109578,1.98777447818744,0.0,0.0,23.282816285796645,776.5637668805774,158.51869052823253,163.6,107.16041958492444,0.6760112591634041,216.75,104.79999999999998,-0.19979096220132764,-1.6845234134076605,748.9483109483109,750.0,27.53567586710108,0.03676578939371087,0.0,0.0,-26.144142071222447,681.5161646402631,165.16605720409999,224.0,107.60827781676751,0.651515690562215,217.20000000000002,56.60000000000002,-0.311421591996398,-1.6617328783507912,46683.0,11.890055891073553,293,attack,1
887.4286201385189,750.0,1214.2511585059954,1.3682803675144741,0.0,0.0,42.3474120506145,3071.101120308012,1.2554714970697922,1.0,2.5257476786148465,2.0117921310916382,0.0,0.0,23.398435797714505,784.0196755314565,158.58392156190826,163.25,107.61174818494396,0.6785791846050062,217.45,105.75,-0.19154490066318006,-1.687288787623179,748.9537346830048,750.0,27.46468437388259,0.036670735590239145,0.0,0.0,-26.212115149977922,685.074980635702,165.24268152754394,222.95,108.08072950957967,0.6540727160226091,217.9,58.400000000000034,-0.3025158883200224,-1.6668530393287992,46925.0,11.899206432141337,294,attack,1
889.072741981328,750.0,1214.9898921946435,1.366580972313917,0.0,0.0,42.6023732432858,3207.1104422813933,1.2609921945033562,1.0,2.5760129404730323,2.042846063363302,0.0,0.0,23.162378061180362,774.1966136040769,157.928148297994,163.05,109.68268592053482,0.6945100484150235,220.54999999999998,107.34999999999997,-0.16695647057868138,-1.7256924074400728,748.9265583663117,750.0,27.818565429978403,0.037144583963828276,0.0,0.0,-25.87671598467405,667.6044301514861,164.5727148253711,232.0,110.29416996336043,0.6701850308563854,220.84999999999997,51.19999999999999,-0.27604309047299364,-1.713081695355753,45737.0,11.91116557872526,295,attack,1
890.3652706396938,750.0,1236.3372185940668,1.3885730490204378,0.0,0.0,42.711620783412535,3208.9700484587374,1.2641880809185346,1.0,2.6246699726719336,2.076170478339662,0.0,0.0,23.178588121104454,772.7311702659302,158.83074854534178,164.15,109.8310570980826,0.6914974468355469,220.49999999999997,107.29999999999998,-0.1688229013674164,-1.7234065119573592,748.9262766539092,750.0,27.822210085713685,0.03714946444397593,0.0,0.0,-25.8733059340046,667.4279599545977,165.51701602600326,233.05,110.41373564051997,0.6670838944025768,220.84999999999997,51.14999999999998,-0.2780347306626616,-1.710472680223559,45725.0,11.896543122594847,296,attack,1
891.4137600696712,750.0,1262.0772871187744,1.4158153527045991,0.0,0.0,43.24249482878376,3282.712542577065,1.2666884389288047,1.0,2.6732025824550507,2.110386816757945,0.0,0.0,23.35538872302227,788.4417014382209,158.99382720853234,163.375,110.23319212781695,0.6933174329040953,221.20000000000002,108.325,-0.1619226472938771,-1.7246801355130863,748.931069018071,750.0,27.760143290491612,0.03706635288463615,0.0,0.0,-25.9314993623505,670.4426591795848,165.69039697163072,232.725,110.8392079062578,0.6689537229199561,221.50000000000003,52.650000000000006,-0.27067803051881295,-1.713550353796382,45930.0,11.893728555049107,297,attack,1
892.2441204547426,750.0,1282.7786998088393,1.437699246653546,0.0,0.0,43.215450230492394,3273.3804488743135,1.2689620758483033,1.0,2.7181712972990337,2.1420429727830372,0.0,0.0,23.367796924512994,787.3886236376619,159.34133625372633,163.0,110.5369780750243,0.6937118808832589,222.0,109.14999999999998,-0.15626427729245607,-1.7258567732923429,748.9348260001735,750.0,27.711388132404686,0.037001067610118406,0.0,0.0,-25.977394151488113,672.8250069017694,166.0574560243209,232.85,111.14582735277308,0.6693215108419737,222.0625,53.650000000000006,-0.2646027267887811,-1.716297708640007,46092.0,11.890510146209168,298,attack,1
892.5816681428355,750.0,1300.1132392607308,1.4565762278826906,0.0,0.0,43.54201749436533,3302.3579712731675,1.2705061459030913,1.0,2.7595788779472126,2.1720311128331224,0.0,0.0,23.463660298539075,790.847463393267,159.4880476135966,162.2,110.98361731159439,0.69587419855112,222.95,110.10000000000002,-0.15039109518156152,-1.7259821507240016,748.9394050679398,750.0,27.65184766588975,0.03692134167166878,0.0,0.0,-26.033660348270118,675.7514711290919,166.19996369875352,232.85,111.6328505014916,0.671677947558594,222.85,54.79999999999998,-0.258380139447402,-1.7178930760942555,46291.0,11.889290192202322,299,attack,1
1217.0536912751677,750.0,1129.9235246749627,0.9284089377281997,750.0,722.0,1.196100677064965,1.0623553411903917,1.8456375838926173,1.0,1.317027526758062,0.71358945995255,1.0,0.0,1.6517538959968476,2.1977082814279623,0.5744093381991051,0.559962,0.3076097231945603,0.5355235417289383,0.577114125,0.2859610833333333,0.08189547857190341,-1.4302925704089138,585.248322147651,750.0,302.99768324895126,0.517724992592988,0.0,0.0,-1.2953783675395827,-0.32199488491048545,0.7537837617449664,0.7724975000000001,0.1886255928963608,0.2502383342136521,0.31258675,0.17041800000000007,-0.36297464459647505,-0.6725473715399519,298.0,3.5507115414596,2,baseline,0
1521.6791208791208,750.0,1369.640855429176,0.9000851997219312,1500.0,694.0,1.4860263090904486,2.2735264296661306,2.320879120879121,2.0,1.6395869543859618,0.7064508184144058,2.0,1.0,1.7699229580779114,3.3676508407229413,0.7829637881493109,0.6686,0.5290766289158806,0.6757357580565219,0.6559545,0.330975,0.5941187988683737,-0.8396886312103691,642.0967032967033,750.0,257.41611989217097,0.40089930157019177,0.0,0.0,-1.9664402012020288,1.8668870649034792,1.3291646175824177,1.570754,0.6165305439870128,0.4638481462953805,1.166165,0.32501099999999994,-0.5803714201966642,-1.3113282592098492,455.0,4.166178036674282,3,baseline,0
1559.9149606299213,750.0,1363.5559991606674,0.8741220089395382,1500.0,666.0,1.7953714939798493,4.032305227209442,2.393700787401575,2.0,1.7048216953200783,0.7122116950843748,2.0,1.0,1.8190569807944799,4.415174309267018,1.0125629399387008,0.8479736666666667,0.7681169349808612,0.7585868538970644,0.9486779999999999,0.4703844666666668,1.0566399299779852,0.1256617205535,672.6834645669292,750.0,223.25924825481218,0.33189346849568474,0.0,0.0,-2.54129194453932,4.458164747380437,1.8109958850393701,1.843502,0.9805365610390826,0.5414350022213144,1.9171845,0.9527,-0.2653201787817346,-1.4911669722205132,635.0,4.503079857896653,4,baseline,0
1597.8699186991869,750.0,1445.082154392391,0.9043803487888556,1500.0,638.0,2.189471686037614,6.936188398893879,2.4905149051490514,2.0,1.8936613724236107,0.7603493432255847,3.0,1.0,1.9620184645329801,6.040764991279632,1.3803146554598444,0.99985625,1.014018982166829,0.7346288602789732,1.130155125,0.4437829285714286,1.1058350060495539,0.2601244460853085,683.4742547425474,750.0,208.82028946877094,0.3055276596298859,0.0,0.0,-2.8203605644995124,5.95443371378402,2.4877309295392953,2.485913,1.2160916581531076,0.4888356870565244,2.288915,1.1167715,-0.295887942844925,-1.2518067512958144,738.0,4.654874687914619,5,baseline,0
1708.2741738066095,750.0,1659.9157440478427,0.9716916461653179,1500.0,610.0,2.6232556174922403,9.928462326906024,2.6842105263157894,2.0,2.247404681828327,0.8372684108772199,3.0,1.0,2.2190129070290165,7.641850745936354,1.7606947301003357,1.2913810000000001,1.2718509999945267,0.7223574752916131,1.537864,0.6364670000000001,1.0465845614904472,0.13264165702217845,689.9069767441861,750.0,199.4391921029412,0.2890812802678646,0.0,0.0,-3.0175310436363154,7.105493599308879,3.2054201750305995,3.364038,1.4436969063495744,0.4503924064606577,2.3060080000000003,1.2076859999999998,-0.37668046926941845,-1.0668689022633369,817.0,4.815068744343725,6,baseline,0
1815.3226544622426,750.0,1854.7676530832227,1.0217289188365608,1500.0,582.0,2.9774033553023767,13.382656278361704,2.876430205949657,2.0,2.5731082589750627,0.8945491719746239,3.0,1.0,2.419715931280387,9.539782600335094,2.164039281012542,1.6756975,1.5582601334621544,0.7200701702295594,1.9313179166666665,0.8763652857142858,0.9472609536184319,-0.15885642004135114,693.8260869565217,750.0,193.3961134841521,0.27873860196362316,0.0,0.0,-3.1523496668561655,7.937308422128163,3.975555897025172,4.309029499999999,1.6450316092927768,0.41378656266000957,2.85316325,1.3561765000000006,-0.45861897538771085,-0.9229308284271482,874.0,4.80643739956541,7,baseline,0
1871.6185671039354,1500.0,2004.4377053050066,1.070964853916036,1500.0,750.0,3.3890643316112814,17.833881738134842,2.9646821392532794,2.0,2.8436847152438096,0.9591870499682149,3.0,1.0,2.6825729875076676,11.989824388453371,2.3703103940972223,1.70273225,1.8618851967541235,0.7855026925548533,2.367208202380952,1.01812125,0.9498865077754959,-0.12676168658406484,700.4581231079718,750.0,182.52352601804384,0.2605773564423477,0.0,0.0,-3.412799762340574,9.647202217831875,4.445217428859738,4.5784,2.1193596839754028,0.476773007820913,3.7079545000000005,1.9229260000000004,-0.5525685746192428,-0.8613356266638723,991.0,4.97008316025498,8,baseline,0
1925.3384030418251,1500.0,2132.3261712722347,1.1075072142660176,1500.0,750.0,3.6429579873330273,20.554877984050105,3.0722433460076046,2.0,3.0899858961039164,1.0057751122219432,3.0,1.0,2.7925881932968584,12.824400081982018,2.758865539007017,1.948289,2.124064461724722,0.7699050322290172,2.8482848125,1.1171342499999999,0.9590616329293635,-0.15795185305449655,703.3307984790874,750.0,177.53069911285576,0.25241422598975577,0.0,0.0,-3.5411430254016865,10.539693926351022,5.161009239543726,5.4617945,2.3549882934925375,0.4563038320971378,3.950561,2.0761890000000003,-0.5411377059272054,-0.927810158339319,1052.0,5.051854801828804,9,baseline,0
2035.5433364398882,1500.0,2323.1560008974693,1.1412952794022102,1500.0,750.0,3.6850478599580687,20.835584673674404,3.271202236719478,2.0,3.407693744076089,1.0417251815936306,3.0,1.0,2.770268768967365,12.384969155164967,3.2082579579636676,2.4143086666666664,2.3865203420572407,0.7438679723783816,3.3357350000000006,1.4090953333333336,0.9321369057612521,-0.24122755218756975,704.2441752096925,750.0,175.90369523225127,0.24977657100234446,0.0,0.0,-3.5842814421091647,10.847073456248163,6.055131917986952,6.439731,2.449303638328242,0.404500458702231,4.243867999999999,2.106171999999999,-0.5528087931864003,-0.9042508865508507,1073.0,5.032218502684937,10,baseline,0
2053.3873720136517,1500.0,2481.653406118574,1.2085656315714768,1500.0,750.0,4.027957618635253,24.160102781577656,3.304607508532423,2.0,3.684236219124039,1.1148786080075843,3.0,1.0,2.993674169636883,13.95079274148899,3.4520680983820466,2.772705833333333,2.71725254786749,0.7871375854784098,3.6314330178571432,1.7728133333333331,0.8805077348429244,-0.29511329406002007,708.1092150170648,750.0,168.790725133796,0.23836820868053285,0.0,0.0,-3.78112262701775,12.29688832054561,6.499884293515358,7.368748,2.972559457133893,0.457324980399956,5.509567999999998,2.1995575,-0.6313310874793616,-0.7705831452692307,1172.0,5.152975315802241,11,baseline,0
2086.0251968503935,1500.0,2630.709601464809,1.2611111339579277,1500.0,750.0,4.344680815246772,27.307106514637194,3.3566929133858268,2.0,3.9404442483306052,1.1739066843490191,3.0,1.0,3.204962188273359,15.46558851106536,3.7363577948000506,2.7917166666666664,3.0161117530221198,0.8072331180969047,4.054689857142858,1.7919143939393938,0.8882549684689224,-0.3266537622810284,711.3417322834646,750.0,162.53248176440073,0.2284872015629651,0.0,0.0,-3.9664900059880415,13.733042967603012,6.9725154574803145,8.0831575,3.3884068840124066,0.4859662061239644,5.52474575,2.4833784999999997,-0.5563386479978023,-0.9945754546892767,1270.0,5.330373886836598,12,baseline,0
2141.4992805755396,1500.0,2791.037682727046,1.303310119243626,1500.0,750.0,4.413201295839986,27.44731920093372,3.4287769784172664,2.0,4.194073321033363,1.2231980520848456,3.0,1.0,3.271174552897538,15.51956815361078,3.9292915014668965,2.6670142500000003,3.33950986061179,0.849901275933606,4.448597875,1.839532916666667,0.9149705219949413,-0.30827615514017825,714.6791366906475,750.0,155.73727853161733,0.2179121658045952,0.0,0.0,-4.182417206225022,15.492613686927118,7.3243175561151075,8.315321999999998,3.86504592620202,0.5277004849380232,6.20150875,3.040154499999998,-0.4682264325906994,-1.1692078109507302,1390.0,5.389021137109208,13,baseline,0
2181.3247106875424,1500.0,2960.0047810239803,1.3569757709713022,1500.0,750.0,4.490335123520374,27.67900889919789,3.4962559564329476,2.0,4.468574897192372,1.278102905758488,3.0,1.0,3.3232730773769856,15.48267251913872,4.286451293839009,3.14199375,3.6060803478473513,0.8412740751377331,4.9639714999999995,2.1421514423076924,0.9249019582743578,-0.3133836237913008,716.5786249149081,750.0,151.70116841625824,0.21170205632950936,0.0,0.0,-4.318735687203853,16.65147793592812,7.911243915588835,9.243491,4.139831338510693,0.5232845027509894,8.00263,3.303977999999999,-0.4039631315236346,-1.2666148421923797,1469.0,5.5538274918185335,14,baseline,0
2199.4146658014274,1500.0,2987.8079007748925,1.3584559324951981,1500.0,750.0,4.606888820219692,29.68828929717879,3.536015574302401,2.0,4.580893872035973,1.295495954635242,3.0,1.0,3.358287063511652,15.88221339579021,4.609483076177102,3.438849333333333,3.8712488134895553,0.8398444575048087,5.312539,2.296195666666667,0.9394803055518708,-0.2723677210832194,718.1401687216094,750.0,148.28266700430814,0.20648151080070087,0.0,0.0,-4.439361327538663,17.70792899644584,8.5202134256976,9.656809,4.411178417023853,0.5177309765174907,8.110958,3.8024510000000005,-0.3711545318708646,-1.2901155684229761,1541.0,5.564221510735389,15,baseline,0
2233.6296296296296,1500.0,3056.5079584164064,1.368404106872106,1500.0,750.0,4.730678319800317,31.11217337028745,3.59320987654321,2.0,4.734358607571635,1.3175847696729168,3.0,1.0,3.422956487301456,16.22081280421087,4.873962966830038,3.4964115,4.10180664266164,0.8415752582809224,5.7041445625,2.2649185,0.9724257018659929,-0.1516814555488497,719.6938271604938,750.0,144.78464241053138,0.2011753289336522,0.0,0.0,-4.568078791434575,18.867343844754387,9.076637390740741,10.2457005,4.727455355548101,0.5208377455257465,8.6904955,4.296826,-0.3521910522315856,-1.2825472633898065,1620.0,5.6230414639644675,16,baseline,0
2305.0602836879434,1500.0,3197.6095494730507,1.3872129818475236,1500.0,750.0,4.7858668324315445,31.455049540788607,3.701536643026005,2.0,4.964785926258507,1.3412769898178818,3.0,1.0,3.4699405517188016,16.383351511882843,5.160562436729036,3.7485435000000003,4.372035501476007,0.8472013574255236,5.62076445,2.53437575,0.9699246606393122,-0.15322180714959055,720.983451536643,750.0,141.8026371610112,0.19667946172521034,0.0,0.0,-4.682331135487827,19.92422486235872,9.667512238770685,10.649771000000001,5.016451053639036,0.5188978229084636,8.90078075,4.279586500000001,-0.3367768736601428,-1.2779748044152497,1692.0,5.716568971417158,17,baseline,0
2239.789090909091,1500.0,3216.391717951898,1.4360243698867294,1500.0,750.0,5.063814675975531,34.8877321032014,3.572987012987013,2.0,5.0187697216859695,1.4046425871249624,3.0,1.0,3.691086224600921,18.263182496423006,5.063692121330701,3.570592,4.6604395944727415,0.9203639326413101,6.20689375,2.710957125,1.0411531375633614,0.023262833834581276,724.4955844155844,750.0,133.28057937166042,0.18396327353626513,0.0,0.0,-5.0344256604713005,23.34544173081187,9.440276341818182,10.309317,5.749844577298988,0.6090758754411184,10.247891,5.027882999999999,-0.21099658300065294,-1.4055625552450906,1925.0,5.9339439087960555,18,baseline,0
2255.2361516034985,1500.0,3280.764662286112,1.4547322061831314,1500.0,750.0,5.280310984152831,38.37582653507778,3.5879494655004858,2.0,5.1444905355281,1.4338246915109467,3.0,1.0,3.8430696865212726,19.985381000645862,5.247876008361498,3.5577986,4.8879173417526385,0.9314086944822375,6.363280906249999,2.557899988888889,1.0894634304164086,0.12089509404761545,726.1438289601555,750.0,129.054401684272,0.17772567435996675,0.0,0.0,-5.224832699390888,25.298876736624266,9.790313663265305,10.401005000000001,6.086005595323313,0.6216354046100586,11.674687500000001,5.634532000000002,-0.13658838511943103,-1.4563708090624838,2058.0,5.991725386548279,19,baseline,0
2209.256298870547,1500.0,3204.145017900366,1.4503274335071228,1500.0,750.0,5.580163647551483,43.52026210345461,3.4939183318853173,2.0,5.08329468164469,1.4548979680649103,2.0,1.0,4.049571004246852,22.26949991111156,5.246093937229416,3.2675804,5.111614094230219,0.9743657195985669,6.45887325,2.4562566777777777,1.1647373472892981,0.31043358041721847,728.6724587315377,750.0,122.24410324948913,0.16776276059930942,0.0,0.0,-5.557281696251588,28.883379851492958,9.697572106429192,9.3282805,6.571852437448433,0.6776801827636318,13.610398,6.6871805,-0.003215515995505476,-1.5104165868717576,2302.0,6.138213876383373,20,baseline,0
2229.4518828451883,1500.0,3285.6072582121133,1.473728714888916,1500.0,750.0,5.677003393113081,44.92685548260135,3.528451882845188,2.0,5.238718313658453,1.4847073128950201,2.0,1.0,4.112757925951418,22.795546493413823,5.633632416079814,3.6082567,5.324865482995331,0.9451922116531452,6.828632000000001,2.60828295,1.179074724045463,0.339677908343881,729.4577405857741,750.0,120.03968875013703,0.16456016856266675,0.0,0.0,-5.672419582733809,30.17634392258195,10.322465386192468,9.749967,6.7290388515030815,0.6518829174766695,13.780790000000001,6.5174365000000005,0.036725984609653387,-1.5116484053458517,2390.0,6.177540094149085,21,baseline,0
2237.7238895558226,1500.0,3382.8821208506433,1.5117513544184977,1500.0,750.0,5.781100983508833,46.48178196004548,3.5418167266906764,2.0,5.405019681363491,1.5260585452183215,2.0,1.0,4.194005102864232,23.59596899774776,5.941743980081222,3.901577,5.5479919466354435,0.9337312353467649,7.054548428571428,2.73801,1.1953225516365713,0.39620014265384373,730.3537414965987,750.0,117.46754090502324,0.16083650186321433,0.0,0.0,-5.811881969549284,31.777972027972055,10.847403541016407,10.556537,6.946590788006702,0.6403920313040925,13.996800499999999,6.794601,0.06912846280787052,-1.491750880190448,2499.0,6.218392874097683,22,baseline,0
2229.2232716282583,1500.0,3400.220038827887,1.525293622268852,1500.0,750.0,6.015721428823548,50.9937497549373,3.5243672081601813,2.0,5.47095149690422,1.552321643510073,2.0,1.0,4.345204936632472,25.543629524240174,6.161367775017458,4.2076435,5.767575424838908,0.9360868617881792,7.34858525,2.8434350624999993,1.2261447016847975,0.4971284897639192,731.4522100491122,750.0,114.2255830909991,0.15616274244810827,0.0,0.0,-5.996068495028714,33.95283739707591,11.216517402720061,10.492162,7.230414520096824,0.6446220569624769,14.351193999999998,6.849724,0.10769681879324948,-1.4630272773784894,2647.0,6.264577722051273,23,baseline,0
2200.731847591661,1500.0,3411.8037570078623,1.5503041684708296,1500.0,750.0,6.213677216566655,54.77240742228072,3.483465132997843,2.0,5.536388331489377,1.5893336434014496,2.0,1.0,4.465448081306754,26.973549412402928,6.463910555648374,4.455427125,5.987434769786994,0.9262867606599197,7.4551609999999995,2.9098848333333334,1.2296327125452782,0.5332358022309851,732.352264557872,750.0,111.49090735562723,0.15223672097598462,0.0,0.0,-6.159287294391941,35.936819974858025,11.650172604601007,10.858554,7.485439134712558,0.642517444913763,14.561606,6.5958995,0.13577152467888703,-1.433263981450657,2782.0,6.390180923710497,24,baseline,0
2198.876997915219,1500.0,3430.8041082531704,1.5602528524814967,1500.0,750.0,6.376997232681937,58.66308091463058,3.485753995830438,2.0,5.6178669826692165,1.611664790283294,2.0,1.0,4.55436210035272,28.295608897445998,6.839619426378988,4.7493681,6.210407328333452,0.908004808627393,7.538307324999998,3.0287661,1.222589341493397,0.5373634586505207,732.9409312022237,750.0,109.66146015691739,0.14961841464774328,0.0,0.0,-6.272776793416208,37.34772870002094,12.242159604933983,11.5740065,7.680367167869053,0.627370285613138,14.699641249999999,7.005482,0.14619977592151592,-1.4045477231947,2878.0,6.42908169057564,25,baseline,0
2173.467369808833,1500.0,3408.4356809911196,1.5682019101537779,1500.0,750.0,6.6034437755631314,63.53365297049291,3.445286750164799,2.0,5.637986148001064,1.6364345138271525,2.0,1.0,4.689819675427312,30.03100037956694,7.0451682035133185,4.737686500000001,6.431899949941872,0.9129519358720749,7.108901625,3.1189111666666673,1.2391149617721482,0.6198381344838477,733.8180619644035,750.0,106.87143745226243,0.14563751288183285,0.0,0.0,-6.452950763732874,39.64057355916068,12.586221666446933,11.426252,7.993360866308129,0.6350882002672245,14.45306575,7.0883,0.16065247992438975,-1.3639206152198484,3034.0,6.516389877385809,26,baseline,0
2177.7665369649803,1500.0,3468.5329750014926,1.5927019338975492,1500.0,750.0,6.794112437171279,67.24393863959905,3.4636835278858626,2.0,5.776111763640926,1.6676211083194734,2.0,1.0,4.784335231089539,31.201399731924596,7.5332223556719216,5.233813833333333,6.640259179887929,0.881463318932613,7.352722083333333,3.2792908333333344,1.227053933870312,0.595672513095904,734.0804150453956,750.0,106.02125801978356,0.14442730775377952,0.0,0.0,-6.5096457350280374,40.37548759556873,13.373524150453958,11.807824499999999,8.099614025419966,0.605645447998464,15.091446000000001,7.090492499999998,0.16176598512088752,-1.3486588377648627,3084.0,6.549531487256236,27,baseline,0
2171.8477157360408,1500.0,3481.1101622300143,1.6028334477632855,1500.0,750.0,7.022734815836513,72.69959411222442,3.4647842639593907,2.0,5.858529159511696,1.6908784828111774,2.0,1.0,4.891775697421264,32.79479369688236,7.974731389514017,5.567107166666666,6.873402252240431,0.8618976510328956,8.003999875,3.3365846874999994,1.2041640625965122,0.5524533332510808,734.4238578680203,750.0,104.89689421319254,0.14282882165307195,0.0,0.0,-6.585969212129017,41.3749904631113,14.07330592036802,12.3877565,8.262966796015212,0.5871375810893432,15.113598499999998,6.956571500000001,0.15503286625590573,-1.320029464980668,3152.0,6.5851577023660335,28,baseline,0
2152.3703927492447,1500.0,3455.4664288713543,1.6054236949699219,1500.0,750.0,7.29611537294399,79.58111078094046,3.4317220543806646,2.0,5.871948501967238,1.711079279999257,2.0,1.0,5.047489252638772,35.12738433401155,8.153133655211342,5.7206019999999995,7.136331694712117,0.8752869751068901,8.515977750000001,3.5794277499999994,1.2001022035525408,0.5767649116107307,735.1673716012085,750.0,102.41655549134063,0.13931052906806163,0.0,0.0,-6.759988557328063,43.69744529520633,14.37541819123867,12.4361455,8.644910940528918,0.601367614181666,15.499228000000002,6.8802175000000005,0.1406829925778028,-1.2678147820200858,3310.0,6.653088414582642,29,baseline,0
2137.016919988529,1500.0,3494.343836176738,1.6351502898701873,1500.0,750.0,7.408087904950726,81.8921380090865,3.4017780326928593,2.0,5.945940118549347,1.7478918557900498,2.0,1.0,5.148575710796184,36.3501464434961,8.34339993483743,5.910621,7.391639600732078,0.8859265597312042,9.520808625,3.832649000000001,1.1938491122775006,0.5838184344458686,735.920275308288,750.0,99.83647920485633,0.13566208535704952,0.0,0.0,-6.949769825044328,46.29930062109666,14.621549526813881,12.74521,9.031605236267362,0.6176913889806726,16.129706000000002,7.283633,0.14233099999625298,-1.2427273736601105,3487.0,6.765959295604667,30,baseline,0
1455.2406864796985,750.0,2615.293398275722,1.797155221520263,750.0,0.0,10.099668097567339,153.7719274610703,2.218361936654109,1.0,4.4625984500767135,2.0116638211019437,1.0,0.0,7.26654288656434,72.25430633300282,4.833705614083453,0.999,6.615712527615918,1.3686626898296044,5.176846500000001,0.09999999999999998,2.0703930581313994,3.735711494652681,743.1529636280983,750.0,69.96004419403964,0.09413949431418843,0.0,0.0,-10.119847302776286,100.4128306031976,8.104533960792521,0.999,9.655708365869312,1.1913958794646233,12.5784255,0.2993229999999999,1.0741863308885133,-0.2902447384287643,7167.0,9.802481276430408,31,baseline,0
1418.0847651775487,750.0,2603.3101720298564,1.8357930611460407,750.0,0.0,10.487240608143694,164.84057690293218,2.1528573246786307,1.0,4.43488976334995,2.060001706807009,1.0,0.0,7.582771018078832,78.32644247261183,4.8211781516616465,1.999,6.089923525771979,1.2631608569936483,3.560075666666667,1.0,2.2491709265496875,4.667453751388713,743.7541762122947,750.0,66.84658499168688,0.0898772566657917,0.0,0.0,-10.60931937128171,110.55922303801492,7.851318243858979,1.999,9.213899569390701,1.173548095136442,10.757608,1.0,1.2561267235955487,0.19939460841841594,7857.0,9.993825375313635,32,baseline,0
1421.048678720445,750.0,2638.2978938593697,1.8565851637362434,146.0,0.0,10.572579211327401,169.1310304649306,2.1634846377544568,1.0,4.524523508677682,2.0913129817153755,1.0,0.0,7.616768277430856,79.19220423414689,5.243543530057185,2.999,5.986295946991249,1.1416508536024235,3.4022799999999997,1.0827825,2.272786100638541,4.866333920439057,743.7951547335794,750.0,66.62928351362802,0.08958015266648789,0.0,0.0,-10.645283044352352,111.32353551866969,8.307821376533065,2.999,9.08450291549552,1.0934879920692966,11.537913999999999,1.5958520000000003,1.288262237435975,0.3425017158700201,7909.0,9.994062864927786,33,baseline,0
1440.8358132375577,750.0,2725.8977360022595,1.8918864390781405,750.0,0.0,10.560163321922671,168.65491772296414,2.202283222165213,1.0,4.6864213225606095,2.1279830293367414,1.0,0.0,7.583966840478442,78.39694890089555,5.692018803230089,3.999,5.833849300327839,1.0249174329883213,3.3239885048076925,1.64192725,2.209255946983686,4.719661838775223,743.7051353635349,750.0,67.10706486245412,0.09023342944869021,0.0,0.0,-10.566933814851426,109.66147143405509,8.906392602103644,3.999,9.036483959100496,1.0146065149840942,11.301027249999999,2.0,1.2841664525881977,0.4077821161686823,7796.0,9.980621341268543,34,baseline,0
1473.9287322824216,750.0,2838.3667949156134,1.9257150856407552,750.0,0.0,10.293191572059511,160.046367397483,2.2644058815737185,1.0,4.891107877000472,2.159996101759481,1.0,0.0,7.407646242810878,74.37050899571705,6.072222652454886,4.899,5.7272179237834235,0.9431831228171478,3.5395134285714285,1.9,2.0787325301409423,4.249286293509227,743.4990897564484,750.0,68.18708659354066,0.09171105591518214,0.0,0.0,-10.39363579001595,106.02892985303848,9.508556296198172,4.999,9.079139388403274,0.9548388951573444,12.271792999999999,2.9999999999999996,1.2469153776850073,0.39429695571751466,7549.0,9.930484819220123,35,baseline,0
1491.405384006334,750.0,2895.359364600448,1.9413630899083245,750.0,0.0,10.348028957455162,163.55248523724148,2.295328582739509,1.0,5.005922259796967,2.1809174936611138,1.0,0.0,7.431917754970032,75.31230586831823,6.367216813886706,4.999,5.7125561189040015,0.8971825973390902,3.6521561041666666,1.9999999999999996,1.9514090141441998,3.8461960172364114,743.5238922612241,750.0,68.05844609535609,0.09153498200088095,0.0,0.0,-10.414120430287849,106.45510634640765,9.94864466165215,5.999,9.179588350594598,0.922697378666871,12.010578249999998,3.9999999999999996,1.2240777475187283,0.4183706937634155,7578.0,9.904314478290535,36,baseline,0
1540.3342072581759,750.0,3009.40339604565,1.9537340545091477,750.0,0.0,10.147470670391964,158.0805513455416,2.383744997930178,1.0,5.227352211591062,2.1929158597626874,1.0,0.0,7.26587320792249,71.96057834909215,6.829306169425568,5.899,5.914477717762821,0.8660437196741327,4.367324999999999,2.9,1.7627561163677963,3.1372479531742483,743.2280272545208,750.0,69.58170139386615,0.09362093306801209,0.0,0.0,-10.177736906732639,101.58741926699585,10.72338205616117,6.999,9.430345257414855,0.879418937796458,13.222994000000002,4.47853,1.1228085825284448,0.24381624832337945,7247.0,9.724212913794915,37,baseline,0
1492.711093990755,750.0,2950.5904790193254,1.9766654719038348,750.0,0.0,10.567300044792095,172.09151524317014,2.305855161787365,1.0,5.156929369240995,2.2364498233460783,1.0,0.0,7.552871234124484,77.62218047021638,6.5383621140964365,5.243394892857143,5.763995256246268,0.8815656208179927,6.0,2.7556051071428564,1.6246189149772627,2.7062122085848888,743.6983821263482,750.0,67.14419291701633,0.09028417236170494,0.0,0.0,-10.561326211291789,109.54272270391009,10.197366471237803,6.999,9.405630360470589,0.9223587665501336,12.704861499999998,5.0,1.195915524841182,0.5753290967588445,7788.0,9.914530453990025,38,baseline,0
1561.7181594083813,750.0,3115.184668528024,1.9947162999680654,750.0,0.0,10.211339328767375,160.60793192303288,2.427964941112024,1.0,5.451984196999884,2.2454954372211153,1.0,0.0,7.2931004035536455,72.18354774669635,7.084413338141583,5.85077875,5.967459262383114,0.8423364049433805,6.480940416666668,3.1482212500000006,1.4837105615060762,2.088994942787603,743.2788979485775,750.0,69.32300420151422,0.09326647694807853,0.0,0.0,-10.217376029890978,102.3957646709175,11.117303335250616,7.999,9.656987262849539,0.8686447577830566,14.248780749999996,5.6697595,1.0921444016898534,0.3489606843582602,7302.0,9.698610396403513,39,baseline,0
1503.6250314149283,750.0,3039.62023942735,2.02152809106073,750.0,0.0,10.671835080171638,176.24039700580173,2.3303593867805983,1.0,5.34554286262152,2.293870590495662,1.0,0.0,7.623341303949792,78.82519516043733,6.829624334900423,4.999,6.202835339924055,0.9082249675471342,7.899999999999999,3.7279610689655174,1.502639509216127,2.0707861354325505,743.8328788640362,750.0,66.43065111344896,0.08930857051506014,0.0,0.0,-10.67900558653667,112.04218748504395,10.665939106056797,7.899,9.943010119647864,0.9322207843847141,13.821866999999997,5.9,1.1241516462301746,0.41279383568416783,7958.0,9.944581371461563,40,baseline,0
1537.7938144329896,750.0,3121.1846447067965,2.0296509294112552,750.0,0.0,10.577531503423156,174.3457208774027,2.392783505154639,1.0,5.515988894950067,2.3052603309356163,1.0,0.0,7.534737420665581,77.08034007488382,7.144851670267006,5.0771421,6.261532641974219,0.876369857758044,8.0,3.0781420999999995,1.4404979402355484,1.8044483198806578,743.6754651747548,750.0,67.26600873674003,0.09045075693190084,0.0,0.0,-10.541792713582721,109.13034852671342,11.189733100773195,7.999,10.08541866481717,0.9013100289336019,14.632878,6.0,1.0961503022943826,0.38461301541100434,7760.0,9.841086562332272,41,baseline,0
1555.2329087600729,750.0,3193.6334509059507,2.053475998943535,750.0,0.0,10.608152519926314,176.01242252198128,2.4276059266961267,1.0,5.660359018562682,2.3316630414830963,1.0,0.0,7.529874040566476,77.10070467972393,7.4268500376174424,5.3460055,6.35713871166035,0.8559670222854993,7.7791109999999986,3.3470055000000003,1.3775408478614688,1.5334394862522398,743.6211581071211,750.0,67.5519021770071,0.090841823743907,0.0,0.0,-10.495652556765,108.15962599901022,11.636435937093838,8.340993000000001,10.287754443814215,0.8840984043077669,15.528361499999997,5.341993,1.081730773986403,0.3764074857510269,7694.0,9.79950412734771,42,baseline,0
1583.6481262327416,750.0,3304.362486988318,2.086550940358762,750.0,0.0,10.529664600377624,172.75252105386954,2.478369493754109,1.0,5.8466901663768,2.359087368171454,1.0,0.0,7.479351003807269,75.94714814851535,7.625749133628509,5.999,6.443352519054876,0.8449468250457617,7.783164,3.8999454,1.3338986369160957,1.3852513778894657,743.5464550555785,750.0,67.94302179996578,0.091376969573323,0.0,0.0,-10.433113085873174,106.85070167327336,11.991126850361601,8.735371,10.443849042324395,0.8709647702550535,14.572223,5.736371,1.0673873188782925,0.392901577445151,7605.0,9.745855033271608,43,baseline,0
1597.7065217391305,750.0,3362.142903340569,2.1043557484392186,750.0,0.0,10.62491108381215,176.38165185411708,2.4998706004140785,1.0,5.946361344029922,2.378667657055916,1.0,0.0,7.546762849245899,77.53944768262355,7.670219573404216,5.899,6.5687312398843725,0.8563941588661746,8.305093000000001,3.9,1.291339789881117,1.2063636932748665,743.6491212591757,750.0,67.40550858834669,0.0906415494369348,0.0,0.0,-10.519432101748086,108.6592802180509,12.120122945134577,7.999,10.722934280592035,0.8847215765989057,15.728086750000001,6.0,1.0659992940941343,0.3957588445733946,7728.0,9.739520027504412,44,baseline,0
1571.5979650080656,750.0,3357.388780721867,2.1362898498692298,750.0,0.0,10.80375956130729,183.0709539397279,2.4581213550068246,1.0,5.952375578609498,2.4215141235746565,1.0,0.0,7.689298082016831,80.46005394876546,7.564960643546397,5.999,6.656320801500081,0.8798883583325092,8.38789175,3.9999999999999996,1.318469800408946,1.2513029370005562,743.9099198963202,750.0,66.0192645477508,0.08874631562508535,0.0,0.0,-10.748289368607878,113.52655055450006,11.907430133391241,7.999,10.865159826422602,0.9124689126627022,15.693812500000002,6.0,1.108441304508262,0.5059886414312644,8059.0,9.850370070020805,45,baseline,0
1565.7471542746428,750.0,3378.3698915675586,2.1576727010771046,750.0,0.0,10.907999812722945,187.43765417040376,2.449624606442238,1.0,6.003727991717507,2.450876749004062,1.0,0.0,7.77196586785003,82.22425129018633,7.72218484249139,5.801281666666666,6.757450216687028,0.875069731496726,7.9827685,3.802281666666666,1.3482083348947205,1.3238784856802202,744.056635462845,750.0,65.2260927023893,0.08766280628868393,0.0,0.0,-10.88356285049082,116.45275095077555,12.060341063453622,7.999,10.941378364928234,0.9072196472190845,14.802818499999999,6.0,1.1234780079111164,0.5539104745330778,8258.0,9.916645635726763,46,baseline,0
1569.0773888821607,750.0,3428.0781642417674,2.184773159394001,750.0,0.0,10.991211512533505,190.17377048047268,2.46215332445198,1.0,6.114490627160565,2.483391495743472,1.0,0.0,7.802340727310437,82.67805391311471,8.00911952086918,5.999,6.837399545085623,0.8537017742424203,7.899999999999999,3.4460666666666664,1.3860227301210535,1.447765602450752,744.0558752212822,750.0,65.23044387781536,0.08766874377332996,0.0,0.0,-10.882882533599423,116.43790935323076,12.419911272496062,7.999,11.042267091608315,0.8890777759468744,14.766287,5.672896,1.146702641187177,0.631022051238086,8257.0,9.896361273793286,47,baseline,0
1609.3062420382166,750.0,3586.7399213510403,2.228749151440789,750.0,0.0,10.786238130594224,182.30026813711422,2.5434394904458597,1.0,6.400693504760246,2.5165503361899195,1.0,0.0,7.628936979681973,78.8411147070528,8.13776576166411,6.0977785,6.555829304763373,0.805605555230771,8.0,3.1987785000000004,1.304119526908457,1.2669016057780373,743.7476486199574,750.0,66.88610595917656,0.0899311830878194,0.0,0.0,-10.604341768705227,110.45277391798022,12.771642575796177,8.999,11.099946413671404,0.8691087577652039,14.6784305,6.0,1.2134954997763896,0.9040131999248908,7850.0,9.838459214308354,48,baseline,0
1610.5029652996845,750.0,3634.211979309824,2.2565695671560375,750.0,0.0,10.87409519727437,185.02616183264226,2.549652996845426,1.0,6.497286126447437,2.5483021158119343,1.0,0.0,7.679466981662036,79.73539263097538,8.191819713920058,6.470988,6.685156686849753,0.8160771257563093,7.535495399999999,3.5280120000000004,1.2769377561547264,1.2321338336284846,743.8067804030129,750.0,66.57201803119082,0.08950176280339964,0.0,0.0,-10.656212062975738,111.55554339854606,12.76510123154574,8.724393,11.210192957047278,0.8781906820561753,14.860707,5.725392999999999,1.228101620266819,1.0053561415089964,7925.0,9.805850816466275,49,baseline,0
1665.0922155688622,750.0,3812.466046620308,2.289642586142184,750.0,0.0,10.598829920068502,175.17819215421324,2.653226879574185,1.0,6.811327784950203,2.567186333512251,1.0,0.0,7.475525539261662,75.41154424340678,8.176540610997721,6.3816145,6.580231083907868,0.8047695715052448,8.0,3.776364944444445,1.1963407677258409,0.9788096510486963,743.4688542914171,750.0,68.34816579555124,0.09193144460730947,0.0,0.0,-10.369461641158352,105.52636227024479,12.916528017831006,8.999,11.38822901825034,0.8816788073799028,14.990605500000001,6.0,1.2915412502693975,1.2623079589088748,7515.0,9.687643956400198,50,baseline,0
1665.417050994861,750.0,3850.762112921816,2.312190877727298,750.0,0.0,10.745855483073887,180.27196926221703,2.6581894847806034,1.0,6.898959643244379,2.59536036943348,1.0,0.0,7.549481257758439,76.93558419454848,8.294665993393982,6.899,6.70313662811709,0.8081261660753531,8.899999999999999,4.0,1.191738354233373,0.9915976095673451,743.5325018925741,750.0,68.01753199941201,0.09147889544341561,0.0,0.0,-10.421795666153246,106.61443437939656,13.122054595203585,8.999,11.612937571585437,0.8849938466061736,15.542533,6.1000000000000005,1.298701341439035,1.2954159979250228,7589.0,9.720838236897535,51,baseline,0
1700.6174386920982,750.0,3959.913446639081,2.3285151360582015,750.0,0.0,10.631756411011608,177.21163927104914,2.729019073569482,1.0,7.121024814282757,2.6093715808913904,1.0,0.0,7.441476209614265,74.79772514980712,8.462014708354374,6.999,6.7373870884592355,0.7961918432743388,8.527840249999999,4.000000000000001,1.1754850089201736,0.8980235049697125,743.3130632990986,750.0,69.15138233156227,0.09303130234876114,0.0,0.0,-10.244620142023384,102.95280964137125,13.551272581607629,9.725184500000001,11.861879148611449,0.8753332262470244,16.483172500000002,6.449483000000001,1.297764118207356,1.2916224749681477,7340.0,9.651418895517198,52,baseline,0
1686.91732547233,750.0,4001.5752043126436,2.372122891791522,750.0,0.0,10.683311872784422,179.10066153714146,2.7120460940640494,1.0,7.20229119097461,2.6556669544586717,1.0,0.0,7.4896506805381575,75.69420035807303,8.314661484733055,6.899,6.732207521299513,0.8096790871956531,8.563609,4.0,1.1336555676474722,0.7815265250934003,743.4232376579806,750.0,68.58480565150016,0.0922553966265086,0.0,0.0,-10.332515366913242,104.76142975217553,13.283393190539996,9.494751,11.966506331800527,0.9008621637672133,16.358021,6.495751,1.3662869520848013,1.5863436372501178,7463.0,9.749608211025574,53,baseline,0
1699.5677863213275,750.0,4050.617001982199,2.383321827221531,750.0,0.0,10.779175645686994,182.96381557254375,2.7409955483609876,1.0,7.326064037350088,2.6727748761689156,1.0,0.0,7.5112946123943996,76.18879335157514,8.350448314223039,6.856523,6.779349582663769,0.8118545648760833,8.858341333333332,4.282212666666666,1.0926391666151525,0.6169296802873832,743.3788439728005,750.0,68.81392906232138,0.092569124908859,0.0,0.0,-10.29687186557737,104.02610260178632,13.442227604748412,9.999,12.227666761919249,0.9096458653623656,16.271246,7.0,1.3801303264757985,1.638457981510883,7413.0,9.739869432466213,54,baseline,0
1696.2099140779908,750.0,4053.0558568245983,2.389477754601923,750.0,0.0,10.912001763784255,188.96634195884218,2.7357567746199605,1.0,7.360554537003061,2.6905003417292304,1.0,0.0,7.5955218318898305,78.07293320026425,8.433432624702577,6.729319333333333,6.948075286575813,0.823872745034333,9.09061125,4.269680666666668,1.1189959639761875,0.6550304349668452,743.5118476236255,750.0,68.12576467905461,0.09162700620951057,0.0,0.0,-10.404837857350344,106.2611747120865,13.558479977924653,9.999,12.435872635237244,0.9172025666213918,15.577969,7.0,1.3849917581552686,1.6590662371186866,7565.0,9.784774187822354,55,baseline,0
1657.7307547406756,750.0,4004.5573952093105,2.415686252883543,750.0,0.0,11.209789729283074,200.2845899600695,2.669094562350873,1.0,7.295067946707526,2.733162042892257,1.0,0.0,7.8025335624493595,82.43671849105257,8.06084531513311,5.999,6.905959902783152,0.8567289946400756,9.34285375,3.9999999999999996,1.1347651904334861,0.6428093313136407,743.8361035862291,750.0,66.41680118454703,0.08928956374170895,0.0,0.0,-10.68237611073473,112.11369114325771,12.958572088408891,8.999,12.533110564858069,0.967167561313998,15.6484915,6.599080000000001,1.471472034289872,1.9773851455985394,7963.0,9.935840189071893,56,baseline,0
1657.3190964078508,750.0,4038.8483024787183,2.436976868988418,750.0,0.0,11.302442161928886,203.7696916444738,2.668929761757808,1.0,7.3633883281262325,2.7589292283497806,1.0,0.0,7.869811493412664,83.84509128785673,8.152711875911336,5.999,6.978015032129959,0.8559133621228254,9.361176,3.9999999999999996,1.1583286426393253,0.6842423988817781,743.9410772332633,750.0,65.85379703461076,0.08852017861350363,0.0,0.0,-10.776938085901465,114.14291684528516,13.148228140723367,8.999,12.739455775077785,0.9689104599288545,16.445316000000002,6.899999999999999,1.4765081232394777,1.9813577730223155,8101.0,9.955194585970196,57,baseline,0
1687.7658988482724,750.0,4166.3080797394005,2.4685343403267477,750.0,0.0,11.199018396693624,198.75451232408614,2.7243365047571357,1.0,7.573153412009898,2.779815708810544,1.0,0.0,7.8060394573578105,82.3033490454724,8.48964959331256,5.999,7.089230465857787,0.8350439423839228,9.450646916666665,3.9999999999999996,1.1681032258966781,0.6928783715886899,743.8553390430474,750.0,66.31427151884819,0.0891494192999407,0.0,0.0,-10.699564277497133,112.48117358540927,13.705132073860792,9.488714,12.977906111894361,0.9469376903449593,16.224818499999998,6.589714,1.4626693906720716,1.912901003734084,7988.0,9.913475740980841,58,baseline,0
1684.186614076174,750.0,4205.440898224736,2.4970159856849024,750.0,0.0,11.291595599394178,202.06966380698617,2.720448662640207,1.0,7.648234978255868,2.811387358007787,1.0,0.0,7.870514423928787,83.64742939900452,8.178726856241685,5.999,7.0411622808386785,0.8609117781534834,9.0,3.9999999999999996,1.1948040852955415,0.7934738365898046,743.949986107252,750.0,65.80605434133403,0.0884549439750202,0.0,0.0,-10.785117066060893,114.31923893003511,13.366378373351413,8.999,13.136750350580572,0.9828204756474161,15.995908000000002,6.578899999999999,1.5097484116940485,2.1021912417026964,8113.0,9.956252875545676,59,baseline,0
1675.5382003395587,750.0,4259.451346779788,2.542139203938521,750.0,0.0,11.446972493443244,206.60317081510902,2.709313606597138,1.0,7.736208611848004,2.855412748457931,1.0,0.0,7.963248449793138,85.55834786309843,8.09295022657944,5.999,6.920608840025004,0.8551404180512381,8.724280631578946,3.9999999999999996,1.2310809065736301,0.8979303075633509,744.0475422427036,750.0,65.27791891404375,0.0877335320768394,0.0,0.0,-10.875406655214018,116.27495044164328,13.268755609143826,7.999,13.273731507404653,1.000375008659998,15.215858999999998,6.0,1.5826601358241368,2.330887239582415,8246.0,10.045109921725267,60,baseline,0
1665.3925200143387,750.0,4291.00423607266,2.5765723002260845,750.0,0.0,11.557733984164374,210.9542233909918,2.6967379615246743,1.0,7.804137810606847,2.8939177339256816,1.0,0.0,8.032962554060338,87.09901199571817,8.225292262977325,5.999,6.922587222732877,0.841622036203136,8.607455,3.8999999999999995,1.2429372138126242,0.9563913238857387,744.1350025170957,750.0,64.80066064667406,0.08708186072081099,0.0,0.0,-10.958245492586025,118.0836162456335,13.37269160700203,8.314315,13.335589846971825,0.9972255577919124,16.288969,6.315315,1.6292777025218226,2.5379600103440305,8369.0,10.123833340030671,61,baseline,0
1682.2194794085299,750.0,4423.912204727631,2.6298067873302022,750.0,0.0,11.42459211942954,205.25751847717476,2.7381156055236464,1.0,8.036241550937687,2.9349533433599526,1.0,0.0,7.939760786713693,84.91635387855317,8.237150598011718,6.570716666666667,6.703361333470674,0.8137961366262662,8.319792999999999,3.6671376666666666,1.2031434178425024,0.8676444335121909,744.0016675010742,750.0,65.52713309168948,0.08807390622090894,0.0,0.0,-10.83272643360132,115.34840909563954,13.433985609434194,8.657239,13.480888831451843,1.0034913854593317,14.754249,5.7582390000000006,1.7244893797677876,2.873472354995111,8183.0,10.134707653018104,62,baseline,0
1651.734193548387,750.0,4401.399585158403,2.6647142151262035,0.0,0.0,11.650658141317187,213.48282167184885,2.6853958944281526,1.0,8.003901041454146,2.9805292612762235,0.0,0.0,8.104284929918068,88.38778307117957,7.817534171403412,5.926965666666667,6.687359692807084,0.8554308233495784,8.413313342105262,3.9279656666666667,1.187998822713254,0.7661397129707206,744.242282735186,750.0,64.21032132972569,0.08627609962409621,0.0,0.0,-11.062415975258682,120.37749825819407,12.813521748269794,7.999,13.625582366309557,1.0633752869814588,15.560138,6.0,1.7996783753550059,3.2033581964641584,8525.0,10.252060063582748,63,baseline,0
1671.9004237288136,750.0,4464.023128784376,2.670029306427433,750.0,0.0,11.615281270423266,213.04093856294352,2.7217514124293785,1.0,8.13170062930534,2.987672052697551,1.0,0.0,8.082047932616476,87.97207755233471,8.066165514442874,5.999,6.794584141956265,0.8423561517291235,8.084461166666667,3.9999999999999996,1.209620809849334,0.8241850646589888,744.2226084333804,750.0,64.31916311317174,0.08642462938416538,0.0,0.0,-11.043122649809826,119.95099366945107,13.195212592396423,8.3649695,13.845659399398365,1.0492941513785654,16.30588625,6.3659695,1.7939110596220402,3.1601268500803696,8496.0,10.202093609292723,64,baseline,0
1649.1723903434206,750.0,4433.42757253262,2.6882741904316085,0.0,0.0,11.857198475671698,222.45345969160377,2.680720843250595,1.0,8.094488959461271,3.0195195370085743,0.0,0.0,8.246820194809672,91.57990566628398,7.997745092661444,5.999,7.024449835972657,0.8783037912046158,8.321337,3.9999999999999996,1.2430324314907049,0.8954081231375941,744.436711741166,750.0,63.12566016013899,0.08479654370147077,0.0,0.0,-11.258733904995692,124.75952785217687,13.05623131372549,7.6588,14.06247668117193,1.0770701240861607,15.798297499999999,5.659800000000001,1.7900372154525774,3.1544542348782203,8823.0,10.261422466623902,65,baseline,0
1697.341726618705,750.0,4617.915430320506,2.720675134476256,750.0,0.0,11.54427998011104,212.03097766012218,2.7808153477218225,1.0,8.439979446197393,3.035073671148942,1.0,0.0,8.015619882703634,86.76031466862192,8.361993013037047,6.212944416666667,7.026616900916089,0.8403040865928739,8.37289075,3.950181638888889,1.231080665413905,0.8296323234081693,744.1145011263717,750.0,64.91346861217683,0.08723586022570025,0.0,0.0,-10.938760975694285,117.65689444903359,13.61177309148681,7.999,14.188175013848756,1.0423458368346181,16.184894999999997,6.0,1.8053307008787678,3.234602784874019,8340.0,10.16769720763207,66,baseline,0
1672.442200557103,750.0,4589.845919365005,2.7443973357262172,0.0,0.0,11.743856669999458,220.41841210803088,2.738741875580316,1.0,8.413322519510865,3.0719662172354796,0.0,0.0,8.1526948440549,89.81178427037958,8.25826073080947,5.999,6.979471366685892,0.8451502797250345,8.621553874999998,3.6060990499999996,1.242138160006434,0.9052541940651921,744.3030148699401,750.0,63.873923390871,0.08581709614871352,0.0,0.0,-11.122726867850222,121.71545670820156,13.365944754294333,7.999,14.228507352258653,1.0645343530757292,15.176638999999998,5.3593795,1.8813879402264608,3.5799443513363096,8616.0,10.25122437909636,67,baseline,0
1664.899977163736,750.0,4615.2773185282895,2.7721048602515515,0.0,0.0,11.813896045767908,223.50132102533337,2.7280200959123087,1.0,8.468148507742034,3.1041371434289613,0.0,0.0,8.210766092866441,91.09060769020975,8.111919961007521,5.999,6.919196628766485,0.8529665802948951,8.345718,3.9999999999999996,1.237347948112621,0.9002334742571603,744.3953662533751,750.0,63.358276574676694,0.08511374391483113,0.0,0.0,-11.216199998526072,123.80354087797717,13.151143344370862,7.999,14.377775174241009,1.0932718774140036,14.866015499999996,6.0,1.9521307034631727,3.8609950029094176,8758.0,10.308120696550674,68,baseline,0
1711.7734986159585,750.0,4768.103426714592,2.7854756663599516,0.0,0.0,11.575524547042985,215.5957797449227,2.8259718377662777,1.0,8.781403802770452,3.1073925385298615,0.0,0.0,8.013437037165453,86.8312406407816,8.504748640502532,6.644575,6.9385944089587435,0.8158494392079708,8.631178,4.0310950000000005,1.1825089383760263,0.7630224293784953,744.0924857104485,750.0,65.0340720966153,0.08740052257686991,0.0,0.0,-10.917899681440959,117.20090108100746,13.810433918642437,7.999,14.651290492027288,1.0608856013024903,15.652223000000001,5.729046,1.9483032513801855,3.814054494015034,8309.0,10.18822735465486,69,baseline,0
1679.2188614146062,750.0,4720.371864262236,2.8110521938073663,0.0,0.0,11.862771689743521,226.72269234517216,2.7660724554341574,1.0,8.706987876464035,3.147780116662708,0.0,0.0,8.210520245831749,91.16309405510061,8.339643839057025,6.368041,7.220966990416259,0.8658603568414192,8.831743499999998,4.28809,1.2007412455927107,0.7951973755449231,744.3547227470632,750.0,63.585979564008575,0.08542429787956826,0.0,0.0,-11.174822304601225,122.87702720822553,13.4854456426682,7.999,14.820415874443446,1.0989934086828674,16.5951305,6.0,1.9512730231457054,3.8859848654299025,8695.0,10.266942077539404,70,baseline,0
1692.2432432432433,750.0,4814.568606511093,2.8450807091324553,0.0,0.0,11.830748378495638,226.6011675303734,2.8027027027027027,1.0,8.904215045379578,3.1770101897689913,0.0,0.0,8.153261558080263,90.13340198125425,8.353871937791721,6.721247999999999,7.197119984957005,0.8615310407618608,8.8648140625,4.461892000000001,1.2249777696039796,0.8475579676662406,744.2319822578244,750.0,64.26809612561605,0.08635492381104316,0.0,0.0,-11.052428849418092,120.15653922130572,13.520985420916569,7.999,14.94304957340043,1.1051745940265545,15.023552500000001,6.0,2.0135970126334626,4.171967915210576,8510.0,10.25148362676955,71,baseline,0
1698.8378789652347,750.0,4859.472382368966,2.860468584164652,0.0,0.0,11.856167378669777,228.24336751079244,2.8171602481563855,1.0,9.001582731196955,3.195268262459616,0.0,0.0,8.169198075476002,90.53001427022652,8.204829900132335,5.999,7.060345499009602,0.8605108923581374,8.505067,3.9721907499999998,1.244335045744145,0.895815208109322,744.2542464916046,750.0,64.14502814967798,0.08618698308011812,0.0,0.0,-11.074358711869191,120.64176826745295,13.429573583167503,7.999,15.13965632323964,1.127337084046774,15.405527000000001,5.6604,2.0705039640852188,4.372899996715441,8543.0,10.283176172559468,72,baseline,0
1661.4920923882125,750.0,4839.679973376717,2.9128516443434935,0.0,0.0,12.076780777203922,236.93527643223408,2.7594720673569233,1.0,8.987111819394164,3.2568228994621413,0.0,0.0,8.306804018136818,93.52535729432476,7.87418350829543,5.899,6.924558463898211,0.879400188807285,8.038394,3.9,1.3166432430396866,1.144357690792896,744.4150518160153,750.0,63.24823786956595,0.08496367411603327,0.0,0.0,-11.236496009696879,124.25919021522161,12.807463269427693,7.445636,14.975340499858472,1.1692667146354934,14.516321,5.446636,2.216291786967378,5.1587889866252805,8789.0,10.397985259407292,73,baseline,0
1644.279848248159,750.0,4838.014687988659,2.9423304634811123,0.0,0.0,12.240568417703443,243.93972026960571,2.73343003793796,1.0,9.006730630375282,3.295028775336706,0.0,0.0,8.405551047897834,95.76761445365703,7.599706631393399,4.999,6.783559221090577,0.8926080374035199,8.04758725,3.117688333333333,1.3349196633003924,1.1827749618365555,744.5228472167771,750.0,62.63968152359824,0.0841339950248161,0.0,0.0,-11.349132153632251,126.80314562694196,12.361785574648517,6.899,15.017662329342965,1.2148457226228795,13.0,4.9,2.3331481304359913,5.704555409310252,8962.0,10.42589813304457,74,baseline,0
1666.207650273224,750.0,4928.572371007862,2.957958073352788,0.0,0.0,12.166565347443232,241.57448825687686,2.781193078324226,1.0,9.197857101599572,3.3071623733299487,0.0,0.0,8.334729337527762,94.16967020459327,7.85325798834043,5.999,6.761979729741125,0.8610413333906127,8.100000000000001,3.9999999999999996,1.2930906849295682,1.0701595407266131,744.4118427443838,750.0,63.266431259485735,0.0849884803366974,0.0,0.0,-11.233221367579837,124.18559168773895,12.717142185678508,6.999,15.1338536805848,1.190035737559645,13.643007499999998,5.0,2.3552795950606007,5.834616358535239,8784.0,10.359007027727689,75,baseline,0
1648.6176668914363,750.0,4933.8257288301165,2.992704632441025,0.0,0.0,12.303669155986444,247.9189501450705,2.7580355135985615,1.0,9.23787226236666,3.3494391993210764,0.0,0.0,8.409116209747241,95.89876001445437,7.81216689822015,5.999,6.874182858327705,0.8799329235904898,8.127781971153848,3.9999999999999996,1.3257830028669393,1.179741396571548,744.4834232411778,750.0,62.86314576984613,0.08443861046115114,0.0,0.0,-11.307591206654369,125.86194388904269,12.449890889413352,6.999,14.954951851361981,1.2012114792169613,13.0,5.0,2.4444877713782485,6.515393370471928,8898.0,10.383301348751914,76,baseline,0
1650.7472527472528,750.0,4948.253672916568,2.9975840727170358,0.0,0.0,12.377629906450275,252.44205454727987,2.7613497613497615,1.0,9.28558562195441,3.3626981094258666,0.0,0.0,8.460602202323766,97.25734682007787,7.861760644120032,5.999,6.860430913784446,0.8726328903075292,8.255498000000001,3.9999999999999996,1.3506135418529035,1.2812827165783611,744.5513793565742,750.0,62.477795533961164,0.08391334334502633,0.0,0.0,-11.379537029318309,127.49418360229325,12.430532964146966,6.999,14.928090907626634,1.200921227648348,11.367631,5.0,2.522723366809748,7.007593645975605,9009.0,10.399398708272534,77,baseline,0
1654.1407894736842,750.0,4953.8402532519885,2.994811738381837,0.0,0.0,12.49486514599935,258.69031306217363,2.7663377192982455,1.0,9.324645857062341,3.370754695644241,0.0,0.0,8.526947472797804,98.94689453911923,7.894352402874175,5.999,6.957069894570282,0.8812717674013832,7.92646825,3.7147764999999997,1.3814163421132661,1.370507040495501,744.6176816239316,750.0,62.099445344830116,0.08339775817490375,0.0,0.0,-11.451030949398763,129.12642612997254,12.54009671754386,6.999,15.115396551905398,1.2053652290224077,12.0,5.0,2.51755181326998,6.974289169797901,9120.0,10.396375214616311,78,baseline,0
1642.4521853434112,750.0,4994.035043105164,3.0405969121475453,0.0,0.0,12.68982385050789,269.9827673515975,2.757476174827473,1.0,9.42331621061289,3.417369947431179,0.0,0.0,8.596395892059661,101.50816986846257,7.6615130840310375,5.899,6.732238168447828,0.8787086956073852,7.386724000000001,3.9,1.3872094995565376,1.4505745378029538,744.6229750509921,750.0,62.06920295497997,0.08335655094543577,0.0,0.0,-11.456807250662033,129.25874114400796,12.172677229817067,6.999,15.07227277629064,1.238205243738082,11.899999999999999,4.8999999999999995,2.6648337909060884,7.803818493254287,9129.0,10.474281998589085,79,baseline,0
1644.0547031354236,750.0,5037.921205081601,3.0643269931795083,0.0,0.0,12.757640273575781,274.32291225934074,2.775517011340894,1.0,9.562347455742369,3.4452490893300833,0.0,0.0,8.582787507360438,101.28214435995149,7.65550599503133,5.77615325,6.607198931887065,0.8630649543185454,7.1000000000000005,3.77715325,1.390016061616316,1.498998232863344,744.5422531687792,750.0,62.52991907260599,0.08398437940422862,0.0,0.0,-11.369837968329545,127.27351222563041,12.08361186791194,6.999,15.04347993836465,1.244948952582021,11.761752249999999,4.2915735,2.7873742437865254,8.544187137096749,8994.0,10.451715641175415,80,baseline,0
1633.5782922035378,750.0,5062.282264904427,3.098891732991813,0.0,0.0,12.913677076497242,281.289008483741,2.7583533522603187,1.0,9.605190755441114,3.482219110024533,0.0,0.0,8.677312151370284,103.71272740604928,7.610006002621167,5.8163168333333335,6.608928736099035,0.8684524997513374,7.886095,3.7257924166666667,1.3898362257346513,1.5283906060734074,744.6399774601712,750.0,61.97186762894875,0.0832239330479184,0.0,0.0,-11.475401376623113,129.6851315579064,11.910656400960907,7.3273065,14.924049381601836,1.2529997406690214,11.0,4.4283065,2.876333362132774,9.263250720801922,9158.0,10.470507881806926,81,baseline,0
1639.386433260394,750.0,5116.297225331432,3.1208610255217226,0.0,0.0,12.931900009613,282.72163508996033,2.774507658643326,1.0,9.7225642733092,3.5042484900053665,0.0,0.0,8.677957129808687,103.78795031576954,7.9210043897854865,5.999,6.597557155931142,0.8329192651930615,8.0,3.6110644999999995,1.3912018271260782,1.5497253883114315,744.6294097240753,750.0,62.03253899191489,0.08330659275853909,0.0,0.0,-11.4638615934493,129.42040981742292,12.307856333260393,7.318578499999999,15.01649516739919,1.2200739723309129,10.4100425,4.5804215,2.899709588150603,9.400443798495617,9140.0,10.471474548456614,82,baseline,0
1614.4447561501943,750.0,5103.863042890791,3.1613736075190735,0.0,0.0,13.240963508293673,294.92258244541233,2.740289167026327,1.0,9.741190568993574,3.554803882089713,0.0,0.0,8.8116676742807,106.6925734065154,7.85422450699979,5.999,6.543779861899207,0.8331541651333372,7.899999999999999,3.48613,1.365481688685379,1.5416862833636245,744.7035712985737,750.0,61.60600516544599,0.08272554012064261,0.0,0.0,-11.5456642295352,131.30264675399258,12.12996228895123,7.320064,14.889333078332,1.227483872055743,10.3035215,4.3357015,2.9731404864430546,10.033882023414344,9268.0,10.515972829403522,83,baseline,0
1633.7646292476386,750.0,5176.256491546879,3.168300010222761,0.0,0.0,13.167617671665745,292.7069801909511,2.7768971881446096,1.0,9.884945130695025,3.5597087183842318,0.0,0.0,8.772108345927473,105.84716838214877,7.880671394317734,5.999,6.627517618955895,0.8409838816188414,7.999999999999999,3.9999999999999996,1.3263119572680844,1.4127505642883333,744.6707844140805,750.0,61.79504349967556,0.08298303732742374,0.0,0.0,-11.50930701793439,130.46442395330672,12.212003835305612,7.601393,15.125818054046112,1.2386024650857457,10.830803499999998,4.885611000000001,2.976067430407586,10.02741686806367,9211.0,10.44824381607695,84,baseline,0
1587.9040712731794,750.0,5098.746773617024,3.210991687633155,0.0,0.0,13.539732093239895,309.99327219683073,2.6952242826064436,1.0,9.761070581428086,3.621617185783346,0.0,0.0,9.004443840562473,111.53029250583066,7.700590212363358,5.899,6.593349105818943,0.8562134750701665,7.855871,3.9,1.343100469320969,1.489451159354573,744.9147927191182,750.0,60.37410435891103,0.08104833592917524,0.0,0.0,-11.788291843527757,136.96410686931455,11.716317369418832,7.379597,14.862480981768325,1.2685283705749901,11.313559999999999,4.653902,3.147035250284264,11.359475680591538,9653.0,10.552270346619217,85,baseline,0
1595.363075958625,750.0,5168.633068805418,3.2397848155659985,0.0,0.0,13.544120738817547,311.8378270783463,2.7170619579981192,1.0,9.908302827600776,3.6466974183029044,0.0,0.0,8.984692642471193,111.41169190437616,7.7442698310886,5.999,6.483121868636215,0.8371508237755828,7.441921499999999,3.6438849722222217,1.3659093389910917,1.5446194023849342,744.8712146430715,750.0,60.63045966546513,0.08139723817159202,0.0,0.0,-11.73703441605663,135.7582504015328,11.764366124020476,7.32329,14.956421917556664,1.271332578388448,11.0,4.575709999999999,3.2370189431149328,11.882573121491559,9571.0,10.558175421664933,86,baseline,0
1610.3937125748503,750.0,5241.8970704072435,3.2550406956234332,0.0,0.0,13.52572851329126,312.3356001112603,2.7580196749358428,1.0,10.096642710588302,3.6608305598194004,0.0,0.0,8.919955552479193,109.89670486112878,7.869033570535081,6.27230635,6.452034058204528,0.8199271232446654,7.611581249999999,3.6233861249999997,1.3229946382139859,1.4631936703082644,744.7511012457843,750.0,61.33123700634838,0.08235132100342839,0.0,0.0,-11.599031010092146,132.53778167895317,11.88863354384089,7.613731,14.891815359709392,1.252609503421388,10.32176325,4.614730999999999,3.3232629985500535,12.687850418750811,9352.0,10.509882208071867,87,baseline,0
1626.007121277514,750.0,5310.5770521717595,3.2660232434894683,0.0,0.0,13.469556257207685,310.8699491059175,2.7915407854984893,1.0,10.245314606450668,3.670128933696073,0.0,0.0,8.878764564946644,108.96778347878852,8.057613632350137,6.2408210833333335,6.42285382957231,0.7971161342094506,8.0,3.6581789166666656,1.295048228353127,1.4024708563679598,744.7035179699456,750.0,61.60661825361553,0.08272636930943278,0.0,0.0,-11.545660162432144,131.30252179082464,12.194381231873113,7.999,15.037166572781894,1.2331225575823757,10.452401749999998,5.0,3.3324031725672865,12.742441760439766,9268.0,10.473359361764304,88,baseline,0
1642.020284422886,750.0,5421.941978054613,3.301994518271277,0.0,0.0,13.368223162973285,305.73442979894907,2.8337559254767943,1.0,10.467705000140782,3.6939331669432804,0.0,0.0,8.79443010647064,106.80664352212875,8.043415415503578,6.428972,6.3349582075553075,0.7875955524247521,8.0,3.5700280000000006,1.197711775605423,1.099737882320082,744.5884811332323,750.0,62.267115259320434,0.08362621345491741,0.0,0.0,-11.419515698660067,128.40558121425047,12.151766747326645,8.621784,14.995139909502244,1.2339884579171283,10.4889885,4.861902,3.4535302133531793,13.79937448147842,9071.0,10.443174083412591,89,baseline,0
1665.2193642592385,750.0,5516.309988589721,3.3126626479290393,0.0,0.0,13.264487706459875,301.9741692154984,2.8843086600022465,1.0,10.668063307886596,3.6986552291800447,0.0,0.0,8.71541961267688,104.96836479871425,8.113901030002328,6.2447915,6.46780183154148,0.7971260442573607,8.0,3.7542085000000007,1.183111122928974,0.9502823444727726,744.4863554107854,750.0,62.84749615633355,0.08441725721307031,0.0,0.0,-11.310829545289872,125.93509779967607,12.39259175783444,7.999,15.33689388113513,1.2375856625341781,11.305013,5.000000000000001,3.3928036083314628,13.314195619724554,8903.0,10.412983114107655,90,baseline,0
1667.6104240282687,750.0,5524.0647731236095,3.3125631103814497,0.0,0.0,13.355833287707604,307.0720256005118,2.883613074204947,1.0,10.691750560840608,3.7077618549043634,0.0,0.0,8.784392540543177,106.71287375357674,8.238822648659198,6.899,6.6114946527284255,0.8024805162912922,8.41765875,4.1000000000000005,1.1670303386512615,0.9204945017372594,744.5794980196482,750.0,62.3184963450132,0.08369622922839157,0.0,0.0,-11.409852344216967,128.18496213331747,12.51505984860866,7.999,15.408056044102155,1.2311611954308888,11.471512749999999,5.000000000000001,3.392193000092889,13.456841218747222,9056.0,10.388155226210486,91,baseline,0
1636.107970784376,750.0,5452.129407477719,3.3323775110415736,0.0,0.0,13.688343527723449,322.9217408167443,2.82131893722875,1.0,10.574181526413035,3.7479568108664667,0.0,0.0,8.99144602137936,111.7833104117142,8.097055479451884,6.037963636363636,6.803175413910617,0.8402036309588368,9.0,4.038963636363636,1.1842575261276704,0.9146340660109793,744.803836966877,750.0,61.02488294193685,0.0819341683180007,0.0,0.0,-11.659092138187814,133.93466578610054,12.290290801524293,7.999,15.457759116149754,1.2577211854281445,12.561316,5.1,3.3735747853364653,13.530883140562228,9447.0,10.460747379414798,92,baseline,0
1633.4826892535734,750.0,5487.382510636868,3.359314761483239,0.0,0.0,13.81444632456514,328.19531987680944,2.8249867654843834,1.0,10.670053794379106,3.777027887261474,0.0,0.0,9.029579109145054,112.5833570906087,8.329880893724983,6.727392,6.779316468137967,0.8138551504673881,9.0,4.171607999999999,1.185570479550975,0.9006574293672296,744.8027277332833,750.0,61.03140061890817,0.081943041219317,0.0,0.0,-11.657830158911663,133.90523526302707,12.509727252091052,8.324206,15.481797986723189,1.2375807781209094,12.578543,5.362781999999999,3.431812320728903,13.95045742543017,9445.0,10.466525809854248,93,baseline,0
1635.8721004469037,750.0,5545.418207896956,3.389884946617773,0.0,0.0,13.837100112937797,329.0268072901835,2.8384762715471377,1.0,10.79998072371937,3.804851508528814,0.0,0.0,9.02338889984451,112.32504792407863,8.268777762034949,6.488412,6.737523615696749,0.8148149351203076,8.899999999999999,3.61464225,1.1561687932967897,0.7994375680430661,744.7767270537416,750.0,61.1828136333854,0.08214920178214775,0.0,0.0,-11.628148866860737,133.2140713646507,12.38209150776761,7.999,15.512339818529792,1.2528044885469063,12.079968000000001,5.0,3.5270343711558625,14.696523288156161,9398.0,10.493766682243129,94,baseline,0
1653.013304488913,750.0,5633.164872928813,3.407815809849457,0.0,0.0,13.807664780924275,327.23435089921213,2.879394267171444,1.0,10.989274108949731,3.816522882691219,0.0,0.0,8.972743231870101,110.9805245059904,8.353685749496648,6.505869,6.693569233676994,0.8012713710328779,8.466877499999999,4.009594,1.1415201274155484,0.7226626677188843,744.6902758247701,750.0,61.68338836154893,0.08283093033977441,0.0,0.0,-11.530999207195688,130.96415980140293,12.554268515521905,8.457931,15.707080458537963,1.2511346590299521,11.596948999999999,5.458931,3.551927589252121,14.781648691389464,9245.0,10.473000398698233,95,baseline,0
1675.971135837832,750.0,5714.772611037275,3.409827585234881,0.0,0.0,13.752280410056942,325.5640217556799,2.929822628621791,1.0,11.179646638198752,3.815810052452812,0.0,0.0,8.908356835085245,109.44354693579487,8.702501539550324,6.899,6.876428322665355,0.7901668608059417,8.964680640000001,3.9,1.111459180220368,0.616712361066269,744.5919930410195,750.0,62.24742963940556,0.08359938089742036,0.0,0.0,-11.42337374169158,128.49367646680082,13.053992369395173,8.789281,15.92994591224372,1.2203121820103988,12.494179,5.790281,3.4899826741563866,14.347448542766553,9077.0,10.412639019362496,96,baseline,0
1646.8066945606695,750.0,5618.06942952241,3.4114929506168803,0.0,0.0,14.136346286322008,344.50066176412463,2.8627615062761507,1.0,11.004838908560716,3.8441340238906916,0.0,0.0,9.155363565852884,115.63334182570036,8.368757924687198,5.999,6.998344576888956,0.8362465063357098,8.899999999999999,3.9999999999999996,1.1407618459291529,0.6931512555118884,744.8652137342018,750.0,60.666245217673286,0.08144593692802181,0.0,0.0,-11.73013403831018,135.59625986209835,12.581006860251046,7.999,15.951925888471585,1.2679371425247974,12.731737250000002,5.5742295,3.50682142695255,14.666209925780528,9560.0,10.488375728647577,97,baseline,0
1677.9749514143814,750.0,5748.909465879464,3.4260996929862704,0.0,0.0,13.959837260541773,336.2218069806633,2.932951846253509,1.0,11.2785321052713,3.845454237401906,0.0,0.0,9.020324466698208,112.21985360769376,8.642852222328376,6.999,7.041985888046568,0.8147756905820916,9.0,4.300267249999999,1.1239529546670533,0.6138783828397161,744.6999964745129,750.0,61.62746191471056,0.08275474984082364,0.0,0.0,-11.541832222113271,131.21409553791187,12.98912960526884,7.999,16.192928961181043,1.2466523511023118,12.999999999999998,5.636705000000001,3.507385830975707,14.545076978250844,9262.0,10.407462927933802,98,baseline,0
1680.5215993139673,750.0,5785.410788253587,3.442628045135119,0.0,0.0,13.964188183012698,337.4296612116421,2.938471433165398,1.0,11.35347298240533,3.863734339651236,0.0,0.0,9.039142455321883,112.76082532590523,8.659549326598695,6.999,7.004484111231132,0.8088739779697471,8.899999999999999,3.9999999999999996,1.1117451704494097,0.596243636920561,744.7380526239997,750.0,61.407484839331374,0.08245514597108218,0.0,0.0,-11.584434544751186,132.1993255741132,13.04183288530389,7.999,16.285535581820394,1.2487152476989374,12.54728,5.000000000000001,3.5427701726713723,14.811661177556186,9329.0,10.422153016818552,99,baseline,0
1666.5550199119682,750.0,5785.55248114788,3.4715640420041387,0.0,0.0,14.072330849468958,342.9757027383822,2.911234542024733,1.0,11.349656143573347,3.898571544043229,0.0,0.0,9.12923790111265,115.01533484779655,8.464569553610627,6.899,6.988396114454562,0.8256056105621589,8.7126295,4.1000000000000005,1.1335136840312483,0.6412222133420027,744.8555040871935,750.0,60.72330169826987,0.08152359936265108,0.0,0.0,-11.718844359380178,135.33151544517236,12.72686671284846,8.899,16.267891342344043,1.2782322396698573,12.43265475,5.571967999999998,3.6270729008807643,15.54356794455224,9542.0,10.467644389644216,100,baseline,0
1669.3387398627574,750.0,5818.308827505254,3.4853973543941112,0.0,0.0,14.12458349857499,345.7806599288015,2.9164067373674363,1.0,11.417896044128772,3.91505611951624,0.0,0.0,9.165124315639494,115.92870587921477,8.511941239423141,6.9089715,6.895192663654096,0.8100611211598762,9.0,4.04566425,1.1141260164773172,0.6346709530350068,744.896147693372,750.0,60.48471499793872,0.08119885595493315,0.0,0.0,-11.76643088981822,136.44909581935636,12.783646929611146,8.7632705,16.28651610624665,1.2740117273202927,12.30813125,5.7642705,3.6968818072087184,16.11097177658192,9618.0,10.451456448195247,101,baseline,0
1656.9529232333502,750.0,5805.208615332843,3.503544689733644,0.0,0.0,14.342757660768955,357.69466014068456,2.8914082358922215,1.0,11.401397643504543,3.9431988544455177,0.0,0.0,9.288900436672078,119.38496827737926,8.552045951747019,6.70333,6.993082689959454,0.8177087365311574,8.899999999999999,4.29567,1.1487217154446427,0.7092307094876684,745.0087522553505,750.0,59.818506963271005,0.08029235466319504,0.0,0.0,-11.901256898213312,139.64011618819438,12.78036203548551,7.999,16.34746200576709,1.2791078969732854,11.7289035,5.000000000000001,3.7153777577256237,16.320242869056493,9835.0,10.481772392865127,102,baseline,0
1651.7662233776623,750.0,5814.940810711646,3.5204381397391664,0.0,0.0,14.43639942931664,362.85911019216735,2.87981201879812,1.0,11.42137069855436,3.9660125813771105,0.0,0.0,9.360652679093832,121.26973958249815,8.646984444538415,6.999,7.14800823247173,0.826647518371163,9.0,4.348573999999999,1.1748409341914194,0.7475402563994229,745.0915918116926,750.0,59.32349537712185,0.07961906432587244,0.0,0.0,-12.0033734528137,142.08117411383847,12.885390788121185,7.999,16.434540462150913,1.2754398164859406,12.437308,5.000000000000001,3.707779809488493,16.378188931587854,10001.0,10.527230477180003,103,baseline,0
1678.4349974266597,750.0,5944.897828614124,3.5419291409728184,0.0,0.0,14.241430040787016,353.8845669821116,2.9421513124035,1.0,11.68879131529491,3.972872253720395,0.0,0.0,9.225290949520588,117.83856102101365,8.710804572393561,6.899,7.023482363693102,0.8062954811260544,9.623043749999999,4.0,1.165962442668525,0.7340638571826594,744.9470861871016,750.0,60.18439047618142,0.08079015488767943,0.0,0.0,-11.826887444219832,137.8754571642045,13.064520497066392,7.999,16.684504449702683,1.277085098794797,12.0,5.000000000000001,3.7523954230028966,16.50073415272847,9715.0,10.520247262873347,104,baseline,0
1678.0612182430364,750.0,5976.984859077286,3.5618395765890525,0.0,0.0,14.263856865467709,355.72324505983596,2.942250790735639,1.0,11.752581960195156,3.994418829693544,0.0,0.0,9.254510719799093,118.63564749655846,8.44988149078669,6.612694,6.9601114595118885,0.8236933816291779,9.0,3.7136940000000003,1.177171715865359,0.7703243798487605,744.991416813639,750.0,59.92169421919232,0.08043273099102273,0.0,0.0,-11.88023166388565,139.14009298621605,12.790421595959595,7.999,16.82593605087782,1.3155106674664279,11.338199999999999,5.0,3.79693014625118,16.81912884689526,9801.0,10.5472331312453,105,baseline,0
1694.232198142415,750.0,6057.915330921218,3.575611027557627,0.0,0.0,14.20636862671316,353.26581603777765,2.9787409700722396,1.0,11.92315271886865,4.002749093882941,0.0,0.0,9.207058963976541,117.44253145295293,8.592625153655002,6.384461,6.969605552870946,0.8111148139525579,9.0,3.7044883181818182,1.1701260334201171,0.7322402282271185,744.9340362560118,750.0,60.2615890278542,0.08089520158150496,0.0,0.0,-11.811334183217836,137.50779820980756,13.013147686584107,7.999,16.967103321982982,1.3038431385417382,11.704779749999998,5.000000000000001,3.8178852463070263,16.97530536886016,9690.0,10.539399757626745,106,baseline,0
1688.3392357875116,750.0,6108.62284368223,3.6181252642825155,0.0,0.0,14.218245186618036,354.4889386583753,2.980221600911256,1.0,12.043220732557673,4.041048735730001,0.0,0.0,9.200826995508827,117.29747969233303,8.506953899289204,6.561005,6.968988388637591,0.8192107858042915,8.883021999999999,3.8808,1.1701970273979314,0.7192385470622487,744.9167182006371,750.0,60.36381312470089,0.08103431115160233,0.0,0.0,-11.79077323132873,137.02251243722193,12.816045037485761,7.999,17.015653534973588,1.3276836563233319,12.0,5.000000000000001,3.9190658621716556,17.785180612590864,9657.0,10.57656070592388,107,baseline,0
1708.400928465921,750.0,6205.899321749716,3.6325778207826063,0.0,0.0,14.103821193855797,349.9965681723944,3.02774847014138,1.0,12.253829225044361,4.047175432796824,0.0,0.0,9.117115649200676,115.2711304443305,8.39709291656809,6.4498695,6.977222507098808,0.8309092892532162,8.899999999999999,3.8061430000000005,1.1903507095159152,0.7588550611887128,744.8207095574155,750.0,60.927154143032055,0.08180110107200961,0.0,0.0,-11.678617030296188,134.39026830212862,12.71661359210804,7.999,17.236075194253345,1.355398201683984,12.0,5.000000000000001,3.971216688765756,18.08066773315629,9478.0,10.541602310276106,108,baseline,0
1690.9786443825442,750.0,6187.702430404354,3.659243391961213,0.0,0.0,14.276658936655064,358.7563653853776,2.994738471061591,1.0,12.227901939901805,4.083128479518678,0.0,0.0,9.226550045795836,118.026654648082,8.493684349167413,6.830595,7.141205997956891,0.8407665866058351,8.421237,3.9315949999999997,1.2320865520508948,0.8644835543565428,744.9355848399063,750.0,60.25255664226167,0.08088290835939932,0.0,0.0,-11.813200291346032,137.55187434931918,12.779714250593212,7.999,17.28942095227633,1.3528800889639443,11.755578,5.000000000000001,3.971153329068169,18.212712172205464,9693.0,10.577215819557626,109,baseline,0
1709.545388223033,750.0,6272.678280688871,3.669208389494083,0.0,0.0,14.210151746374367,355.5297997691884,3.0339760291818654,1.0,12.39979711971773,4.086979264322477,0.0,0.0,9.180019484259564,116.83159815548755,8.323277033869156,6.258487000000001,6.972921028731095,0.8377614971070674,8.439735999999998,3.757723333333334,1.2252544394187719,0.893349347786168,744.8838523852385,750.0,60.55736292168186,0.0812977254477559,0.0,0.0,-11.752045899305916,136.1107512417507,12.65350652965086,7.999,17.47292935168991,1.3808764638280886,11.100000000000001,5.267901,4.031653605137105,18.561635784464556,9595.0,10.572585671191788,110,baseline,0
1706.7511591962905,750.0,6294.255937905184,3.687858012570005,0.0,0.0,14.34352090795775,362.81029608687294,3.028541988665636,1.0,12.444187997907633,4.10896994147025,0.0,0.0,9.249881557655455,118.85391125538762,8.230271603750284,6.309109,6.936548703303082,0.8428092093755822,8.299270499999999,4.088340333333333,1.236949581345837,0.9346294010844454,744.9418345702735,750.0,60.21570278529067,0.08083275766090738,0.0,0.0,-11.820666016226209,137.7283123641552,12.528972581658936,7.999,17.534711443463824,1.399533068587982,11.75219,5.000000000000001,4.085636385897153,19.028416079703813,9705.0,10.600100806181885,111,baseline,0
1721.7131895479054,750.0,6355.496100070018,3.691379109280606,0.0,0.0,14.326343242893145,362.5781131473603,3.0601410203235173,1.0,12.582449436615708,4.111722091580438,0.0,0.0,9.227470878822158,118.30824830786594,8.489894101847534,6.388778875,6.9851754828111865,0.8227635585337987,8.899999999999999,3.6102211250000007,1.2430819090295193,0.9871103745364951,744.9098347603247,750.0,60.404562880239205,0.08108976423928464,0.0,0.0,-11.78266180554464,136.83128255382186,12.89765401099129,7.999,17.66380819705993,1.3695365205181464,11.7059075,5.0,4.075622993849748,18.972461222073694,9644.0,10.561632848905859,112,baseline,0
1784.047197640118,750.0,6590.600223233178,3.6941849027038183,0.0,0.0,13.909740708952201,341.8043500478207,3.191521905386212,1.0,13.03395988781784,4.083932454237871,0.0,0.0,8.968974288923919,111.75721499790447,8.78447540442649,6.999,6.979538524913171,0.7945310566179271,8.787672333333335,4.000000000000001,1.2101277182181938,0.9300912187820578,744.636773667708,750.0,61.991819405097445,0.08325108508911906,0.0,0.0,-11.47217859571336,129.61103415424256,13.524591845405876,8.899,18.136976828684837,1.3410369078787192,12.404216,5.2853629999999985,4.007419756051758,18.15630710880004,9153.0,10.455854007605538,113,baseline,0
1791.5316664830927,750.0,6667.255883597373,3.7215395118779466,0.0,0.0,13.891942856995765,340.78009462877935,3.2154422293204097,1.0,13.19600931558371,4.103948500537269,0.0,0.0,8.942765099792288,111.07073178050483,8.818533417241843,6.999,6.926684238024011,0.7854689561510396,8.2727125,3.9999999999999996,1.163099727544482,0.852472546826712,744.5930535668393,750.0,62.24211612647746,0.08359212569646975,0.0,0.0,-11.424653007712838,128.52284493620778,13.554839056063443,8.899,18.304244280197388,1.3503844792616264,12.269188999999999,5.125640999999999,4.050951280347382,18.407509719773373,9079.0,10.486325680551127,114,baseline,0
1763.9360477510127,750.0,6608.088694967501,3.746217842417075,0.0,0.0,14.139650713338689,353.43007437156325,3.159027925815391,1.0,13.092665855519787,4.144523620233708,0.0,0.0,9.099873820294007,115.02188794514097,8.468914374685719,6.899,6.87956968645794,0.8123319450508958,9.0,4.1000000000000005,1.1419084037432414,0.8091525953533871,744.7676698210264,750.0,61.236314082147274,0.08222203589592288,0.0,0.0,-11.618017907673888,132.97849094146892,13.089850303560011,8.497283,18.271783015955645,1.395874100331485,12.0,5.5982829999999995,4.1184550911725,19.133256387974228,9382.0,10.586665431998949,115,baseline,0
1753.2574174676138,750.0,6586.814609992188,3.756901037102762,0.0,0.0,14.298204610847057,362.19745670173995,3.1357083159214376,1.0,13.066957315093251,4.167146940532154,0.0,0.0,9.19820913310443,117.58032530835591,8.382810932558053,6.8987805,6.95548636975161,0.8297319867655791,9.0,4.219849860465116,1.18178841546703,0.8748310814902882,744.8715236249406,750.0,60.62996984765055,0.08139654682003805,0.0,0.0,-11.737645123755378,135.77246428052325,12.98499961397827,7.999,18.353106324403072,1.4134083072783514,13.0,6.0,4.1267771515290805,19.29826197087542,9572.0,10.623004058573713,116,baseline,0
1752.7004281090112,750.0,6627.861757143883,3.781514314054618,0.0,0.0,14.382482511609917,367.65638674211334,3.141484807350945,1.0,13.165452971146665,4.1908377020764345,0.0,0.0,9.224119578133601,118.52446694785341,8.183192916125869,6.4632194,6.885949470313571,0.8414746592059514,8.029609974358975,4.0258986,1.221103771663414,0.9403778876502686,744.8741955664792,750.0,60.61431914523272,0.08137524363981402,0.0,0.0,-11.740776433230325,135.84598000802265,12.788639347916883,7.999,18.510973919973683,1.4474545271298858,13.321360999999998,5.1,4.166786275408665,19.568886596676748,9577.0,10.650378308776736,117,baseline,0
1767.576788922947,750.0,6724.207193450591,3.80419523247299,0.0,0.0,14.433616806630088,372.09074941440076,3.178205263714195,1.0,13.358336276412224,4.203106837977187,0.0,0.0,9.208256547428318,118.81747828896974,8.260676575074015,6.720549,6.803790425929026,0.8236359775250085,8.207039499999999,3.8519240000000003,1.217641906231651,0.9477028281000215,744.8113432664695,750.0,60.982169739536154,0.08187599489568823,0.0,0.0,-11.667905743098222,134.14016894639343,12.88964382454286,7.999,18.56513790505252,1.4403142676218166,12.43101,5.0,4.231827708121441,20.130324114782468,9461.0,10.613712593777702,118,baseline,0
1769.4515218073423,750.0,6744.954868042155,3.8118901732627095,0.0,0.0,14.497070589861925,375.6022514484922,3.1790607677021234,1.0,13.402163028724853,4.21576182653852,0.0,0.0,9.254202994223794,120.0006047502733,8.202272094398067,5.999,6.71158862105159,0.8182596899748578,8.3949585,3.9999999999999996,1.1859324176461083,0.8792289506917381,744.8656068640195,750.0,60.664780013789915,0.08144392687050821,0.0,0.0,-11.730751624818689,135.61067728103072,12.844468314716035,7.999,18.641192662852603,1.4513012299228614,11.100000000000001,5.0,4.268910377296579,20.46346858633889,9561.0,10.643084040946446,119,baseline,0
1732.4958250497018,750.0,6633.535205300616,3.828889576175639,0.0,0.0,14.916627691693149,398.16533980730895,3.0957256461232605,1.0,13.183642555609353,4.258659862872237,0.0,0.0,9.513066411127834,127.02930604361336,8.121754447526396,5.999,6.876723528706756,0.8467041909646957,8.420479624999999,3.9999999999999996,1.2256230403626984,0.9763417205375489,745.1202799867461,750.0,59.15165228579904,0.07938537424702923,0.0,0.0,-12.03945290202787,142.9485746793524,12.624686030815107,7.6515865000000005,18.52847298853149,1.4676383193456104,12.44636375,5.2839945,4.292721889267,20.97162762924251,10060.0,10.706104516332635,120,baseline,0
1711.5458515283842,750.0,6611.660492360316,3.862975967869166,0.0,0.0,15.075976979963574,406.7182950327219,3.044347404172732,1.0,13.090313441278123,4.299875048207671,0.0,0.0,9.67025432519195,131.46010234067856,7.9389104794135905,5.999,6.66353456264931,0.8393512661376569,8.100000000000001,3.9999999999999996,1.2605914117071935,1.0830294443592434,745.3063529298543,750.0,58.02041239567587,0.07784773625985254,0.0,0.0,-12.280593445437123,148.81312939114915,12.269142669286753,6.999,18.366157498333994,1.4969389462158469,11.490117999999999,5.0,4.450433650707602,22.37414856556021,10305.0,10.779753618879008,121,baseline,0
1392.6653291296454,750.0,4795.055326369179,3.443077978659724,0.0,0.0,13.321542382915565,214.46991712453203,1.8569790770994554,1.0,6.393387850324983,3.4428970843932496,0.0,0.0,13.321621539110819,214.47176933556085,7.811509056357005,5.999,6.643315155652565,0.8504522119508056,8.100000000000001,3.8999999999999995,1.2858959299988122,1.1518277386544344,749.931021305054,750.0,7.056759857800928,0.009409878585260453,0.0,0.0,-102.29369528738074,10462.000095547493,10.586088700582785,6.999,13.638877532626406,1.2883774091063076,10.899999999999999,4.746504000000001,4.855652228067733,32.71457514784233,10467.0,10.828006692562845,122,baseline,0
1252.430711610487,750.0,3762.4368661534877,3.0041077971614185,0.0,0.0,13.73130113002325,219.22374722345901,1.6762172284644195,1.0,5.015167623309359,2.991955659532117,0.0,0.0,13.739356122091273,219.40540479443473,7.874051963143028,5.999,6.6507137954085405,0.8446367672628139,7.7918185,3.5484819431818178,1.3298803328537558,1.3085384567233556,745.4029962546816,750.0,57.42738249899066,0.07704206018427308,0.0,0.0,-12.412301614511014,152.06523136959268,10.341521530805244,6.999,12.526311689876206,1.2112638988917566,10.24686825,4.3203605,4.747965927093912,33.92725867582039,10680.0,10.842884412167894,123,baseline,0
1167.1703771849127,750.0,3130.977929215522,2.682537177448847,0.0,0.0,15.213406279555043,271.0640844372356,1.5685372585096595,1.0,4.173209775353809,2.6605742086859765,0.0,0.0,15.220482256107871,271.2595287640554,7.888025195940869,5.999,6.591118473965058,0.835585372794804,7.42284675,3.8999999999999995,1.3489257199556648,1.410792183932247,745.4833486660533,750.0,56.92646242159293,0.07636181616055614,0.0,0.0,-12.524345743670688,154.85923630700213,10.108192942502301,6.899,11.595251951430148,1.147114228763398,10.0,4.1000000000000005,4.603275052882953,34.311846925436754,10870.0,10.859224266080123,124,baseline,0
1155.7145243619489,750.0,3003.246069019165,2.5986054563753176,0.0,0.0,15.400253616520141,278.11283497385784,1.5595359628770302,1.0,4.004609382248303,2.56782111959804,0.0,0.0,15.383818468740078,277.74834036690413,8.205402842726778,5.999,6.611456807278458,0.8057443289501398,8.0,3.1673264999999997,1.3627488982047338,1.4943384095730963,745.4435266821346,750.0,57.17527688085489,0.07669967587663426,0.0,0.0,-12.468449516210022,153.46223333827797,10.405156946542922,6.999,11.426499983526053,1.0981573889015166,9.6662125,3.9999999999999996,4.588342701250679,34.52547067563142,10775.0,10.833382918392225,125,baseline,0
1133.6746584637656,750.0,2878.154837908075,2.538783782825526,0.0,0.0,16.46223885961345,318.581434409228,1.5356916674206098,1.0,3.8414375574338457,2.5014380418473134,0.0,0.0,16.39573721243006,316.86786363805976,8.188026214040555,6.899,6.647230207029064,0.8118232689131618,7.9021144,3.9,1.3525713399619368,1.5593319878675285,745.5581290147471,750.0,56.456183306197225,0.07572338240185766,0.0,0.0,-12.63132249237995,157.55030790650355,10.280036524925357,6.999,11.08460609329608,1.0782652441379885,9.0,4.000000000000001,4.464434903308282,34.07568059566157,11053.0,10.856968398018205,126,baseline,0
1111.4450564839883,750.0,2678.2586028293676,2.4097085026424345,0.0,0.0,17.562226431326852,367.71322570187436,1.5130239940248342,1.0,3.581270758777358,2.3669623039160976,0.0,0.0,17.39325945595822,362.88778580349066,8.406426802835659,6.999,6.46259297859402,0.7687681258836461,7.1422558333333335,3.8999999999999995,1.3096512613843827,1.5508679523824753,745.416300998973,750.0,57.34475025849764,0.07692983126562541,0.0,0.0,-12.43065143338583,152.5210950583372,10.36165198431519,7.999,10.451900329518603,1.008709841378578,8.6527595,4.1,4.561403707653716,36.780461094089944,10711.0,10.83283052878122,127,baseline,0
1132.2318173095375,750.0,2737.860153041021,2.418109181516249,0.0,0.0,17.410919581944686,361.2415552132688,1.5479754365764729,1.0,3.668099268489834,2.3696107714746826,0.0,0.0,17.14434210372089,353.597247504533,8.526370073205165,6.999,6.4613431992649,0.7578070320417143,7.1000000000000005,3.7325598999999996,1.2251255604715412,1.4163535732272496,745.289195931683,750.0,58.12924274713045,0.07799555268537513,0.0,0.0,-12.258518401197351,148.271273392494,10.534452017559008,7.999,10.454718057769725,0.9924311241195668,8.9561155,4.000000000000001,4.553806260677171,36.842247438956896,10422.0,10.769029888813007,128,baseline,0
1128.5472782159898,750.0,2582.805704211246,2.2886109904887206,0.0,0.0,17.600511382242825,372.98805396210656,1.5501022494887526,1.0,3.472825833651496,2.240385003503406,0.0,0.0,17.153733419670342,359.71003209852074,8.547027871809972,7.091944,6.5007336765032,0.7605841204688344,8.002549333333333,3.97296,1.1320054893323146,1.1831948463601716,745.2190086668614,750.0,58.55781642444076,0.07857799619094005,0.0,0.0,-12.16640340838199,146.0213718954889,10.54728966978284,8.482329,10.233793372477528,0.9702770752373044,9.415198,4.5166710000000005,4.401168131696791,36.08131763163685,10269.0,10.723697993506837,129,baseline,0
1128.5712572456525,750.0,2486.7192307033674,2.203422437651264,0.0,0.0,18.25634241543681,407.0972662410611,1.5579652208674795,1.0,3.359407186871125,2.156278678031463,0.0,0.0,17.561433964112265,385.1483446636125,8.561055961212714,7.899,6.489939858560264,0.7580770278764692,9.0,4.1266614,1.0671370349139566,0.9653995539925915,745.0933439936039,750.0,59.317201244267466,0.07961042964943821,0.0,0.0,-12.006410839487053,142.15390124655224,10.575016318009194,8.5746795,10.045081076624854,0.9498879977630046,9.7279325,4.6756795,4.245825451274598,34.67585220095726,10006.0,10.666047897235535,130,baseline,0
1144.725361640129,750.0,2510.3669855100356,2.1929862564705087,0.0,0.0,18.27330298507577,408.5736981476987,1.5886148402539286,1.0,3.407196940921766,2.144759607292319,0.0,0.0,17.355479571285056,379.2689642817248,8.594399656543223,7.899,6.286111467670846,0.7314194962861664,8.682818000000001,4.117595,0.9655225467653785,0.6294640231251676,744.8906233739203,750.0,60.521601057163274,0.08124897690755684,0.0,0.0,-11.760780189465844,136.3159506649321,10.65528425257571,8.999,9.767621492337655,0.9166927189179886,9.714278,5.0,4.326406672275042,36.56826045244469,9609.0,10.60699943194987,131,baseline,0
1146.5771176407277,750.0,2388.9983487819213,2.0835915107896805,0.0,0.0,17.38465613700038,364.98131250921176,1.6003659455386934,1.0,3.2692004843189917,2.042783085601436,0.0,0.0,16.16094146323125,327.6672076831519,8.718239076142202,7.899,6.366634676862681,0.7302661261360935,8.100000000000001,4.1000000000000005,0.9381574823669568,0.4731093399069475,744.7157464212679,750.0,61.541106164581066,0.0826370416636373,0.0,0.0,-11.560264954288197,131.6397258133439,10.840384222903886,8.999,9.724323085610813,0.8970459797047575,9.565213,4.899999999999999,4.173330511193388,34.795140727102755,9291.0,10.546304131964376,132,baseline,0
1167.3000112828613,750.0,2411.17736609935,2.0656021098204813,0.0,0.0,17.13151975925485,358.7683687966273,1.6389484373237053,1.0,3.323008031303407,2.027524451427929,0.0,0.0,15.639804528005374,313.0401615025611,9.1129847252178,7.899,6.6283565007430685,0.7273529694832942,9.100000000000001,4.427449999999999,0.9282930592533934,0.42183560056262737,744.460566399639,750.0,62.998299459968536,0.08462274874361846,0.0,0.0,-11.284767031704149,125.34596695983674,11.347098071646167,9.899,9.790187352690499,0.8627921686121638,9.899999999999999,4.8999999999999995,3.9645987279399293,32.57833397844365,8863.0,10.410231252601509,133,baseline,0
1197.257008244994,750.0,2495.5410774820434,2.0843821003312786,0.0,0.0,16.56657133305979,335.7881899070527,1.690341578327444,1.0,3.459489739695785,2.0466216911725468,0.0,0.0,14.90670847481432,286.16273018046815,9.113030823420676,7.427045416666667,6.856040152985003,0.7523336951044695,9.100000000000001,4.528045416666667,0.9613666081904757,0.4234809606025376,744.2171967020024,750.0,64.35637627439077,0.08647526093133291,0.0,0.0,-11.039067681110362,119.86101526813536,11.548217961484099,9.796402,10.15114467860535,0.879022608722982,10.0,4.947037999999999,3.822813401667564,30.32058754720154,8490.0,10.287241798142826,134,baseline,0
1183.6206934998327,750.0,2459.968809840807,2.0783421778196165,0.0,0.0,16.826175395977636,346.076538850296,1.674545657263909,1.0,3.4327230848384627,2.0499429621090735,0.0,0.0,14.910737419096826,287.4910218852433,8.354061930162013,6.999,6.964419999132704,0.8336567357716058,10.3038188,5.0,1.0288690530470739,0.46674128356378697,744.5260341175159,750.0,62.62778189167271,0.08411765206559257,0.0,0.0,-11.353620498087235,126.90469841458668,10.700584944252425,7.999,10.262862886938239,0.9590936327691788,11.177634000000001,5.675547999999999,3.6575162671891936,28.63699614716833,8969.0,10.383296073714579,135,baseline,0
1181.0286526684165,750.0,2411.1946362710282,2.04160553668463,0.0,0.0,17.326013187153876,371.68710624275457,1.676509186351706,1.0,3.3952438649652286,2.025186555854015,0.0,0.0,15.031851887977714,298.1239716483003,8.318553642784462,6.899,7.071476850222212,0.8500849010399821,10.0,4.9,1.1125397506932053,0.6460905768971399,744.6307961504812,750.0,62.03012840043856,0.08330320035259862,0.0,0.0,-11.466389166718752,129.47808052264534,10.616116996062994,8.297991,10.087427890176484,0.9501993896560695,12.0,5.9070205,3.517944214523461,27.93288594150412,9144.0,10.387944960783132,136,baseline,0
1144.7445606694562,750.0,2001.5796262009449,1.7484945506361738,0.0,0.0,16.62131294184394,359.0158980844518,1.6306485355648535,1.0,2.909456878586723,1.7842329693558967,0.0,0.0,13.517386492486732,255.53924379221309,8.098001499328625,5.999,7.019263387703291,0.866789588552834,8.69013725,3.9999999999999996,1.2023475913982817,0.8770238967705937,744.8644351464435,750.0,60.67539697358969,0.08145830853323081,0.0,0.0,-11.730106530702766,135.59539922163566,10.333463205020921,8.479449500000001,9.793824900299885,0.947777594595892,12.0,5.519550499999999,3.1591454492712443,23.768742785867264,9560.0,10.459193825620083,137,baseline,0
1165.6686494822648,750.0,2053.4682065183033,1.761622573816631,0.0,0.0,16.296217475629287,349.4304443757704,1.6714033928178014,1.0,3.0201788187163814,1.8069718128456673,0.0,0.0,12.948339312247944,238.03946365818572,8.20716734580098,5.899,6.756811982622115,0.8232818581528122,8.24468725,3.9,1.199342074685988,0.88531021136501,744.5917602996254,750.0,62.253514013376815,0.08360757845121179,0.0,0.0,-11.423989984668724,128.50754716981135,10.551131639237717,8.698892,9.645489774910562,0.9141663761487687,11.19371525,5.564036999999999,3.3410128834129464,25.876329049843868,9078.0,10.37840567630524,138,baseline,0
1157.9076564651064,750.0,2010.0344814171492,1.735919501174593,0.0,0.0,16.412682654680122,361.2546205068156,1.6635603092237636,1.0,2.995392188381316,1.8005912811054026,0.0,0.0,12.748382198688054,234.8951780329233,8.061130746485066,5.470354333333333,6.733122638539481,0.8352578379249532,8.24293475,3.571354333333333,1.254508712843743,1.070021063568328,744.8008048289738,750.0,61.047418316047285,0.0819647587922054,0.0,0.0,-11.656538954258965,133.87490039215666,10.416990350206502,7.999,9.649759091004023,0.9263480877480826,11.0,5.0,3.2305294796929247,24.417238047717856,9443.0,10.460535644746088,139,baseline,0
1129.0011092064133,750.0,1879.6621848917614,1.6648895820952698,0.0,0.0,17.300767598994778,417.3034816577934,1.6259957648482404,1.0,2.8676534572529224,1.763629106082309,0.0,0.0,12.887700567512596,249.56176312165445,7.882938980613601,5.899,6.660951477339098,0.8449832598882574,8.639527999999999,3.9,1.300718203960435,1.2511025330636611,745.0493092669154,750.0,59.5809480501312,0.07996913400101711,0.0,0.0,-11.951783948363383,140.8451395483567,10.084672442270847,6.899,9.31595875095286,0.9237740545646428,10.5186,4.9,2.9527387376120307,20.990372841293826,9917.0,10.566939050874634,140,baseline,0
1126.3424248457097,750.0,1892.4008718374364,1.6801292662812235,0.0,0.0,17.47081524305686,425.0937323044434,1.627513438184352,1.0,2.9197262614730994,1.7939798179057345,0.0,0.0,12.780484519978055,244.6228378636824,7.81948258355959,5.999,6.4824669310614915,0.829014818025279,8.0,3.6800254,1.3165949485379975,1.3366496963355354,745.1128807485567,750.0,59.199798690234395,0.07945077882798239,0.0,0.0,-12.030881476875734,142.74210911063167,10.006311014732232,6.999,9.143342574029056,0.9137575836456979,10.49278825,4.762934500000001,2.979656163873154,21.36534540677324,10046.0,10.581016680511155,141,baseline,0
1126.031705646345,750.0,1912.9698224518459,1.6988596438799175,0.0,0.0,17.37999971191581,420.9676120305765,1.6314707897054506,1.0,2.97949608275238,1.826263823755193,0.0,0.0,12.5566634363134,234.9919323468272,7.783054668914613,6.103908333333333,6.3338543091068145,0.8138005678418423,7.795066,3.226931333333333,1.2982686938694263,1.3456989642059787,745.1956160093943,750.0,58.69994153053434,0.07877118473251236,0.0,0.0,-12.136148920152152,145.28611061211024,9.977945841080341,7.659559,9.091412696102417,0.9111507359232232,10.3766915,4.760559,3.0769521452026996,22.641675222693983,10219.0,10.6270289385352,142,baseline,0
1138.3961238010481,750.0,1963.6499996647651,1.7249268146734682,0.0,0.0,17.161641592208845,411.3937076219252,1.6558884603975081,1.0,3.0843075101847286,1.8626299922667002,0.0,0.0,12.260741974504533,223.4851840378331,8.015885250189921,6.899,6.270164752004006,0.7822173791541547,7.321192,3.6194700000000006,1.2783191128485432,1.315997600744562,745.1452585780678,750.0,59.004701442861325,0.07918550210660635,0.0,0.0,-12.071758685973514,143.72735777237716,10.269438321665183,7.999,8.947049680265991,0.8712306749426226,10.899999999999999,5.0,3.039311112267565,23.372780690932768,10113.0,10.58435183594666,143,baseline,0
1119.8834260695064,750.0,1933.9650201991908,1.726934228312401,0.0,0.0,17.520393981261137,431.39663237776057,1.626562072425431,1.0,3.0606259025413274,1.8816533069515797,0.0,0.0,12.433998432392393,229.4443949403576,7.7680225269066,5.999,6.335663828381256,0.8156083232812481,7.0,3.7703870000000004,1.2601280996339035,1.3138750046199412,745.5216637781629,750.0,56.68600582904531,0.07603535696303089,0.0,0.0,-12.578824652185498,156.22682963042953,9.904808636778254,7.999,8.993241254775931,0.9079671889250321,10.654203500000001,5.0,2.9588194546503943,22.51968717376332,10963.0,10.692144127680047,144,baseline,0
1100.1218836565097,750.0,1732.3505780874543,1.5746896810466002,0.0,0.0,17.146451348248117,460.1856435582284,1.603431328746314,1.0,2.8760164580945053,1.7936636303240978,0.0,0.0,11.589729715821061,211.4936153400966,7.952171526272535,6.362748,6.424217543442121,0.8078570139260288,7.999999999999999,4.069134999999999,1.256357708959261,1.3186637901352487,745.6129032258065,750.0,56.10915480437753,0.07525239244335483,0.0,0.0,-12.711398147739848,159.57964287036404,10.054533329103744,7.999,8.802887805589233,0.87551430956109,10.861502,5.0,2.467185344085366,16.211172596747545,11191.0,10.715026960114429,145,baseline,0
1106.9786926688334,750.0,1772.3970547022207,1.6011121681385925,0.0,0.0,16.857185947485977,444.4720623446624,1.6199891657638137,1.0,2.971599260790367,1.8343327990031826,0.0,0.0,11.319148353034041,199.2195953521379,8.225265307733732,6.899,6.443083454367218,0.7833283442309352,8.0,3.97102425,1.232660715696223,1.2370425593587013,745.5673528349585,750.0,56.397897941946695,0.0756442697329736,0.0,0.0,-12.644703644876682,157.88853026675775,10.387511282412424,7.999,8.819262698579864,0.8490255710732335,11.373144,5.0,2.463316202835263,16.531673009947806,11076.0,10.70472360590132,146,baseline,0
1113.4583668723728,750.0,1812.2649472318303,1.6276000981719294,0.0,0.0,16.75784779448127,441.3526109631472,1.633217064663268,1.0,3.056672222348284,1.87156520004798,0.0,0.0,11.223998687194243,195.05539478717645,8.327175855088205,6.999,6.585209968171568,0.7908095232728592,8.638382,3.9999999999999996,1.2245071021867036,1.2041247878555579,745.6089795188266,750.0,56.13408702865954,0.07528622719228151,0.0,0.0,-12.705612521559607,159.43258954801217,10.560850531526697,7.999,9.033650636385149,0.8553904450609838,10.50994,5.0,2.3787337134056856,15.4253988158756,11181.0,10.6977796543386,147,baseline,0
1116.397377978563,750.0,1834.3038266873168,1.6430563729992376,0.0,0.0,16.828276754745563,444.8807878653644,1.6415980157675614,1.0,3.1229550747008856,1.9023872133767699,0.0,0.0,11.1857977254554,191.91317187947817,8.22755119825187,6.899,6.46305926024924,0.7855386255903778,8.899999999999999,3.999999999999999,1.1771007825403368,1.0434883107675086,745.650987687129,750.0,55.866564077230606,0.0749232080420336,0.0,0.0,-12.767958566203946,161.02076594830066,10.469847727876694,7.999,8.938877933109309,0.8537734421207415,10.268236,5.0,2.202990157430538,12.938055758769407,11289.0,10.702833923471985,148,baseline,0
1124.5023280802293,750.0,1883.5154628356513,1.674976934953281,0.0,0.0,16.603495703947384,433.3283792358122,1.6600107449856734,1.0,3.229908982350509,1.9457157082307828,0.0,0.0,10.997681751352394,183.88722308560895,8.475189011792141,6.6283425000000005,6.522436200303802,0.7695918275366681,8.221331999999999,3.7293425000000004,1.1492983924371243,0.9456616831400435,745.6038681948424,750.0,56.16654866088411,0.07533028067151414,0.0,0.0,-12.698087267134898,159.24142024377335,10.766621197797278,8.8897455,9.023214573387472,0.8380730042990194,11.0,5.1092545000000005,2.213420014084513,13.062182705997653,11168.0,10.692284366701506,149,baseline,0
1140.4786356474187,750.0,1959.3644962231347,1.7180194656700927,0.0,0.0,16.094618502255667,406.9436262461334,1.6931133561961256,1.0,3.3805627486251884,1.9966547049278567,0.0,0.0,10.652398582756346,170.7060057722422,8.633469038754262,6.999,6.555912128293608,0.7593601249816461,7.9199364999999995,3.9999999999999996,1.1465149772282277,0.8574836826031347,745.4494392436741,750.0,57.1384044480617,0.07664960417172462,0.0,0.0,-12.476702585130234,153.66810739779544,11.01738513912318,8.420109,9.147771362003265,0.8303033112202967,11.444861,5.4211089999999995,2.2490456395707534,13.28964911871379,10789.0,10.640339273592335,150,baseline,0
1151.93143072431,750.0,2009.1313110972565,1.7441414111202411,0.0,0.0,15.985157177081254,401.5257585264078,1.7174343034755581,1.0,3.493913529546418,2.034379727059028,0.0,0.0,10.516535129215224,165.16386668282794,8.965215310493845,7.269944,6.676803824641045,0.7447455073193614,8.0,3.729056000000001,1.117407527433952,0.7932008940442765,745.375718187812,750.0,57.59641903904447,0.07727165996106668,0.0,0.0,-12.374926224014928,151.13879904981232,11.393617046434962,8.290556,9.17750009196589,0.8054948709055927,11.586973999999998,4.716557,2.20596153911471,13.350088112740583,10617.0,10.586381778350857,151,baseline,0
1164.069742384171,750.0,2081.8596117591824,1.7884320294205525,0.0,0.0,15.731261739937871,388.2571668076249,1.747379762954256,1.0,3.6492765524578754,2.0884278448367315,0.0,0.0,10.279145462666946,156.49527353748647,8.995266904611213,7.899,6.690126704318822,0.7437385433098472,8.216023499999999,4.1000000000000005,1.028432602785293,0.5464726992372895,745.1909099813889,750.0,58.72849092757329,0.07880999370891417,0.0,0.0,-12.130088968935365,145.1390583942877,11.475454671956117,8.999,9.271763029970533,0.8079647643617122,11.793105,5.0,2.244782584221702,13.962382730915735,10209.0,10.560322655393577,152,baseline,0
1171.4008308376003,750.0,2119.085808251602,1.8090185293247294,0.0,0.0,15.6729810233194,386.5435810013203,1.7608926673751328,1.0,3.729673398661777,2.1180583392521015,0.0,0.0,10.252660458406732,154.93006228566762,8.955100711074639,7.899,6.952036775261865,0.7763214507084644,9.3435405,4.653802499999999,1.0374784555618466,0.5322264452027063,745.2568833929089,750.0,58.32694947596105,0.07826422107021364,0.0,0.0,-12.215858590024055,147.22720109146454,11.472640707854312,8.999,9.580331681432224,0.8350589829657448,12.5854615,5.5661130000000005,2.1291429283203676,12.560979589854659,10351.0,10.544454984168402,153,baseline,0
1198.7793360912117,750.0,2207.201361385762,1.8412073806532667,0.0,0.0,15.260911082883641,367.7206491866015,1.8129351225910604,1.0,3.906525379740562,2.154807048008054,0.0,0.0,9.961931216142947,145.61024561967596,8.9530330052412,7.622344,7.1356431994332326,0.7970084769324486,9.76857025,4.6233439999999995,1.004930840379839,0.379432746709651,745.0463121783877,750.0,59.59885556090925,0.07999349112493748,0.0,0.0,-11.948092252023638,140.75690846286713,11.636723871960447,9.355596,9.922721400831476,0.8527074724820971,13.672166999999998,6.356596,2.0641253539659554,11.768549829580502,9911.0,10.444074070520536,154,baseline,0
1177.4603053435114,750.0,2190.426118994996,1.8602972083682794,0.0,0.0,15.701576452688416,388.0355094887248,1.7791984732824428,1.0,3.8990734031762533,2.191477489289238,0.0,0.0,10.221668967715878,152.04445142407675,8.490407853356128,6.899,7.267129413471474,0.855922299492231,9.860395583333334,4.9,1.0866603784992939,0.5004400932663602,745.3152671755726,750.0,57.96921922538177,0.07777811857398335,0.0,0.0,-12.293257419605217,149.1241779846785,11.063017226145037,8.433965,10.097121230292101,0.9126914497095556,13.4488165,6.434965,2.020495484309751,10.867197683246022,10480.0,10.561361647515435,155,baseline,0
1179.5541170871013,750.0,2230.5597172485095,1.891019398717252,0.0,0.0,15.773624645865103,389.05313957972055,1.7878153260352214,1.0,3.991376238846903,2.232543921467798,0.0,0.0,10.227601239609855,150.77582990752472,8.525609149765312,6.578133,7.217353416563683,0.8465498816307288,9.383046,4.579133000000001,1.1232316635711084,0.5803058865214488,745.3264159923846,750.0,57.90064996200041,0.0776849561744126,0.0,0.0,-12.308200900205351,149.49180939981605,11.062641850642553,8.610942,10.031867601049678,0.9068238614691295,13.0,5.864073000000001,2.018817606078379,10.44345620250797,10505.0,10.58392897244833,156,baseline,0
1166.0055207949945,750.0,2243.725651048345,1.9242839000612533,0.0,0.0,16.013734050790227,398.78810726226976,1.7686786897313214,1.0,4.029501739436923,2.2782553794714637,0.0,0.0,10.374841590625872,153.82735710120267,8.299842127632493,5.999,7.240449824639272,0.8723599453215853,9.100000000000001,4.000000000000001,1.1946012205486716,0.7577557573053211,745.4825174825174,750.0,56.931667192579354,0.0763688830488429,0.0,0.0,-12.52317155149051,154.82982570806115,10.748625371089437,7.56853,10.045298525062968,0.9345658796595324,12.899999999999999,5.56953,2.0521299747767685,10.576549807011844,10868.0,10.680235400697395,157,baseline,0
1160.4369732502748,750.0,2236.8001144247514,1.927549850604712,0.0,0.0,16.30364630234561,419.37780971276726,1.766397947966288,1.0,4.073440806533756,2.3060719761499056,0.0,0.0,10.42980436017752,155.7742062048996,7.995499347319142,5.666252999999999,7.02119749488184,0.8781437143429971,8.976734624999999,3.667252999999999,1.2512508140245822,0.9354521853311137,745.5023818248443,750.0,56.8071452654765,0.07619981726473321,0.0,0.0,-12.551321850756755,155.5356802012841,10.37706774725174,6.999,9.903652356092573,0.9543786932214502,12.0,5.0,2.115643762442116,10.594092621212017,10916.0,10.705464596783248,158,baseline,0
1125.7216005425569,750.0,2142.3969158579525,1.9031321019561098,0.0,0.0,17.131578616569332,475.6181261116466,1.709393014581214,1.0,3.9655369310354347,2.319850904507736,0.0,0.0,10.843428504254428,169.57895437166192,7.38265585416721,4.999,6.887679971103166,0.9329542250320866,8.636928750000001,3.4696664999999998,1.3713288897656322,1.2936029195718382,745.8379111563241,750.0,54.659904515021736,0.0732865729904755,0.0,0.0,-13.056660611555118,168.47638632533497,9.551401993472362,5.999,9.718285682511985,1.0174721668246896,12.37067175,4.588661,2.0944376038423593,9.156808453315378,11796.0,10.836338294941898,159,baseline,0
1118.6267914837213,750.0,2169.0248915909083,1.9390067430031448,0.0,0.0,17.325073373211342,486.227612660292,1.7006875983762737,1.0,4.0229396096287635,2.3654783003472555,0.0,0.0,10.960392654830962,172.8254820561875,7.277744082728685,4.999,6.684648583419989,0.9185055846197984,7.899999999999999,2.9999999999999996,1.4189206746611054,1.4471127728703008,745.9327313395742,750.0,54.03725842852648,0.07244253557755044,0.0,0.0,-13.210615849865096,172.52037113270688,9.377529544942423,5.999,9.583430842735686,1.0219568807335095,11.322307,3.9999999999999996,2.252752129501256,10.353368563416216,12071.0,10.902543151303847,160,baseline,0
1114.2184105202973,750.0,2200.8887253949742,1.9752758567032145,0.0,0.0,18.050587653625556,532.9359158929886,1.6972964142775464,1.0,4.0929750431708785,2.411467442422573,0.0,0.0,11.249672003669124,184.93013130993015,7.304117405418431,4.999,6.57168164298458,0.8997228930232548,7.0,2.9999999999999996,1.488450100008296,1.6898586410383922,745.9898717634567,750.0,53.658470517810734,0.07192922122517115,0.0,0.0,-13.306002512500301,175.0497028626644,9.344226017397697,5.899,9.403115938703273,1.006302279203856,10.0,3.9,2.2377019153464315,9.608890781242637,12243.0,10.925221580414838,161,baseline,0
1128.55700270636,750.0,2269.2527537013157,2.010755990401447,0.0,0.0,17.912001825371057,524.996003055408,1.729533152909337,1.0,4.246018661945364,2.455008540774669,0.0,0.0,11.084386231735303,179.0005664405574,7.802307030189587,5.424662,6.578871390622842,0.8431956554858856,7.0,2.8488583529411766,1.4909013760022165,1.7097721321787036,745.8477672530447,750.0,54.5955218540575,0.0731992830857866,0.0,0.0,-13.072418950658829,168.88813722154396,9.954736697733424,5.999,9.42773044062664,0.9470597492320638,9.825321249999998,3.0999999999999996,2.1690064427449096,8.737670378874206,11824.0,10.896330898566717,162,baseline,0
1125.9011800662195,750.0,2219.110890076175,1.9709641746229087,0.0,0.0,17.266554977858128,518.4424675353266,1.7324900246200865,1.0,4.258181062027114,2.457838718558209,0.0,0.0,10.748402900563265,169.22543292560368,7.872211962291271,5.899,6.523085362091904,0.8286216622898588,6.2154065,2.9,1.4889268956360882,1.7919582721060427,745.8319042363528,750.0,54.69910528572038,0.0733397230328006,0.0,0.0,-13.047083763891342,168.2263947419971,10.029811019016893,6.899,9.36657004631047,0.9338730339535916,9.518106,3.9,2.099888619406511,7.54222358434199,11779.0,10.908389218488658,163,baseline,0
1131.8200739657693,750.0,2282.6687992258558,2.0168124348843213,0.0,0.0,17.235288921854245,518.1977534055649,1.7491184312376364,1.0,4.386947285049447,2.5080904795825307,0.0,0.0,10.699044081657693,168.0251116623312,8.03790087682132,5.999,6.50256274270652,0.8089876750605106,6.6046249999999995,3.000000000000001,1.4700421616460364,1.8017293680130217,745.7774146383418,750.0,55.053395935044165,0.07382014372444065,0.0,0.0,-12.961141036941397,165.99117697948634,10.220643927324332,6.899,9.369489165256528,0.9167220022417288,9.6833995,3.9,2.1255662886452797,7.866071296368498,11627.0,10.89066519779317,164,baseline,0
1129.9711909457258,750.0,2317.6709175146457,2.0510885021545358,0.0,0.0,17.288044087452818,523.2109860804977,1.7516076481179799,1.0,4.472034411058841,2.55310281150224,0.0,0.0,10.711796118738427,168.17762765406232,8.031473603626628,6.899,6.325218291838706,0.7875538916024751,6.726750666666668,3.12787,1.4139381859398403,1.7460889971253737,745.7904484266484,750.0,54.96886310913812,0.07370550698940004,0.0,0.0,-12.981547306818324,166.5205704791619,10.17561008076824,6.999,9.279099000591502,0.9118960855358312,8.7275665,3.9999999999999996,2.250596786232213,8.946237692968515,11663.0,10.916377057941187,165,baseline,0
1138.8406486867618,750.0,2382.9922636244523,2.0924720823517906,0.0,0.0,17.153626186084857,516.7721133274467,1.7761325577295963,1.0,4.620856624441864,2.601639502824404,0.0,0.0,10.580340647024393,163.86958478001637,8.294296652428951,6.999,6.247916433383531,0.7532786317154275,6.0,3.000000000000001,1.3361068948706154,1.5525424255069638,745.6728362418473,750.0,55.726904518341456,0.07473371941400224,0.0,0.0,-12.80074101817212,161.85897061431422,10.466087437863566,7.999,9.272607866813443,0.8859669787649178,9.550808,3.9999999999999996,2.3365486734814707,9.756823693827771,11346.0,10.901055609908745,166,baseline,0
1142.9303522313903,750.0,2357.4612263236904,2.0626464436097276,0.0,0.0,17.10663148402441,540.8036352438371,1.7891935054564811,1.0,4.663450516363033,2.606453970540898,0.0,0.0,10.495052232398733,163.29487490816646,8.490042664905998,7.899,6.256788099404156,0.7369560255882921,7.1000000000000005,3.6843200000000005,1.22285086389542,1.300758607874637,745.6440422322776,750.0,55.910885704140334,0.0749833466606354,0.0,0.0,-12.75758871428028,160.7560698027315,10.698030556472363,8.320547,9.299630412965437,0.8692843382597288,9.0,4.321546999999999,2.2376026430361984,8.528983228794567,11271.0,10.886019485701485,167,baseline,0
1146.719206588152,750.0,2395.756045091544,2.089226404622337,0.0,0.0,17.14759580427527,545.3574675861995,1.7996103781103339,1.0,4.753533300101922,2.6414235869729374,0.0,0.0,10.50589362021508,163.53801362454897,8.631839881509931,7.999,6.470436594350431,0.7496010912123854,7.201935000000001,3.9999999999999996,1.134625206104411,1.0428510726808824,745.6525281147614,750.0,55.85672913221252,0.07490986354386203,0.0,0.0,-12.770261834364383,161.07958731822362,10.862170532188081,8.999,9.521298809804314,0.876555821103127,10.0,5.0,2.174949001332917,8.196020082158615,11293.0,10.881580738039442,168,baseline,0
1150.560353982301,750.0,2432.0517232913608,2.113797607290728,0.0,0.0,17.257950332189765,552.8388242004661,1.8104424778761061,1.0,4.843515579312736,2.675321441305793,0.0,0.0,10.53248757975008,164.1036407325965,8.898702215137785,7.999,6.593947589997195,0.7410010393178548,7.480455,3.9999999999999996,1.0989760301438707,0.9270484666232535,745.655221238938,750.0,55.83953046905168,0.07488652781948192,0.0,0.0,-12.77429155449684,161.18252471928935,11.1475445119469,8.999,9.613735784211109,0.8624083782673396,10.0,5.0,2.1474940339162947,8.11865745347245,11300.0,10.87079816237459,169,baseline,0
1160.5127646043427,750.0,2499.020153759438,2.1533758438335115,0.0,0.0,17.150597628498673,547.0264887658591,1.8371036613064413,1.0,4.997163971425294,2.7201317359912074,0.0,0.0,10.418001631326819,160.3949336281905,8.985985140876297,7.999,6.734282306250098,0.7494205922527691,8.100000000000001,4.000000000000001,1.0785574511107476,0.8030262208573489,745.5395657308985,750.0,56.57329819289569,0.07588235526766898,0.0,0.0,-12.60451757701027,156.8738633491608,11.303324201962386,9.475253,9.83503568546691,0.8701011764096296,10.470350999999999,5.423746999999999,2.135287653123214,7.9774074440698595,11007.0,10.856894719623659,170,baseline,0
1180.6905695611579,750.0,2584.4497129237957,2.1889305966798656,0.0,0.0,16.864542871194715,529.3049056399982,1.8782446311858076,1.0,5.1700064293807335,2.7525735165374656,0.0,0.0,10.256494541585475,155.27690977037295,9.164422505224772,7.899,6.746398956818943,0.7361510180235276,9.0,4.122810833333333,1.0276514938803354,0.6547881686212365,745.415873015873,750.0,57.34741024957519,0.0769334439009914,0.0,0.0,-12.430059926499055,152.5063897763578,11.551664407563026,8.999,9.914556006622647,0.8582794354838994,10.5716235,5.0,2.1486836185618494,8.128396661392777,10710.0,10.826656824315702,171,baseline,0
1200.9138064018512,750.0,2670.8852682894294,2.2240441021257564,0.0,0.0,16.641844978258863,515.3248262308772,1.9215194755109912,1.0,5.3528425113681815,2.785734196081825,0.0,0.0,10.098933540654464,150.33917912986104,9.525369381859054,7.999,6.900755019495278,0.7244606211951925,9.31840175,4.8999999999999995,0.9832294158335937,0.5223773624497037,745.266486694948,750.0,58.26826287129629,0.07818446678006416,0.0,0.0,-12.228491777140288,147.53601114358779,12.022502852005399,9.899,10.119911292760857,0.8417474645117524,10.0,4.9710990000000015,2.122206186644443,7.953239834470951,10372.0,10.770815404508438,172,baseline,0
1221.9259185303515,750.0,2771.8104054615706,2.2683948048137923,0.0,0.0,16.49170629803608,505.736288503272,1.9675519169329074,1.0,5.55552547074447,2.8235724927678802,0.0,0.0,9.960057701866456,146.5949144095632,9.390462712353706,7.999,7.07612017879169,0.753543291267494,10.0,5.0,0.9351368017237934,0.3457367194955445,745.0982428115016,750.0,59.287785137925766,0.07957042673220298,0.0,0.0,-12.012533171312862,142.3009531918919,11.98863516783147,9.519559000000001,10.457186865718215,0.8722583279352335,10.821175749999998,5.520559,2.096905520821417,7.727226325621986,10016.0,10.727584647830959,173,baseline,0
1219.8105263157895,750.0,2795.0972279782077,2.2914191734516987,0.0,0.0,16.791857250443993,522.5307145626781,1.9695134061569017,1.0,5.630633695321759,2.8588958459078357,0.0,0.0,10.051176044534747,148.9111721688219,9.139463392372884,7.273876333333334,7.102232881875296,0.7770951725461576,10.899999999999999,4.906443,0.9245088297964542,0.2380698024021748,745.1245283018868,750.0,59.129690864730826,0.0793554481416487,0.0,0.0,-12.045540001776166,143.09503393438968,11.700584917974181,8.999,10.561603177208543,0.9026559997854501,12.0,6.0,2.133369416874571,7.925537562328527,10070.0,10.742360149543748,174,baseline,0
1233.8940105989402,750.0,2862.7931149706246,2.320128868751868,0.0,0.0,16.60160276522123,512.3407665502333,1.9973002699730027,1.0,5.763000216343877,2.8853950019351746,0.0,0.0,9.978719155811529,146.76101009670887,9.015904801246698,7.5895019999999995,7.085610451953137,0.7859012054977949,10.0,4.6905019999999995,0.958248488775935,0.2664371414831761,745.0908909109089,750.0,59.33192572532237,0.07963045374610107,0.0,0.0,-12.0033485027752,142.08037527907572,11.646044510348965,8.899,10.71335355083606,0.9199134986403243,12.734145999999999,5.999999999999999,2.178573664339744,8.052454666029702,10001.0,10.7525850570594,175,baseline,0
1214.6502435369052,750.0,2835.6763164698577,2.334562012034619,0.0,0.0,17.079887803673074,544.6505803362298,1.9556013488197828,1.0,5.698206180498573,2.913787201025135,0.0,0.0,10.300914342810707,156.9448175078007,8.53995956278407,6.999,7.147371645850387,0.8369327270585235,9.100000000000001,4.8999999999999995,1.046890265399414,0.43627477776859847,745.4012738853503,750.0,57.43807076233941,0.07705657714125924,0.0,0.0,-12.409931919894252,152.00641025641022,11.042698988572498,7.999,10.776351362029958,0.9758802058429584,13.2447265,5.8999999999999995,2.2094405200330622,8.120236028232634,10676.0,10.834325729176808,176,baseline,0
1210.602314474651,750.0,2848.3662031073522,2.3528504522506384,0.0,0.0,17.32764573310046,560.4095389682343,1.9497612049963262,1.0,5.738976266171721,2.9434252007196617,0.0,0.0,10.422219825662584,160.40681529848888,8.09859718531085,5.899,7.219846047856075,0.8914934133224154,10.0,4.1000000000000005,1.1487382770351826,0.6235102397427936,745.4908155767818,750.0,56.879683626062494,0.07629830232322182,0.0,0.0,-12.534908524471339,155.1239317168642,10.578288786645848,6.999,10.965979764211061,1.0366496874290896,12.4445715,5.1,2.2558090529531274,8.159776625395466,10888.0,10.851353915404175,177,baseline,0
1194.1697088415992,750.0,2842.435034811609,2.3802605389889724,0.0,0.0,17.722608630846455,585.0957124480341,1.9235152702341733,1.0,5.7451074338372194,2.9867750585301027,0.0,0.0,10.61762765775248,166.08617214786872,7.742178155522413,4.999,6.973653535071393,0.9007353479843603,9.0,3.3523729999999996,1.2437243788564334,0.8822562432169652,745.6285281809278,750.0,56.009757074149086,0.07511750819244169,0.0,0.0,-12.734514370730139,160.16785625833236,10.094032767963673,6.487218,10.784567799517355,1.0684102228937966,11.462088000000001,4.488218,2.459063690419487,9.502769328892251,11231.0,10.912560650373752,178,baseline,0
1168.8246688741722,750.0,2781.6923750226224,2.3799056001290477,0.0,0.0,18.408787772128814,632.2890234135193,1.8719370860927151,1.0,5.635557690779864,3.010548662478254,0.0,0.0,11.023192417359759,178.84000832455388,7.139286080191206,3.999,6.79201336813448,0.9513575015546337,8.0,3.0,1.4334790275928297,1.4601008527215988,745.935761589404,750.0,54.01723890196691,0.07241540315330851,0.0,0.0,-13.215624080201065,172.6527198291904,9.341837925827814,4.999,10.632043672347573,1.1381104828368587,10.609909250000001,3.9999999999999996,2.601965780481495,10.168000762216186,12080.0,11.008251517629471,179,baseline,0
1150.190588051053,750.0,2744.0199037498137,2.3857088836028764,0.0,0.0,19.044125858049316,674.4844715556376,1.8353300446323702,1.0,5.572668258155504,3.0363303180555463,0.0,0.0,11.367876621981804,189.70178101121277,6.997619398072368,4.73405,6.561278965643995,0.9376444462600277,7.7205449999999995,2.7350499999999998,1.5674585657318205,1.9893545013182976,746.155665178921,750.0,52.54360884639048,0.07041909791543434,0.0,0.0,-13.594637788319943,182.81417659561657,9.126789853887715,4.999,10.481647211434034,1.1484484007231954,9.436634000000002,3.0,2.774842040715101,11.325419394761798,12771.0,11.074741389826203,180,baseline,0
1149.7534419007159,750.0,2786.099971127007,2.423215160392269,0.0,0.0,19.036143019418127,675.6704209302371,1.8413972150106208,1.0,5.673201400298632,3.0809221139535126,0.0,0.0,11.344742240251623,188.8074837477992,7.04419714796976,4.999,6.256213969725303,0.8881372622469028,6.0,2.9999999999999996,1.6076229066503667,2.219709156756738,746.1375186846038,750.0,52.66680878697902,0.07058592748402127,0.0,0.0,-13.562147656567333,181.931849058535,9.130790478483203,4.999,10.19583723830315,1.1166434343586944,8.899999999999999,2.9999999999999996,2.9191123027096313,12.535005378094558,12711.0,11.087390139010266,181,baseline,0
1145.0922670690306,750.0,2759.7874333343675,2.4101004894551408,0.0,0.0,19.486721969775022,712.4454395904235,1.827536778574123,1.0,5.63888630702374,3.0855118064563936,0.0,0.0,11.595131792984006,197.4521283759159,6.988095901939488,4.999,6.257100360657793,0.8953941743875018,6.1000000000000005,2.9999999999999996,1.6714873715828928,2.605330255778605,746.2960392304791,750.0,51.580426037518976,0.06911523487476176,0.0,0.0,-13.853939049304714,189.9316271818502,9.019509110298001,5.899,10.158519613045252,1.1262829815701154,8.0,3.1000000000000005,2.9368915085954512,12.379451175821556,13255.0,11.094211547671021,182,baseline,0
1139.7454303263523,750.0,2778.814511010772,2.4381010329781203,0.0,0.0,19.84334845123612,744.6280437493493,1.8195811440834753,1.0,5.679689437857195,3.1214268494291635,0.0,0.0,11.755344339884815,204.57061738177094,7.1503846020320845,5.797525,5.995527308738624,0.8384901851342011,5.899999999999999,2.798525,1.6588408761519877,2.7141137830970967,746.3667579368016,750.0,51.0881622466443,0.06844913938539875,0.0,0.0,-13.990198207228525,193.72564587754022,9.117012750314512,5.999,9.952123049022264,1.0915991149270843,7.899999999999999,3.0999999999999996,3.1557654912258175,14.251504809000515,13513.0,11.127506598550875,183,baseline,0
1172.6182924875861,750.0,2939.138848835833,2.506475353203607,0.0,0.0,19.061829359549336,684.7102179783129,1.8934006086817234,1.0,6.004570821637024,3.17131556528742,0.0,0.0,11.2885761048515,188.2432648890712,7.732296613372336,5.999,5.916442447111224,0.7651597892506153,5.1000000000000005,2.9999999999999996,1.6307059618930737,2.662680159307129,746.0679160659939,750.0,53.13664758232615,0.07122226601368274,0.0,0.0,-13.43961022429118,178.6231229808721,9.853897927999359,6.999,10.084105071779673,1.0233620386026316,7.442483749999999,3.0999999999999996,3.2376257156651307,14.773923841111152,12486.0,11.04881456957697,184,baseline,0
1167.4746889914718,750.0,2950.909557796989,2.5276004573136786,0.0,0.0,19.294007237282916,699.704756365938,1.8841248728581488,1.0,6.03169126382712,3.201322455171065,0.0,0.0,11.424897467176919,192.41388479318246,7.817126788239194,6.999,5.905166988111616,0.7554139964821721,5.687051,2.9999999999999996,1.5423296741825918,2.5858647140466493,746.1586730302794,750.0,52.52315945609162,0.0703914078258797,0.0,0.0,-13.60004526494098,182.9612312084436,9.908758577263125,6.999,10.051849393567023,1.0144408419266806,7.439674999999999,3.000000000000001,3.2713807674880493,15.29799935635673,12781.0,11.07949213975943,185,baseline,0
1193.0045278669631,750.0,3073.3929023785413,2.576178740807988,0.0,0.0,18.916224918239756,673.4879596778587,1.9407261052111633,1.0,6.282903495300147,3.2373983523123306,0.0,0.0,11.161407616161595,184.15299929103386,8.117767720015031,6.999,5.895897278041895,0.7262953907273141,6.0,3.000000000000001,1.4994463294440576,2.5307820002381805,745.9581789742323,750.0,53.86890070717915,0.07221437102714567,0.0,0.0,-13.25284809187354,173.63798254627625,10.300156507203425,7.999,10.204113896990588,0.9906756164194525,6.050000000000001,3.000000000000001,3.344198978514689,15.777525352858579,12147.0,11.021889389127633,186,baseline,0
1182.9756097560976,750.0,3070.1789187464306,2.5953019600965663,0.0,0.0,19.295743218703088,698.5963053884877,1.923780487804878,1.0,6.291942650640718,3.270613612377425,0.0,0.0,11.340178481167852,189.6635992298158,8.285643657042016,7.608202,6.117358808628166,0.7383082186293382,6.999999999999999,3.390798,1.4072788980524593,2.3365050936448046,746.060975609756,750.0,53.18326519318987,0.07128541356786978,0.0,0.0,-13.427568777987616,178.29960328758804,10.435811626203465,7.999,10.277213569967156,0.9848025182978501,7.000000000000001,3.3375025000000003,3.262119707966977,15.450854111649782,12464.0,11.049952649678719,187,baseline,0
1208.068585944115,750.0,3185.57621031732,2.6369166845173506,0.0,0.0,18.873869955115534,669.8637000267382,1.9820491109229466,1.0,6.547450683261945,3.3033745971173776,0.0,0.0,11.050504557210134,180.06880907086745,8.463778843550278,7.899,6.015263398952925,0.7107065898274013,7.066458000000001,3.9,1.2620477101652936,1.9283496423455606,745.8428450465707,750.0,54.627684730996336,0.0732428890265554,0.0,0.0,-13.064542156738861,168.68226176520687,10.732615497967824,8.899,10.437331203556985,0.9724872008629444,7.416647500000001,3.999999999999999,3.338932996494381,16.035470913300742,11810.0,11.009420806711889,188,baseline,0
1219.0294367874767,750.0,3234.3707042684764,2.653234291693606,0.0,0.0,18.837442520284867,668.1752008149225,2.0040837161817255,1.0,6.656767816741473,3.3216016691280044,0.0,0.0,11.022793953501857,179.07109880577295,8.462529146932042,7.999,5.9706409624439685,0.705538599486955,7.785173375,4.000000000000001,1.0962861586396508,1.4181892927353612,745.8230389654585,750.0,54.756906993135,0.07341809535555387,0.0,0.0,-13.032987382219893,167.85876010510313,10.769802708865068,8.899,10.54023259620202,0.9786839073222688,8.525495000000001,4.100000000000001,3.380071798476783,16.512803674452616,11754.0,10.989328240742752,189,baseline,0
1242.9162465729194,750.0,3325.3636312004137,2.6754527027620774,0.0,0.0,18.63585172660036,654.3978857254649,2.0567789864685593,1.0,6.868906952190152,3.3396427119201086,0.0,0.0,10.84151268063263,173.1371452544261,8.620219250143789,7.999,6.101466499371605,0.7078087369146475,8.0,4.000000000000001,1.0431616754814637,1.1584623193876507,745.6579110285663,750.0,55.822347682081876,0.07486321388997282,0.0,0.0,-12.77832000401689,161.28546212505822,11.058000302025293,8.999,10.837281664530417,0.980039913956735,9.625331000000001,5.0,3.3326863580157515,15.98177650476292,11307.0,10.928182572773455,190,baseline,0
1258.5807856300462,750.0,3404.763183249556,2.705240078446875,0.0,0.0,18.4782891149311,643.2534311665065,2.0939853034564093,1.0,7.048107980966871,3.365882257785193,0.0,0.0,10.71735996197205,169.01516855635748,8.566267859575733,7.386071,6.1853961583686035,0.7220642944820256,8.100000000000001,4.387071000000001,0.98521285201921,0.8390706758325095,745.546040097977,750.0,56.532479960212314,0.07582694685466107,0.0,0.0,-12.613847485513288,157.1091483877897,11.068248658804317,9.218848,11.076019269638675,1.0007020632688963,10.0,4.780152000000001,3.336412476141642,15.933964541306384,11023.0,10.886072458505511,191,baseline,0
1288.4008023688987,750.0,3526.4640084546577,2.7370861629166776,0.0,0.0,18.101209465384215,618.4459830831129,2.162097621549336,1.0,7.320063775941469,3.385630557558261,0.0,0.0,10.45693269726121,160.89537958981919,9.129817815876248,7.999,6.308416483648915,0.6909684958531076,9.0,4.000000000000001,0.9701069918577091,0.7283800700757106,745.3103448275862,750.0,57.99946697036629,0.07781921634776638,0.0,0.0,-12.286676531342474,148.9624201858419,11.83450359891107,9.899,11.35288733672336,0.9593040588342019,10.0,4.999999999999999,3.2876322099618185,15.315728568478551,10469.0,10.815830925776773,192,baseline,0
1297.423076923077,750.0,3580.1630317742292,2.759441461658612,0.0,0.0,18.081302968065955,617.0607887009539,2.1834615384615383,1.0,7.442587661201885,3.408618622357742,0.0,0.0,10.428806980576576,159.88371508089787,9.149138954996738,7.899,6.489630555787639,0.7093159900302282,9.0,4.1000000000000005,0.9520182912713386,0.6240597354801114,745.2792307692308,750.0,58.190288901888145,0.07807850601421933,0.0,0.0,-12.24531575603401,147.94775796497476,11.883881298173078,8.999,11.524026686053459,0.9697191007642477,10.0,5.0,3.248226326810316,15.17475465232441,10400.0,10.79724166002056,193,baseline,0
1310.863038679336,750.0,3615.277628466627,2.7579369635053066,0.0,0.0,18.18846578028892,623.775282089885,2.206929647758902,1.0,7.530683051575563,3.412289584864129,0.0,0.0,10.457973695188464,160.61153665619912,9.05675095676722,7.999,6.610264990339519,0.7298715645261635,9.0,4.6432329999999995,0.9192817102117706,0.48241398438027616,745.2878395239467,750.0,58.13755591146268,0.07800684893583947,0.0,0.0,-12.256718877777919,148.22715764887747,11.867788785584029,8.999,11.77072823526611,0.9918215135041989,10.577925,5.0,3.196010446315818,14.764752712705974,10419.0,10.779638295122512,194,baseline,0
1327.7621354424123,750.0,3682.947891472242,2.773800964165226,0.0,0.0,18.156232997047887,623.4810867816657,2.249826989619377,1.0,7.71715569760138,3.430110729939709,0.0,0.0,10.348605622788654,157.29441943507604,9.16319951521169,7.92355,6.604372617738126,0.7207496253654966,9.499876,4.92455,0.8920107775708686,0.3576187581386563,745.146218487395,750.0,58.998907253683385,0.07917762418958235,0.0,0.0,-12.07297677416425,143.75676818950936,12.097856098467622,8.999,11.941737429082778,0.9870953441573322,11.0,5.1000000000000005,3.186380568297924,14.398568861154299,10115.0,10.737527514821275,195,baseline,0
1360.9644994840041,750.0,3809.0966596853905,2.7988214689873034,0.0,0.0,17.796956629395524,598.5465464822261,2.321981424148607,1.0,7.986129732666637,3.439359871535098,0.0,0.0,10.12881002112841,150.5739813471237,9.283930798527678,7.999,6.7517524689142085,0.7272514859745569,9.851712500000001,4.796260500000001,0.8869051487104892,0.2860386968407975,744.9333333333333,750.0,60.26991141707629,0.08090644990658175,0.0,0.0,-11.811310983028473,137.5070671378091,12.413225764189887,9.899,12.309542922728312,0.991647389370724,11.100000000000001,5.899999999999999,3.130336380893176,13.778720995860798,9690.0,10.66248310112998,196,baseline,0
1383.0148933890496,750.0,3920.957148168886,2.835079482449145,0.0,0.0,17.568574781360812,581.7210343576693,2.37790635379835,1.0,8.235628604789975,3.4633948438023174,0.0,0.0,9.957886030794453,145.29534761893174,9.239900506296888,7.922597666666667,6.856982494909113,0.7421056633928209,9.302509703703704,4.874307066666667,0.9141506602323209,0.30091966007975834,744.7395264116576,750.0,61.403496223013185,0.08244962707816876,0.0,0.0,-11.58694694255313,132.25733944954123,12.491508349726777,9.338227,12.645201004807639,1.0123037707519302,11.314519,5.660773000000001,3.1273443091825692,13.534250434626195,9333.0,10.618951301615724,197,baseline,0
1389.3933921172845,750.0,3938.7139894124025,2.834844336930544,0.0,0.0,17.68261871862639,592.0987763254592,2.388930202910868,1.0,8.296194830741445,3.4727656842517556,0.0,0.0,10.005487961886091,146.7926694283936,9.011063519730403,7.908294333333333,6.811886155841427,0.755946969070442,9.420881999999999,4.695899768115941,0.929588732404317,0.3087073516797889,744.7842345692128,750.0,61.143915739829495,0.08209614664466611,0.0,0.0,-11.637600577728557,133.43374720674794,12.275220878359715,8.999,12.78800684821452,1.0417740727385858,12.390154999999998,5.370281,3.1799987957729914,13.853118726302853,9413.0,10.608835178504469,198,baseline,0
1425.4201661801033,750.0,4065.179443090959,2.8519166064452324,0.0,0.0,17.416861051395728,575.2248336181697,2.474960700651246,1.0,8.607211581053159,3.4777164658769366,0.0,0.0,9.76864572663712,139.88313327551634,8.974419516814015,7.899,6.82854340501957,0.7608897034761924,9.67547321590909,4.9,0.9510519579686243,0.3044352908268517,744.4873119245452,750.0,62.84720407990374,0.08441675643529757,0.0,0.0,-11.31274866174093,125.97828228372123,12.385820343476308,8.999,13.05764690799431,1.05424158803271,12.14480425,5.4055875,3.2138229601067656,13.924386181640486,8906.0,10.523675501476541,199,baseline,0
1419.9377132166833,750.0,4069.539365989977,2.8659985069140586,0.0,0.0,17.613738390963647,588.565732999258,2.463519313304721,1.0,8.62815122601584,3.502368006379252,0.0,0.0,9.872458877977934,142.7607804161395,8.739066542595447,6.999,6.970481220539031,0.797623085550833,9.28121925,4.4854519999999996,1.0204169005554293,0.457533998740844,744.5971167602069,750.0,62.22291018449546,0.0835658758057399,0.0,0.0,-11.42978095064456,128.6398925797173,12.18286015637724,8.999,13.289987946822238,1.0908758515023635,12.0,5.899999999999999,3.1738421318913193,13.612803628697701,9087.0,10.533360263641951,200,baseline,0
1410.0765726681127,750.0,4075.879237964042,2.890537519002789,0.0,0.0,17.867890201716627,604.2771362274818,2.449349240780911,1.0,8.664832468220368,3.537605958331125,0.0,0.0,9.971787109492892,145.38986503234972,8.574828591430837,6.899,7.016427221290675,0.8182585979972202,9.071861375000001,4.4203244999999995,1.0915784240977262,0.583726452237955,744.675054229935,750.0,61.77585125704744,0.08295678887878091,0.0,0.0,-11.515019121306217,130.59566536404782,11.944287947396965,8.390603,13.376291979032585,1.1198902804371607,11.8736085,5.4916030000000005,3.2389338494444972,14.051879158484827,9220.0,10.565927594175959,201,baseline,0
1428.0713807718046,750.0,4166.4726220692255,2.917552076295686,0.0,0.0,17.675950898478334,593.499815417555,2.496877091233549,1.0,8.881449691549701,3.557023180168607,0.0,0.0,9.83768473654127,141.56069543254313,8.726149039669616,6.899,6.965326892366124,0.7982131477128473,9.159657999999999,4.0,1.1165584432352695,0.6302874541914867,744.52420254294,750.0,62.63817850326251,0.08413182310168069,0.0,0.0,-11.35167755634601,126.8605833432496,12.216916633281283,8.7377905,13.569930005773973,1.1107491696232759,12.100000000000001,5.738790499999999,3.2887763839333046,14.229139949885276,8966.0,10.534835453784726,202,baseline,0
1428.3407030731814,750.0,4171.585659777844,2.920581658705354,0.0,0.0,17.989429627279183,612.9800167474391,2.4993367234136636,1.0,8.930811608043841,3.5732726704571003,0.0,0.0,9.93054286633625,144.0213141428062,8.51623811267637,6.5635425000000005,7.029848154935099,0.8254640208416919,9.186797875,4.01491545,1.1599721671195893,0.7363133159237929,744.5726287862038,750.0,62.362694442017805,0.08375636174496631,0.0,0.0,-11.403376071789207,128.03698583465476,11.997976328543004,8.761479999999999,13.67378968566962,1.139674667730414,11.76890675,5.538213999999999,3.2673258665257765,13.955848579437326,9046.0,10.502301837538056,203,baseline,0
1439.3090665475659,750.0,4224.496154598444,2.9350861832140307,0.0,0.0,17.970114868977806,613.5692157251309,2.5273559624832513,1.0,9.070380717656873,3.5888813654665324,0.0,0.0,9.890321743463053,142.88580774996979,8.381601580045439,5.999,6.941575992175339,0.828192073541356,8.664182375,3.9999999999999996,1.2207024664492008,0.8994182770346186,744.5180884323358,750.0,62.67287130344209,0.08417911166591892,0.0,0.0,-11.34519868129324,126.71353311801772,11.886918835864227,7.899,13.805249095535514,1.1613816234601904,11.318074999999999,4.999999999999999,3.3582932560014256,14.49030014347214,8956.0,10.488074928126656,204,baseline,0
1403.2876451953537,750.0,4141.788866214356,2.951489582620655,0.0,0.0,18.66683744408585,664.0007405092874,2.453326293558606,1.0,8.92040877635378,3.636046619552804,0.0,0.0,10.215768759254342,152.82032503570161,8.090924949313724,5.999,7.026556409073865,0.8684490899485924,8.83227475,3.9999999999999996,1.2790305223009364,1.0817926127885897,744.8156282998945,750.0,60.96096011015071,0.08184704750261394,0.0,0.0,-11.673557229314282,134.2719383860755,11.436434455966209,6.999,13.770643054364223,1.2041028265746143,11.899999999999999,5.0,3.4003573268408225,14.995598052161373,9470.0,10.589847973112194,205,baseline,0
1419.0721112076455,750.0,4223.964800925405,2.9765681162818187,0.0,0.0,18.568714337167364,657.3423312244564,2.4981537793223283,1.0,9.132757040057525,3.655802583352158,0.0,0.0,10.099195224285738,149.24951595526775,7.988017407967515,6.122232666666666,6.951839472391187,0.8702834655138821,9.05183525,4.1232326666666665,1.2679760664719457,1.0477007440354598,744.6681146828845,750.0,61.815792463759266,0.08301119820348882,0.0,0.0,-11.507354367135294,130.41920453082756,11.413767576998262,6.999,13.94499878548182,1.2217699976285352,12.0,5.0,3.4555937865748354,15.344764267943386,9208.0,10.545086123871416,206,baseline,0
1413.331330472103,750.0,4227.068984137577,2.9908549347204985,0.0,0.0,18.806569642810903,674.9763626221886,2.490343347639485,1.0,9.170424628387991,3.6823936896413647,0.0,0.0,10.183622445716486,151.67828804924213,7.575150459004097,4.999,6.875744490593513,0.9076710129791224,8.663689499999998,3.146098743589744,1.3151321112496148,1.1151775047118662,744.7321888412017,750.0,61.44599109988869,0.0825075000390385,0.0,0.0,-11.578694800867043,132.06617329162546,10.978030188197424,6.999,14.074039439388521,1.2820186498047386,11.420046,5.0,3.528963793105203,15.85033330919422,9320.0,10.580165677248605,207,baseline,0
1403.4794607791105,750.0,4199.11319077331,2.991930632488391,0.0,0.0,19.30015654932927,712.1725328610049,2.4777624456002547,1.0,9.18633598552841,3.707512801253616,0.0,0.0,10.310605746228044,155.4780780412956,7.670931928749605,5.359128,6.772569868311914,0.8828874941425627,8.379204916666666,3.399875999999999,1.340676849319338,1.212205564190823,744.7886636238192,750.0,61.118138361511654,0.08206104811549797,0.0,0.0,-11.642653822972873,133.55138804158474,11.068975190107208,6.999,14.005804909720302,1.2653208331551649,11.529509,5.0,3.5805375474097554,16.23469915977798,9421.0,10.597882207169611,208,baseline,0
1388.4671866874676,750.0,4179.023473048322,3.009810756146436,0.0,0.0,19.700863018556774,741.2054147363785,2.452418096723869,1.0,9.181092405120001,3.743689714810382,0.0,0.0,10.454526177892596,159.6469647054696,7.60906804509135,4.999,6.754568819226523,0.8876998837701197,7.086283520833334,3.0,1.4136127695722587,1.4271048057495008,744.8938117524701,750.0,60.50284915850968,0.08122345521460032,0.0,0.0,-11.764530652765595,136.4041814798613,10.93845113447738,6.352483,13.986288079308661,1.2786351474592845,10.899999999999999,4.353483000000001,3.64028621423624,16.67887781852556,9615.0,10.650072006684661,209,baseline,0
1400.6999163529904,750.0,4244.629672164894,3.03036333665005,0.0,0.0,19.733605255927543,741.7937572392473,2.4788791300711,1.0,9.316671587385553,3.7584210840963146,0.0,0.0,10.447316301006804,159.61912885294515,7.7464948245997,5.13984125,6.873570460184671,0.8873136322710785,7.899999999999999,3.14084125,1.4273539547471148,1.4683567271835072,744.866583019657,750.0,60.66279823675742,0.08144115955750499,0.0,0.0,-11.732613508225102,135.65421973338613,11.128609849226265,6.390954499999999,14.161754080071741,1.2725537395900675,11.0,4.391954499999999,3.6271795593053704,16.554914263075062,9564.0,10.610461101108328,210,baseline,0
1377.8478542268247,750.0,4191.2227729532915,3.0418618137669373,0.0,0.0,20.306838167862626,785.2184466781223,2.425868764313452,1.0,9.200941767722863,3.7928439918417567,0.0,0.0,10.730887901050732,168.63492716086913,7.732458967182122,5.899,6.8429439705860755,0.8849635025066023,7.727569000000001,3.559561714285714,1.4594831392572531,1.6699206133823878,745.1114208901722,750.0,59.20857971259389,0.07946271933646969,0.0,0.0,-12.029047905515828,142.69799351319477,11.022976778253511,6.899,14.061274061357354,1.275633102039904,10.899999999999999,4.5718890000000005,3.6943849362966836,17.280304742092316,10043.0,10.689061823403911,211,baseline,0
1366.6329388560157,750.0,4210.133250241938,3.080661332344416,0.0,0.0,20.420148290688676,794.8437567887524,2.411834319526627,1.0,9.255789700849771,3.8376556904897234,0.0,0.0,10.783530117670685,170.1810926865155,7.50185686409276,5.899,6.399841019213225,0.8531009235654341,6.95730375,3.2782045,1.467000220297591,1.8073556051362623,745.1581854043393,750.0,58.92662360502515,0.07907934819645075,0.0,0.0,-12.08819252199499,144.12439844881567,10.669856419230769,6.899,13.907636678407938,1.3034511554758665,10.0,4.1947944999999995,3.9682807163921496,19.420431695215882,10140.0,10.751973304330013,212,baseline,0
1358.5044533620437,750.0,4204.121504424521,3.0946689162631076,0.0,0.0,20.833027837972075,824.5290461721426,2.4030537339727904,1.0,9.29579929737236,3.8683276890376916,0.0,0.0,10.88449643449948,173.04915941702998,7.628746319312195,5.999,6.261463456148278,0.8207722729352481,6.899999999999999,3.000000000000001,1.43475995577794,1.7522829173391843,745.1946755407654,750.0,58.7056480792851,0.07877894194115675,0.0,0.0,-12.134937171963612,145.25670016750414,10.74573276000783,6.999,13.769095727646972,1.2813547512451762,10.0,3.9999999999999996,4.066728930487089,20.311176273686147,10217.0,10.780523639988324,213,baseline,0
1378.6454271356783,750.0,4299.0576700199645,3.1183200447353863,0.0,0.0,20.598834281237362,805.1454401986224,2.452462311557789,1.0,9.515874146456154,3.880130635080679,0.0,0.0,10.743818090302513,168.4022959186901,8.109971303370934,6.451136916666666,6.315286910973825,0.7787064435541045,6.299831625,3.452136916666666,1.4076797091998279,1.6815486983780694,745.0657286432161,750.0,59.482744437152625,0.07983556638079735,0.0,0.0,-11.972067933732367,141.3304106099027,11.35798768723618,7.899,13.883929026907357,1.2223933859789058,9.899999999999999,3.999999999999999,4.017125479435621,19.770882831700344,9950.0,10.723164826997479,214,baseline,0
1382.7874522421073,750.0,4335.892638583588,3.1356175756101905,0.0,0.0,20.760010438881764,818.5780322983157,2.4649105167906695,1.0,9.613516095179866,3.900148110730093,0.0,0.0,10.773177876706292,169.6665010042187,8.276328770934642,6.899,6.251652694503241,0.7553654364793008,6.899999999999999,3.1000000000000005,1.3171587225720243,1.5150995254693287,745.0637442187814,750.0,59.4946220502509,0.07985172075797696,0.0,0.0,-11.969611099236486,141.27158986696526,11.550024942388898,7.999,13.917579745052734,1.204982657134778,9.050318999999998,3.9999999999999996,4.073887932302954,20.331337621540097,9946.0,10.71309812514748,215,baseline,0
1414.6408055113936,750.0,4486.783182141693,3.1716766296160372,0.0,0.0,20.30276059530099,781.6675029470551,2.5480657127715953,1.0,9.963616654150739,3.9102667581178907,0.0,0.0,10.499782929291701,160.976289347082,8.635260464979595,6.999,6.385842426810588,0.739507795127715,7.3459255,3.525353,1.2273483734524906,1.2119059595095525,744.7963963963964,750.0,61.07310628532306,0.08199973386125066,0.0,0.0,-11.651491729737035,133.75725952813056,12.05056493810281,7.999,14.135829234375784,1.1730428662045176,9.0,4.000000000000001,4.000647316312391,19.527055238621582,9435.0,10.612367400012758,216,baseline,0
1383.1299697275479,750.0,4420.608318890203,3.19609032820031,0.0,0.0,21.149808379643236,842.6535748140204,2.481029263370333,1.0,9.827256385315069,3.9609594817778637,0.0,0.0,10.838359785915706,171.78346009057168,8.51955173605936,6.999,6.575221871761063,0.7717802620918612,8.239846916666666,3.9999999999999996,1.1734098564121254,1.0992998884132996,745.0458123107971,750.0,59.60184171604591,0.07999755280979004,0.0,0.0,-11.947476858418732,140.742203282451,11.809949070938446,7.999,14.055024164553425,1.1901003196651871,9.3635315,4.8999999999999995,3.9706206558970463,19.71001322520892,9910.0,10.672814294917623,217,baseline,0
1377.147254493099,750.0,4403.732176504071,3.197720622930043,0.0,0.0,21.582000831312364,874.30378081449,2.469466785820673,1.0,9.831094452547294,3.9810595991798876,0.0,0.0,10.971694088357966,175.7073479748745,8.628219567276235,7.554021,6.789683064421207,0.7869158882061901,8.899999999999999,4.444979000000001,1.1706371802641518,1.0698249517259688,745.1250124118757,750.0,59.126775107741075,0.07935148347302845,0.0,0.0,-12.046150386620727,143.10973913708256,11.890668916989377,8.433179,14.104119952578753,1.1861502537024473,10.4817615,5.097793000000001,3.920277962774456,19.484831372045146,10071.0,10.673641881113022,218,baseline,0
1375.7297513232797,750.0,4443.98518441001,3.230274826967617,0.0,0.0,21.682424917132646,880.0813459947385,2.4778787576151005,1.0,9.948756903321307,4.015029739750766,0.0,0.0,10.965436948604161,175.21107769368427,8.512832356988808,7.703449,6.700769934521589,0.787137541716117,8.8353,4.704449,1.1222031712087193,0.9272588314257098,745.0967741935484,750.0,59.296605374582896,0.07958242127509177,0.0,0.0,-12.010696799388342,142.25683760683745,11.740447170478376,8.899,14.135583955667778,1.2040072878324455,11.504389999999999,5.899999999999999,4.01626107854697,20.317953255295183,10013.0,10.69560758891368,219,baseline,0
1399.6870425729305,750.0,4549.383604590796,3.2502862898752243,0.0,0.0,21.39383681955482,857.3971678112077,2.5373672817235335,1.0,10.200564229642854,4.02013705430694,0.0,0.0,10.795456804525733,169.7632734166554,8.565118703369645,7.354054,6.689416749987719,0.7810068933844434,8.899999999999999,4.355053999999999,1.1200228604701963,0.8454871972806979,744.9390784455211,750.0,60.23597293439519,0.08086026720479045,0.0,0.0,-11.818156530257594,137.66882377367023,11.900745165343778,8.999,14.39082072109224,1.20923694450662,11.100000000000001,5.602188999999999,4.042116776417506,20.307795340656995,9701.0,10.644213471938285,220,baseline,0
1434.575819893928,750.0,4697.1027641922665,3.2742101874682152,0.0,0.0,20.95210208135929,821.3654818640356,2.6246347007251867,1.0,10.546472406395766,4.018262961882572,0.0,0.0,10.540271799218665,161.68345967748166,8.62827565008329,6.999,6.5922726115124455,0.7640312941843495,8.347737166666665,4.000000000000001,1.080686329680047,0.6400047617688327,744.6860049788938,750.0,61.71276903651561,0.08287085915931064,0.0,0.0,-11.527144561231195,130.87506173552194,12.121719420824764,8.899,14.668651051974194,1.2101130658719814,11.638330999999999,4.999999999999999,4.084163270364083,20.375531444619504,9239.0,10.57523268229453,221,baseline,0
1442.2714584020223,750.0,4754.724634726117,3.2966919001462855,0.0,0.0,21.01558694605966,823.3021788450111,2.6531486976590832,1.0,10.714179425490387,4.038288330745911,0.0,0.0,10.49406401272743,159.9729932116906,9.01504107761245,7.216201666666667,6.831764029661532,0.7578184026944956,8.0,4.217201666666666,1.0982951713030396,0.6712591123724185,744.6042422244203,750.0,62.18217519511392,0.08351036922560602,0.0,0.0,-11.437497678671185,128.81635314960877,12.64121632509067,8.999,14.885814705572477,1.1775618993266224,11.3562545,5.0,3.9937642817917327,19.66496930356061,9099.0,10.538774866137407,222,baseline,0
1415.2441885263383,750.0,4709.132828998617,3.3274348463512364,0.0,0.0,21.61155245845625,862.841077263277,2.602473875026658,1.0,10.646904791465277,4.091070766793467,0.0,0.0,10.704752958254366,165.81684518740963,8.743701202572685,6.899,6.91899420053087,0.7913118301086356,9.14216275,4.1000000000000005,1.103649201678805,0.6829959884012404,744.764768607379,750.0,61.25707647070744,0.08225023397018477,0.0,0.0,-11.615466787008755,132.91906868010352,12.241427785348689,8.5929675,14.828709820676103,1.2113545969224306,10.921653749999999,5.045285499999999,4.0052574145585735,20.01007949799976,9378.0,10.5884029172713,223,baseline,0
1402.429416737109,750.0,4727.32878245854,3.3708140502765116,0.0,0.0,21.786506169104744,874.1650944566554,2.5859044801352495,1.0,10.700635935834923,4.138063110233388,0.0,0.0,10.766892541044024,167.45384386380795,8.515583706837601,6.999,6.864914651034985,0.8061590241339288,9.0,4.1,1.1481592245330385,0.7763646585038417,744.8123415046492,750.0,60.98014130008963,0.08187316173749114,0.0,0.0,-11.66977753474395,134.18370771041486,11.888795786031276,7.999,14.82800553217325,1.2472251857160668,10.899999999999999,5.1,4.125472601997798,21.03537583493817,9464.0,10.635587735935038,224,baseline,0
1408.977588953797,750.0,4756.070561348059,3.3755473462708276,0.0,0.0,21.989241593984143,887.8037050273042,2.6054168879447688,1.0,10.810613791599046,4.149283687236243,0.0,0.0,10.778018089514465,167.55547309109144,8.550388953992785,6.999,6.826512802936828,0.7983862301081688,8.899999999999999,3.9999999999999996,1.152345733567607,0.8074107100225616,744.7853425385024,750.0,61.137468337841085,0.08208736779037851,0.0,0.0,-11.638864094681162,133.4631574144583,11.980378132023366,7.999,14.91834421986316,1.2452314989947317,11.100000000000001,5.0,4.146589619654729,21.193307431171135,9415.0,10.621026260596484,225,baseline,0
1410.4585729499468,750.0,4790.053195430815,3.3960963386627596,0.0,0.0,22.153644675039857,897.0106658210481,2.6164004259850904,1.0,10.916598700701682,4.172373078784956,0.0,0.0,10.793954605125238,167.7100523587238,8.669601677097775,7.4411570000000005,6.780075136022055,0.7820515161535938,8.73236,4.339101250000001,1.17515121983577,0.9047780135188148,744.771458998935,750.0,61.218207763451275,0.08219730633305433,0.0,0.0,-11.623060262516827,133.09552986609793,12.127934895633652,8.7842705,14.949776415809845,1.2326728783143555,11.0,5.214729500000001,4.195652922099213,21.645258100229686,9390.0,10.626256453624661,226,baseline,0
1383.6987618950168,750.0,4721.709091875733,3.4123822481485866,0.0,0.0,22.82503788156862,946.6857453281295,2.558682083290699,1.0,10.793389045684414,4.2183392443203145,0.0,0.0,11.052075280434565,175.36180768373956,8.477544106260689,6.999,6.727517727342605,0.793569180297666,7.681992000000001,3.9999999999999996,1.1730132634429928,0.9659649352130395,744.9763634503223,750.0,60.015236937664675,0.08055992093454749,0.0,0.0,-11.862866219125658,138.72759493287262,11.830652251816227,8.899,14.798720907578769,1.2508795451499208,10.717189,4.999999999999999,4.271806751538569,22.68632084388952,9773.0,10.676170896591596,227,baseline,0
1397.4842968167784,750.0,4840.427083433946,3.4636718956052537,0.0,0.0,22.62019046269807,924.2665204533668,2.613009688065581,1.0,11.096492714395971,4.24663282538793,0.0,0.0,10.868538185912483,169.19583618301726,8.727859659679277,6.999,6.587777683808881,0.7547987640363779,7.999999999999999,4.000000000000001,1.1425962454289558,0.8943173396887931,744.7731289257958,750.0,61.20850214103493,0.08218409038107674,0.0,0.0,-11.624957856541993,133.13964516637748,12.135248877887788,8.999,14.915146174323603,1.2290762492313774,10.159497,5.0,4.374887793229648,23.356750368331245,9393.0,10.650230301618667,228,baseline,0
1410.5071095191577,750.0,4901.1127696525655,3.474716813957327,0.0,0.0,22.77108372499239,935.8319055282005,2.652230543796809,1.0,11.284436887359139,4.254696830089615,0.0,0.0,10.818931039572805,167.9440458614007,8.914758232786795,6.999,6.677833206839786,0.7490761984189294,8.100000000000001,4.000000000000001,1.0866574204478552,0.7284196325350538,744.6710083577553,750.0,61.79914088219615,0.08298851464418307,0.0,0.0,-11.51054863483455,130.49272987489147,12.379905555627914,8.999,15.103904727085485,1.2200339218435508,10.0,4.899999999999999,4.358388873608913,23.130907751845317,9213.0,10.613336225411315,229,baseline,0
1385.1518771331057,750.0,4826.205360676023,3.484242732042481,0.0,0.0,23.88442210069648,1012.2286356454265,2.612094709897611,1.0,11.234869368391358,4.301095716713788,0.0,0.0,11.052126938113817,174.28881825388316,8.606805053695545,6.999,6.919488068668763,0.8039554777295332,9.333399625,4.30477975,1.0742183226208741,0.6417246916215853,744.7636518771332,750.0,61.26356178876678,0.08225906518713093,0.0,0.0,-11.61420072518101,132.88965848479498,11.966436232935154,7.999,15.042158685371163,1.25702910980052,10.793023,5.000000000000001,4.31324131388095,23.29049023213966,9376.0,10.636909998309967,230,baseline,0
1373.578748027354,750.0,4792.7998459694945,3.4892792661888565,0.0,0.0,24.501495876236596,1060.2778973872767,2.5932667017359283,1.0,11.23003960306781,4.330460725674857,0.0,0.0,11.189859828433006,178.36370497479757,8.449664854291974,6.999,7.001051685559554,0.8285596892051165,10.429616500000002,5.0,1.0791319243579502,0.6124130625920401,744.8347185691741,750.0,60.84942942046911,0.0816952109017699,0.0,0.0,-11.695581107601145,134.78661744447703,11.728529817885324,7.999,15.030907991098871,1.2815679564694984,11.899999999999999,6.0,4.35846287783691,23.950751253247066,9505.0,10.616427548496189,231,baseline,0
1388.1167347794194,750.0,4832.42900960457,3.4812843102655004,0.0,0.0,24.459678467216392,1057.6749904434441,2.6165775961437703,1.0,11.314421925153628,4.324130093381701,0.0,0.0,11.198813905076275,178.61215147473686,8.36242819165905,6.721643,7.251088843416677,0.867103271589123,9.812230870370371,4.722643,1.1355816332556163,0.6711544355101173,744.855286597506,750.0,60.729029307299555,0.08153131272613953,0.0,0.0,-11.719445894542982,135.34541207512035,11.738309285863982,7.999,15.31529193587898,1.3047272450320104,12.3134445,6.0,4.250468921757912,23.007568585611754,9543.0,10.574489537925036,232,baseline,0
1388.790178100959,750.0,4871.422470447155,3.507673475274984,0.0,0.0,24.57156810384883,1064.7077602416402,2.6288333860259248,1.0,11.436393677477694,4.350368394691755,0.0,0.0,11.189592524402794,178.1058659749442,7.994895216253056,5.899,7.021886362588638,0.8782962343663542,8.702219,3.9,1.2129406387428698,0.8399238680575682,744.8260090631258,750.0,60.900338867763026,0.08176451698345778,0.0,0.0,-11.685518198371751,134.55133556447745,11.326878430603859,6.999,15.338030176362427,1.354126847068555,12.0,5.0,4.417078807255431,24.368901723203514,9489.0,10.610363750704277,233,baseline,0
1349.2897795591182,750.0,4777.458690693024,3.540721024548236,0.0,0.0,25.545825006633347,1144.1725919875857,2.5445891783567136,1.0,11.246193556959808,4.4196499979704225,0.0,0.0,11.534837663649837,189.1873520804481,7.693663598851775,4.999,6.831807908657415,0.8879785060627051,8.440925,3.3918325833333336,1.2639192892627555,0.959464424824044,745.0805611222445,750.0,59.393888497618214,0.07971472025542957,0.0,0.0,-11.990478149499307,141.77156625362022,10.796416541082165,5.999,14.960288950257283,1.3856717081386116,11.313379999999999,4.000000000000001,4.619793784511011,26.660600169735698,9980.0,10.721518434731582,234,baseline,0
1347.0054256683436,750.0,4789.822214989676,3.5559041735953736,0.0,0.0,25.6395023356377,1153.1815292005158,2.5365492749334124,1.0,11.265451539614448,4.441250816982524,0.0,0.0,11.611360247937982,191.60347948582066,7.88004682835278,5.608315666666667,6.780450592565753,0.8604581597369919,8.0,3.609315666666667,1.314122440405588,1.103070758619805,745.156752490875,750.0,58.9352836181654,0.07909112199702854,0.0,0.0,-12.086367643477265,144.08028281329416,10.954472145901153,5.999,14.871056966758285,1.3575329571970844,11.611267999999999,3.9999999999999996,4.7161138229177295,27.723536760619048,10137.0,10.73639002576562,235,baseline,0
1355.9562667726866,750.0,4854.273703452327,3.579963323600392,0.0,0.0,25.515559476323716,1140.1926411806087,2.5606798528973265,1.0,11.410965719395548,4.456225055422063,0.0,0.0,11.563831589485504,189.85693002658854,8.02835887881731,5.999,6.710658439606225,0.8358692655496736,8.0,3.0999999999999996,1.3455093910875688,1.2055750770740268,745.1201669814134,750.0,59.15595210230543,0.0793911569216473,0.0,0.0,-12.040045145940086,142.96268711627536,11.155155262299969,6.899,14.954376415390302,1.3405798542249074,10.0,3.9,4.781327859658326,28.241354151939635,10061.0,10.715834654200581,236,baseline,0
1371.464817252202,750.0,4945.261728762569,3.605824711326279,0.0,0.0,25.243449144518955,1114.975698130258,2.6021059026020046,1.0,11.619260578075158,4.4653296264599955,0.0,0.0,11.450186288210427,186.0017031306167,8.37145300297671,5.999,6.599002225069224,0.7882744157702086,7.0,2.9999999999999996,1.3278791511846206,1.20483883845933,745.0292598967297,750.0,59.70063732814618,0.08013193647779877,0.0,0.0,-11.92715106003995,140.25693240901228,11.587890215348787,6.999,15.04234678049908,1.298109189934737,10.265404,3.9999999999999996,4.848714756833284,28.72613865638824,9877.0,10.679491388047682,237,baseline,0
1382.5641287685232,750.0,4995.472075717704,3.613193754829491,0.0,0.0,25.255182485816427,1115.0749638588477,2.630965763924374,1.0,11.762851797466032,4.470925452074469,0.0,0.0,11.410609014089045,184.6100523513458,8.583240086279618,6.999,6.5476945924361285,0.7628464923057056,7.274573,3.0999999999999996,1.3055717720311737,1.2587470990148564,744.9825242718447,750.0,59.97868298858792,0.08051018786945618,0.0,0.0,-11.870301464924701,138.90405686819352,11.872259808277974,7.999,15.13217317342191,1.274582380927256,9.0,3.9999999999999996,4.884560838387903,29.017139729390188,9785.0,10.639135426674223,238,baseline,0
1395.9493644509273,750.0,5075.060186703747,3.6355618018422424,0.0,0.0,25.16484945698631,1102.9494294811032,2.671077307772453,1.0,11.969314586526998,4.481081304422753,0.0,0.0,11.319861184624608,181.42811181159803,9.032228153820677,7.899,6.570889944233327,0.7274937958087129,6.3399275,3.1000000000000005,1.2554013445638728,1.2178212067967422,744.8847676599291,750.0,60.55602486655021,0.08129582922844322,0.0,0.0,-11.753901232592685,136.15419418554393,12.43248296030423,8.324715,15.262134626269106,1.2276014915926041,9.0,3.7590324999999996,4.880948881417935,28.88217074715157,9598.0,10.615224939575391,239,baseline,0
1399.1039295683918,750.0,5143.658889660136,3.6763951418869207,0.0,0.0,25.384013190805966,1110.6757957189548,2.7071075799871163,1.0,12.214983342896241,4.512189849120948,0.0,0.0,11.226376074914642,177.8487883848231,9.412853954331146,7.999,6.4166974132087375,0.6816952057623519,6.000000000000001,3.000000000000001,1.1862319875681253,1.1307990690401368,744.728795361821,750.0,61.46563389755074,0.08253425177105998,0.0,0.0,-11.574884136222854,131.97794276698357,12.862989374060554,8.999,15.1876832146439,1.1807273389552286,8.779810000000001,3.5600710000000007,4.992595199674366,30.004859686672376,9314.0,10.589707687106948,240,baseline,0
1424.6845310596834,750.0,5291.820556788731,3.7143805813997735,0.0,0.0,24.869531036243472,1066.5445403380988,2.7621525855387,1.0,12.464859713946945,4.512733937729198,0.0,0.0,11.114372037002237,174.8768367561494,9.660004216834116,8.999,6.5236416760474,0.6753249304673078,7.000000000000001,3.2137124999999997,1.0874510733051101,0.9574661697140971,744.6435610674343,750.0,61.95690011027072,0.08320343228571872,0.0,0.0,-11.48035361467281,129.7985191179311,13.189117131657623,9.999,15.377739814970763,1.1659415608691368,8.412359,4.000000000000001,4.990703851642916,29.92852343230738,9031.0,10.556756886158034,241,baseline,0
1454.2173713235295,750.0,5436.452736504048,3.738404480449961,0.0,0.0,24.372016535826877,1024.4227400942661,2.8415670955882355,1.0,12.801360477737362,4.505035442454453,0.0,0.0,10.899730927448593,168.11211360853096,9.989742661165305,8.999,6.703882556107295,0.6710766016194141,7.713287625,3.8999999999999986,0.9890999846631611,0.7725878388893448,744.359375,750.0,63.56661544875089,0.08539774950607815,0.0,0.0,-11.180692018643033,123.00787401574809,13.703288940602024,10.899,15.737574512356817,1.148452359179797,8.56647375,4.0,4.890782362260327,28.752730666653164,8704.0,10.481429791862233,242,baseline,0
1393.7700738622825,750.0,4371.392423889784,3.1363798849376923,0.0,0.0,12.538612116366007,191.68710673444303,1.8585894686680962,1.0,5.828490917340257,3.1359754349178974,0.0,0.0,12.538706024855985,191.6894495226375,10.132223649034131,9.999,6.791624449805828,0.6702995003918265,8.0,4.0,0.919418048710994,0.6137720713590915,749.9139861806052,750.0,7.880011372195023,0.01050788692757791,0.0,0.0,-91.6024023655872,8389.000119146918,12.93292497807958,10.999,12.566449380395749,0.9716633632140462,8.363482750000001,4.1000000000000005,4.9557150915905535,35.63607863328263,8394.0,10.45520522691086,243,baseline,0
1319.6059372755567,750.0,3974.054242782867,3.0115461976381024,0.0,0.0,13.784768548053638,237.72188318744824,1.76765621259277,1.0,5.29690669900874,2.996570634761225,0.0,0.0,13.794702072099518,237.96980474741838,10.044094009131582,9.589938499999999,6.988323257611608,0.6957644214857187,9.178485583333334,4.409061500000002,0.8639053692569993,0.43987709457308455,744.1230548240364,750.0,64.87384628989132,0.08718161044644976,0.0,0.0,-10.94811160840241,117.86114779003566,12.689097037945894,10.999,12.033242771016686,0.9483135588790976,9.0,4.899999999999999,4.685963306393449,34.649693578319216,8354.0,10.434449829272312,244,baseline,0
1311.5179873602333,750.0,3909.399565048947,2.980820394936113,0.0,0.0,14.055982802125135,248.85396019529568,1.76507049100632,1.0,5.210457507309532,2.9519826736998436,0.0,0.0,14.063646924839913,249.0784554064166,10.053545378720088,9.299777,7.047479422005677,0.7009944409186014,10.0,4.760982560606061,0.8379303082246337,0.34093220615941,744.0330578512396,750.0,65.36457628408759,0.08785170980555604,0.0,0.0,-10.863164057185791,116.00833333333334,12.699794065994164,11.999,11.964224558713772,0.9420802019735105,10.562411,5.000000000000001,4.6330002604083385,34.50278380678231,8228.0,10.42387407918368,245,baseline,0
1270.1847478474785,750.0,3485.6586986757916,2.7442139457136223,0.0,0.0,13.841479222308843,240.92710076595841,1.7183271832718328,1.0,4.647116436525335,2.704442135214815,0.0,0.0,13.82998285881121,240.72237331409218,9.924208584701201,8.899,6.991621882386154,0.704501706379306,10.508485499999999,5.100000000000001,0.7813066095347543,0.17275987112055713,743.9611316113161,750.0,65.7540496487777,0.08838371637287501,0.0,0.0,-10.79663179704748,114.56725816101678,12.523233987699875,11.570914,11.608608343687399,0.9269656987236039,11.0,5.5719140000000005,4.524548793143144,34.44288989807679,8130.0,10.41481691517856,246,baseline,0
1228.930254930255,750.0,3254.4486064506173,2.6481963426275286,0.0,0.0,14.878142065980496,285.4413952110213,1.6707551707551707,1.0,4.342986911372519,2.5994155142488746,0.0,0.0,14.819794280468694,284.0155149704496,9.224146570101771,7.90657675,7.043696838323494,0.7636150168248876,10.863716750000002,5.24391995,0.8183029607178913,0.09563053541915068,744.0962000962,750.0,65.02067884326817,0.08738208693292884,0.0,0.0,-10.92256206528254,117.30236206994927,11.699002806758054,10.395018499999999,11.415247959900292,0.9757453817607559,12.0,6.236496499999999,4.326674926163255,33.181673917529835,8316.0,10.485315530732354,247,baseline,0
1217.4085095917364,750.0,3157.4869655932366,2.593613352228098,0.0,0.0,15.21167585590626,302.7140656544493,1.6642892277422527,1.0,4.220169020396605,2.535718521786995,0.0,0.0,15.07828962493401,299.19088530142847,9.321029745839411,7.542550666666667,7.03178423740299,0.7543999353227832,11.39376925,5.396216416666667,0.8166475343703925,0.013688199828058245,743.9626168224299,750.0,65.74603150436383,0.08837276231052371,0.0,0.0,-10.797993694839805,114.59666783380023,11.766091164412199,9.999,11.193069282841458,0.9512988745740891,12.744318999999999,6.0,4.264667954752414,33.041455503137335,8132.0,10.474303011274827,248,baseline,0
1206.6572393943186,750.0,3086.0519368034898,2.557521586123772,0.0,0.0,16.083357966773296,340.4521168640404,1.6589913652859467,1.0,4.1340289553448475,2.4918929910357304,0.0,0.0,15.835525151632098,333.3328195306315,9.23971738010546,7.2654285,7.104990711740132,0.7689619086226895,11.393690999999999,4.6335714999999995,0.8420928380672571,-0.008576481265623048,743.8560880991115,750.0,66.31860024906752,0.08915514883872432,0.0,0.0,-10.701555423860171,112.52328848995111,11.667046403829309,9.899,10.987074167818482,0.9417185624814479,12.999999999999998,6.5269439999999985,4.030388187254391,31.025743337639078,7991.0,10.425913509322081,249,baseline,0
1201.4927427427428,750.0,3113.1921125393087,2.5911035512645526,0.0,0.0,16.16701719507492,339.6436499140791,1.6604104104104105,1.0,4.180702393645829,2.5178729110789346,0.0,0.0,15.804081097668607,329.13394881866725,9.0404184058588,6.999,7.1040885874841235,0.785814136974036,10.899999999999999,5.0,0.8566117738307998,-0.08137589330214601,743.8568568568569,750.0,66.31448666522424,0.08914952662456317,0.0,0.0,-10.702242442086074,112.5379932891885,11.421227300300302,8.999,10.932425900335227,0.9572023752690552,12.999999999999998,6.1000000000000005,4.011205204625294,31.020026452728715,7992.0,10.455686712771897,250,baseline,0
1203.3084303441217,750.0,3113.13668839011,2.587147741913365,0.0,0.0,16.78612172040596,367.9731399455949,1.6726365613406677,1.0,4.194169167219937,2.5075197231478583,0.0,0.0,16.2589308663781,351.88818008066363,8.964288673840018,6.999,7.070963499909986,0.7887924806063846,10.370675,4.510413999999999,0.8972875960313658,-0.04851068085521293,743.7193296661123,750.0,67.04623152142057,0.0901499111923318,0.0,0.0,-10.581335344784689,109.96465767878968,11.370756058334399,8.801755,10.850555289879251,0.954250995642998,13.251775,5.802754999999999,3.954243134359965,30.452890824555126,7817.0,10.388746885010118,251,baseline,0
1221.2866613630338,750.0,3115.5344494367105,2.5510263462302745,0.0,0.0,16.978532532060164,376.8945735670074,1.7079024131530098,1.0,4.2139718642239385,2.4673376135375316,0.0,0.0,16.264159059755027,354.627126369093,8.862170547758065,6.650456,7.362328750705877,0.8307590912441178,10.510276499999998,4.651456,0.9537636199592083,0.009345233912959827,743.4903208697958,750.0,68.2467025549895,0.09179232148597297,0.0,0.0,-10.388496662799696,105.92086291300036,11.420406228851762,8.997174999999999,11.085695990655811,0.9706919148505978,14.226338750000004,6.351269500000002,3.592816197519199,26.344996021054122,7542.0,10.259702202961982,252,baseline,0
1198.8742736397253,750.0,3000.3712769971385,2.5026571534379114,0.0,0.0,18.127312006558583,429.7066132917706,1.6864764923402007,1.0,4.081313231770969,2.420023789425981,0.0,0.0,17.09750946238268,395.1770154563147,8.380963522326171,5.999,7.296545467046579,0.8706093813210385,9.654830375,3.9999999999999996,1.0612634266256311,0.1824733914201513,743.5161119915479,750.0,68.11260043777754,0.091608775303247,0.0,0.0,-10.40970715294908,106.36200301015928,10.887160559957739,7.4139985,10.863929715766796,0.9978662164424777,14.234203500000001,5.414998499999999,3.3701304395664113,23.914834264203755,7572.0,10.272324717165299,253,baseline,0
1205.051169004676,750.0,3037.77306106431,2.5208664488275536,0.0,0.0,17.994135412356272,421.7249714361629,1.7046092184368737,1.0,4.151375672095969,2.4353826244720063,0.0,0.0,16.76255111538738,380.6039453438678,8.536853243442222,5.999,7.372997735194453,0.8636669185871491,9.297692,3.9999999999999996,1.1017558576594628,0.2720450261364151,743.4407481629927,750.0,68.50369363514656,0.09214412016615445,0.0,0.0,-10.348076997154601,105.08269753904005,11.108528780093522,7.999,10.953194071984273,0.9860166263972229,14.579399999999998,5.803368,3.3703573278768086,23.97353476598325,7485.0,10.241620332310402,254,baseline,0
1171.2432432432433,750.0,2950.5174734607617,2.519132973002773,0.0,0.0,19.079741542348867,473.2433156036743,1.6620993086109366,1.0,4.054960614681479,2.4396620548926915,0.0,0.0,17.51532020936928,417.67409149357786,8.19270819278066,5.999,7.382994614114876,0.9011665545003426,9.340447999999999,3.9999999999999996,1.195115495286134,0.5009511331112848,743.8282840980515,750.0,66.46720096432844,0.08935825967538326,0.0,0.0,-10.676793334158315,111.9939159003275,10.584540261345067,6.999,10.792948327422598,1.0196898552919338,13.999999999999998,5.0,3.2875575517239746,23.08998376440566,7955.0,10.369238530067483,255,baseline,0
1141.8599112771421,750.0,2879.9370187270424,2.5221456592743534,0.0,0.0,20.254748534505644,534.3354514967717,1.6235115573196357,1.0,3.9790019828346153,2.4508615075114197,0.0,0.0,18.34469855932998,461.9023862730226,7.987728034021345,5.6359055,7.325243669620571,0.9170622282607621,8.578951,3.6369054999999997,1.293957164647172,0.7967116962424554,744.2685033854775,750.0,64.07254093793208,0.08608793821918205,0.0,0.0,-11.089571232382712,120.97859011809021,10.215806818701845,6.999,10.598726865540714,1.037483093957676,12.398288249999998,5.0,3.294825229567009,23.245065894591068,8566.0,10.50416042734223,256,baseline,0
1118.8289114532154,750.0,2799.9351481833587,2.502558809055624,0.0,0.0,21.48378960794451,599.6341689407352,1.5935145758270552,1.0,3.891918648149967,2.442348948160709,0.0,0.0,19.1628488717815,506.2229377517381,7.6454512874825085,4.999,7.134963518090079,0.9332298709131501,8.0,3.0,1.3951035707867474,1.160765052131005,744.6395894748335,750.0,61.97969343399415,0.08323448593124912,0.0,0.0,-11.476003502778708,129.69865639578921,9.740655887760672,5.999,10.312865296991223,1.0587444434773168,11.0,3.9999999999999996,3.2967741955366328,23.267355278147864,9159.0,10.616529971514552,257,baseline,0
1116.026943884587,750.0,2780.627710905391,2.491541737537967,0.0,0.0,21.81783052552289,615.71394875314,1.5939323220536756,1.0,3.8882170702856205,2.4393865514163813,0.0,0.0,19.175681330790976,507.72414432172195,7.557351394724501,4.999,7.221261429492047,0.9555280748931345,7.899999999999999,3.0,1.4806294034723906,1.4180156783168414,744.7919804815954,750.0,61.09882670709828,0.08203475374102541,0.0,0.0,-11.646442318351761,133.63961867469484,9.648800561578446,5.999,10.367887200534698,1.07452601329741,10.95,3.9999999999999996,3.2040518856198856,21.910587403635425,9427.0,10.648351641149361,258,baseline,0
1124.4136210823121,750.0,2858.6935588678525,2.5423860982012982,0.0,0.0,21.637192622142738,605.109342387739,1.6146838737664029,1.0,4.018015657191909,2.4884224847180194,0.0,0.0,18.776006135782495,488.89006851048424,7.813286689956346,4.999,7.127115025856598,0.9121788702593246,7.0,2.9999999999999996,1.5391363402638016,1.625225846035561,744.6756317102266,750.0,61.77252631656901,0.08295225959617054,0.0,0.0,-11.51565762058933,130.61037043463725,9.95215588135777,5.999,10.346147548730745,1.0395885747841827,10.647001,3.9999999999999996,3.3477085190200917,23.35778978415353,9221.0,10.615390579711134,259,baseline,0
1132.0013357079251,750.0,2918.953915195734,2.578578154565775,0.0,0.0,21.320791541965114,587.2858807584009,1.635240427426536,1.0,4.127957841296739,2.524373646872909,0.0,0.0,18.228307582145238,463.11913587699644,8.136116827327498,5.999,6.965217617516035,0.8560862344209881,7.0,2.9999999999999996,1.5544170397240744,1.7882284217406346,744.5351736420303,750.0,62.57587636886423,0.08404690414122795,0.0,0.0,-11.36333022477439,127.12527379727115,10.268678694011577,6.318159,10.200364450185765,0.9933473189821733,9.40500775,3.3191589999999995,3.5914353409579833,26.268467856829265,8984.0,10.568416503792593,260,baseline,0
1138.8127897301795,750.0,2852.1987177462497,2.5045369559135575,0.0,0.0,21.334794567144353,600.5253027401908,1.6607631047188873,1.0,4.092590242006352,2.4642829735184257,0.0,0.0,17.607955135696805,447.217545654194,8.354053786121451,6.685159,6.796314129975199,0.8135348782726157,6.0,3.0000879999999994,1.5022704471083521,1.7808579722445073,744.1642695827885,750.0,64.64782758704509,0.08687306046457931,0.0,0.0,-10.987662937461504,118.72873682726534,10.517850424581004,6.999,9.899646672670112,0.9412233748384458,9.727841,3.30455,3.534935063448503,25.789602142599502,8413.0,10.4872884490242,261,baseline,0
1130.1048803378696,750.0,2855.7691612548306,2.526994804589319,0.0,0.0,21.60611571167406,615.6311875777998,1.655091506335054,1.0,4.128166759763112,2.494222672258348,0.0,0.0,17.529524434191874,445.5100183250803,8.195144921128366,6.999,6.4634709662024985,0.7886951394280606,6.1000000000000005,3.072828833333333,1.4448610367125707,1.8632254004716584,744.2402627874237,750.0,64.22893191329061,0.08630133993655786,0.0,0.0,-11.061689871069314,120.36098280371748,10.242164980525576,7.999,9.53014344883357,0.9304813451993947,8.0,3.8636299999999997,3.7708647039756764,29.35702986108261,8524.0,10.568020589052912,262,baseline,0
1133.607548071181,750.0,2911.091442919054,2.5679887610771814,0.0,0.0,21.451961038844395,600.2096529675512,1.6703690433536367,1.0,4.2376018717842845,2.5369255307056924,0.0,0.0,17.13019167713529,422.74289107535094,8.293414212535003,6.999,6.573595681085869,0.7926284052170298,7.05627,3.5284696666666666,1.3874382240761987,1.705511200988572,744.1363907798877,750.0,64.80080203079952,0.08708188825826059,0.0,0.0,-10.96086405261135,118.14054077982786,10.340269958198972,7.999,9.522441290289994,0.9209083833192857,8.512443000000001,4.000000000000001,3.6409474112026543,28.13526377890676,8373.0,10.51974365922104,263,baseline,0
1124.3788503516857,750.0,2714.6716337571693,2.414374508118921,0.0,0.0,22.51475657239581,693.4476664220244,1.6685665777346592,1.0,4.045628555855209,2.424613203836184,0.0,0.0,17.034803480840793,446.01219554758853,8.652385921187973,7.7917889166666665,6.576237750876727,0.7600490559225783,6.813352,3.7927889166666664,1.3572846090691058,1.6863832870211644,744.0460829493088,750.0,65.29378976864926,0.08775503462074898,0.0,0.0,-10.87534003485838,116.27302087379343,10.722817683967984,8.999,9.322255283707193,0.8693848537260114,8.74021225,4.359235,3.415415798441789,25.476579910855012,8246.0,10.479630685600824,264,baseline,0
1138.700544015826,750.0,2781.8381174879146,2.4429935790469353,0.0,0.0,22.29142654932249,683.4603577584011,1.6991839762611276,1.0,4.17488479283116,2.4569939754361076,0.0,0.0,16.615123528456287,427.9461398469785,8.506334773974775,7.7445889999999995,6.608898555073917,0.7769384500706362,7.232948222222222,3.7455889999999994,1.2907901642386348,1.4965477593854688,743.9297725024728,750.0,65.92311120800431,0.08861469676935828,0.0,0.0,-10.767992165375155,113.94965527358077,10.612913705365974,8.8125,9.439179248233504,0.8894050691716243,9.798658249999999,4.8134999999999994,3.444261912008105,25.98914124072222,8088.0,10.46456885247658,265,baseline,0
1142.4372348390316,750.0,2828.412159258533,2.4757702856709267,0.0,0.0,22.361513276118124,687.5555554421742,1.7141252807586724,1.0,4.2774103390558755,2.4953895652030127,0.0,0.0,16.394520041940247,418.121907022249,8.6409033826909,7.80212925,6.65132285455211,0.7697485505827742,8.263398375000001,4.19687075,1.1886414675279304,1.2517597188151095,743.8737209882705,750.0,66.22418102127894,0.08902610638442378,0.0,0.0,-10.717345704109007,112.86149894138379,10.77872495183429,8.999,9.416393682527183,0.8736092371412381,10.29171575,5.0,3.323752786135589,25.009154507890802,8014.0,10.447992077610515,266,baseline,0
1147.5454663044884,750.0,2534.241741394195,2.2084020335641865,0.0,0.0,17.10048732362907,342.6873878119728,1.7365153279006598,1.0,4.00481991526911,2.3062393121002223,0.0,0.0,11.855874612746923,180.710426401291,8.730336623859602,7.37203075,6.650231078384696,0.7617382198310573,8.69463,4.37303075,1.1208802654316263,1.0333644462527571,743.6494632001035,750.0,67.41482219718782,0.09065403195086773,0.0,0.0,-10.52140913945472,108.70005027980136,10.961302386107878,9.5784,9.443793525642581,0.8615576135926553,10.03185,5.144375,3.257685652285545,24.284777712363883,7731.0,10.374018896349844,267,baseline,0
1170.621595465229,750.0,2640.3872459730583,2.2555429151498907,0.0,0.0,16.59697635669624,321.3567190267567,1.7906815982303332,1.0,4.214802969648776,2.3537422698787522,0.0,0.0,11.317878935609592,163.72047092817724,8.875370690662225,7.607332,6.566041743933919,0.7398047893190591,9.375207583333335,4.608332000000001,1.020461629419097,0.6734462776356165,743.2122217613714,750.0,69.67569127660653,0.0937493884471908,0.0,0.0,-10.167454825964462,101.37713763802803,11.243300184294208,9.493098,9.509675915833702,0.8458082377910526,10.352217,5.019171,3.4079658898406904,26.09358867098581,7233.0,10.27525122761833,268,baseline,0
1177.3926330150068,750.0,2668.1187332834306,2.2661248749714433,0.0,0.0,16.573872733075138,320.78489418049867,1.8057298772169168,1.0,4.291038273012484,2.376345613567657,0.0,0.0,11.194172406102751,159.74122583245997,8.667907679824168,7.6444399999999995,6.761102222196599,0.7800154860825365,9.653721749999999,4.645439999999999,0.9626975982727629,0.44366314683824415,743.3020463847204,750.0,69.21748281756196,0.0931216093837258,0.0,0.0,-10.237357152052525,102.80348145868106,11.057244475443383,8.999,9.749558223605195,0.8817348884034916,11.0,5.353470499999999,3.256707824474722,24.516829410896698,7330.0,10.256817420773617,269,baseline,0
1189.84059365123,750.0,2714.6235502414906,2.2815018790972688,0.0,0.0,16.419176875966805,315.23901918686414,1.833173010856122,1.0,4.401729144711474,2.401153147381214,0.0,0.0,10.971458170966782,153.06521196317922,8.740780678694144,6.999,6.9704376320120796,0.7974616785663875,10.0,4.759465,1.0117444691840847,0.4730922997697409,743.2532637075718,750.0,69.46671974790223,0.09346305376633161,0.0,0.0,-10.199222447617299,102.02413853598043,11.2025827039989,8.999,9.962136480827857,0.8892714067865574,12.0,5.899999999999999,3.161647456091722,23.308937748846024,7277.0,10.197704124457818,270,baseline,0
1243.2651766837814,750.0,2886.4905673292683,2.321701453127271,0.0,0.0,15.605547946415628,284.7957753536494,1.938840229537904,1.0,4.713030804234957,2.4308505324124843,0.0,0.0,10.323206207039824,135.08182925300883,8.978825053232395,6.999,7.130682229753741,0.7941665181667261,10.214270749999999,4.20611625,1.0111236038317148,0.3739113457496259,742.5859257022048,750.0,72.7873144532406,0.0980187099350306,0.0,0.0,-9.71559201924815,92.39272828447828,11.717801867411657,9.899,10.28824813647494,0.8780015443926864,12.692082249999999,6.313929999999999,3.166446976027969,22.901927085342127,6622.0,9.895683451230727,271,baseline,0
1243.8054943440575,750.0,2890.5210964413163,2.3239333718859982,0.0,0.0,15.700841389990977,289.0509959631476,1.9416776847363009,1.0,4.755114402192696,2.448972061415274,0.0,0.0,10.302778252988682,134.26060498948678,8.424246815521537,6.911494,7.119234866564721,0.8450885904064026,9.488895499999998,4.7734689999999995,1.0278327471672903,0.29022136787823394,742.7874247098575,750.0,71.80151890570916,0.09666496297208554,0.0,0.0,-9.854594445960306,95.11303169435165,11.154983379462319,7.999,10.455029684032313,0.9372519284323896,13.005567499999998,6.0,3.1306299752034783,22.375363400080353,6807.0,9.918736814513089,272,baseline,0
1232.990198823859,750.0,2859.8503151184213,2.319442861627297,0.0,0.0,15.980850229331908,300.3636308082503,1.9232707924950994,1.0,4.742958234428999,2.4660896702309194,0.0,0.0,10.399607561763933,136.51383747194637,8.248275007109767,6.134855166666667,7.133257950777977,0.8648181522353852,9.683389625,4.135855166666667,1.1064567111381642,0.4708024444792036,743.1257350882106,750.0,70.11393405190225,0.09435002818679072,0.0,0.0,-10.101436750819516,100.03902443080715,10.895617523522823,7.999,10.442652080112083,0.9584268223042135,13.56187,6.0,3.1565374858173816,22.63666894718195,7142.0,9.987089005066291,273,baseline,0
1195.704955527319,750.0,2759.408891429921,2.3077673791299054,0.0,0.0,16.637024409521523,326.79829814496077,1.8561626429479035,1.0,4.615938027852846,2.4868176532860007,0.0,0.0,10.747335356217418,145.46762545064644,7.63437331524658,5.64086875,7.032337223691123,0.9211413868964027,8.480552999999999,3.74186875,1.2560552833972245,0.8520692279707829,743.7616264294791,750.0,66.82206531611219,0.0898433892548341,0.0,0.0,-10.618098221035938,110.74400983156656,10.108818080559084,6.899,10.388822409917278,1.027699017543573,12.927541,5.0,3.2019687146828386,22.835499907609474,7870.0,10.20825832817371,274,baseline,0
1197.9792483866886,750.0,2758.1081887853425,2.3023004718150752,0.0,0.0,16.82224120026993,336.04802396381297,1.8665063899784893,1.0,4.668488220520994,2.5011905909278975,0.0,0.0,10.700382868457028,144.40968459454712,7.641236163764352,5.217265666666667,7.0823039162628305,0.926853164131735,8.0,3.218265666666667,1.336620823992709,1.0179082921787428,743.7876755662406,750.0,66.68362067482505,0.08965410810828406,0.0,0.0,-10.640924172258782,111.2292672397613,10.140797832595215,6.999,10.42413090130629,1.0279399188691414,12.900110000000002,5.0,3.146411000334502,21.89851502671744,7903.0,10.198622553961867,275,baseline,0
1214.7830920372285,750.0,2819.605102001748,2.321077005832526,0.0,0.0,16.53760183332646,326.3411466316119,1.9033092037228543,1.0,4.809661447272737,2.526999521604312,0.0,0.0,10.443506194137905,137.3661225098296,7.768341621311822,4.999,6.865933263487418,0.8838351347282772,8.0,3.0,1.3475232980962122,1.0511074377963823,743.6535677352637,750.0,67.39322586617085,0.09062449074427414,0.0,0.0,-10.524902560371071,108.77357390530551,10.355851832083763,6.999,10.308863558649241,0.9954626356000048,12.688752249999999,4.271806,3.2279158049559706,22.71667246846874,7736.0,10.1500921299034,276,baseline,0
1224.7623058699658,750.0,2780.677506413295,2.27038135733459,0.0,0.0,16.457489763674385,329.5143295915514,1.9305080284285339,1.0,4.8468151707238665,2.5106423280038137,0.0,0.0,10.153887042503769,130.5716928236842,8.049977931176311,5.75090725,6.964439211510394,0.8651500999199271,7.834958875,3.2480927500000005,1.3800210371921162,1.1477200977354087,743.5382995525138,750.0,67.9970157463692,0.09145058941454944,0.0,0.0,-10.428054692133895,106.74432466213571,10.769777707423005,6.743361,10.406892396003668,0.9663052180576374,12.369608000000001,3.9345594999999998,3.116118709692184,21.26014912127402,7598.0,10.094466458421676,277,baseline,0
1240.6205327265427,750.0,2839.8596401867744,2.289063871888001,0.0,0.0,16.263038949440457,323.06896987419293,1.9656003212421362,1.0,4.985458163934856,2.53635396273458,0.0,0.0,9.973521099442715,125.73193955893859,8.324475423388588,5.899,7.076108184867953,0.8500365278257412,7.50582725,3.334651,1.3524613342860896,1.0769139501932754,743.428456699237,750.0,68.56725954708301,0.09223114736758418,0.0,0.0,-10.338125193872218,104.87683252417538,11.151229042430733,6.999,10.558404481364104,0.9468377379021706,12.653922,4.240236,3.090676405232048,20.945614018438672,7471.0,10.006893436083969,278,baseline,0
1253.1226519337017,750.0,2799.0734699055115,2.2336787748479714,0.0,0.0,16.13745309227094,325.50657965357306,2.001381215469613,1.0,5.0424987528361696,2.5195093837497495,0.0,0.0,9.648605661591054,118.20220281774617,8.730271824943394,6.3605835,6.895141679171509,0.7897969063771065,7.0,3.3615834999999996,1.323766420767117,1.0688409990940402,743.2187845303868,750.0,69.64231964700379,0.09370365913316933,0.0,0.0,-10.172515399424269,101.48006955152394,11.656174695441988,7.999,10.320191545786294,0.8853840831522442,11.410658250000001,4.301118,3.085882002636011,20.98843205662584,7240.0,9.946194286634267,279,baseline,0
1271.6553094832482,750.0,2877.408871173791,2.2627270532476755,0.0,0.0,15.817803974457698,314.32644294761053,2.044718909710392,1.0,5.216724316891226,2.551316120820787,0.0,0.0,9.424734665013881,112.54134583766835,9.07393865226567,6.999,7.067243096750887,0.7788506587474302,7.788376124999999,3.1871242499999997,1.2781116239766774,0.9743968177518978,743.0300965360591,750.0,70.59526008641589,0.09500996045183739,0.0,0.0,-10.029854585214068,98.59798300053964,12.171613832481544,8.641516500000002,10.545821333407552,0.8664275320060392,11.650691249999998,4.642516500000001,3.011742405118929,20.146976437265874,7044.0,9.881835343205674,280,baseline,0
1279.093139352446,750.0,2915.173514349987,2.279094011735395,0.0,0.0,15.708793039081794,312.5338801132303,2.0657538154328914,1.0,5.326759527589693,2.5786032623027917,0.0,0.0,9.317858432907673,109.97514225031456,9.090582438429728,7.612379,6.948973065595462,0.7644145039837295,7.341574625,3.6120565000000004,1.2182129290421422,0.9465555925027687,742.9972899728997,750.0,70.75958374554463,0.0952353187561768,0.0,0.0,-10.005635172922817,98.11273521363032,12.203796007987448,8.776854,10.472672354723365,0.8581487553437428,11.099999999999998,4.777854,3.021131221168608,20.314550726090246,7011.0,9.896511205717132,281,baseline,0
1268.6379504504505,750.0,2798.2544039115196,2.2057155100223462,0.0,0.0,16.230302640814184,345.58297407454916,2.0564470720720722,1.0,5.268339438548564,2.561864834790129,0.0,0.0,9.342328626602892,112.06314435021976,9.04009093694329,7.999,6.944864537121801,0.7682294996326725,7.380756000000001,3.7296055000000004,1.1433593715448525,0.8417272565104446,743.0889639639639,750.0,70.29939970530779,0.09460428443224324,0.0,0.0,-10.073740755917985,99.48025281744304,12.059300779842342,8.999,10.320241773995358,0.8557910580724631,11.099999999999998,4.759456999999999,2.892700846239057,19.14389655531159,7104.0,9.911356415723874,282,baseline,0
1269.492054641762,750.0,2845.345150899206,2.241325686518089,0.0,0.0,16.28510669630037,348.6369298687307,2.0632840814050737,1.0,5.36996558566998,2.6026302602078393,0.0,0.0,9.366010401681761,112.55574904397763,9.114884356285716,7.999,6.94004490810108,0.7613969236280168,8.338531,4.079768249999999,1.1066757333251138,0.785352340814577,743.1563981042653,750.0,69.95888565302535,0.09413750030476098,0.0,0.0,-10.124700952521533,100.50956937799045,12.169078381377197,9.899,10.37706889685533,0.8527407394084793,11.457808,5.670186,2.900082776662432,19.31187106317128,7174.0,9.96598209086322,283,baseline,0
1273.4259693666345,750.0,2847.939683528176,2.2364391429402524,0.0,0.0,16.475649296790618,360.34273778874353,2.07396163929902,1.0,5.428618497755026,2.617511527161056,0.0,0.0,9.393935419312404,113.4411548957248,9.037347730303983,7.999,6.9610150446355465,0.7702497737576159,9.0,4.649386000000001,1.0423892114075337,0.693518505712921,743.2253346212226,750.0,69.60899591635334,0.09365799667180193,0.0,0.0,-10.177573457513526,101.58300148308383,12.112965672692146,9.999,10.423747793579969,0.8605446490350085,11.7385225,5.766537,2.784897634405346,18.16651697926404,7247.0,9.973905369904122,284,baseline,0
1282.6668524453114,750.0,2916.5326550925656,2.2738037156978117,0.0,0.0,16.479260497543592,360.2891063353385,2.099205796293716,1.0,5.5758961622440095,2.6561932003468245,0.0,0.0,9.35831033444572,112.44232042717542,9.204208903562968,8.441544,7.020162701380098,0.7627122303430748,9.3424415,4.8050049999999995,0.9867599912004267,0.5277014984512949,743.1592587432075,750.0,69.94440253845781,0.09411764936730273,0.0,0.0,-10.126879232358265,100.5536829867691,12.360726717988017,10.999,10.478953656383615,0.8477619395252917,12.68116,6.59033,2.6859205891091174,17.096699240108034,7177.0,9.954753183412105,285,baseline,0
1286.523542600897,750.0,2964.4453158788206,2.3042293574245503,0.0,0.0,16.364062711146293,357.70199550462155,2.1158912556053813,1.0,5.699490058757774,2.693659252883997,0.0,0.0,9.276524454311275,110.42525094114076,9.496571183543725,8.668852000000001,7.034652583713929,0.740757105670311,9.286474250000001,4.669852000000001,0.9725578432345621,0.4585321720753277,743.1199551569507,750.0,70.1431205439225,0.0943900376475665,0.0,0.0,-10.097068747752855,99.9507972968475,12.663637367853138,10.999,10.346577936197075,0.8170304972931428,12.248093250000002,6.3507560000000005,2.5657984154114093,15.630173995194799,7136.0,9.972449387080012,286,baseline,0
1311.920926864591,750.0,3045.2095893603027,2.321183790122293,0.0,0.0,16.202156387452842,352.1751279646475,2.1727733526430124,1.0,5.8931947079116584,2.7122915055742185,0.0,0.0,9.120620493669463,106.73725440680805,9.46554663843159,7.999,7.158333188986127,0.7562514308388891,9.792456333333334,5.0,0.9132195059295185,0.24191008017341087,742.8897900072411,750.0,71.29527704294847,0.09597019369757867,0.0,0.0,-9.92743992828745,96.55406352975592,12.727869923099204,11.766214,10.514673498147339,0.8261141543460276,13.092407999999999,6.767214,2.447444814904128,14.303078645614654,6905.0,9.869154882556119,287,baseline,0
1324.564049586777,750.0,3107.2046607914403,2.34583194505452,510.0,0.0,16.05369867853904,348.1759798350726,2.207497048406139,1.0,6.051923342519625,2.7415317936163244,1.0,0.0,9.001041769133067,103.962381116282,9.629887394321644,7.841335333333333,7.311898850538294,0.759292248302906,10.2182695,5.157664666666667,0.8542177697241435,0.0711329168984487,742.7544273907911,750.0,71.96391527295857,0.09688789809810941,0.0,0.0,-9.831439160835073,94.65719597320144,12.927005118506491,11.999,10.62692155873547,0.8220714280929472,12.741862999999999,6.809123999999999,2.417367238294394,14.23185704093654,6776.0,9.774916746334728,288,baseline,0
1384.9352448453608,750.0,3299.3048956978564,2.3822809824341284,750.0,0.0,15.423135438862667,321.1930978311877,2.339078608247423,1.0,6.441064591242896,2.7536759852927415,1.0,0.0,8.609154137152789,94.95155863493412,10.100826505940075,8.3125605,7.46089065596763,0.7386416004254743,11.556713333333335,5.59780905,0.7214760400462658,-0.23612500368387979,742.0914948453608,750.0,75.14916012749927,0.10126670450947436,0.0,0.0,-9.397084258727583,86.30519256562567,13.76819038659794,12.999,10.829546510721114,0.7865628093916159,13.0755425,7.000000000000001,2.2821148262352566,12.999201928689875,6208.0,9.518112197119715,289,baseline,0
1390.5746569814366,750.0,3349.461582217956,2.4086887858928305,750.0,0.0,15.362765138038917,320.6672578903465,2.358353510895884,1.0,6.567590531723393,2.78482021519688,1.0,0.0,8.565757780754588,94.00910235680499,9.662487955757722,8.1667155,7.514169178151477,0.7776640149573385,12.0,5.5895165,0.7206661611568862,-0.38309029669048567,742.0748991121873,750.0,75.22709363599525,0.10137399031552793,0.0,0.0,-9.386907882434667,86.11403959331409,13.376800286037124,12.546638,11.116712519618638,0.8310442169957792,14.999999999999998,7.0993590000000015,2.248325779876327,12.492347334975477,6195.0,9.550046968856574,290,baseline,0
1416.5356729018374,750.0,3452.333900296961,2.4371669322133616,750.0,0.0,15.170508335352311,315.4243287574499,2.416818407548419,1.0,6.781481196047645,2.80595396611807,1.0,0.0,8.446491524515688,91.84091487596281,9.625916460185808,7.880897999999999,7.528056826588573,0.7820613089388124,11.685664,5.401183999999999,0.7583088976581868,-0.4293291467621323,741.8728687303427,750.0,76.1691441071669,0.10267142433382748,0.0,0.0,-9.2655069941147,83.84961985798847,13.467919659327926,11.87984,11.295821938099577,0.8387206208403577,15.612993999999999,7.836919,2.285933639364185,12.54545136335549,6041.0,9.477781982637977,291,baseline,0
1402.1626359357247,750.0,3454.6423334186898,2.4637957430047015,750.0,0.0,15.359482753881409,324.9683412670672,2.398149651030677,1.0,6.828199200261978,2.847278191053404,1.0,0.0,8.518410302560302,93.36892806694453,9.58566956483724,7.431615,7.689154855078636,0.8021510446473641,11.799446,4.6634018,0.8144169371310344,-0.39798946024296944,742.031163772115,750.0,75.43207146636088,0.10165620414498765,0.0,0.0,-9.360240462958789,85.6141015244109,13.36568864892063,10.801648,11.413092096523714,0.8539097682367005,15.916910999999999,7.802648,2.183362902594486,11.269267919459606,6161.0,9.532228610463696,292,baseline,0
1377.1886209029067,750.0,3359.629903442936,2.4394842162145585,750.0,0.0,15.935747792707417,356.2374954331883,2.350030921459493,1.0,6.734329596437441,2.865634462484037,1.0,0.0,8.736449397358834,98.78035015550708,9.107513194379404,6.315502,7.798317209015811,0.8562509921839533,10.759003499999999,4.416502,0.9141363968018876,-0.24655214841904938,742.4094001236858,750.0,73.63963541610268,0.09919006333141023,0.0,0.0,-9.59834736081288,90.12827205882357,12.759412155534942,9.899,11.575773466762804,0.9072340736121857,16.3888065,7.865426500000002,2.0811844549379614,9.893611339092264,6468.0,9.65566847914285,293,baseline,0
1367.312547070342,750.0,3367.2883516218267,2.46270566216679,678.0,0.0,16.06941835956312,363.8948624296762,2.3336345835216146,1.0,6.7708162219719545,2.901403788657575,1.0,0.0,8.820423165212686,100.61319821667233,8.904300424813904,6.2755745,7.771362091674321,0.8727650372192759,10.055049499999999,4.276574500000001,1.000672229811152,-0.0956269468719455,742.604910378069,750.0,72.69502979239917,0.09789193254241918,0.0,0.0,-9.728448049003788,92.64270144216559,12.47765878144299,9.613995,11.588131544157324,0.928710405303871,17.5493925,7.614994999999999,2.0732746744477746,9.29403437344684,6639.0,9.733625950283917,294,baseline,0
1352.1383376473973,750.0,3346.405881234574,2.4748990455052313,0.0,0.0,16.42197315855458,383.83751498594677,2.299827437446074,1.0,6.743075142718331,2.9319917803078392,0.0,0.0,9.018946224891376,105.71850817562178,8.84901822166569,5.999,7.77145813838001,0.8782282897047933,9.736308625,3.9999999999999996,1.09053047253452,0.12317566906364208,742.9398907103825,750.0,71.0461382759294,0.0956283801210306,0.0,0.0,-9.96366303079694,97.27458099126969,12.271664432413,8.2779205,11.578476325915648,0.9435131142710811,16.778897750000002,5.941582500000001,2.155874807951654,9.648285037940935,6954.0,9.812065562550789,295,baseline,0
1385.5426508199187,750.0,3460.4767761433604,2.497560630194649,734.0,0.0,16.034946466695484,368.48599861386225,2.3773130735670227,1.0,7.003209077773973,2.94585057207718,1.0,0.0,8.78812905448764,100.41927892319109,9.19324194802101,6.764126,7.738635701433472,0.8417743974528306,9.740246249999998,3.886963,1.0783254942701035,0.09489715381912278,742.613810741688,750.0,72.6517229853613,0.09783244256230592,0.0,0.0,-9.734492072897927,92.76033591731262,12.836767359861593,8.999,11.674861863531122,0.9094861296650468,16.542356,6.0,2.189785736730398,9.87008117566889,6647.0,9.709095074413886,296,baseline,0
1399.3897583953806,750.0,3554.5485701632,2.5400704477350518,750.0,0.0,16.01473005446773,371.3895135171322,2.411183710682267,1.0,7.181830313740042,2.97854961524598,1.0,0.0,8.765958748650522,100.89220392946226,9.40023577697171,6.504014,7.701280431902498,0.8192646029973802,9.3270605,3.564726333333333,1.0846520303507194,0.1266129948004,742.539735602492,750.0,73.01133713417414,0.09832650514646628,0.0,0.0,-9.684516117073331,91.78985242185308,13.108071837410728,9.391354,11.728201666835604,0.8947312627142503,15.427851,6.06793,2.2593556653885543,10.280694583946648,6581.0,9.682408120856238,297,baseline,0
1412.1412628038527,750.0,3617.089848263831,2.5614221066538208,750.0,0.0,16.00612956959178,371.786504267528,2.4416755847729705,1.0,7.325725825127693,3.0002863078179347,1.0,0.0,8.740628813646513,100.33048971564192,9.897264445497257,6.999,7.79864448942052,0.7879595955394018,9.260185,3.6335195,1.0763333303143836,0.1465589392385791,742.4941140498395,750.0,73.23190105493019,0.09862960482675899,0.0,0.0,-9.654101804203838,91.20168164593188,13.739332485094025,9.720079,11.82749633590449,0.8608494152635355,15.487352999999999,5.721079,2.255576004481998,10.206857257811025,6541.0,9.653530320052935,298,baseline,0
1418.2197097020626,750.0,3657.278164705927,2.578781087081523,750.0,0.0,16.08005056505821,376.4470621798096,2.4595874713521773,1.0,7.43718858229254,3.0237544583864255,1.0,0.0,8.747702304184509,100.50918273197635,9.75177723304555,6.999,7.741097616174535,0.7938140331941252,8.796410999999999,3.9999999999999996,1.063983082966976,0.22649004107825865,742.4987012987013,750.0,73.20975467881009,0.09859916865949962,0.0,0.0,-9.657147544055858,91.26049868766408,13.575448969289532,9.763059,11.866349031713318,0.8741036159140997,14.31654,5.764059,2.2546081473888084,9.920681115253037,6545.0,9.638036453509386,299,baseline,0
