CB_mean,CB_median,CB_std,CB_CV,CB_IQR,CB_MAD,CB_skew,CB_kurt,CP_mean,CP_median,CP_std,CP_CV,CP_IQR,CP_MAD,CP_skew,CP_kurt,APIT_mean,APIT_median,APIT_std,APIT_CV,APIT_IQR,APIT_MAD,APIT_skew,APIT_kurt,APS_mean,APS_median,APS_std,APS_CV,APS_IQR,APS_MAD,APS_skew,APS_kurt,Time_mean,Time_median,Time_std,Time_CV,Time_IQR,Time_MAD,Time_skew,Time_kurt,TNFE,PSE,t,source,label
1217.0536912751677,750.0,1129.9235246749627,0.9284089377281997,750.0,722.0,1.196100677064965,1.0623553411903917,1.8456375838926173,1.0,1.317027526758062,0.71358945995255,1.0,0.0,1.6517538959968476,2.1977082814279623,0.5744093381991051,0.559962,0.3076097231945603,0.5355235417289383,0.577114125,0.2859610833333333,0.08189547857190341,-1.4302925704089138,585.248322147651,750.0,302.99768324895126,0.517724992592988,0.0,0.0,-1.2953783675395827,-0.32199488491048545,0.7537837617449664,0.7724975000000001,0.1886255928963608,0.2502383342136521,0.31258675,0.17041800000000007,-0.36297464459647505,-0.6725473715399519,298.0,3.5507115414596,2,attack,0
1521.6791208791208,750.0,1369.640855429176,0.9000851997219312,1500.0,694.0,1.4860263090904486,2.2735264296661306,2.320879120879121,2.0,1.6395869543859618,0.7064508184144058,2.0,1.0,1.7699229580779114,3.3676508407229413,0.7829637881493109,0.6686,0.5290766289158806,0.6757357580565219,0.6559545,0.330975,0.5941187988683737,-0.8396886312103691,642.0967032967033,750.0,257.41611989217097,0.40089930157019177,0.0,0.0,-1.9664402012020288,1.8668870649034792,1.3291646175824177,1.570754,0.6165305439870128,0.4638481462953805,1.166165,0.32501099999999994,-0.5803714201966642,-1.3113282592098492,455.0,4.166178036674282,3,attack,0
1559.9149606299213,750.0,1363.5559991606674,0.8741220089395382,1500.0,666.0,1.7953714939798493,4.032305227209442,2.393700787401575,2.0,1.7048216953200783,0.7122116950843748,2.0,1.0,1.8190569807944799,4.415174309267018,1.0125629399387008,0.8479736666666667,0.7681169349808612,0.7585868538970644,0.9486779999999999,0.4703844666666668,1.0566399299779852,0.1256617205535,672.6834645669292,750.0,223.25924825481218,0.33189346849568474,0.0,0.0,-2.54129194453932,4.458164747380437,1.8109958850393701,1.843502,0.9805365610390826,0.5414350022213144,1.9171845,0.9527,-0.2653201787817346,-1.4911669722205132,635.0,4.503079857896653,4,attack,0
1597.8699186991869,750.0,1445.082154392391,0.9043803487888556,1500.0,638.0,2.189471686037614,6.936188398893879,2.4905149051490514,2.0,1.8936613724236107,0.7603493432255847,3.0,1.0,1.9620184645329801,6.040764991279632,1.3803146554598444,0.99985625,1.014018982166829,0.7346288602789732,1.130155125,0.4437829285714286,1.1058350060495539,0.2601244460853085,683.4742547425474,750.0,208.82028946877094,0.3055276596298859,0.0,0.0,-2.8203605644995124,5.95443371378402,2.4877309295392953,2.485913,1.2160916581531076,0.4888356870565244,2.288915,1.1167715,-0.295887942844925,-1.2518067512958144,738.0,4.654874687914619,5,attack,0
1708.2741738066095,750.0,1659.9157440478427,0.9716916461653179,1500.0,610.0,2.6232556174922403,9.928462326906024,2.6842105263157894,2.0,2.247404681828327,0.8372684108772199,3.0,1.0,2.2190129070290165,7.641850745936354,1.7606947301003357,1.2913810000000001,1.2718509999945267,0.7223574752916131,1.537864,0.6364670000000001,1.0465845614904472,0.13264165702217845,689.9069767441861,750.0,199.4391921029412,0.2890812802678646,0.0,0.0,-3.0175310436363154,7.105493599308879,3.2054201750305995,3.364038,1.4436969063495744,0.4503924064606577,2.3060080000000003,1.2076859999999998,-0.37668046926941845,-1.0668689022633369,817.0,4.815068744343725,6,attack,0
1815.3226544622426,750.0,1854.7676530832227,1.0217289188365608,1500.0,582.0,2.9774033553023767,13.382656278361704,2.876430205949657,2.0,2.5731082589750627,0.8945491719746239,3.0,1.0,2.419715931280387,9.539782600335094,2.164039281012542,1.6756975,1.5582601334621544,0.7200701702295594,1.9313179166666665,0.8763652857142858,0.9472609536184319,-0.15885642004135114,693.8260869565217,750.0,193.3961134841521,0.27873860196362316,0.0,0.0,-3.1523496668561655,7.937308422128163,3.975555897025172,4.309029499999999,1.6450316092927768,0.41378656266000957,2.85316325,1.3561765000000006,-0.45861897538771085,-0.9229308284271482,874.0,4.80643739956541,7,attack,0
1871.6185671039354,1500.0,2004.4377053050066,1.070964853916036,1500.0,750.0,3.3890643316112814,17.833881738134842,2.9646821392532794,2.0,2.8436847152438096,0.9591870499682149,3.0,1.0,2.6825729875076676,11.989824388453371,2.3703103940972223,1.70273225,1.8618851967541235,0.7855026925548533,2.367208202380952,1.01812125,0.9498865077754959,-0.12676168658406484,700.4581231079718,750.0,182.52352601804384,0.2605773564423477,0.0,0.0,-3.412799762340574,9.647202217831875,4.445217428859738,4.5784,2.1193596839754028,0.476773007820913,3.7079545000000005,1.9229260000000004,-0.5525685746192428,-0.8613356266638723,991.0,4.97008316025498,8,attack,0
1925.3384030418251,1500.0,2132.3261712722347,1.1075072142660176,1500.0,750.0,3.6429579873330273,20.554877984050105,3.0722433460076046,2.0,3.0899858961039164,1.0057751122219432,3.0,1.0,2.7925881932968584,12.824400081982018,2.758865539007017,1.948289,2.124064461724722,0.7699050322290172,2.8482848125,1.1171342499999999,0.9590616329293635,-0.15795185305449655,703.3307984790874,750.0,177.53069911285576,0.25241422598975577,0.0,0.0,-3.5411430254016865,10.539693926351022,5.161009239543726,5.4617945,2.3549882934925375,0.4563038320971378,3.950561,2.0761890000000003,-0.5411377059272054,-0.927810158339319,1052.0,5.051854801828804,9,attack,0
1868.7250608272507,750.0,2209.8257794458236,1.1825312485869772,1500.0,498.0,3.927333351130412,23.502860466726652,2.976480129764801,2.0,3.269252405763398,1.0983619118000736,3.0,1.0,2.957875280861217,13.852538759810134,2.7919390015369143,2.14199375,2.4736094536797593,0.8859826279578744,3.2696637777777777,1.4289270833333334,0.9550408768212474,-0.08048398553129354,710.1816707218167,750.0,164.8130285879806,0.23207164502072747,0.0,0.0,-3.897527683017646,13.190722039888907,5.26938892781833,6.337645,3.059575660506729,0.5806319674667622,5.360932,2.321154999999999,-0.4653004466608211,-1.1383173642673732,1233.0,6.015899812942327,10,attack,1
1099.3984446477584,750.0,1408.6363080576139,1.281279153081696,0.0,0.0,7.666704097378482,85.48017613723391,1.6177950594693504,1.0,2.1635092055333525,1.3373197012005962,0.0,0.0,5.891205353615283,50.50960688272908,1.3096577793466968,0.65,1.9290364688458128,1.4729317072495716,0.6498762499999999,0.30000000000000004,2.7299087823208046,7.166560892401925,738.7703568161024,750.0,89.34034638804776,0.12093114668688136,0.0,0.0,-7.830064936101386,59.3099169035644,2.126684444647758,0.7,3.071484934461871,1.444259839390794,0.65,0.35,1.5789281171003589,0.8709732246935245,4372.0,10.472248620223029,11,attack,1
971.219295958279,750.0,1180.0577329447424,1.2150270673734993,0.0,0.0,10.436611345108608,155.6034329991507,1.3902216427640157,1.0,1.8271124340258889,1.31425981140191,0.0,0.0,8.008114188978467,91.6373784881993,1.473947118565328,1.15,1.6733021852997523,1.135252523122042,1.1,0.5499999999999999,3.3566493789930774,12.85325353325838,743.5989569752281,750.0,67.67998014243419,0.09101677659384996,0.0,0.0,-10.478695656498896,107.80306266152878,2.0097906950456323,1.2,2.6582489010827963,1.322649620995703,1.15,0.5872240000000001,2.307275720867583,4.14089507665392,7670.0,11.205668533244397,12,attack,1
925.9949044585987,750.0,1095.06952292018,1.1825869857895535,0.0,0.0,12.14675495534198,206.80100378177067,1.3071883530482256,1.0,1.6960300517136093,1.2974641701470533,0.0,0.0,9.401326307085883,123.46799762442575,1.8290914637888067,1.6,1.644427784721683,0.8990407627376881,1.5999999999999999,0.7999999999999998,3.0913983706321884,13.355079215956977,745.5326660600546,750.0,56.616764585320425,0.0759413600003944,0.0,0.0,-12.594596977464748,156.62387302476392,2.2584896636032763,1.7,2.5020196620180655,1.1078286973544313,1.65,0.8499999999999999,2.550714601845316,6.182630295960058,10990.0,11.395688563360643,13,attack,1
897.3555259653795,750.0,1044.6116737388113,1.1641001180830897,0.0,0.0,13.754393104491946,260.05854820109954,1.2569906790945407,1.0,1.622097891133045,1.2904613519501238,0.0,0.0,10.655630111416007,155.39192140102423,2.2578174329420078,2.1,1.7340499380862906,0.7680204399107542,2.0999999999999996,1.0499999999999998,2.4213815811332915,10.389606243024724,746.5592543275633,750.0,49.72302931959135,0.06660292405641345,0.0,0.0,-14.382038231394796,204.8430236893015,2.630991471862078,2.2,2.4819453916774754,0.9433498429095569,2.190854,1.0999999999999996,2.4711447428073687,6.774501727987207,14269.0,11.508093659218098,14,attack,1
877.3329912775782,750.0,976.0087084809873,1.1124723658912186,0.0,0.0,15.172468585355551,321.464413335661,1.222792315147369,1.0,1.5358685407519328,1.2560338511506204,0.0,0.0,11.656660675551523,186.5261193860414,2.708124589270219,2.55,1.8880929357979632,0.697195743238225,2.55,1.2999999999999998,1.7609509866794055,7.028781930011856,747.2010717746992,750.0,44.866381394722914,0.06004592751474439,0.0,0.0,-15.967459850320346,252.95977407159262,3.051687411721111,2.7,2.547504268984462,0.8347854564657733,2.65,1.3000000000000003,2.206350655656577,6.290802407633544,17541.0,11.552716231298678,15,attack,1
865.4409221902017,750.0,940.6714867228854,1.0869274408035792,0.0,0.0,16.44988433551028,377.1073876112133,1.2017771373679154,1.0,1.4921719247854883,1.2416378032066613,0.0,0.0,12.590736143240218,215.67480520887895,3.168867435459397,3.05,2.0786586726421477,0.6559626475320828,3.05,1.5499999999999998,1.236691569493794,4.3449036365426394,747.6418828049952,750.0,41.19465861113659,0.0550994527708679,0.0,0.0,-17.41205752864475,301.1797473808337,3.4958766845821327,3.2,2.670802661544422,0.7639865196971806,3.15,1.5999999999999996,1.8759295329301247,5.278112740137102,20820.0,11.594094147081195,16,attack,1
859.63175,750.0,937.7135443328474,1.0908316780212544,0.0,0.0,17.426412650568285,420.02055009031403,1.1904583333333334,1.0,1.4886293326179474,1.250467396410022,0.0,0.0,13.3799392257162,241.26503444086168,3.6532300684560637,3.55,2.299360225926938,0.6294047138670078,3.55,1.7999999999999998,0.8839711840365283,2.5208685082288467,747.9543333333334,750.0,38.37690166261761,0.0513091507760736,0.0,0.0,-18.70679068826369,347.94401785450924,3.9709700294999997,3.7,2.828877408425447,0.712389513748519,3.65,1.8499999999999996,1.563117414031104,4.1833342694262345,24000.0,11.618248863858149,17,attack,1
856.3065682602085,750.0,941.7143008091316,1.0997396676781883,0.0,0.0,18.367527824359655,462.9314960753186,1.1836220005192302,1.0,1.496375071749967,1.2642339117501522,0.0,0.0,14.118310691035076,266.37167168365943,4.170732060736626,4.1,2.5341781442493843,0.6076099129230093,3.9999999999999996,2.0,0.6448548468367284,1.4079035172403165,748.1791343693209,750.0,36.21255906043243,0.048400920844922896,0.0,0.0,-19.837268819909323,391.517234233347,4.483100355005006,4.25,3.0099267137854655,0.6713940075923427,4.1,2.05,1.2887563836968363,3.1986550190839456,26963.0,11.636020172513547,18,attack,1
855.3081718390026,750.0,956.9021111840894,1.1187805082309095,0.0,0.0,18.889343688098958,490.1039584208764,1.1809188236888468,1.0,1.5205585493458658,1.287606327246172,0.0,0.0,14.581578260178615,283.5364231846093,4.737967975924717,4.7,2.7668215179292712,0.5839679651674442,4.4,2.2,0.46911814482999936,0.7063302598725629,748.3366309798075,750.0,34.614818157569516,0.046255677892244634,0.0,0.0,-20.76201176872157,429.0611326845328,5.0541017616885755,4.85,3.1979120691460747,0.6327359875076303,4.5,2.2499999999999996,1.0606722792651522,2.4149752727503913,29516.0,11.64690924963202,19,attack,1
855.3653150460851,750.0,964.3064973726098,1.1273621696019498,0.0,0.0,19.706328432216072,538.2163662615337,1.1801881153858254,1.0,1.5382329795768874,1.3033794863067323,0.0,0.0,15.162126889263503,308.2796993379187,5.33807473861488,5.35,3.0031498059814896,0.5625904381325213,4.800000000000001,2.4000000000000004,0.3305348189159733,0.24809485335195047,748.4555663908899,750.0,33.35709505644221,0.044567902964891666,0.0,0.0,-21.551970624700356,462.48743780794666,5.659292052470981,5.518337,3.394892590834789,0.5998793770242867,4.85,2.4316630000000004,0.8635312571422139,1.7872697891516998,31789.0,11.655685642532356,20,attack,1
854.5722416553033,750.0,975.8570649681278,1.141924599701362,0.0,0.0,20.44541542504789,580.1663698665178,1.1788106954408015,1.0,1.56281315244674,1.3257541337986805,0.0,0.0,15.670304142134562,329.0775681389677,5.976080543614546,6.0,3.2364724574567973,0.5415710905896298,5.15,2.5999999999999996,0.21604692766271139,-0.04392602841273652,748.5446137428114,750.0,32.38318589225821,0.04326153083960949,0.0,0.0,-22.205635661608397,491.0902551360944,6.30622755175787,6.25,3.59203383671444,0.5696010502686595,5.200000000000001,2.5999999999999996,0.6953357141557068,1.3079573142404852,33734.0,11.661729720296679,21,attack,1
855.104554020984,750.0,992.5634020677004,1.1607509250188641,0.0,0.0,20.83136631561113,600.5000291191863,1.1793761075637816,1.0,1.593716376376704,1.3513215726142005,0.0,0.0,15.97525108046981,339.9809515359657,6.616354275423512,6.7,3.4829768503536,0.5264193399212522,5.540412,2.75,0.11152196584913146,-0.2532168291436654,748.6189980591263,750.0,31.54641397924805,0.04213947824064772,0.0,0.0,-22.79935832298983,517.810739940086,6.959511636747208,6.95,3.805151852803773,0.5467555845028021,5.5,2.749999999999999,0.5380242170770206,0.9139959021126254,35551.0,11.664933902916664,22,attack,1
855.399029828746,750.0,1008.3800432790498,1.1788416962326123,0.0,0.0,21.354066743165696,631.6225989749793,1.1796960844745799,1.0,1.623733683620839,1.3763999940239076,0.0,0.0,16.350906912378868,355.6731748477419,7.251396657019811,7.45,3.742965686763287,0.5161716926821069,5.950000000000001,2.95,0.018226153062239573,-0.4140469557468913,748.6842119368584,750.0,30.793955305564122,0.04113076623573997,0.0,0.0,-23.36070234354517,543.7224139837165,7.608345626591269,7.7,4.035748617957765,0.530437077392064,5.9,2.95,0.3946717255885117,0.5880744116200929,37313.0,11.667546049886978,23,attack,1
854.0632053020804,750.0,1003.9127675499191,1.1754548859119123,0.0,0.0,21.967294462854735,674.9563867552287,1.1778448783233961,1.0,1.6312317639989815,1.3849291990987465,0.0,0.0,16.72474107147549,372.71835560175543,7.876097452263765,8.15,4.020719234011022,0.5104963795052305,6.3500000000000005,3.1500000000000004,-0.059236821289024306,-0.5355200155473252,748.7436730724942,750.0,30.09135564095488,0.04018912843359867,0.0,0.0,-23.910100785414684,569.6929195686886,8.243408216919574,8.4,4.285865456175766,0.5199142567486877,6.300000000000001,3.1000000000000005,0.2673123493578966,0.3147114028010778,39079.0,11.675443545550669,24,attack,1
854.299661887016,750.0,1013.5473945127825,1.186407345958692,0.0,0.0,22.51233401917676,721.095204915853,1.178410128581653,1.0,1.6561979092517944,1.4054511829809302,0.0,0.0,17.066637306639294,392.1988113112477,8.551031723357127,8.95,4.269961735345621,0.4993504729589798,6.7,3.3000000000000007,-0.11920694808404872,-0.6114487807297397,748.788321528172,750.0,29.552727318146914,0.039467398820849584,0.0,0.0,-24.348908150162046,590.8693281050275,8.933560431007676,9.2,4.508243571267404,0.5046413024329751,6.65,3.2879450000000006,0.17011965069586463,0.13011434142555567,40519.0,11.679365157901893,25,attack,1
854.3987674374164,750.0,1021.0350628338045,1.1950333986274086,0.0,0.0,23.10433656273501,768.2077657143797,1.178864895853239,1.0,1.679258391083612,1.424470604723706,0.0,0.0,17.419451144533095,410.84429389188347,9.23196926029376,9.7,4.521587300427625,0.4897749519027048,7.15,3.499999999999999,-0.17376419751633537,-0.6629055144190157,748.8272501433212,750.0,29.074904200972547,0.038827251806618654,0.0,0.0,-24.751741065498365,610.6486857734772,9.631789021880374,10.0,4.734672391670553,0.4915672862969565,6.999999999999999,3.4499999999999993,0.08212712501044774,-0.012995843736606894,41864.0,11.682551678610023,26,attack,1
854.8900347651602,750.0,1033.2548583679738,1.2086406629500726,0.0,0.0,23.615192128201283,811.2301575609504,1.1801488602160572,1.0,1.7096183767310762,1.4486463821335942,0.0,0.0,17.707840765790902,426.84710766278585,9.978867356056174,10.55,4.734032276592188,0.47440577248670457,7.5,3.6499999999999986,-0.2210495101951964,-0.6818236707620984,748.8544763060268,750.0,28.73596844575175,0.03837323452682216,0.0,0.0,-25.045578469740192,625.2810008839137,10.397224977927623,10.85,4.920723206355523,0.47327274506435874,7.25,3.5500000000000007,0.013125269644004399,-0.09572161729349915,42859.0,11.685222124776207,27,attack,1
855.0091110451442,750.0,1038.9584427008901,1.2151431245345332,0.0,0.0,24.112748548281527,854.2309618099151,1.1809649944054985,1.0,1.7332623040867277,1.4676661139810137,0.0,0.0,17.968153144036656,440.63667733396886,10.728711746501709,11.4,4.954815623541956,0.46182763975903846,7.8,3.75,-0.2716547491024909,-0.68078267070472,748.8789075879707,750.0,28.428363886950294,0.03796122924400941,0.0,0.0,-25.318298936870505,639.0162610567379,11.165381514305938,11.7,5.1151993396341995,0.4581302782247267,7.550000000000001,3.6500000000000004,-0.05759600344704243,-0.15194324974703255,43793.0,11.686928073261825,28,attack,1
856.9101523183251,750.0,1049.4260001080524,1.2246628158960258,0.0,0.0,24.517633573292912,891.7799682087161,1.1841463687400746,1.0,1.7619199900049447,1.4879241591388894,0.0,0.0,18.191855465963258,453.1104168684504,11.468610253985725,12.25,5.192259965941075,0.45273663076453324,8.149999999999999,3.8999999999999986,-0.32378080815601434,-0.6687780187101002,748.9018765796595,750.0,28.136084205864286,0.03756978729224949,0.0,0.0,-25.58293996750597,652.4868173810144,11.926828624952469,12.55,5.3246056900344,0.4464393559654774,7.799999999999999,3.8000000000000007,-0.13011571831517096,-0.18925465178242407,44709.0,11.688438213003042,29,attack,1
858.6465217105696,750.0,1066.661079603106,1.2422586624798013,0.0,0.0,24.606621598905498,899.5246159001657,1.1870415380236046,1.0,1.7972165495023975,1.5140300418591244,0.0,0.0,18.27902842223051,455.80116628113916,12.190082952912501,13.1,5.453003254384024,0.4473311031145339,8.450000000000001,4.049999999999999,-0.3768121546716996,-0.6493613062778523,748.9249600385382,750.0,27.839237440287345,0.03717226548151739,0.0,0.0,-25.85738641803999,666.6044323718386,12.666231657535745,13.4,5.560541523079714,0.4390051969222814,8.149999999999999,3.9000000000000004,-0.2044027166796316,-0.21723021571174073,45669.0,11.693908330460374,30,attack,1
856.518228630278,750.0,1064.9957847096791,1.2434011899697606,0.0,0.0,25.309372679580406,956.7700930377388,1.1830690010298661,1.0,1.799020689764504,1.5206388538609747,0.0,0.0,18.80413402992832,482.9854279886487,12.421501656335334,13.5847355,6.06652222919501,0.48838879525495243,9.549999999999999,4.4652645,-0.40340716277867167,-0.7854175763364175,748.9892335802797,750.0,26.9891926977612,0.036034153079542754,0.0,0.0,-26.66465152354747,709.0137792199348,12.907544661215246,13.95,6.181645757447646,0.47891724721451745,9.2,4.35,-0.2954914145040634,-0.4335731285946105,48550.0,11.915814920641514,31,attack,1
857.7677497477296,750.0,1087.3108957614913,1.267605241723381,0.0,0.0,25.669375538161887,976.2425673953477,1.185247225025227,1.0,1.838826764340009,1.5514288711377249,0.0,0.0,19.040263720884674,492.012226727676,13.070576983118487,14.35,6.310542877663013,0.48280522625845024,9.85,4.65,-0.43971540633308415,-0.8635271026226943,749.0096178102926,750.0,26.716223470526565,0.035668732196831664,0.0,0.0,-26.93897137613642,723.7179082326868,13.560861164117052,14.729087499999999,6.390384154601794,0.471237340849059,9.5,4.475613499999999,-0.3578546256786997,-0.5455178521219053,49550.0,11.939073433206794,32,attack,1
858.4220223645987,750.0,1108.468453464738,1.291286132677916,0.0,0.0,26.023462292370017,1000.193381860278,1.1868558239484261,1.0,1.8792503231809699,1.5833855176520844,0.0,0.0,19.245555653462926,501.0388206882042,13.803368365566874,15.2,6.536646742199339,0.47355446649567795,10.2,4.772082499999999,-0.4683676819113898,-0.8722747342664499,749.0235560266599,750.0,26.527991302224372,0.03541676505201949,0.0,0.0,-27.131504537085615,734.1278349052793,14.29837142966294,15.6,6.574853501798094,0.4598323336431249,9.8,4.6,-0.40653027093529637,-0.5847544406072815,50258.0,11.939088875174455,33,attack,1
857.7085623116469,750.0,1114.2078798806326,1.2990518328016727,0.0,0.0,26.368217078073943,1032.0233375981736,1.1867872126691486,1.0,1.9048641662905874,1.6050595641374035,0.0,0.0,19.399506035786548,508.0662658341975,14.574644580989846,16.1,6.735579210835675,0.4621436339944163,10.45,4.850000000000001,-0.5042631172240968,-0.860995554036847,749.0333714529362,750.0,26.394664790146052,0.035238302852844926,0.0,0.0,-27.269613962549546,741.6407077123184,15.081740491047688,16.45,6.740260623519773,0.446915303145595,10.0,4.699999999999999,-0.45186824383085206,-0.5857868649218845,50769.0,11.934963114500457,34,attack,1
858.4795776713266,750.0,1136.3879287225238,1.323721563423837,0.0,0.0,26.4309355362334,1036.193222940154,1.1887965588034022,1.0,1.948475922542844,1.639032270167493,0.0,0.0,19.43991274336627,508.43528680658915,15.359599282411505,17.0,6.94306038248541,0.45203395315371325,10.700000000000001,4.949999999999999,-0.5461967861301322,-0.8246150447195992,749.0404659022666,750.0,26.29790914111766,0.03510879630440281,0.0,0.0,-27.370785548825836,747.1683401938647,15.88260244573272,17.4,6.91225437566878,0.4352091793071317,10.100000000000001,4.75,-0.5041398469400371,-0.5559151148292161,51145.0,11.922310672816323,35,attack,1
859.17256175345,750.0,1152.6934498999972,1.3416320553201937,0.0,0.0,26.739810048572494,1066.5828679157412,1.1904982797943484,1.0,1.9842359181676832,1.6667272450913984,0.0,0.0,19.60634498005017,518.1772017868958,16.09508721863593,17.85,7.2029429844296935,0.4475243213400958,11.05,5.050000000000001,-0.5782886399217644,-0.794095002914919,749.0514526181057,750.0,26.1472631083212,0.03490716561182887,0.0,0.0,-27.52960839007722,755.8874193174961,16.634535858556575,18.283631,7.143960199386523,0.42946555648631274,10.350000000000001,4.8336310000000005,-0.5481002973812547,-0.5304447536479326,51738.0,11.91865119831147,36,attack,1
861.9965391936321,750.0,1184.2395500825485,1.3738333000621599,0.0,0.0,26.609817386369844,1052.030349566743,1.1953048393609045,1.0,2.0379967808823007,1.705001698120757,0.0,0.0,19.56598641915971,513.8273812903498,16.91533926949491,18.8,7.416870769517944,0.43847011587249174,11.2,5.100000000000001,-0.6164557549981464,-0.7353174750413412,749.0564210169678,750.0,26.07892108990776,0.034815696599331356,0.0,0.0,-27.60240634912514,759.9005381961604,17.47605639416662,19.2,7.319016397279446,0.41880251655187384,10.5,4.899999999999999,-0.5940797058344403,-0.46995733327702816,52011.0,11.895074960951794,37,attack,1
862.8004770829783,750.0,1202.4203477185658,1.3936250380665067,0.0,0.0,26.79130181181323,1067.4933862505216,1.1969292516234074,1.0,2.073658934269711,1.7324824599759645,0.0,0.0,19.69728695640652,520.0552785310366,17.54706415965417,19.6,7.766460771682819,0.44260741859827374,11.599999999999998,5.250000000000002,-0.6414413018364322,-0.722041831926242,749.0708808996421,750.0,25.878714327518182,0.03454775107054965,0.0,0.0,-27.81732739593635,771.8111291659931,18.110520876886085,20.0,7.645976843076621,0.4221842593624655,10.899999999999999,5.050000000000001,-0.6360831460681972,-0.46095310901477093,52821.0,11.917005236275799,38,attack,1
865.4515891728756,750.0,1225.8159264167743,1.4163887867931515,0.0,0.0,26.855600371506775,1081.8978034719653,1.201546732056965,1.0,2.1193720016042557,1.7638698063587066,0.0,0.0,19.729572964996915,523.9342506964114,18.384988417310637,20.55,7.971981307010468,0.4336136159598741,11.749999999999998,5.300000000000001,-0.6751748756143606,-0.665805223213336,749.0742716744414,750.0,25.831632171225877,0.03448474089689824,0.0,0.0,-27.868540775076045,774.6626499462969,18.968101304800523,20.95,7.814487831803891,0.4119804985344616,11.049999999999999,5.050000000000001,-0.6758320297708015,-0.4039103879062971,53015.0,11.890376472287269,39,attack,1
865.5251533742331,750.0,1239.1635420951386,1.4316898096655926,0.0,0.0,27.19810010202528,1110.746528964574,1.2021937163041458,1.0,2.1500201737142492,1.7884140838166804,0.0,0.0,19.92633151672147,533.7397386934883,19.039334369052444,21.35,8.334834256280388,0.4377692042547598,12.350000000000001,5.449999999999999,-0.6955127900728609,-0.6542048602804935,749.0876008551775,750.0,25.645340510933746,0.034235435857777344,0.0,0.0,-28.072260967202148,786.0586778246827,19.636423189347465,21.8,8.160830971002348,0.41559661310566504,11.4,5.199999999999999,-0.7096646812462373,-0.39277499296814344,53790.0,11.915134409672017,40,attack,1
866.8561180342417,750.0,1254.1836140019552,1.4468186679538595,0.0,0.0,27.524715348776954,1140.3009931456077,1.2049328846651628,1.0,2.1861580760713366,1.8143401212581605,0.0,0.0,20.07617916976364,541.5532889341749,19.82898831777581,22.3,8.580496026625186,0.4327248515716332,12.600000000000001,5.5,-0.719635529504226,-0.6201255900556384,749.0925860621251,750.0,25.575381170851347,0.034141815907293316,0.0,0.0,-28.149669076580288,790.4104250427499,20.44277819838775,22.7,8.369845528070893,0.4094279870791238,11.600000000000001,5.25,-0.7395418451322229,-0.3560492339042982,54086.0,11.899650186962564,41,attack,1
867.8127031344682,750.0,1272.2218615631632,1.466009724181269,0.0,0.0,27.861894865493902,1184.5041358473975,1.207091573477295,1.0,2.224671244168111,1.843001221323625,0.0,0.0,20.240712047450494,555.3701397041891,20.577306370693858,23.2,8.855190735668435,0.43033770193945176,13.0,5.600000000000001,-0.7398183634129406,-0.595020344800961,749.0987934129564,750.0,25.487967808917876,0.0340248416270871,0.0,0.0,-28.24691738378986,795.8946392904833,21.205074063019886,23.55,8.621213899491407,0.40656372497779575,11.75,5.300000000000001,-0.7631841986805268,-0.32995224786801236,54459.0,11.895642582233037,42,attack,1
869.8932360984503,750.0,1299.8180512934794,1.4942271043780966,0.0,0.0,27.883191407992694,1191.1274921325157,1.2107201458523245,1.0,2.2726004467161762,1.877065029851558,0.0,0.0,20.279136644408798,558.8302709529685,21.329640731576475,24.1,9.138050201395387,0.4284202587560411,13.299999999999999,5.699999999999999,-0.7589066781119633,-0.5711364694440824,749.1052104046979,750.0,25.39727466708134,0.03390348153280188,0.0,0.0,-28.348502228199717,801.6436362861224,21.97144903905196,24.45,8.872499068437529,0.4038194773893878,12.099999999999998,5.399999999999999,-0.7873492074801334,-0.3025223891787303,54850.0,11.891073855995325,43,attack,1
872.270182350496,750.0,1320.1637184126223,1.513480278387131,0.0,0.0,28.018892164753883,1205.3628863892116,1.214645871360671,1.0,2.3122178099511115,1.903614760869288,0.0,0.0,20.367555404192842,563.7391830982373,22.047918280916498,24.95,9.451084294138935,0.4286610723842935,13.749999999999998,5.800000000000001,-0.7749264005154204,-0.554778463967851,749.1130140981134,750.0,25.286514845729563,0.03375527373019009,0.0,0.0,-28.473493501479318,808.7456745326685,22.70832931567058,25.35,9.166729762216137,0.40367257470986007,12.450000000000003,5.5,-0.8086391760514936,-0.28298110847725466,55333.0,11.893347774616029,44,attack,1
872.537985025048,750.0,1341.0455329650492,1.5369480251642589,0.0,0.0,28.114619269589333,1212.3757773528803,1.2158619575171028,1.0,2.3533988444752274,1.9355806223932486,0.0,0.0,20.428616682969352,565.7055638440283,22.75677944958411,25.8,9.757216430638655,0.4287608645263279,14.200000000000003,5.900000000000002,-0.7852411454216134,-0.5510671090174801,749.1187410346802,750.0,25.204939571177754,0.033646120688910784,0.0,0.0,-28.566296009553934,814.0388951018656,23.423861057565585,26.25,9.449166245489895,0.40339917583476037,12.900000000000002,5.600000000000001,-0.8234198056614245,-0.28242241925483613,55693.0,11.90769390868125,45,attack,1
873.9374531701574,750.0,1358.1197128644005,1.5540239269273792,0.0,0.0,28.112547290725907,1220.8205009198505,1.218574945588183,1.0,2.390582027589125,1.9617849819119961,0.0,0.0,20.443804151840318,567.4160349624899,23.52850585957266,26.75,10.023105262412129,0.42599837500238846,14.5,6.0,-0.7981657359755701,-0.5384097863194066,749.1244103124161,750.0,25.123919383956377,0.033537712879331556,0.0,0.0,-28.659055293043778,819.3468756296635,24.209897963624368,27.15,9.679891316080598,0.39983197494779776,13.2,5.649999999999999,-0.8403642024877134,-0.27006731849841303,56054.0,11.91412922077966,46,attack,1
875.579444751529,750.0,1380.424731199396,1.5765842145724784,0.0,0.0,28.093890476208998,1222.7080972875708,1.221921081254569,1.0,2.436014874455432,1.9935942769350787,0.0,0.0,20.42977978022977,566.3418424491905,24.29782594910643,27.6,10.261650161693927,0.4223279145709457,14.818849499999999,6.100000000000001,-0.8075641215965755,-0.5278260123636,749.124857117168,750.0,25.117598033002697,0.03352925456199906,0.0,0.0,-28.66648269033986,819.7724341582035,24.99554181677157,28.0,9.887516432455039,0.39557119845350536,13.450000000000003,5.75,-0.8494849701028413,-0.26101263255754725,56083.0,11.912035216685727,47,attack,1
876.3423114068033,750.0,1411.258089488027,1.610395927617048,0.0,0.0,27.987931834574916,1211.3907530307902,1.2242908752727404,1.0,2.491952093036299,2.035424867869865,0.0,0.0,20.369444866964358,561.7070881200326,25.215457206598856,28.6,10.408766649219086,0.4127930960734324,14.852768000000001,6.100000000000001,-0.8289298367617053,-0.4810493454027478,749.122206275113,750.0,25.155642818857753,0.033580159028978804,0.0,0.0,-28.623089228838655,817.2862160536058,25.917330291268737,28.95,10.002483936978049,0.38593805089360517,13.550000000000004,5.800000000000001,-0.8622382109041667,-0.22866285554280275,55914.0,11.901987352119917,48,attack,1
878.4935328339886,750.0,1435.1583262407341,1.633658385180099,0.0,0.0,27.946931896347905,1211.0952083303152,1.2280498870247478,1.0,2.536438440566322,2.065419709220011,0.0,0.0,20.371272606937158,561.8984433785486,25.98140714301503,29.5,10.705485279706842,0.41204409063675207,15.149999999999999,6.149999999999999,-0.8492520379523265,-0.4427888785522711,749.1267766415905,750.0,25.090223908431735,0.03349262727053182,0.0,0.0,-28.698249362268978,821.5943233289539,26.691238484921804,29.85,10.27285979944265,0.38487759963802015,13.849999999999998,5.899999999999999,-0.8864988124436418,-0.18450303613924524,56207.0,11.899971497952295,49,attack,1
880.4180194949837,750.0,1461.8592081770175,1.660414911788782,0.0,0.0,27.93456345190856,1210.9459709973285,1.2318905144608585,1.0,2.5874425812101434,2.1003835574970293,0.0,0.0,20.355208443597796,560.588374721695,26.87211177881314,30.5,10.899518082724423,0.4056070536040998,15.25,6.199999999999999,-0.8761200257529571,-0.3816670238898876,749.1253709214676,750.0,25.11045896971054,0.0335197017006956,0.0,0.0,-28.67517017868877,820.2699975994076,27.589748353707435,30.85,10.438016965146884,0.37832954586351825,14.0,5.900000000000002,-0.9082124384695773,-0.13126111790545947,56117.0,11.885491710253568,50,attack,1
882.1227907969134,750.0,1491.6459986488542,1.690973200342432,0.0,0.0,27.973738246359456,1210.472458921803,1.235215675118239,1.0,2.639410923349002,2.136801674813873,0.0,0.0,20.382038373630643,560.9911284280519,27.72117409829677,31.45,11.115674699959275,0.4009813819769718,15.45,6.25,-0.8962004669440253,-0.3381152867328785,749.1273097838402,750.0,25.082714651331287,0.03348257942774623,0.0,0.0,-28.70719597541591,822.1075477301783,28.457819162298637,31.8,10.621507385355384,0.37323687120153337,14.183085249999998,5.949999999999999,-0.9273930158909464,-0.08801225428686132,56242.0,11.887328851192885,51,attack,1
883.1099498773594,750.0,1516.5789644901224,1.7173161333996236,0.0,0.0,28.15331002482081,1228.8627852720117,1.2376915146990863,1.0,2.687563705960709,2.1714326017772874,0.0,0.0,20.456155093659266,565.9548094259216,28.58982097216249,32.45,11.334120498237029,0.39643901615448746,15.600000000000001,6.25,-0.922637447901455,-0.2772738266114412,749.1276151685931,750.0,25.078397890521032,0.03347680339467538,0.0,0.0,-28.712309304955184,822.4009878602478,29.337772112349366,32.8,10.80851578687421,0.3684163795902042,14.299999999999997,6.0,-0.9529016084205939,-0.02599597279538024,56262.0,11.880020125383156,52,attack,1
884.4365832920003,750.0,1554.5575138643603,1.7576811534390329,0.0,0.0,28.2529975411348,1241.2732776530263,1.2404343513073053,1.0,2.747013814310487,2.214557998507042,0.0,0.0,20.52112587309338,572.46350889515,29.3869517955942,33.4,11.614650739515104,0.3952315578799301,15.850000000000001,6.300000000000004,-0.943258406401082,-0.23293926868693937,749.1305467059008,750.0,25.036341348950597,0.03342053192069279,0.0,0.0,-28.760917466864015,825.1945125211761,30.13968912952597,33.75,11.07233040785697,0.367367107214457,14.599999999999998,6.050000000000001,-0.9737135109704085,0.018745951845935416,56452.0,11.88860437145456,53,attack,1
885.8448477130426,750.0,1579.3887309665931,1.7829180076443982,0.0,0.0,28.261851413861386,1244.105856639534,1.24339382362305,1.0,2.794289219255774,2.2473082672339997,0.0,0.0,20.527739605925206,572.7877325965086,30.231119531087508,34.4,11.856119992029614,0.39218263087602934,16.050000000000004,6.349999999999998,-0.9668113353346578,-0.17807028541725778,749.1318647700728,750.0,25.0174418593254,0.03339524459689601,0.0,0.0,-28.782887850138245,826.458628885771,30.996652780200925,34.75,11.291248315344154,0.36427314895614876,14.849999999999998,6.100000000000001,-0.9971109644358165,0.0750995545358979,56538.0,11.889052841665618,54,attack,1
888.3404451375106,750.0,1600.0937060746135,1.8012167686758054,0.0,0.0,28.165246161354414,1244.8471325843302,1.2480153104621492,1.0,2.8394597200685983,2.2751801971220416,0.0,0.0,20.470330033135024,570.6354165308339,31.00782981835272,35.3,12.144120443736954,0.3916469006337608,16.450000000000003,6.450000000000003,-0.9807300143167008,-0.15131658884610744,749.1302297858082,750.0,25.041020260411557,0.03342679185109284,0.0,0.0,-28.755788123125686,824.8991978117498,31.795214561277284,35.65,11.548086765374604,0.36320203919739463,15.035753249999999,6.199999999999999,-1.0130989697640982,0.1090953912230197,56432.0,11.895570482872973,55,attack,1
889.6789500608584,750.0,1619.8396672183533,1.8207013519961874,0.0,0.0,28.206212114935987,1252.3120677322695,1.250683554128667,1.0,2.87973445029128,2.302528437976902,0.0,0.0,20.502841612622333,572.5895759605093,31.738969632943608,36.25,12.508012529231069,0.39409006259133,16.849999999999998,6.5,-0.9983628781379641,-0.1222360245233669,749.1341687603793,750.0,24.984379481168695,0.03335100776742208,0.0,0.0,-28.821422477698498,828.6781239142779,32.53273030258075,36.6,11.900937232821112,0.3658142775639411,15.350000000000001,6.25,-1.0349562564353967,0.14763266883493698,56689.0,11.911324106481285,56,attack,1
892.0704911092295,750.0,1648.814749366733,1.8483009647775066,0.0,0.0,28.06746969959506,1242.9833347494732,1.2550451594693763,1.0,2.932033499071367,2.3361976076709534,0.0,0.0,20.44357516221455,569.4522746595151,32.54148346873081,37.25,12.795666183147551,0.39321090556436794,17.08060625,6.549999999999997,-1.0139394970938527,-0.09428264371169082,749.13414949666,750.0,24.98471270845582,0.03335145344160714,0.0,0.0,-28.821160495057573,828.6628949554874,33.35676383333334,37.6,12.1593441510976,0.3645240950786357,15.649999999999999,6.299999999999997,-1.0523730753596032,0.18116154312808908,56688.0,11.915188444559345,57,attack,1
894.5254494183997,750.0,1677.2642254448733,1.8750324281275539,0.0,0.0,28.080501760178954,1243.9058489048264,1.2594289742685936,1.0,2.983195814890766,2.3686892042667513,0.0,0.0,20.452581705973504,569.772185578786,33.4223720635105,38.2,12.997244104094577,0.38887856551284583,17.152073,6.599999999999994,-1.0341207064520588,-0.04504703583856173,749.1349391659476,750.0,24.97338427797249,0.03333629626963696,0.0,0.0,-28.834417485102517,829.427116457144,34.26027192795206,38.55,12.323530344328097,0.359703226239534,15.799999999999997,6.300000000000004,-1.0718995807682163,0.23253493964617755,56740.0,11.910091880090306,58,attack,1
896.6647481500017,750.0,1706.086365859197,1.9027026203262631,0.0,0.0,28.01506828033815,1243.3038030082253,1.2644156865548921,1.0,3.0447440190328425,2.4080245534826816,0.0,0.0,20.356414329067,564.8406462432026,34.16352057958555,39.15,13.347293144351687,0.3906884571002725,17.7,6.699999999999996,-1.0438500212489579,-0.032512971038384464,749.1226582291519,750.0,25.149866416862675,0.03357242788025441,0.0,0.0,-28.63121857758976,817.7499997421083,35.01791830699245,39.5,12.650170707683158,0.36124850702953254,16.299999999999997,6.399999999999999,-1.0836189270514673,0.2503173144149291,55946.0,11.915614673147804,59,attack,1
898.9348964919253,750.0,1743.4770831242486,1.9394920476756787,0.0,0.0,27.968862135039778,1235.6020518595553,1.269373893565519,1.0,3.1128186739947217,2.4522472770029857,0.0,0.0,20.28991311064395,560.2482895188622,34.948826290306236,40.15,13.664560340687746,0.3909876751562867,18.049999999999997,6.700000000000003,-1.0549241529516482,-0.021918405288592346,749.1133356214699,750.0,25.28302157594517,0.03375059603627292,0.0,0.0,-28.479803259678185,809.102374452932,35.825986491437554,40.5,12.949657136824813,0.36145989001363,16.799999999999997,6.399999999999999,-1.0970258017844956,0.2629176533812485,55358.0,11.922926420991413,60,attack,1
900.8490412886235,750.0,1776.019696645108,1.9714953507688622,0.0,0.0,27.82158926220865,1221.863479238318,1.273020797633435,1.0,3.167935474398575,2.488518239676693,0.0,0.0,20.23671462261165,556.8174262411136,35.75524784488569,41.1,13.958561809331503,0.39039197462388975,18.349999999999998,6.75,-1.069835498324695,0.004808958842175137,749.1146275377546,750.0,25.264667332180693,0.033726036581641014,0.0,0.0,-28.500702928355455,810.2931508528198,36.646625794837576,41.45,13.220351649748997,0.3607522210574528,17.049999999999997,6.449999999999996,-1.113002029171412,0.2930352778347096,55439.0,11.930528336923189,61,attack,1
900.9829969463166,750.0,1809.9219609638665,2.0088303187720506,0.0,0.0,27.81084467666254,1216.2434340137918,1.2745243300869125,1.0,3.226698226354364,2.531688215111852,0.0,0.0,20.22565988351856,555.068926188017,36.66996837578008,42.15,14.16064400048133,0.3861646090165217,18.45,6.700000000000003,-1.0946146005938742,0.06677654236075581,749.1130882886957,750.0,25.286640183312105,0.03375543770177335,0.0,0.0,-28.4759194562442,808.8809700350819,37.56046912930272,42.5,13.41549792249753,0.35717066994862046,17.099999999999998,6.399999999999999,-1.1352510029776208,0.3453188333091508,55343.0,11.927777710612572,62,attack,1
904.2272304578524,750.0,1850.6521656878267,2.0466671466537845,0.0,0.0,27.743893042893617,1212.5558072882395,1.2807286253487227,1.0,3.297533727133714,2.5747325872690996,0.0,0.0,20.15935626374526,552.6335046431534,37.360007460459876,43.1,14.635542208594348,0.3917435569059759,19.099999999999998,6.799999999999997,-1.1025918139726056,0.0621514083459469,749.1049990029259,750.0,25.40159866092473,0.03390926331386759,0.0,0.0,-28.346511137047862,801.5275563151434,38.266737940940494,43.5,13.892384131730903,0.3630407209825909,17.6,6.5,-1.150446351042537,0.3545261335865417,54843.0,11.948039163888735,63,attack,1
907.8297090240751,750.0,1879.7790683417536,2.070629601186474,0.0,0.0,27.606639325823398,1202.6082415735796,1.2865903590340837,1.0,3.34885213586844,2.6028891887411727,0.0,0.0,20.110796446350992,549.9718714783093,38.197079807832,44.1,14.890314815173882,0.38982861753009573,19.299999999999997,6.799999999999997,-1.1174830784670131,0.0961997302841735,749.1067872773096,750.0,25.376285268466926,0.03387539093151075,0.0,0.0,-28.37502573288448,803.1448661456893,39.12830534764253,44.45,14.11243027492496,0.36067062321101084,17.75,6.549999999999997,-1.167229214591059,0.397828372005133,54953.0,11.942182564665858,64,attack,1
910.0028628893439,750.0,1902.939646471429,2.0911358898689816,0.0,0.0,27.606436594463467,1205.742478862984,1.2903658337712225,1.0,3.392512236704978,2.6291088526344684,0.0,0.0,20.127909165855886,551.270295387714,38.94594562763872,45.05,15.240777696784699,0.39133156099228966,19.549999999999997,6.850000000000001,-1.1298159678067436,0.11934245858754577,749.1106037016852,750.0,25.322125164762326,0.03380291914122502,0.0,0.0,-28.436111646120793,806.6151542644191,39.90033738388085,45.4,14.440071354211394,0.3619034900703614,18.0,6.600000000000001,-1.1846236863408528,0.4380727731912053,55189.0,11.952531073287947,65,attack,1
910.5447329133743,750.0,1932.219030073145,2.122047341804753,0.0,0.0,27.61278829821591,1205.2150545839283,1.2926664967410697,1.0,3.449107171021086,2.668211158652754,0.0,0.0,20.107452281692765,549.4670842506246,39.9956363303807,46.1,15.306123339808446,0.38269483234054485,19.25,6.799999999999997,-1.160779487643738,0.2117211994970254,749.106341976367,750.0,25.382687983629697,0.03388395820633765,0.0,0.0,-28.368019293058,802.747134560741,40.9535694956487,46.45,14.457846699706698,0.3530301968243046,17.800000000000004,6.549999999999997,-1.2094983151487215,0.5214703347540537,54926.0,11.93591568669115,66,attack,1
912.0435563782871,750.0,1958.3948630589357,2.1472602370392218,0.0,0.0,27.607117533125578,1205.1608302824973,1.2956207691330466,1.0,3.4965510811650566,2.698745778446222,0.0,0.0,20.118550610732022,549.8852854472785,40.77447753835779,47.05,15.6332722019877,0.38340827757464224,19.5,6.850000000000001,-1.1723772350482702,0.23142200868549523,749.1091772584781,750.0,25.342481329782622,0.03383015733771777,0.0,0.0,-28.413339002824337,805.320380920759,41.73909618230159,47.4,14.775542044536984,0.3539976519856264,18.0,6.600000000000001,-1.2227186623117625,0.5440251739021389,55101.0,11.949398990004283,67,attack,1
913.7282590856872,750.0,1980.890053617518,2.167920313200858,0.0,0.0,27.63078670411024,1211.3335950668973,1.2994584146319226,1.0,3.546504817264339,2.729217632000099,0.0,0.0,20.102866513837128,549.2696725533394,41.55321418933947,48.1,16.047711122490675,0.3861966260749027,19.699999999999996,6.850000000000001,-1.18812636718971,0.25074232470652236,749.1049183545845,750.0,25.402953423187814,0.03391107547255947,0.0,0.0,-28.34545177268217,801.467098768453,42.529826592844515,48.45,15.194300885748934,0.3572622346009123,18.200000000000003,6.549999999999997,-1.2440359794121814,0.5721740304031733,54839.0,11.957461366196299,68,attack,1
914.3503013206821,750.0,2011.276070875407,2.1996778127270606,0.0,0.0,28.023729391917087,1261.3449396418637,1.3018702031395966,1.0,3.6042509329981267,2.768517878591965,0.0,0.0,20.24340201416159,563.2067710755056,42.61493820487139,49.15,16.09969110291715,0.3777945429726509,19.4,6.799999999999997,-1.22053277689787,0.3551271337532147,749.100882233402,750.0,25.46013031225313,0.033987585539006694,0.0,0.0,-28.28156195840418,797.8491288002185,43.599228093436885,49.5,15.208154282818128,0.34881705360071397,17.9,6.5,-1.271481950702848,0.6687662574367432,54593.0,11.937938435061657,69,attack,1
916.0921417116198,750.0,2038.7753268380459,2.2255133888920966,0.0,0.0,28.031661750167586,1261.1079754811708,1.3049825047383001,1.0,3.651395004963384,2.798041346688882,0.0,0.0,20.270302196585444,564.4309954539434,43.28974387406209,50.1,16.557649490281754,0.3824843486820119,19.75,6.850000000000001,-1.2297704718136386,0.36426351599342865,749.1054511278195,750.0,25.395477796634623,0.033901071949750644,0.0,0.0,-28.354003466045395,801.9518397088972,44.28962285719493,50.45,15.667003881378262,0.35373983499236616,18.300000000000004,6.550000000000004,-1.28816696090807,0.6981261193103809,54872.0,11.951012909979735,70,attack,1
916.1246790143692,750.0,2060.726604145942,2.249395362171681,0.0,0.0,28.10070080775358,1268.3249409930613,1.3061793148664154,1.0,3.696622611034789,2.830103469685437,0.0,0.0,20.298402682840404,565.7044250072721,44.12576240123119,51.05,16.864274441864435,0.3821865849822436,19.799999999999997,6.899999999999999,-1.2501271411215789,0.41416212346374826,749.1060512668976,750.0,25.38700477772776,0.033889733949943324,0.0,0.0,-28.36359350329199,802.4957008903809,45.119623516873375,51.45,15.972022683549236,0.3539928181709269,18.450000000000003,6.599999999999994,-1.3074720638439297,0.7446604746922967,54909.0,11.946974625791814,71,attack,1
916.8075420973279,750.0,2080.231248559059,2.2689944759837313,0.0,0.0,28.175970579984806,1276.5340940567446,1.308077964069681,1.0,3.737803117413432,2.857477321752605,0.0,0.0,20.337427290669005,567.5847664864702,44.881850295619785,52.05,17.253135622539318,0.38441230717761044,20.0,6.900000000000006,-1.2618526618392405,0.429435743934524,749.1083545762616,750.0,25.35435417354327,0.03384604379146878,0.0,0.0,-28.400378453302324,804.583704815083,45.886389621242124,52.4,16.35658376740571,0.35645828539610747,18.599999999999994,6.649999999999999,-1.323274520646137,0.7691274476162548,55051.0,11.950481366791147,72,attack,1
915.2233378363577,750.0,2096.2007405111326,2.2903707257582346,0.0,0.0,28.348791373176777,1296.3153833104877,1.3076052429807588,1.0,3.781972037368078,2.8922888292699582,0.0,0.0,20.377382130829336,569.9263867199901,45.606235326964054,53.0,17.676971628563777,0.38759988632765996,20.200000000000003,6.950000000000003,-1.268467602776549,0.4252678819349569,749.1039083283611,750.0,25.417447395309573,0.033930469608720995,0.0,0.0,-28.32960609966412,800.5687203551217,46.595557977527484,53.35,16.797118361419912,0.36048754624895735,18.9,6.699999999999996,-1.3284210566822041,0.7530396567923705,54778.0,11.9640911853275,73,attack,1
918.0514387290301,750.0,2131.088814145468,2.321317438482306,0.0,0.0,28.355669229493138,1303.379307883682,1.31385401622042,1.0,3.8528803710656994,2.932502639942699,0.0,0.0,20.311925364665644,568.0097552888459,46.353631473327,54.1,18.220280341310154,0.3930712602699649,20.35,6.850000000000001,-1.278661452341348,0.40507072590618476,749.0910964847749,750.0,25.59831162587938,0.0341724948354124,0.0,0.0,-28.128515688536083,789.215447503447,47.35855167751732,54.45,17.35317648074512,0.3664211819421676,18.950000000000003,6.599999999999994,-1.3454406092919469,0.740247992523738,54006.0,11.97335474090166,74,attack,1
919.0090570650664,750.0,2149.264382609256,2.338675953285068,0.0,0.0,28.462300533501562,1317.3209237246706,1.3163860643440572,1.0,3.895443833393835,2.959195587758594,0.0,0.0,20.34838190584523,570.4067629560317,47.25024461943329,55.1,18.441096117117098,0.3902857279501271,20.35,6.850000000000001,-1.2935284392306774,0.44341089007110357,749.090841560013,750.0,25.601929761144653,0.03417733650010667,0.0,0.0,-28.124591380970717,788.9946387818865,48.264667743105335,55.45,17.550171841626405,0.3636235917967853,18.950000000000003,6.599999999999994,-1.3595574827552177,0.777511991514173,53991.0,11.963683724497612,75,attack,1
917.9913575003231,750.0,2160.9399341605904,2.353987231475466,0.0,0.0,28.66026328536368,1339.3797980870083,1.3159867777141696,1.0,3.9288095055832906,2.9854475532098563,0.0,0.0,20.434475209537606,575.3197992519985,47.987122157618074,56.05,18.845687819801345,0.3927238594950738,20.549999999999997,6.900000000000006,-1.3000782147264345,0.446472639254496,749.0935255119942,750.0,25.564191492224325,0.034126835463904964,0.0,0.0,-28.166388425250663,791.3473895302743,48.983571887776776,56.4,17.968843377127822,0.3668340769083791,19.25,6.649999999999999,-1.3642336408625737,0.769965221942225,54151.0,11.966733913461905,76,attack,1
919.0298490982701,750.0,2169.6754604316466,2.3608324175329884,0.0,0.0,28.80305037599934,1362.3810576354506,1.3182738314317262,1.0,3.958736498531176,3.0029697959123904,0.0,0.0,20.50028428355586,580.2365066264377,48.70729766408062,57.0,19.250182994376086,0.39522174124991966,20.75,7.0,-1.3009994333144803,0.4306670962072312,749.0966760512215,750.0,25.51981446515308,0.03406745121294343,0.0,0.0,-28.215682018064786,794.1266212201767,49.70360269043062,57.35,18.376404337120206,0.3697197656188853,19.5,6.749999999999993,-1.3641853009732021,0.7443700136370932,54340.0,11.969771544304836,77,attack,1
921.091715542522,750.0,2182.5589108565937,2.3695348400469207,0.0,0.0,28.98986383791004,1385.9832975669335,1.321865835777126,1.0,3.9921172191070324,3.020062332392503,0.0,0.0,20.587690500142198,586.0697574153671,49.41509869511682,57.95,19.653347714609257,0.39771948723339073,21.15,7.049999999999997,-1.299599742360449,0.4109576238052859,749.1003162831792,750.0,25.468437168454994,0.033998700327376806,0.0,0.0,-28.272953087014447,797.3617452072153,50.43653448933284,58.25,18.756948580718067,0.37189209708064097,19.799999999999997,6.799999999999997,-1.3650710103171815,0.7286366079015956,54560.0,11.971139362034283,78,attack,1
919.532179397851,750.0,2199.946549962725,2.392462818868769,0.0,0.0,29.081431792585118,1397.9834220810546,1.3210422091019105,1.0,4.0341283807236765,3.053746771245269,0.0,0.0,20.61688406334289,587.6562772089417,50.27849745835782,58.95,19.94461798784081,0.3966828564111239,21.099999999999994,7.049999999999997,-1.3147844206209405,0.4450235641429443,749.0999512127416,750.0,25.47362711668202,0.03400564514180245,0.0,0.0,-28.26722842108491,797.0380243810941,51.28356898421284,59.25,19.057637710235497,0.3716129373933045,19.799999999999997,6.799999999999997,-1.3779450169584497,0.7511708916167588,54538.0,11.97926481521675,79,attack,1
919.1098705353044,750.0,2213.6162439641816,2.4084348508573146,0.0,0.0,29.201929068535875,1416.608513401055,1.321843724175925,1.0,4.073629938265663,3.0817787789591233,0.0,0.0,20.65004237142293,590.1403001790775,51.20243046118776,59.95,20.172852022231027,0.3939823137404066,20.999999999999993,7.0,-1.3344906912300454,0.49814419622769135,749.0985772656321,750.0,25.49306744308489,0.03403165913909484,0.0,0.0,-28.24562746499849,795.8172452503802,52.187518538481314,60.3,19.298201020318864,0.36978575645609635,19.75,6.799999999999997,-1.3935393463716335,0.7880115199830113,54455.0,11.974720854975693,80,attack,1
919.7351939347325,750.0,2231.5664903102997,2.426314122832902,0.0,0.0,29.265763440352494,1426.3579585513,1.3236274402080357,1.0,4.113106341094316,3.1074501904008995,0.0,0.0,20.685323024766223,592.3344917842396,51.95420251663758,60.9,20.545076038577115,0.39544589356362175,21.249999999999993,7.100000000000001,-1.336389196071397,0.49031706038639333,749.101067896939,750.0,25.457896598429866,0.03398459525615354,0.0,0.0,-28.284906546306665,798.0376744579012,52.94025771543421,61.25,19.663323863745678,0.37142478545232,20.049999999999997,6.849999999999994,-1.3941117113187855,0.7730518444409284,54606.0,11.979016240030894,81,attack,1
920.3867172466876,750.0,2255.7212346402152,2.4508407089882236,0.0,0.0,29.217549722116377,1425.2520628616865,1.3257829823886231,1.0,4.161961840805869,3.1392481998127537,0.0,0.0,20.662162541187506,591.1917032304,52.88723350401747,61.9,20.717293804364612,0.3917257990586871,21.199999999999996,7.050000000000004,-1.348769942401215,0.5239354729583021,749.1004234221791,750.0,25.467036943784187,0.033996826256539756,0.0,0.0,-28.27476398891505,797.4639719541855,53.88503486323236,62.25,19.810940638510115,0.3676519963064515,20.0,6.849999999999994,-1.4049578025621017,0.8010309614180495,54567.0,11.978583674095228,82,attack,1
919.8098429089312,750.0,2264.7639321747815,2.462208846355009,0.0,0.0,29.490263007966067,1454.8718904867123,1.326137903255337,1.0,4.194691367899082,3.163088361777582,0.0,0.0,20.763924303784222,596.856024244498,53.71222807846641,62.9,21.029728723882346,0.39152590529591724,21.287499999999994,7.100000000000001,-1.3576629229968373,0.5417370929972507,749.1012614668275,750.0,25.455213322761722,0.03398100448117982,0.0,0.0,-28.28802148093367,798.2138140857264,54.71478436735141,63.25,20.112940759332734,0.36759608928175225,20.099999999999994,6.849999999999994,-1.414378186673334,0.8194000450365544,54618.0,11.984762832323165,83,attack,1
932.023925667828,750.0,2358.9001261022154,2.530943746333529,0.0,0.0,28.868122518529095,1399.7367430170684,1.3494192799070848,1.0,4.367332078146247,3.236453001062029,0.0,0.0,20.261390306138956,570.9365088237217,53.67812728985686,63.0,21.571795496648875,0.40187310149929784,22.550000000000004,7.700000000000003,-1.2962020822413234,0.36001168675681106,749.0497985915233,750.0,26.172960040203126,0.03494154873203021,0.0,0.0,-27.508395920976632,754.7133749045835,54.73483837289974,63.35,20.641796178864386,0.37712354311225177,21.14999999999999,7.450000000000003,-1.3520609573676603,0.6263553789380594,51660.0,11.978242386642666,84,attack,1
928.3249059878507,750.0,2362.5964224156737,2.5450102729944355,0.0,0.0,29.321955526542222,1440.9943208761088,1.3453668884389163,1.0,4.392733861507421,3.265082483637224,0.0,0.0,20.441114775920273,579.8662174034228,54.352625350192596,63.9,22.027341345280085,0.4052672930398206,22.900000000000006,7.800000000000004,-1.293323035210083,0.33454145901159116,749.0533698605274,750.0,26.123820090451208,0.03487577940583249,0.0,0.0,-27.56046801300319,757.5808961232348,55.38460802373927,64.3,21.12688630862315,0.3814577201587781,21.549999999999997,7.549999999999997,-1.3468307845809957,0.585434575495718,51855.0,11.995006863723233,85,attack,1
927.8234260671468,750.0,2377.620439563816,2.562578582049886,0.0,0.0,29.54565087588549,1462.8197582260643,1.3461011255478117,1.0,4.434102288671518,3.2940335644300185,0.0,0.0,20.512482732003974,583.3193887552039,55.27562011860178,64.95,22.242021062153185,0.4023839264838592,22.800000000000004,7.75,-1.3091590458678286,0.37700664345855905,749.0523079589327,750.0,26.138474920110777,0.03489539334220146,0.0,0.0,-27.54498770172947,756.7278106114027,56.31199249107091,65.3,21.33102095311092,0.3788006783189791,21.449999999999996,7.549999999999997,-1.362248930810131,0.6253653775024461,51797.0,11.994911877476374,86,attack,1
933.7691940298507,750.0,2435.0136180362797,2.6077253711139643,0.0,0.0,29.182714965868026,1428.8714136298704,1.3587064676616916,1.0,4.547941015558903,3.3472579426120084,0.0,0.0,20.229316771547477,567.3365882423184,56.344577784076,66.25,22.634476424280095,0.4017152548559341,22.0,7.450000000000003,-1.3413615744244727,0.42618306718822296,749.0231303253845,750.0,26.537290028759113,0.03542919965266093,0.0,0.0,-27.128880497711307,733.9775445119175,57.414295483801,66.6,21.67785615573996,0.37756896558725866,20.6,7.200000000000003,-1.398531703890246,0.6881453410434122,50250.0,11.987837407499148,87,attack,1
935.0710687190108,750.0,2461.0499823487335,2.6319389666501167,0.0,0.0,29.10761241025296,1424.6727011843857,1.3618351619904816,1.0,4.599666780578015,3.377550315160803,0.0,0.0,20.197882838918783,565.6817626053644,57.26059862495843,67.25,22.83943184754622,0.398868199006063,21.950000000000003,7.450000000000003,-1.354056869494227,0.46251448324300126,749.0225254295277,750.0,26.545518770228423,0.03544021423789073,0.0,0.0,-27.1204752560658,733.5215337222394,58.34669157842648,67.6,21.857110640065578,0.37460754069811186,20.550000000000004,7.200000000000003,-1.4113353255445953,0.7253071640691835,50219.0,11.983459408358707,88,attack,1
935.8322071398673,750.0,2488.767516268901,2.6594163967440116,0.0,0.0,29.127520555726857,1424.2478058479994,1.3642887041798721,1.0,4.65346025369976,3.4109057998080683,0.0,0.0,20.19955030017067,565.0884452029144,58.190148814486825,68.25,23.048914883990868,0.3960965103813704,21.85,7.450000000000003,-1.3707368682108751,0.5134946061570074,749.0215494101847,750.0,26.558774900202806,0.035457958347281805,0.0,0.0,-27.106914056773768,732.7861140080284,59.28601105914011,68.6,22.038518286962724,0.3717321825713395,20.5,7.200000000000003,-1.427249269742098,0.7775170093543506,50169.0,11.97681391632239,89,attack,1
937.5638323353294,750.0,2512.0024376587844,2.6792868400242864,0.0,0.0,29.083216556736634,1425.6419542218262,1.3680838323353293,1.0,4.703430535614551,3.4379695340641225,0.0,0.0,20.174623891307238,564.2741529337245,59.15130104484873,69.3,23.22355010633068,0.3926126677876874,21.700000000000003,7.400000000000006,-1.3895364529381296,0.5737749002762529,749.0202000443558,750.0,26.57708100797404,0.03548246229727875,0.0,0.0,-27.088189155366447,731.7712853138202,60.27273729994012,69.65,22.164911752804286,0.36774357272846653,20.400000000000006,7.150000000000006,-1.4470882073826419,0.8476878584921921,50100.0,11.971427485665657,90,attack,1
939.2930098946697,750.0,2530.8646129576478,2.6944356939709935,0.0,0.0,29.19746848154853,1440.1021903248893,1.3716485796361315,1.0,4.74703232457372,3.4608225423402574,0.0,0.0,20.215887012829032,566.9616792374912,59.987105468241616,70.3,23.53096323328638,0.39226702221436816,21.799999999999997,7.400000000000006,-1.3980829414701954,0.5940136698403644,749.0207455726528,750.0,26.569714671358366,0.03547260183166873,0.0,0.0,-27.09578698385516,732.1829386012786,61.11164651045324,70.65,22.466385679371392,0.3676285448392964,20.5,7.150000000000006,-1.4547552423163936,0.8638241550920132,50128.0,11.971743508346247,91,attack,1
940.6914899958275,750.0,2548.5633959456745,2.709244659964957,0.0,0.0,29.26491846108248,1449.780556038801,1.3743567326988417,1.0,4.785460140754684,3.481963617522661,0.0,0.0,20.25820267817139,569.5332421930179,60.63150883232177,71.2,24.033755577110092,0.3963905243324251,22.15,7.5,-1.392435258530023,0.5626347538162504,749.0246547284088,750.0,26.516723583149275,0.03540166991267338,0.0,0.0,-27.150275900204388,735.1387256466729,61.77377461775517,71.55,22.95935354634899,0.37166829594625345,20.800000000000004,7.25,-1.4520113839905144,0.8402473668910959,50329.0,11.984726683334907,92,attack,1
940.8672063005906,750.0,2566.3044676341433,2.727594766241915,0.0,0.0,29.34514909733203,1461.770723896786,1.376026729778644,1.0,4.829820964993284,3.50997612217187,0.0,0.0,20.278840800048542,570.8873443991454,61.56849890422016,72.2,24.222707257408683,0.3934269584043466,22.1,7.5,-1.405489369952314,0.6004671287093983,749.02372195145,750.0,26.529405446158176,0.035418645189287806,0.0,0.0,-27.137271719605593,734.432733077229,62.72063143221098,72.6,23.13033386674299,0.3687834981658701,20.700000000000003,7.25,-1.465068196379571,0.8780535430258642,50281.0,11.98543507796014,93,attack,1
941.0827241399917,750.0,2594.0622802981866,2.756465732243433,0.0,0.0,29.32588810867343,1459.1337173423146,1.3778260263330877,1.0,4.884408529710506,3.5450110800343575,0.0,0.0,20.263593434931114,569.5891768432513,62.49216257884709,73.25,24.483646126864052,0.39178746768401157,21.950000000000003,7.450000000000003,-1.4254571442833468,0.6598387245166921,749.0222034709293,750.0,26.55002297674404,0.035446242920053155,0.0,0.0,-27.11612760318948,733.2855655572295,63.63297293705555,73.6,23.40690771813818,0.3678424351050173,20.6,7.200000000000003,-1.4851003946893322,0.9366320700028363,50203.0,11.99070175181623,94,attack,1
943.0178496639477,750.0,2621.1057322337388,2.779486870972582,0.0,0.0,29.26411400830707,1455.599961393771,1.3818830896870824,1.0,4.937917971816222,3.5733254199777336,0.0,0.0,20.234815649054912,568.1095486324559,63.42000417997626,74.25,24.714574251272285,0.389696824698026,21.85,7.450000000000003,-1.4426404837206632,0.7128848037530764,749.0209928003031,750.0,26.566453651990766,0.035468236414401354,0.0,0.0,-27.099308727149104,732.3736967643698,64.57611409483256,74.6,23.620013578292706,0.36577012893042443,20.5,7.200000000000003,-1.5042812729162838,0.9984053401266371,50141.0,11.984766410267676,95,attack,1
944.8706225292497,750.0,2641.592350983926,2.7957185756425105,0.0,0.0,29.327458907126687,1464.282417946737,1.3858163957992253,1.0,4.9851123723867214,3.5972387016764347,0.0,0.0,20.249528598173637,568.9515774874576,64.3812697415603,75.3,24.878941621853368,0.386431359954884,21.75,7.400000000000006,-1.458500969894665,0.7659670935787863,749.01991616087,750.0,26.581058716232153,0.03548778629608993,0.0,0.0,-27.08437990379207,731.5647729344395,65.56003243369405,75.65,23.733232891033335,0.3620076441395388,20.450000000000003,7.150000000000006,-1.5204469549206434,1.0581988486914256,50086.0,11.974530898473954,96,attack,1
958.4064434617815,750.0,2737.493782002622,2.856297347203494,0.0,0.0,28.8603739421897,1429.1345444001804,1.4121499263002737,1.0,5.169557107568173,3.660770723624242,0.0,0.0,19.820614117331637,548.9825940439899,64.31557244371656,76.1,26.178391844512443,0.407030379266569,22.39999999999999,7.5,-1.391576395332956,0.48175925317264356,748.9663390882073,750.0,27.29693623987898,0.036446145594620866,0.0,0.0,-26.370191367944326,693.3880501920772,65.56289491840387,76.45,25.03833928448935,0.38189801282647373,20.849999999999994,7.25,-1.4612144506158018,0.7777123891288382,47490.0,11.993988370717856,97,attack,1
960.5373531648779,750.0,2775.048548445599,2.889058441404784,0.0,0.0,28.68969834875757,1411.855588633431,1.416842727964168,1.0,5.236548673021986,3.69592797398641,0.0,0.0,19.745299983489996,544.5005393812532,65.36302741424974,77.15,26.304392746044048,0.402435348952479,22.10000000000001,7.400000000000006,-1.416807022782739,0.5609272781825045,748.9628869971043,750.0,27.34243497401999,0.03650706256440408,0.0,0.0,-26.326097181813868,691.064425539994,66.62163354616327,77.5,25.139916078949586,0.3773536423649791,20.549999999999997,7.200000000000003,-1.4872508980231003,0.8630340136350179,47332.0,11.9812669426389,98,attack,1
961.1827227117501,750.0,2789.125732343231,2.901764322681926,0.0,0.0,28.79449493189011,1426.8893478378372,1.418799274842953,1.0,5.274214113664078,3.717378636416262,0.0,0.0,19.790147688723035,547.3432553767625,66.0862787670821,78.1,26.719402161118442,0.40431088963701045,22.299999999999997,7.450000000000003,-1.4133401647954282,0.540144266859206,748.9652028527613,750.0,27.31195450622703,0.03646625290760841,0.0,0.0,-26.355685483005765,692.6231716971313,67.37096206802563,78.45,25.52974354750088,0.37894283774251364,20.749999999999993,7.25,-1.4855537111029686,0.8465857781179831,47438.0,11.982486298572207,99,attack,1
961.2741979536526,750.0,2809.7556205465526,2.922949171555756,0.0,0.0,28.876835285717213,1433.772023157037,1.419858394436624,1.0,5.316531903277899,3.744409952506151,0.0,0.0,19.834575730340173,549.3109762702131,66.70725181944819,79.05,27.265248003955158,0.40872989458105813,22.699999999999996,7.549999999999997,-1.406013507246076,0.5038384492108485,748.9686581087043,750.0,27.26640339821683,0.03640526623246152,0.0,0.0,-26.400006380205873,694.9613346236303,67.98303066176439,79.4,26.10934320055977,0.3840567704382208,21.099999999999994,7.299999999999997,-1.4782136731624227,0.8032542673870786,47597.0,11.990286982890535,100,attack,1
963.381255763266,750.0,2834.784145941695,2.9425361236614025,0.0,0.0,28.88750743001351,1434.8058086434912,1.423715315617403,1.0,5.363974417876964,3.76758917954805,0.0,0.0,19.850586929373364,550.0522969866831,67.3878883557323,80.0,27.73776490766589,0.4116135048072982,22.949999999999996,7.599999999999994,-1.4009027456649132,0.47602391065015315,748.9712286971844,750.0,27.23246987748931,0.03635983444231826,0.0,0.0,-26.43312848141155,696.7112620299674,68.67436315055745,80.35,26.585435886398255,0.38712315144610776,21.299999999999997,7.3500000000000085,-1.473601625254731,0.7722482560907631,47716.0,11.989014574319222,101,attack,1
962.490743449371,750.0,2832.042074895576,2.942409674243841,0.0,0.0,29.21444872507532,1476.267216495042,1.4235028626352961,1.0,5.384781521816562,3.782768312701421,0.0,0.0,19.972420664826164,557.6947762013738,68.03514979149573,80.95,28.245722755115303,0.41516367409609156,23.199999999999996,7.6499999999999915,-1.3932989986345683,0.4392753956349722,748.9742797114666,750.0,27.19213499943546,0.03630583283835982,0.0,0.0,-26.472598346798396,698.7994278449944,69.32886638513936,81.35,27.10008458889565,0.39089178868651675,21.63749999999999,7.3999999999999915,-1.466776561519755,0.7329052060144243,47858.0,11.99704461784426,102,attack,1
964.1724619262901,750.0,2855.5579535486077,2.9616671978409106,0.0,0.0,29.275905950831348,1488.2185461153244,1.426717223275485,1.0,5.430077239267444,3.805994033492473,0.0,0.0,20.00820551048229,561.1133396150769,68.71894395853307,81.9,28.677756848755568,0.4173195220529076,23.599999999999994,7.699999999999989,-1.385557817416677,0.4075818201809307,748.9772913958361,750.0,27.15226073657037,0.03625244857019349,0.0,0.0,-26.511732131188502,700.8728895241554,70.0370520932311,82.3,27.508706980766025,0.39277362708166685,21.950000000000003,7.450000000000003,-1.4593539233802717,0.6998628709825994,47999.0,12.00449393567603,103,attack,1
965.1013729546737,750.0,2881.890186699392,2.986101012245416,0.0,0.0,29.265110399896265,1489.1296061670853,1.4297745177940777,1.0,5.486297091516158,3.8371764381286293,0.0,0.0,19.987692553369115,559.9779095724568,69.75212440158951,82.95,28.828507055100957,0.41329934109424793,23.200000000000003,7.6499999999999915,-1.4077863077968875,0.4743726375934889,748.974169692761,750.0,27.193628233627862,0.036307831877276944,0.0,0.0,-26.471207427575788,698.7257507853955,71.08364441065345,83.35,27.634859734109483,0.3887653758220617,21.599999999999994,7.3999999999999915,-1.4827904961062475,0.7738863072801729,47853.0,11.998551458054735,104,attack,1
972.504802101727,750.0,2950.1038722283583,3.0335108534711055,0.0,0.0,28.830870586747512,1446.7647913893154,1.4454326198372023,1.0,5.619817721826304,3.887983185587204,0.0,0.0,19.68795435940205,543.299660547608,69.8185778689243,83.4,29.479955245295315,0.42223654713563874,24.450000000000003,8.0,-1.3639859246605759,0.33371284796160827,748.9429104653619,750.0,27.60426263384824,0.03685763260205788,0.0,0.0,-26.07519717795853,677.9167916961632,71.19321874514405,83.8,28.288372673598822,0.3973464491732693,22.599999999999994,7.75,-1.4390588403679674,0.6240806610859377,46438.0,12.010845050598427,105,attack,1
973.8598835956025,750.0,2976.96412707073,3.056871093282369,0.0,0.0,28.847724138928726,1448.1465801663442,1.4488251778400518,1.0,5.674223285505633,3.916430617229416,0.0,0.0,19.68787224355741,543.0636296739714,70.7302692755427,84.4,29.724455706417203,0.4202508489062886,24.349999999999994,7.950000000000003,-1.3749863731187644,0.3632118542237386,748.9418152903805,750.0,27.61855528819734,0.03687677029688754,0.0,0.0,-26.06165716531499,677.210840688448,72.11911978803622,84.8,28.513375167798856,0.3953649913033037,22.5,7.700000000000003,-1.4503149638070747,0.6552287535233199,46390.0,12.008837037626034,106,attack,1
973.2396897751086,750.0,3003.5171706598967,3.086102223547762,0.0,0.0,28.821439225224026,1447.7491198128482,1.4497612823781028,1.0,5.730119348636659,3.952457151592095,0.0,0.0,19.66691149200606,541.9547713823802,71.69833079306906,85.45,29.946968570417226,0.4176801361924055,24.049999999999997,7.900000000000006,-1.3928891543554995,0.4148687836585201,748.9395050155231,750.0,27.648661180143,0.03691708208070815,0.0,0.0,-26.033144816023345,675.7254776762979,73.07878674857957,85.85,28.75350761835053,0.39345901728328037,22.25,7.650000000000006,-1.4683166795954656,0.7063673442191774,46289.0,12.01448792076866,107,attack,1
978.8133595284872,750.0,3066.250116219105,3.132619805778065,0.0,0.0,28.648991126795742,1435.4545683686922,1.4619765568089005,1.0,5.848404153546682,4.000340584333423,0.0,0.0,19.50163165875229,534.8871860080573,72.79306480015983,86.65,30.265044789962634,0.41576824486027386,23.299999999999997,7.700000000000003,-1.4276254317840995,0.502253390122867,748.9163745874305,750.0,27.94812592986992,0.03731808634210492,0.0,0.0,-25.752575566633798,661.195963744646,74.1966859190084,87.05,29.058446372772302,0.3916407587866109,21.599999999999994,7.450000000000003,-1.5075993477678293,0.8112690232041206,45301.0,12.007872109926522,108,attack,1
979.6744278169014,750.0,3092.9248395214536,3.157094593571971,0.0,0.0,28.86484582026119,1467.408482460765,1.464106514084507,1.0,5.896894059163075,4.0276400674648665,0.0,0.0,19.591068471749317,543.3739917596728,73.45806590808198,87.6,30.70568947613962,0.4180029666798147,23.64999999999999,7.799999999999997,-1.4172163993228506,0.4629590235354484,748.9196880249385,750.0,27.90544553731213,0.03726093195774404,0.0,0.0,-25.79223185059835,663.2400269517965,74.8808091131382,88.0,29.49397777110236,0.3938789941030098,21.89999999999999,7.5,-1.4973924772026173,0.7683524424942716,45440.0,12.01732104677983,109,attack,1
981.8722720165606,750.0,3120.754329837625,3.1783709742900137,0.0,0.0,28.830090824012043,1464.9460011391718,1.4686075447598494,1.0,5.95201935385535,4.052831796413412,0.0,0.0,19.575296304113838,542.4226154431152,74.32468662307201,88.6,31.02574811816905,0.4174353035016764,23.599999999999994,7.75,-1.4271105568260056,0.4886544647753319,748.9189491870854,750.0,27.91498886680469,0.037273711523930636,0.0,0.0,-25.783391883207102,662.7840851746076,75.7562797338413,89.0,29.81582387557642,0.39357560825755955,21.849999999999994,7.5,-1.5089245915082394,0.7990945014861559,45409.0,12.013344104130097,110,attack,1
984.0593667546174,750.0,3144.483004824123,3.195420023483424,0.0,0.0,28.915897970853138,1478.0205003331234,1.47273526824978,1.0,5.999901405911991,4.073985009568189,0.0,0.0,19.61162241128963,545.5577696974927,75.03577221457606,89.6,31.48831933901706,0.41964410320149015,23.799999999999997,7.799999999999997,-1.4252147626429934,0.474134130037156,748.9206355431949,750.0,27.893256904247334,0.03724460988315037,0.0,0.0,-25.80363100998705,663.8281486630477,76.46878609956023,89.95,30.293724482028768,0.3961580407800273,22.0,7.549999999999997,-1.506581929145661,0.7791869420808766,45480.0,12.018990844242913,111,attack,1
986.7811984969345,750.0,3167.147385830077,3.2095741088848033,0.0,0.0,28.92447217141958,1481.8697000735744,1.4777287010789548,1.0,6.048231255988634,4.092923993133891,0.0,0.0,19.616193411216695,546.033806180997,75.87073437207432,90.55,31.7716503783679,0.4187602853895937,23.82499999999999,7.799999999999997,-1.4269241053962245,0.4764606986484523,748.9212746704587,750.0,27.885026012831293,0.03723358776942382,0.0,0.0,-25.81132292236267,664.2251531511233,77.336209175907,90.95,30.53387875078222,0.3948199566044235,22.049999999999997,7.549999999999997,-1.50897408349133,0.7844599284162208,45507.0,12.010023362335605,112,attack,1
989.2449250364866,750.0,3204.204302047734,3.2390404246244198,0.0,0.0,28.851261872770017,1472.841023004984,1.4835036044403167,1.0,6.120708729769011,4.125846888035151,0.0,0.0,19.55983266260648,542.463813488013,77.1706655792988,91.65,31.668993671623426,0.4103760597876546,23.14999999999999,7.699999999999989,-1.4670069999709485,0.6092248827430748,748.9144750205769,750.0,27.97265741050272,0.037350937047563613,0.0,0.0,-25.730005232430944,660.0339134183719,78.66008725365971,92.05,30.364624183940716,0.38602327106531376,21.450000000000003,7.450000000000003,-1.550614515547356,0.9321633393709292,45222.0,11.98684163561074,113,attack,1
987.5296931048226,750.0,3220.4716412653534,3.2611390459967793,0.0,0.0,29.044493332897883,1492.1653199214347,1.482905982905983,1.0,6.166362894034365,4.158296591366113,0.0,0.0,19.615111249680513,545.2006582707033,78.1208573147807,92.7,31.88223707226951,0.4081142753439458,23.0,7.6499999999999915,-1.4797936342387104,0.6480644363595633,748.9130316047415,750.0,27.99123646663977,0.037375817064714774,0.0,0.0,-25.712852353785284,659.1515064691289,79.6032271581418,93.05,30.59438713736092,0.38433601538014694,21.299999999999997,7.450000000000003,-1.563847842795566,0.9712507057117716,45162.0,11.993099644243284,114,attack,1
988.087052438836,750.0,3235.1539346026725,3.274158816895268,0.0,0.0,29.160481711762458,1506.0474812809794,1.4845021950627633,1.0,6.202498435880204,4.178167237818041,0.0,0.0,19.67054545887322,548.3296586182045,78.67163655591837,93.6,32.499853807517795,0.4131076361226767,23.450000000000003,7.75,-1.465767695328866,0.5916506224655333,748.9170349723328,750.0,27.939735256347106,0.037306849693142956,0.0,0.0,-25.760563325194312,661.6073432390368,80.16442438372786,94.0,31.228216977793952,0.38955206399676706,21.700000000000003,7.5,-1.5499192839731144,0.9093553058286394,45329.0,12.010318457379292,115,attack,1
989.0896688304543,750.0,3253.2230244914163,3.2891082851347324,0.0,0.0,29.218532185628632,1514.5630437145348,1.4868742435911542,1.0,6.243501047074218,4.19907808208089,0.0,0.0,19.701251840706796,550.1505471736774,79.32193978483943,94.6,33.0003141009713,0.41603009445412675,23.700000000000003,7.799999999999997,-1.4575368903644512,0.5578417433246208,748.9197980886331,750.0,27.90413788887779,0.03725918043573391,0.0,0.0,-25.793651728931223,663.3131794629874,80.83454301131037,95.0,31.72536419922448,0.39247285897052037,21.950000000000003,7.5,-1.5426297738528132,0.8754339541373883,45445.0,12.018199118485002,116,attack,1
989.5154886226228,750.0,3271.8319501667033,3.306498976303039,0.0,0.0,29.29802324315395,1524.7750925601706,1.4887545344619104,1.0,6.2876899156190955,4.223456432924783,0.0,0.0,19.73022485811862,551.7996894602755,80.06665779358894,95.55,33.446156368671424,0.4177288935288805,23.849999999999994,7.799999999999997,-1.4585323256985874,0.5534445549534501,748.9207468602875,750.0,27.891913938600446,0.03724281114594857,0.0,0.0,-25.80505122822182,663.90136746845,81.5958208228427,95.95,32.16682841223536,0.3942215187965886,22.0,7.549999999999997,-1.5450509341546108,0.8746568211473242,45485.0,12.022943624118813,117,attack,1
996.3803711715815,750.0,3337.499290988193,3.349623685444381,0.0,0.0,29.305563287879785,1527.0260102079253,1.5054764886712968,1.0,6.434832472505257,4.274282940269968,0.0,0.0,19.55126544449667,543.0889030949675,80.36707836245137,96.2,34.00543215805071,0.42312639517251044,24.900000000000006,8.149999999999991,-1.4238536035800795,0.4460625678371941,748.882161417376,750.0,28.3853862109435,0.03790367520201007,0.0,0.0,-25.353744889880065,640.8130431862359,81.94202940250483,96.65,32.7074928778785,0.39915404971503776,22.85000000000001,7.8999999999999915,-1.5090658672078163,0.7559546799274499,43915.0,12.022540074428637,118,attack,1
998.5859673024523,750.0,3362.400098555201,3.3671613748371403,0.0,0.0,29.444994724495963,1548.337482747232,1.509423251589464,1.0,6.481914491195945,4.294298821997283,0.0,0.0,19.611848780461326,548.6190393728026,80.97653965148649,97.15,34.53361927907048,0.4264644973432937,25.262500000000003,8.199999999999989,-1.4127601433530914,0.40321801679927294,748.885333043299,750.0,28.345165882741657,0.0378498077503446,0.0,0.0,-25.38997012526728,642.6512370473237,82.57965020499545,97.6,33.226497484872475,0.4023569656978581,23.150000000000006,7.949999999999989,-1.4990228366989284,0.7127720807795122,44040.0,12.030591678704718,119,attack,1
1000.702421209252,750.0,3372.5723627372467,3.3702050592241193,0.0,0.0,29.675565172072286,1577.5312720393501,1.5124667478245186,1.0,6.507953296130334,4.302873637050967,0.0,0.0,19.722143351884817,556.0208840949416,81.27588207264353,98.0,35.31979526662796,0.43456674189102623,26.10000000000001,8.400000000000006,-1.3800321004154972,0.2917700759442847,748.8933228880172,750.0,28.243566090150804,0.037713737360126114,0.0,0.0,-25.481895999929826,647.3276716983428,82.90023912762072,98.5,34.02148451787207,0.4103906680594457,23.950000000000003,8.049999999999997,-1.4658667926379132,0.5919592862866874,44358.0,12.044722302213206,120,attack,1
999.712904676259,750.0,3393.770364863951,3.3947449802730807,0.0,0.0,29.761654145097456,1584.3619078717893,1.509554856115108,1.0,6.527583867769742,4.324177979572539,0.0,0.0,19.850085449962627,563.7399037606281,81.8869873074133,98.95,35.843561764734076,0.4377198739791606,26.39999999999999,8.450000000000003,-1.3697158019645537,0.2529701095512764,748.9125891848504,750.0,27.997001468458134,0.037383536974497,0.0,0.0,-25.70766608226017,658.8847535619936,83.50551605892535,99.45,34.58482042250229,0.41416210634633577,24.30000000000001,8.099999999999994,-1.4549462334935337,0.5446438416639645,44480.0,12.058286345770215,121,attack,1
922.0026040497463,750.0,2404.263151275537,2.6076533197576692,0.0,0.0,25.342726807632413,763.3923649510252,1.2293584160193958,1.0,3.2056794107524675,2.607603583283958,0.0,0.0,25.34282135522151,763.3962627040169,82.5910357307007,99.9,36.29331858237687,0.4394341136575181,26.599999999999994,8.5,-1.3668037396939288,0.23931574729675997,749.9837920351996,750.0,3.4208022286867465,0.004561168207920679,0.0,0.0,-211.05212631586872,44541.000022449276,83.87684867893863,100.3,35.25894351424297,0.4203656201868782,24.849999999999994,8.200000000000003,-1.436212097748371,0.46876010115158895,44546.0,12.068479669313453,122,attack,1
892.4231766012588,750.0,1929.4745261303615,2.162062322808168,0.0,0.0,25.777434637762397,764.1810052577069,1.1914568678267308,1.0,2.5722433235162594,2.158905952011627,0.0,0.0,25.78746611529684,764.5830498486607,82.84122106957238,101.15,37.35216424471558,0.45088862479883274,27.650000000000006,8.299999999999997,-1.3162377753713101,0.06596349613537411,748.8639392817475,750.0,28.61721867377659,0.03821417639795023,0.0,0.0,-25.150168741696003,630.5309877357828,84.1076886295122,101.5,36.353564585029794,0.4322264132731599,25.650000000000006,8.049999999999997,-1.382818664214528,0.27357554419709373,43216.0,12.080667712137044,123,attack,1
871.5212091887283,750.0,1617.5015911881105,1.8559520687899171,0.0,0.0,28.37085469946335,925.6147938481182,1.1651114029630654,1.0,2.1565469977997678,1.8509363073053122,0.0,0.0,28.37172867926542,925.6623402868142,83.35343995034131,102.05,37.9089731249662,0.45479794412265256,28.5,8.400000000000006,-1.2983742458258674,0.010017495462295134,748.8687818253036,750.0,28.556257940634712,0.03813252552874654,0.0,0.0,-25.204197452861713,633.2515692428402,84.57706417941982,102.4,36.951976525281246,0.4369030408396794,26.30000000000001,8.150000000000006,-1.3617079435523942,0.20263430068569477,43401.0,12.08588312933504,124,attack,1
870.220599078341,750.0,1598.4967238981146,1.8368867912240847,0.0,0.0,29.078034995124646,975.6198994347432,1.1649078341013825,1.0,2.1322990914664346,1.8304444601072702,0.0,0.0,29.033358844584747,973.5902816866582,84.20084168712339,103.05,38.19616734897228,0.45363165716208653,28.512500000000003,8.400000000000006,-1.3016317960196064,0.016991435569928548,748.8687557603687,750.0,28.5565864116166,0.03813296547887285,0.0,0.0,-25.20390571710467,633.2368633967018,85.42948557184332,103.4,37.23620174511522,0.4358706071547256,26.262500000000003,8.150000000000006,-1.3647040706990952,0.20772643178943717,43400.0,12.077694543317762,125,attack,1
864.640546550815,750.0,1512.093817721335,1.7488120627159012,0.0,0.0,30.760239295746217,1100.1016564766028,1.158967422453518,1.0,2.0191188235925277,1.7421704738844868,0.0,0.0,30.62001991033716,1093.2122775261355,84.64527601901496,103.95,38.80907519912246,0.45849073952342334,29.950000000000003,8.549999999999997,-1.2806705296954213,-0.046879079506823906,748.8744354524405,750.0,28.48492070881139,0.03803697837755928,0.0,0.0,-25.267715443639528,636.4574437407398,85.86501447529746,104.3,37.86917679765399,0.44103150775743005,27.0,8.299999999999997,-1.3419052039178079,0.13396014893089747,43619.0,12.08659365893301,126,attack,1
857.3189296150572,750.0,1413.228381411553,1.6484278284233191,0.0,0.0,32.94805223839493,1281.5996165118763,1.1507558500724788,1.0,1.89051860569397,1.6428494415865,0.0,0.0,32.62791036398816,1264.3020099303042,85.73199053928109,105.05,38.95733786232426,0.4544084141435466,28.85000000000001,8.450000000000003,-1.301422681434529,0.009310636505735381,748.87034352638,750.0,28.536570400194694,0.03810615635520818,0.0,0.0,-25.221695423071928,634.1339200142069,86.92876034124849,105.35,38.03815628068559,0.437578496821565,26.549999999999997,8.200000000000003,-1.3617906497742238,0.18764279924531202,43461.0,12.077969561551576,127,attack,1
859.6108859826855,750.0,1416.3001820101906,1.6476061496023422,0.0,0.0,33.03525701264382,1289.8111428957548,1.1553462884509118,1.0,1.898407968115748,1.6431506182108684,0.0,0.0,32.531575366070754,1262.2258970465318,86.61389597864827,106.05,39.23987916671602,0.4530436914694299,28.700000000000003,8.450000000000003,-1.3086156188527822,0.02849204855024512,748.8695892429545,750.0,28.54608095881472,0.03811889462312451,0.0,0.0,-25.21323958704956,633.7074504739629,87.826165172937,106.4,38.301504728847235,0.43610585357368614,26.44999999999999,8.199999999999989,-1.3692011812368565,0.20781322366461508,43432.0,12.062903500529501,128,attack,1
859.5256068407502,750.0,1356.1111134761277,1.5777437026694459,0.0,0.0,33.80100210323313,1380.5874889242448,1.1567442074292018,1.0,1.8234416208498136,1.576356820409163,0.0,0.0,32.999660372412166,1334.197712366188,87.28123478353422,107.0,39.701048479761916,0.4548635062075405,29.35000000000001,8.5,-1.3035624797616798,0.011457139704002639,748.8714600956234,750.0,28.522486017949788,0.038087292062522655,0.0,0.0,-25.23422817135567,634.7662714040405,88.51954853659433,107.35,38.74529464267421,0.4377032563226049,26.64999999999999,8.200000000000003,-1.3642773435995132,0.18967540508951153,43504.0,12.05234926067654,129,attack,1
857.6545011045655,750.0,1287.6422574714773,1.501353115751313,0.0,0.0,34.48088408573994,1460.4403112401253,1.155789764359352,1.0,1.7390337506342874,1.5046280943647432,0.0,0.0,33.26705643548478,1386.7662367188063,88.19231041572525,108.0,39.96785410871324,0.45318978401076926,29.05000000000001,8.450000000000003,-1.3129245948176869,0.03717120174936017,748.8702135493372,750.0,28.53820947351808,0.03810835169723027,0.0,0.0,-25.220237722571717,634.0603907830297,89.43668481928847,108.35,39.00522997667535,0.4361211515776493,26.5625,8.200000000000003,-1.3737159172221542,0.2157628514347354,43456.0,12.041305562878204,130,attack,1
855.861721548238,750.0,1255.4582579930993,1.4668938058381658,0.0,0.0,35.95864060339879,1597.996714275705,1.1549855574812247,1.0,1.7039561258158427,1.4753051367428394,0.0,0.0,34.24294699669224,1487.964083203117,89.35033183380202,109.1,40.053947458998515,0.4482797840471562,28.200000000000003,8.350000000000009,-1.33793092229302,0.10905480053810335,748.8654881571346,750.0,28.597734760417897,0.03818807945174959,0.0,0.0,-25.167412116516587,631.398632642586,90.5875273151242,109.45,39.08439758711547,0.4314545141645572,26.05000000000001,8.099999999999994,-1.398298968789057,0.2880944575375173,43275.0,12.025218401880066,131,attack,1
853.4974860399917,750.0,1172.596562952503,1.3738723102666053,0.0,0.0,34.669860609666074,1474.8203641439684,1.1534094858546307,1.0,1.6043257792923502,1.3909420712832168,0.0,0.0,32.35967102086606,1330.5653218260795,90.3953345123236,110.15,40.21991933326028,0.44493357483816925,27.650000000000006,8.299999999999997,-1.355882135024606,0.16173449779004034,748.8624388887602,750.0,28.636079987200674,0.03823943958211319,0.0,0.0,-25.133498652721055,629.6927545263308,91.64636643008411,110.5,39.224845047767005,0.428002184654982,25.650000000000006,8.049999999999997,-1.4168744844551249,0.3445153828586549,43159.0,12.00848363718249,132,attack,1
853.8301237324403,750.0,1152.402634322826,1.349686081916627,0.0,0.0,34.405461608341895,1469.6631252272657,1.1554563215182807,1.0,1.5880734112227872,1.3744123266693833,0.0,0.0,31.55912202096791,1289.2767040889237,91.59031055397516,111.2,40.20203982342064,0.43893332799356705,27.11250000000001,8.25,-1.379331926798854,0.23437502211037353,748.8581263373337,750.0,28.69022322993625,0.03831196086535133,0.0,0.0,-25.085766914622457,627.295701694767,92.86451287763978,111.55,39.159177861561,0.4216807545543037,25.150000000000006,8.0,-1.44081285509952,0.421309428436349,42996.0,11.984502489495586,133,attack,1
856.7501746867284,750.0,1168.3214144370509,1.3636663860199956,0.0,0.0,33.957677475820695,1435.8711950651875,1.1609214142637536,1.0,1.619318393968195,1.3948561668966653,0.0,0.0,30.734176871915892,1231.932212516827,92.55361801443202,112.25,40.424575335792404,0.4367692609216956,26.900000000000006,8.200000000000003,-1.3917726326126143,0.2719099914439531,748.8564773838915,750.0,28.7108983638051,0.03833965416725218,0.0,0.0,-25.06758742440124,626.3839392799993,93.85892381345786,112.55,39.32790209191695,0.4190107929436749,24.950000000000003,8.0,-1.453991083346752,0.46377090361030326,42934.0,11.967278836850644,134,attack,1
859.1072351421188,750.0,1182.1076989758262,1.375972230964013,0.0,0.0,33.757792230487624,1426.3429592246662,1.1654208194905868,1.0,1.6477885215981412,1.4139000213831776,0.0,0.0,30.164047881943397,1197.3999796696771,92.52191934007932,113.05,41.516193698620455,0.44871738496929525,28.462500000000006,8.400000000000006,-1.347202485528631,0.1307313938782677,748.8672942045035,750.0,28.574998896400974,0.038157627015551844,0.0,0.0,-25.18756312181897,632.4133360156153,93.84266049746218,113.4,40.44588253228194,0.43099675902065604,26.25,8.149999999999991,-1.4084179478133931,0.31347217587886433,43344.0,11.988428452924545,135,attack,1
859.6273557769749,750.0,1169.0913273693393,1.3599978170920992,0.0,0.0,34.36295942257671,1503.3309134275387,1.167590951975516,1.0,1.643381468442974,1.4074976049295687,0.0,0.0,30.126811250836077,1222.1830690196252,93.11258509902402,114.0,42.0498859585553,0.4516026046729966,29.200000000000003,8.450000000000003,-1.3371888944609476,0.09716261759726086,748.8702395471386,750.0,28.53788163625879,0.03810791259847152,0.0,0.0,-25.2205292694119,634.0750966292627,94.436543067469,114.35,40.98601361316288,0.43400586554593534,26.599999999999994,8.200000000000003,-1.3969606122663498,0.27299679301545376,43457.0,11.991322931838784,136,attack,1
854.5251578080688,750.0,993.683650176036,1.1628489121665193,0.0,0.0,31.10539871772516,1271.8800831270335,1.1621763791052968,1.0,1.4382114849844652,1.2375156739045707,0.0,0.0,25.83173050696825,930.5264875546712,93.40883622254928,114.9,42.78496831569133,0.4580398391192338,31.049999999999997,8.599999999999994,-1.3087012839545606,0.009810790259209945,748.8771384136859,750.0,28.450751258566054,0.037991213510445855,0.0,0.0,-25.298252066741668,638.0015576323991,94.75208965115269,115.25,41.71841931800535,0.44029022970996645,27.450000000000003,8.349999999999994,-1.367502937184234,0.17914376994134518,43724.0,12.006048911868204,137,attack,1
855.7705015832224,750.0,1004.3271087701463,1.173593979825299,0.0,0.0,31.27601592666104,1291.9333331606085,1.1654352714423386,1.0,1.4676948317835694,1.2593533658605984,0.0,0.0,25.518333578189395,913.3531515750202,94.50864908816382,115.95,42.91506415070992,0.4540861028568502,30.150000000000006,8.549999999999997,-1.3281482982297772,0.06429800129010133,748.8734798770134,750.0,28.496990739528943,0.0380531444967299,0.0,0.0,-25.256946122232005,635.91332742133,95.86469581978797,116.3,41.82391114137831,0.43628064308472153,27.0,8.25,-1.3876571252054,0.2376883707489501,43582.0,11.98702656031339,138,attack,1
858.0202115602569,750.0,964.2857160447802,1.1238496518529395,0.0,0.0,29.975414910552622,1237.755777893259,1.1707121269361542,1.0,1.4408085053503152,1.2307111818522154,0.0,0.0,23.639281415064477,811.685062226871,93.95718671505273,116.65,44.16949986115058,0.4701024094634184,37.5,8.949999999999989,-1.250999888652146,-0.15504822270852392,748.8407631280695,750.0,28.907182349868844,0.038602575838843634,0.0,0.0,-24.896287626573333,617.8251375850685,95.36121597133547,117.0,43.07977755515094,0.4517536518001223,30.75,8.650000000000006,-1.308607925795345,0.003319138704994007,42352.0,12.005891151590367,139,attack,1
857.3963769476253,750.0,966.0677080847421,1.1267457316812934,0.0,0.0,30.103621268855626,1249.4653498277141,1.1712737000187723,1.0,1.460856456928678,1.2472374790838934,0.0,0.0,23.319891894158047,787.8342372045748,94.20112606700329,117.55,44.926817293301326,0.47692441873089525,40.55,9.049999999999997,-1.2232470811731995,-0.23393419642461621,748.8479444340154,750.0,28.81764887380249,0.038482644024058946,0.0,0.0,-24.974136232268798,621.7074805479211,95.6238530506148,117.9,43.86780711924011,0.45875381214789973,33.5,8.799999999999997,-1.2811255640473127,-0.07985619149679657,42616.0,12.025103082881847,140,attack,1
855.4739110070258,750.0,955.0585723291098,1.1164087648270389,0.0,0.0,30.091913573260943,1266.5773352327913,1.1702107728337237,1.0,1.4675004486595669,1.2540479738585395,0.0,0.0,22.808063440752903,758.8389662617274,94.8434247988916,118.5,45.38102067497829,0.47848357196300484,41.6125,9.099999999999994,-1.2165388680734734,-0.2539375600262974,748.8502107728337,750.0,28.789334947982802,0.03844471769363786,0.0,0.0,-24.998855404129266,622.9427715165635,96.26093221463698,118.85,44.352619210914,0.4607541002409901,34.45,8.850000000000009,-1.273918181032856,-0.10390151621854438,42700.0,12.02956897130304,141,attack,1
852.6118553092182,750.0,884.8301108666707,1.0377877170682406,0.0,0.0,29.271142417327724,1271.0034369514874,1.1678413068844808,1.0,1.4082511090066152,1.2058582794639194,0.0,0.0,21.402139618470493,686.6982084386814,95.33871992057792,119.45,45.95097041825575,0.48197595328042253,43.2,9.200000000000003,-1.202469021293311,-0.2946088937120579,748.8542357059509,750.0,28.738981270843027,0.03837727010217223,0.0,0.0,-25.04293609537504,625.1486482770376,96.76224990266044,119.8,44.93005256925411,0.46433451696764205,35.85000000000001,8.899999999999991,-1.2591226667909432,-0.148577053661898,42850.0,12.040356946412142,142,attack,1
853.8995689152977,750.0,900.8387542825503,1.0549703818528438,0.0,0.0,29.147204834080103,1253.907839233415,1.1710590702551555,1.0,1.4481545051215623,1.2366195198044383,0.0,0.0,21.123984552459103,660.1100986623026,96.04727383360449,120.4,46.33490065963167,0.48241765549643606,43.77499999999999,9.200000000000003,-1.1979525998271112,-0.30815255363867644,748.855971105674,750.0,28.717243244996805,0.03834815285320654,0.0,0.0,-25.062013650517734,626.1045282187368,97.47992268290807,120.75,45.302747468247865,0.4647392634441549,36.45,8.949999999999989,-1.2536039821629679,-0.1659512730016064,42915.0,12.031137236696285,143,attack,1
854.9073426573426,750.0,891.7406586815422,1.0430845709076602,0.0,0.0,28.49859759638606,1233.1547395283787,1.173513986013986,1.0,1.4581812021105742,1.2425767562119157,0.0,0.0,20.48695222458274,623.4549108829376,95.69088989889879,121.15,47.48958535898088,0.4962811549684145,54.61250000000001,9.5,-1.1425137117132358,-0.4538897727748594,748.8706293706293,750.0,28.532965432760566,0.03810132793796497,0.0,0.0,-25.224902067658075,634.2956843229409,97.14187739809532,121.55,46.4897876152703,0.47857616982994233,42.3625,9.200000000000003,-1.196978598695696,-0.3212474440565609,43472.0,12.056609771234728,144,attack,1
855.2059571543132,750.0,910.2750228359657,1.0643927526708234,0.0,0.0,28.5850473445984,1238.6560297447302,1.1753007217321572,1.0,1.5007980782774952,1.2769481465693482,0.0,0.0,20.414040375121353,613.7522117056876,96.16960902777133,122.05,48.01327310910732,0.4992561953250981,56.69999999999999,9.649999999999991,-1.1271216849474337,-0.49334004959353184,748.8751059686103,750.0,28.476448235014328,0.03802563072006821,0.0,0.0,-25.27528032980683,636.8397957503212,97.63999975573377,122.45,47.011011224095476,0.4814728732251438,44.10000000000001,9.299999999999997,-1.181356405153459,-0.3635697256354411,43645.0,12.063338714266433,145,attack,1
855.321880361432,750.0,910.4525015910879,1.0644559931126272,0.0,0.0,28.644909699810082,1262.886219655196,1.1769186777993823,1.0,1.5246025460387513,1.2954187700457545,0.0,0.0,20.22915059492636,601.9585178138672,96.8713940835731,123.05,48.37595249763109,0.49938325916829573,57.55,9.649999999999991,-1.1220712591952273,-0.5066632102599851,748.8769072400778,750.0,28.453675251475964,0.03799512974213555,0.0,0.0,-25.295636086337215,637.8692050124056,98.36381005153837,123.4,47.352634617524025,0.4814030139002678,44.95000000000002,9.349999999999994,-1.1762104198321182,-0.37777213480459837,43715.0,12.060261613577342,146,attack,1
856.9181532004197,750.0,927.8578190180419,1.0827846458295656,0.0,0.0,28.60658620101769,1256.5615357744325,1.1804598749942972,1.0,1.5666771965030948,1.3271753065818213,0.0,0.0,20.11287241998168,588.789451893835,97.41386274469201,124.0,48.883167561085045,0.5018091489627193,59.05000000000001,9.700000000000003,-1.1118773370705575,-0.5327109973578161,748.8800583968247,750.0,28.41379186764877,0.03794171249328763,0.0,0.0,-25.33136443549269,639.6780241637439,98.94435600643277,124.35,47.836530554705725,0.4834690171877583,46.30000000000001,9.400000000000006,-1.1667873047581039,-0.40284247716074795,43838.0,12.061080534680968,147,attack,1
855.9202928204429,750.0,888.0043245194626,1.0374848358756583,0.0,0.0,26.871108951891987,1157.2755329417014,1.1805119810848907,1.0,1.5496799961711554,1.3127185670297046,0.0,0.0,19.0113109541598,517.9322204932956,97.890892669587,124.9,49.453782255368175,0.5051928826749028,60.85000000000001,9.849999999999994,-1.0998206640386616,-0.5636124327951819,748.883826672123,750.0,28.366023687315913,0.037877735740893696,0.0,0.0,-25.374287960779473,641.8544895165586,99.43110043000046,125.3,48.41722133803141,0.486942426752253,50.03750000000001,9.5,-1.154522131784126,-0.4358440695227732,43986.0,12.062041421081908,148,attack,1
856.6948354672185,750.0,902.2145434886136,1.0531340987909306,0.0,0.0,27.207544081614103,1191.0658520086686,1.1830668819502876,1.0,1.5902443442991117,1.3441711272295878,0.0,0.0,19.09755628121388,520.5572096680708,98.75503508279097,125.9,49.716924100485784,0.5034368532075935,60.70000000000002,9.800000000000011,-1.103043898956239,-0.5564237155379432,748.8834966911514,750.0,28.370209892597337,0.037883342359589414,0.0,0.0,-25.370520560375276,641.6633135044249,100.31517523450754,126.3,48.6580592386658,0.4850518291466619,49.650000000000006,9.450000000000003,-1.1580132800786653,-0.42771626434474275,43973.0,12.05906371387952,149,attack,1
857.2092238213626,750.0,919.5914373987532,1.0727736144733677,0.0,0.0,27.4448220442017,1216.4494329704517,1.1853887735784503,1.0,1.6351461667863982,1.3794176250296524,0.0,0.0,19.138045042581158,520.9260640727625,99.8361467282259,126.95,49.87104592860998,0.4995289538203935,59.22500000000002,9.749999999999986,-1.1183831965441877,-0.5190796983748198,748.8801861186506,750.0,28.412174137249252,0.037939545823085376,0.0,0.0,-25.332815741603977,639.7515533980584,101.40553186230414,127.35,48.805644954837646,0.4812917407810604,46.30000000000001,9.400000000000006,-1.1742337511213659,-0.387007107042026,43843.0,12.043852564997803,150,attack,1
861.3556462335519,750.0,950.5910724963783,1.1035988173445266,0.0,0.0,27.02551666697466,1191.099533591572,1.1926550822979232,1.0,1.6944848379085007,1.4207668780848923,0.0,0.0,18.929084849590318,510.20839317211744,101.01370966373757,128.05,50.05007961337003,0.4954780868852426,56.8,9.649999999999977,-1.1406501540532283,-0.4690735482859578,748.8745128604833,750.0,28.483942729718464,0.038035668513965136,0.0,0.0,-25.268588430702852,636.5015612802498,102.61571916269314,128.45,48.93347539834992,0.4768613989906151,43.8875,9.300000000000011,-1.1978856995373628,-0.33061142751314154,43622.0,12.034837134119824,151,attack,1
860.5859418155036,750.0,956.0114130737176,1.1108843017548058,0.0,0.0,27.46943871483158,1252.5078406803457,1.1933345608543546,1.0,1.728432540847495,1.4484056672338752,0.0,0.0,19.031315090597698,517.2896943908069,102.19562851891392,129.15,50.14267690271682,0.4906538335290597,54.849999999999994,9.5,-1.161069111651414,-0.4179103835840299,748.8700055238446,750.0,28.540832578396515,0.03811186503381427,0.0,0.0,-25.21790522650991,633.9427440132348,103.80656198690387,129.55,49.01004024943188,0.47212853707278096,42.3125,9.199999999999989,-1.2191989167211,-0.2750359970692604,43448.0,12.02509629342104,152,attack,1
863.2125134350202,750.0,972.2783144129272,1.1263487255807918,0.0,0.0,27.879276661703575,1294.6257427237977,1.198060783461776,1.0,1.7690372839846598,1.476583916613193,0.0,0.0,19.193583118561918,525.6241315723547,102.39093991213147,130.0,50.896011620041385,0.497075343421192,58.14999999999999,9.699999999999989,-1.1354210677476708,-0.48286497667282013,748.8772668023508,750.0,28.449127207518824,0.03798903834936056,0.0,0.0,-25.299705272310696,638.0750868657859,104.03115174371698,130.4,49.759329924895844,0.47831182382253196,45.20000000000002,9.349999999999994,-1.193477559836058,-0.3426835583194001,43729.0,12.02139241874719,153,attack,1
865.1478771475101,750.0,1002.2042169010041,1.1584195527421093,0.0,0.0,28.47146989663885,1335.1682978277895,1.2023074982223547,1.0,1.8268867362384664,1.5194837751070915,0.0,0.0,19.404427775368767,535.2493722064171,103.49172856301743,131.05,51.03396645446889,0.49312121039116336,56.64999999999999,9.649999999999977,-1.1516729015350946,-0.4415297014501336,748.873867467945,750.0,28.49209563482348,0.038046588180676584,0.0,0.0,-25.26131261668949,636.1339151181156,105.16094830630547,131.45,49.85846084959806,0.47411574023062075,43.64999999999999,9.300000000000011,-1.2109493131237397,-0.29597048806028114,43597.0,12.000508787098084,154,attack,1
864.3971427921472,750.0,1000.3180424507417,1.1572435781307042,0.0,0.0,29.260182860675627,1451.6356746267497,1.2024158875315636,1.0,1.8491588896608186,1.5378696413076778,0.0,0.0,19.677244921560835,557.3408249717542,103.46809218061033,131.9,51.963689550114815,0.5022194616230943,60.875,9.849999999999994,-1.1184196950499479,-0.5255317671674065,748.8831411087605,750.0,28.374720187026067,0.0378893830418132,0.0,0.0,-25.366462734199,641.4574316455066,105.14855316083168,132.3,50.82304013425092,0.48334512084549286,49.45000000000002,9.450000000000017,-1.177112240215542,-0.3855264886359864,43959.0,12.024192970090072,155,attack,1
866.4916426643684,750.0,1021.9498113721002,1.1794110422458486,0.0,0.0,29.533463487393377,1482.0405733696755,1.2065634000861816,1.0,1.8963253216749818,1.5716748258231041,0.0,0.0,19.775226433664063,562.7553545364835,103.99099986429185,132.85,52.46119726554837,0.5044782465214315,62.900000000000006,9.900000000000006,-1.1070811629034467,-0.5538070032568503,748.8865352777085,750.0,28.331638247843866,0.03783168332347928,0.0,0.0,-25.405275341258964,643.428015165181,105.69126803953009,133.25,51.32421974957298,0.48560510912194726,53.25,9.550000000000011,-1.1657277073732901,-0.41587977231069706,44093.0,12.025699071172834,156,attack,1
867.178678577068,750.0,1046.1745444275978,1.2064117468204356,0.0,0.0,29.694487490029267,1495.1896885810809,1.2087027136766597,1.0,1.9448596695092628,1.609047160648249,0.0,0.0,19.850222172434798,565.5611928316138,104.2440403398942,133.75,53.18103045438674,0.510158952789883,68.325,10.0,-1.0864852500582944,-0.6045588685514587,748.8925131397893,750.0,28.255600965588705,0.03772984836919377,0.0,0.0,-25.47406537755733,646.928006860065,105.95479248476238,134.15,52.06681443560133,0.4914059403503545,56.25,9.650000000000006,-1.1446084610869496,-0.47095556970480024,44331.0,12.04394406377888,157,attack,1
867.6832864378165,750.0,1065.5969198033715,1.228094324806081,0.0,0.0,29.875523960615347,1518.4281274169891,1.2107597073719751,1.0,1.9902726692378239,1.643821360357149,0.0,0.0,19.905294984640385,568.0127786961608,104.78875651577137,134.7,53.720741942011,0.5126574999859426,69.5,10.050000000000011,-1.0795310959751772,-0.6221416745848085,748.8948564997186,750.0,28.225737635125448,0.037689853776070176,0.0,0.0,-25.501183434217754,648.3103565456213,106.51348778532358,135.1,52.628926852878216,0.4941057508036078,57.29999999999998,9.700000000000017,-1.1382971523106677,-0.48850001976015145,44425.0,12.048040155731092,158,attack,1
866.8525108562521,750.0,1082.136759409679,1.2483516467418143,0.0,0.0,30.893038546704314,1633.0558074340545,1.2105556174145418,1.0,2.028656721446897,1.6758062927993547,0.0,0.0,20.30549031908743,596.1427249769166,104.43861244191832,135.5,54.86760801676817,0.5253574969437842,82.45,10.300000000000011,-1.0374550930095534,-0.7218063640030281,748.906669635898,750.0,28.07470661639355,0.03748759058327369,0.0,0.0,-25.639211447769075,655.3691636634132,106.17113047395614,135.9,53.836459131628295,0.5070724865723684,63.150000000000006,9.949999999999989,-1.0956082961525908,-0.5950687482410646,44905.0,12.083566059793299,159,attack,1
867.0410569557012,750.0,1103.4641329200338,1.272678063014047,0.0,0.0,31.150063530464653,1656.8627161884788,1.2121239036305096,1.0,2.075325068265766,1.7121393795220334,0.0,0.0,20.394630675898412,599.6823475073821,104.93943768084539,136.45,55.37416651963507,0.5276773703328365,83.72500000000001,10.399999999999991,-1.0267916819815748,-0.7463979255510402,748.9098256911291,750.0,28.034217859270694,0.037433369008611155,0.0,0.0,-25.676466345367263,657.2809239847787,106.69045965990898,136.85,54.36322702540987,0.5095415953656999,77.82500000000002,10.0,-1.0854959425862056,-0.6206704824033591,45035.0,12.097533339454003,160,attack,1
868.0481949058693,750.0,1126.7017952984972,1.2979714742920192,0.0,0.0,31.303557700640027,1671.476808720152,1.214795127353267,1.0,2.123886806879534,1.7483497908877437,0.0,0.0,20.44950195001914,601.6676554966153,105.50796838868001,137.4,55.830653608847925,0.529160540777108,84.80000000000001,10.449999999999989,-1.0185039724310636,-0.7655374570586813,748.9126024363234,750.0,27.998546525008027,0.03738559937958664,0.0,0.0,-25.709377600358877,658.9720965978341,107.26590325395348,137.8,54.827005050214076,0.511131714617742,80.45,10.099999999999994,-1.0768952483404597,-0.6418445911559805,45150.0,12.104611228571018,161,attack,1
869.3948989348692,750.0,1156.457765576832,1.3301869691134087,0.0,0.0,31.359984991713542,1671.2583268737915,1.218296235351671,1.0,2.1820686777320506,1.7910821805192387,0.0,0.0,20.445495736349546,599.9455697563224,106.7777221053832,138.45,55.79175136926172,0.5225036671432137,83.15,10.350000000000023,-1.0355405685524872,-0.7269315362737419,748.9082742211648,750.0,28.054128878702976,0.03746003328361964,0.0,0.0,-25.658132232677232,656.3397496695501,108.56544033039069,138.85,54.7440761396117,0.5042495657274759,65.15,10.0,-1.0948655526863176,-0.5993169683799122,44971.0,12.094484287554172,162,attack,1
870.6553775134271,750.0,1181.8418815953967,1.3574163924315399,0.0,0.0,31.567328209025355,1693.257858450486,1.2213369434950507,1.0,2.232947307678797,1.8282811467971005,0.0,0.0,20.520694043419414,604.5000687274435,107.39118664447535,139.4,56.21914997145923,0.5234987313956772,84.0,10.400000000000006,-1.0292807049026746,-0.7410062791753895,748.9103821740867,750.0,28.02707268522403,0.037423800433720046,0.0,0.0,-25.683051970235393,657.6191585058123,109.21225041739537,139.85,55.155323268118345,0.5050287221197411,78.53750000000001,10.049999999999983,-1.089203817824487,-0.6128216558105746,45058.0,12.093959830861515,163,attack,1
870.7990135087095,750.0,1202.2638286477797,1.380644454112895,0.0,0.0,31.80106383303694,1732.3239173798515,1.2230714539637397,1.0,2.2809098681768307,1.864903199878339,0.0,0.0,20.575889253470155,609.9840181001341,108.33394850050809,140.45,56.432380983108125,0.520911328020537,83.60000000000001,10.399999999999977,-1.0355488056325053,-0.7266469675380964,748.9091717028084,750.0,28.042612649294803,0.03744461105414667,0.0,0.0,-25.668733238510065,656.883866069792,110.17027291805901,140.85,55.35722123340941,0.5024696750509302,69.4,10.0,-1.0959944784549425,-0.5968523678730282,45008.0,12.088757933332152,164,attack,1
869.650516035956,750.0,1217.6863505878957,1.4002019525479705,0.0,0.0,32.36352615421727,1799.5616013246322,1.2229497281100876,1.0,2.323047136085267,1.8995442598243504,0.0,0.0,20.74581996006671,621.0222003151308,109.03719244174556,141.4,56.81863006131852,0.5210940302931457,84.05000000000001,10.400000000000006,-1.0333221281994218,-0.731996767430235,748.9103096215737,750.0,28.028004354627218,0.03742504809259448,0.0,0.0,-25.682193071456062,657.5750409595456,110.87866139618244,141.85,55.75579543126046,0.502854153623288,78.42500000000001,10.0,-1.0939626328316123,-0.6023537950485349,45055.0,12.092343286391053,165,attack,1
869.8756861263583,750.0,1237.2301571840046,1.4223068616775711,0.0,0.0,32.38291953573297,1809.4605919672356,1.2248049956665703,1.0,2.3703890510869985,1.9353195483963321,0.0,0.0,20.724397024587333,618.9926250442383,110.00722978886334,142.45,57.001118717716714,0.5181579322297166,83.55000000000001,10.399999999999977,-1.0400759009817748,-0.7163255320345483,748.9089535323008,750.0,28.045412588945844,0.03744836065407814,0.0,0.0,-25.666155018461726,656.7515134317072,111.86031315875908,142.85,55.93355026008622,0.5000303385589656,66.07500000000002,10.0,-1.1012640246086918,-0.5850287819302822,44999.0,12.086274965929872,166,attack,1
870.9552212310833,750.0,1256.6184426604582,1.4428048790892432,0.0,0.0,32.49805276336537,1825.4676695452674,1.227621710380331,1.0,2.4159186738261003,1.9679667224829556,0.0,0.0,20.75323141583213,619.6882945877207,110.70186071209538,143.4,57.36215376067391,0.5181679277266789,84.15,10.449999999999989,-1.0363166051967558,-0.7244709514804217,748.9105756002308,750.0,28.02458868762519,0.037420473953334504,0.0,0.0,-25.685342226568093,657.7368052959217,112.5712643054853,143.85,56.28115550283581,0.4999602327473671,78.8375,10.049999999999983,-1.097436154683493,-0.593647247174304,45066.0,12.080807927684374,167,attack,1
871.9000753646318,750.0,1276.979800038905,1.4645942076617753,0.0,0.0,32.659823151986,1843.2668421063438,1.2302832823513765,1.0,2.4626058566425666,2.0016575791682025,0.0,0.0,20.79743492313854,621.0748212383896,111.40268489952969,144.4,57.74708527916453,0.5183634966360521,84.60000000000001,10.449999999999989,-1.0342900294871693,-0.7285473314287008,748.911734716496,750.0,28.009698558938766,0.037400533681772215,0.0,0.0,-25.69907947842854,658.4426860385859,113.28468530338698,144.8,56.67154780065305,0.5002578031521326,79.85000000000001,10.050000000000011,-1.0958018706862154,-0.5972467959943879,45114.0,12.08043378234794,168,attack,1
873.3092614717465,750.0,1297.392818389181,1.4856052439003644,0.0,0.0,32.63570470145043,1846.6360222367298,1.2335059073410328,1.0,2.508790592505516,2.0338699454739615,0.0,0.0,20.786144995501356,619.6632750963145,112.04635027305366,145.35,58.130837459028825,0.5188106289706509,85.5,10.5,-1.0285753587974165,-0.740790629028822,748.9137572458958,750.0,27.983697846109656,0.037365714777384686,0.0,0.0,-25.723102016407143,659.6779773464899,113.94774874040887,145.8,57.05540619497945,0.5007155193996922,81.25,10.099999999999994,-1.09025744404762,-0.6102068349260277,45198.0,12.077907877695363,169,attack,1
873.3004208194906,750.0,1314.8974100686942,1.5056644640510035,0.0,0.0,32.76198394136125,1868.2344921837198,1.2350387596899224,1.0,2.554295314862751,2.068190406837151,0.0,0.0,20.801311733765424,620.0459112476354,112.99861615850554,146.35,58.339323694081436,0.5162835234393282,85.14375,10.5,-1.0353896334999688,-0.7244111677780096,748.9126024363234,750.0,27.99854652500803,0.037385599379586645,0.0,0.0,-25.70937760035887,658.972096597834,114.91460604363233,146.8,57.247127957925464,0.4981710326378276,80.45,10.099999999999994,-1.0974982502834922,-0.5919518759717652,45150.0,12.071252292476427,170,attack,1
874.5501993797076,750.0,1332.8642795039173,1.5240569157142474,0.0,0.0,32.87505766571353,1888.5229205812302,1.238192290651307,1.0,2.599670050341974,2.099568919924796,0.0,0.0,20.81904636539934,620.7642939480797,113.85011094435076,147.35,58.60677066277518,0.5147713091946113,85.19999999999999,10.5,-1.0382520898563141,-0.7169951332551321,748.9123615418697,750.0,28.001642975983472,0.03738974600223363,0.0,0.0,-25.706517424749723,658.8250381089605,115.79352385742135,147.8,57.4951420791536,0.49653158625648536,80.3030815,10.099999999999994,-1.1010292456782167,-0.5827670380798882,45140.0,12.060406846742529,171,attack,1
875.6376377708292,750.0,1353.6364040298586,1.5458865010370084,0.0,0.0,32.991697407757286,1903.0287296938855,1.2411904286696382,1.0,2.648222030239637,2.1336146082580707,0.0,0.0,20.83783043735776,620.9181184835168,114.81227619634542,148.4,58.791594635595935,0.5120671463307103,85.02499999999999,10.449999999999989,-1.0446263248822345,-0.7014274744995528,748.9112279067705,750.0,28.01621006918563,0.037409253627418274,0.0,0.0,-25.693070334493843,658.1338632132475,116.776370722906,148.8,57.65799338494688,0.4937470913680066,79.5,10.049999999999983,-1.1080047750824482,-0.5649808510329812,45093.0,12.046013399542204,172,attack,1
875.6933852140078,750.0,1345.4923040061135,1.5364879154332005,0.0,0.0,33.455823245011466,2015.2524562028846,1.242934963868816,1.0,2.6719704682306267,2.149726691985339,0.0,0.0,20.908786577150302,630.3174200190762,115.86260738732257,149.4,58.987141582101046,0.5091128441888948,84.25,10.400000000000006,-1.0578558567563732,-0.6694960024093874,748.9083713173985,750.0,28.052883196875957,0.03745836509682535,0.0,0.0,-25.659278498509472,656.3985730640708,117.8595753979989,149.85,57.83364382020582,0.4906995772291554,65.275,10.0,-1.1228579858923258,-0.5276029353291438,44975.0,12.033927797470705,173,attack,1
875.5979089136983,750.0,1352.4213951650504,1.5445690098128697,0.0,0.0,34.04625659144215,2094.1473010173486,1.24399698741804,1.0,2.7048427519811624,2.1743161593945333,0.0,0.0,21.07973220954843,640.4891731027236,116.23352641469113,150.35,59.618428751499046,0.5129193838514021,85.8,10.5,-1.0453518605436651,-0.6976148869799879,748.912457912458,750.0,28.00040427231742,0.03738808718760885,0.0,0.0,-25.70766153317901,658.8838615044918,118.23697321039342,150.8,58.49961744230647,0.4947658575309687,80.4,10.099999999999994,-1.1103409501641277,-0.5577926110064797,45144.0,12.03620115257242,174,attack,1
878.555702859163,750.0,1377.4705115893178,1.5678806786029518,0.0,0.0,33.735561140034136,2067.6331548047915,1.249215608290247,1.0,2.7545939322414212,2.2050588496981134,0.0,0.0,21.002012190049687,635.9417287943734,116.75763291943136,151.3,60.13481182107274,0.515039662225499,86.94375,10.549999999999983,-1.037700460871741,-0.7147568319884825,748.9151973131821,750.0,27.965170176723845,0.0373409035856824,0.0,0.0,-25.74024724603671,660.5603282871011,118.7890475782845,151.75,58.99989571815936,0.4966779086201291,82.0375,10.150000000000006,-1.1027891583077818,-0.5753708733251321,45258.0,12.033686902771771,175,attack,1
879.5236179146256,750.0,1388.8138322715588,1.5790523460466863,0.0,0.0,33.949750436167925,2105.1556595973516,1.2511590272918125,1.0,2.7861139360215303,2.2268263867721068,0.0,0.0,21.11216552567699,642.8573737427653,116.37277101882904,152.1,61.251034366132465,0.526334758809018,106.4625,10.800000000000011,-0.9992166604133463,-0.8006442464263603,748.9263470958713,750.0,27.821298787483332,0.037148244143588506,0.0,0.0,-25.87415848880501,667.4720775038004,118.4222404242696,152.55,60.162829708767454,0.5080365773626895,86.66250000000001,10.350000000000023,-1.0634961370624674,-0.6682723737936298,45728.0,12.055921597315471,176,attack,1
881.1040986105667,750.0,1411.8813304416938,1.6024001394025087,0.0,0.0,33.79675241140219,2092.4658827498633,1.2543882573282807,1.0,2.8326260666588423,2.258173296912112,0.0,0.0,21.09025010764385,641.2776862136529,116.65133300115984,153.0,61.946402389226584,0.5310389585398966,109.1,10.900000000000006,-0.9855853983533788,-0.8294609089680822,748.9307896685395,750.0,27.76376502892805,0.03707120258898113,0.0,0.0,-25.9280965167019,670.2661889794086,118.73769142014027,153.45,60.865184526144716,0.5126020541428581,93.93750000000001,10.5,-1.0505088883852551,-0.6974249245711648,45918.0,12.05915852377475,177,attack,1
880.6852280846089,750.0,1432.3445106285344,1.6263977922551538,0.0,0.0,34.14684218192775,2135.533394490445,1.254800926627552,1.0,2.8753964335964644,2.291516026629406,0.0,0.0,21.224167466053125,650.5065059476282,116.75679131790308,153.85,62.7340216846733,0.5373051192702132,112.35,11.050000000000011,-0.9652293843323503,-0.8734600681839053,748.9370629370629,750.0,27.682317898629698,0.03696214177205967,0.0,0.0,-26.004835596146386,674.251474382602,118.84738021334084,154.35,61.6931160467871,0.5190952963039056,107.1,10.599999999999994,-1.0297031303539246,-0.7454212758730652,46189.0,12.072988762777086,178,attack,1
880.9714041461851,750.0,1443.4038812285958,1.638423079835952,0.0,0.0,34.406645974888704,2172.3082809181014,1.2555674289378072,1.0,2.9039328362766086,2.312844988925283,0.0,0.0,21.366493484132416,658.7417057161142,116.08276483973788,154.55,63.963624870470255,0.5510174138148543,118.8375,11.399999999999977,-0.9196344620433159,-0.9676401912736496,748.9507159649497,750.0,27.504219245782103,0.036723670409134476,0.0,0.0,-26.1742180534828,683.0896907112653,118.17731670739474,155.1,62.983872781002766,0.5329607621482039,113.10000000000001,10.900000000000006,-0.9825002233740618,-0.8490009304364583,46790.0,12.100583182154056,179,attack,1
879.3124907268065,750.0,1430.7467059197909,1.6271197338925434,0.0,0.0,35.23148404003623,2321.198127531222,1.2540961020793149,1.0,2.9152883573928525,2.3246132035330067,0.0,0.0,21.60980489140463,676.990867710278,115.93692669388746,155.35,64.83171642831603,0.5591981629760947,121.89999999999999,11.650000000000006,-0.8911758462998671,-1.024383631009251,748.959367515208,750.0,27.390760085316963,0.03657175712507632,0.0,0.0,-26.283269715334907,688.8102669290419,118.04177230132052,155.95,63.89370125354664,0.5412804298672146,116.96283,11.100000000000023,-0.9534062227383306,-0.9109932731861181,47179.0,12.12044559842672,180,attack,1
877.8143543912408,750.0,1445.9115139444282,1.6471723283075719,0.0,0.0,35.61769390312503,2364.9801309943377,1.2534361168173829,1.0,2.957173042425366,2.3592530985416036,0.0,0.0,21.710548626033713,681.6384429586742,116.64615066990056,156.3,65.18761150558299,0.5588492301821327,122.39375,11.699999999999989,-0.8895478368439652,-1.0275036866270253,748.9602490522883,750.0,27.37917278178066,0.03655624289329833,0.0,0.0,-26.294457609896977,689.398500998669,118.75318053345056,156.9,64.26753191795112,0.5411857739662657,117.69999999999999,11.150000000000006,-0.9517445972566214,-0.915056063577552,47219.0,12.119206660146805,181,attack,1
879.3952335958005,750.0,1459.3290937963166,1.6594689600820296,0.0,0.0,35.96322490425502,2405.7107647645307,1.2562309711286088,1.0,2.990772206779808,2.3807502565335357,0.0,0.0,21.85063316775649,689.2151604914911,116.49009022082998,157.1,66.01450955289195,0.5666963552672026,125.9,11.949999999999989,-0.8607020237154077,-1.0823325278865759,748.9691128608924,750.0,27.262387755699574,0.03639988256867286,0.0,0.0,-26.407746532446414,695.3690769219355,118.61961119823623,157.7,65.1185331178829,0.5489693690620625,121.95000000000002,11.350000000000023,-0.9223794943917257,-0.9746875104177826,47625.0,12.129483852538156,182,attack,1
879.9331117660583,750.0,1477.4802400798665,1.6790824442490964,0.0,0.0,36.373089810167876,2463.903048370793,1.257958654710395,1.0,3.0318278903401294,2.4101172792822125,0.0,0.0,21.9862596499539,699.544780821197,116.76776740032655,157.95,66.620995051021,0.5705426808634408,127.8,12.100000000000023,-0.8464134119150292,-1.109606234663885,748.9737672707511,750.0,27.200861694129745,0.03631750921430702,0.0,0.0,-26.46782085939856,698.5455410452129,118.89184841255411,158.6,65.7648526206559,0.5531485421309306,123.9,11.450000000000017,-0.9076268740932545,-1.0051348052414635,47841.0,12.14064242313855,183,attack,1
881.8304247821225,750.0,1507.6756537526758,1.7097115402036436,0.0,0.0,36.10565523305987,2430.823049028645,1.262698094494503,1.0,3.0956280708925576,2.451597958680561,0.0,0.0,21.853392530917464,690.5626965295455,118.6870395850574,159.2,66.24155327586088,0.5581195175770534,124.30000000000001,11.800000000000011,-0.8801900425450468,-1.0446785016844589,748.9639789824643,750.0,27.330090287300745,0.03649052698693355,0.0,0.0,-26.341953151155582,691.8984958176757,120.85683171147313,159.85,65.32569945125374,0.5405213633864627,119.6,11.200000000000017,-0.9435477444897379,-0.9323566471552898,47389.0,12.110685732417632,184,attack,1
882.0198681060192,750.0,1522.5055233182457,1.726157854683654,0.0,0.0,36.37254714195829,2465.757611736417,1.2639349771075734,1.0,3.133569458827604,2.479217298027908,0.0,0.0,21.94679572122998,695.657967469327,118.967295918326,160.1,66.81455412255113,0.5616211884686442,125.790625,11.950000000000017,-0.8648595116560674,-1.073446461165804,748.9688747007183,750.0,27.26553221007406,0.036404092521160024,0.0,0.0,-26.404683534306145,695.2073125468582,121.1578151139371,160.7,65.90949119839728,0.5439970268233695,121.91627925,11.350000000000023,-0.9281172701417161,-0.9635148866064216,47614.0,12.118304021353396,185,attack,1
881.744285684135,750.0,1538.1602981072344,1.744451677295299,0.0,0.0,36.70301645081467,2511.421149301479,1.2654017433148308,1.0,3.1810416605001066,2.513859078593561,0.0,0.0,21.98951022533601,697.6119036951345,120.36069746500289,161.2,66.76823740344372,0.5547345504778072,124.75000000000001,11.800000000000011,-0.8839579685239185,-1.035924749268215,748.9638040564784,750.0,27.33239413570043,0.03649361155728072,0.0,0.0,-26.33971998715684,691.780849001829,122.56176766585764,161.85,65.84613998820338,0.5372486154713507,119.6,11.200000000000017,-0.9481826179557085,-0.9219940874303116,47381.0,12.09804041654116,186,attack,1
885.1910560298132,750.0,1570.6163233739449,1.7743246643479942,0.0,0.0,36.556181890748014,2497.4945922072625,1.2738224205919313,1.0,3.263292131442366,2.561810876217699,0.0,0.0,21.773666581324566,683.7391936726219,119.24876962891886,162.1,68.04397510868766,0.5706052592444225,130.7875,12.200000000000017,-0.8185341733600149,-1.1534317626253625,748.9362568791437,750.0,27.692796605454163,0.03697617300683437,0.0,0.0,-25.99493738442097,673.7367696199685,121.5115371250379,162.8,67.1668793202635,0.552761333692515,126.9,11.5,-0.8818483859493065,-1.0501976309900698,46154.0,12.106945970825501,187,attack,1
886.3987005058434,750.0,1594.8214939680838,1.7992146119550525,0.0,0.0,36.511936193970996,2494.3277145635893,1.2774725274725274,1.0,3.3201495056305665,2.5989987527946803,0.0,0.0,21.716665061843834,679.6419716488714,120.77010122435615,163.25,67.94793257300782,0.5626221381298677,128.2,12.0,-0.8413689853462186,-1.110673854313674,748.9295307866737,750.0,27.780080411779757,0.037093049839548496,0.0,0.0,-25.91277818145196,669.4720730811325,123.0679400208224,163.95,67.03322256770447,0.5446846884441457,124.3125,11.300000000000011,-0.9063323768459836,-1.001702022945154,45864.0,12.0879560270059,188,attack,1
888.0311609182896,750.0,1613.6177827496672,1.817073379588468,0.0,0.0,36.599507909681655,2507.602805396897,1.280905233380481,1.0,3.364353234611944,2.6265434373571606,0.0,0.0,21.746686617893214,680.9554819824968,121.33756711983537,164.2,68.39415992379799,0.5636684626802395,129.01875,12.050000000000011,-0.8368189626670464,-1.1183367615886084,748.9316505276902,750.0,27.752602552062395,0.037056255444015716,0.0,0.0,-25.93858719033485,670.810305430604,123.6474497904254,164.9,67.48331105897378,0.5457719603061262,125.15,11.349999999999994,-0.9016944825382502,-1.0102297536622198,45955.0,12.083573256848647,189,attack,1
889.2521484971426,750.0,1630.5942707387078,1.8336691943836754,0.0,0.0,36.79701220067026,2537.781954430699,1.2842123631287354,1.0,3.4113712683808015,2.65639186035373,0.0,0.0,21.772033013304497,682.0957072591729,122.45247354658846,165.25,68.49496342480339,0.5593595738900585,128.75937499999998,12.0,-0.8469390002367091,-1.09817369302439,748.9291105003708,750.0,27.785525267877556,0.03710034084442736,0.0,0.0,-25.907670057004783,669.2073677826226,124.78752915120182,165.95,67.55679553634835,0.541374574814215,124.2,11.300000000000011,-0.912499148308304,-0.9875421725246878,45846.0,12.066076161303595,190,attack,1
889.7867056564246,750.0,1646.905082750679,1.8508987291911756,0.0,0.0,36.99774932375805,2568.7218867806355,1.2864219622905029,1.0,3.456002489397883,2.686523233204441,0.0,0.0,21.810596908798697,684.1451708672386,123.32614288448939,166.25,68.74826893698213,0.5574508966957121,128.85,12.0,-0.8508327436367282,-1.089304988663732,748.928596368715,750.0,27.792184441791893,0.03710925791396694,0.0,0.0,-25.901425425738044,668.8838390850694,125.68043291105094,166.95,67.80368687159667,0.5394927857989162,124.0,11.300000000000011,-0.9169487299749757,-0.9772694619855744,45824.0,12.054410981301887,191,attack,1
890.906197948628,750.0,1668.553216133359,1.8728719364342914,0.0,0.0,37.07708283458088,2579.3774677324573,1.289800122731656,1.0,3.5091427536198503,2.7206872536093956,0.0,0.0,21.79681297829421,682.624505700594,124.71486016394968,167.35,68.635870986085,0.5503423641405406,127.15,11.849999999999994,-0.866728523639252,-1.0579740605649914,748.9239940387481,750.0,27.85172373831098,0.03718898574488719,0.0,0.0,-25.845724840625273,666.0014925373138,127.10988717697465,168.05,67.63772129780965,0.5321200639855646,122.29999999999998,11.199999999999989,-0.9338826539252888,-0.9420543690897518,45628.0,12.033093521906608,192,attack,1
892.4859227449004,750.0,1685.7985658724615,1.88887972673863,0.0,0.0,37.20434215902994,2602.283743692054,1.2933327490633422,1.0,3.5538311511664524,2.747808832444867,0.0,0.0,21.823003574153603,684.1366112803332,125.47427000975271,168.35,68.979419273991,0.5497495165234231,127.25,11.849999999999994,-0.8681147862989835,-1.0539498465499548,748.92430051927,750.0,27.84776284936099,0.03718368175535581,0.0,0.0,-25.849422983543477,666.1926685821448,127.89277944271598,169.05,67.97128065910623,0.5314708223191835,122.54999999999998,11.199999999999989,-0.9356505372199877,-0.9372360879424524,45641.0,12.026661971914615,193,attack,1
894.5303785295918,750.0,1700.2416058185993,1.9007086250255882,0.0,0.0,37.38367066328464,2635.036557630755,1.2972506337966605,1.0,3.5937365198848092,2.770271546807442,0.0,0.0,21.875323846805955,687.5390513657507,125.98120469655431,169.3,69.45454563577472,0.5513087908872358,128.3,11.949999999999989,-0.8617237968010941,-1.0647696417074741,748.9270041087508,750.0,27.812797653226294,0.037136860469231564,0.0,0.0,-25.882114312725303,667.8838412969809,128.43184686034618,170.0,68.42899558824841,0.5328039521432446,123.56249999999999,11.25,-0.9294009476677859,-0.9484215648797676,45756.0,12.021391821266462,194,attack,1
896.1278914542072,750.0,1724.8686199128972,1.924801846211746,0.0,0.0,37.34623672402152,2624.8694830811805,1.3009738483422695,1.0,3.6463770184723923,2.802805777470999,0.0,0.0,21.856956896057156,685.4016771483947,126.97746481397785,170.35,69.62096265789486,0.5482938469427601,127.75,11.900000000000006,-0.8682332382369579,-1.0511258994578587,748.9255717255717,750.0,27.831327995989035,0.03716167406577386,0.0,0.0,-25.864778840409127,666.9867844632754,129.46037001680708,171.0,68.5609411501477,0.5295901837855619,123.04999999999998,11.25,-0.9364945728773689,-0.9327742646168362,45695.0,12.009283186083811,195,attack,1
902.9387495744922,750.0,1772.8501044584577,1.9634223310206913,0.0,0.0,36.87476802767625,2561.357130266984,1.3154884829229547,1.0,3.7577623556431594,2.8565528352582645,0.0,0.0,21.503019859506413,663.1266996042979,126.55241814298523,171.0,70.30359141952381,0.5555294197546767,131.14999999999998,12.449999999999989,-0.8291741648115237,-1.11544826390168,748.8858277544537,750.0,28.34062422551275,0.037843718194658024,0.0,0.0,-25.39717014634264,643.0162514422774,129.14777394637468,171.8,69.23116731556144,0.5360616385405753,126.35,11.599999999999994,-0.8983782856895064,-1.000999719695133,44065.0,12.001562054296581,196,attack,1
904.1045288249596,750.0,1792.3397558559925,1.9824474922003192,0.0,0.0,37.1603645472165,2610.7264848210166,1.3186992978389802,1.0,3.806745816047697,2.8867428854220254,0.0,0.0,21.559045418633804,668.6036801558771,127.51059136606688,172.05,70.52826616803375,0.5531169247388711,130.7,12.399999999999977,-0.836131665908001,-1.1009442102659321,748.8843593064739,750.0,28.359265268492813,0.03786868415138985,0.0,0.0,-25.38037258012504,642.1633123059637,130.1337705489581,172.8,69.43420266573148,0.5335602155599525,125.85,11.599999999999994,-0.9060661643637189,-0.9841402971908644,44007.0,11.99154756154027,197,attack,1
904.3391396923913,750.0,1802.3518448821646,1.9930043561923352,0.0,0.0,38.000293954086914,2739.763590572944,1.3201576551068022,1.0,3.842656185795045,2.9107555229713604,0.0,0.0,21.772069247337598,685.6698407620325,127.93267756008578,172.95,71.04604896812737,0.5553393419344277,131.95,12.5,-0.828058012662571,-1.1143733497647843,748.8878972523614,750.0,28.31433225901227,0.03780850560263609,0.0,0.0,-25.42089949077372,644.2221309200194,130.56454025720885,173.75,69.97449610932577,0.5359379811048067,127.1,11.650000000000006,-0.8979084842065741,-0.9989752152208218,44147.0,11.990389742670901,198,attack,1
905.0926001728294,750.0,1821.7301095157886,2.0127555005619593,0.0,0.0,38.15127499214718,2761.181794016958,1.323122754354846,1.0,3.8946995875226933,2.943566327994825,0.0,0.0,21.773734322857695,685.1410005895691,129.22029178087058,174.05,71.07755001821282,0.550049446868181,130.4,12.350000000000023,-0.8437426235264819,-1.0834776483221034,748.8835220812298,750.0,28.369887811004297,0.03788291099283538,0.0,0.0,-25.37081038026775,641.678019351502,131.873183110156,174.85,69.98207680170381,0.5306770880266578,125.6,11.550000000000011,-0.9146143037952712,-0.9641584875691169,43974.0,11.970628509592201,199,attack,1
905.6985359009753,750.0,1834.901740840724,2.025951978618792,0.0,0.0,38.346727761874064,2794.6227513564418,1.3248625285691658,1.0,3.931084367799316,2.9671639759068706,0.0,0.0,21.84437255794118,689.454290423194,129.44030780638568,174.9,71.68410029180477,0.5538004467590456,132.375,12.549999999999983,-0.8293119409981798,-1.1087481722905919,748.8890045484375,750.0,28.300254506536824,0.037789651516650605,0.0,0.0,-25.4336231828099,644.8691882051645,132.12797245423275,175.7,70.58574892658221,0.5342225996166868,127.49999999999999,11.700000000000017,-0.9000062988976264,-0.9917167695252074,44191.0,11.977596091901146,200,attack,1
905.9044144144144,750.0,1843.9529854812452,2.0354829451550853,0.0,0.0,38.694197014008154,2850.4318268801003,1.326081081081081,1.0,3.9641950380540263,2.989406224559237,0.0,0.0,21.9448930646934,695.6306499035011,129.65652679326453,175.75,72.33266471225355,0.5578790863925187,134.20000000000002,12.699999999999989,-0.8164381731028729,-1.1310079463493203,748.8942342342342,750.0,28.233670766553598,0.03770047821962915,0.0,0.0,-25.49397400075763,647.9427103513065,132.35354604808558,176.55,71.2551691441528,0.5383699286626213,129.35000000000002,11.899999999999977,-0.8867054164367411,-1.0165070105577954,44400.0,11.985950516070439,201,attack,1
906.4442191126434,750.0,1864.7394135349916,2.0572026101732592,0.0,0.0,38.734366022072436,2856.3328520052683,1.3283535005295297,1.0,4.013276017020743,3.0212409689295106,0.0,0.0,21.947310988886805,695.2738576808506,130.534102472153,176.75,72.58003287239684,0.556023533297595,134.05,12.699999999999989,-0.82010967176984,-1.123128136912117,748.893710989432,750.0,28.240339768764052,0.03770940969907887,0.0,0.0,-25.487916500742784,647.6338875488365,133.25767797904413,177.6,71.48320033764595,0.5364283801259637,129.15,11.849999999999994,-0.8908715788772943,-1.0072085408944862,44379.0,11.977073504643524,202,attack,1
907.5331600645277,750.0,1877.435029320546,2.0687233391968354,0.0,0.0,38.943411705761875,2889.064452700263,1.3306148055207025,1.0,4.047983195329677,3.0421901053066978,0.0,0.0,22.026748431234356,699.8501572764537,130.60643321016096,177.6,73.32121417157751,0.5613905254850283,136.35000000000002,12.900000000000006,-0.804377828959955,-1.1501386776828642,748.8999820756408,750.0,28.1603072063043,0.03760222710682351,0.0,0.0,-25.560799421610653,651.3544670718118,133.3413981237229,178.4,72.24931429667825,0.5418370837062965,131.4625,12.049999999999983,-0.8746468902509015,-1.0372077557231663,44632.0,11.974087757668583,203,attack,1
907.1869304984813,750.0,1885.9070839960525,2.0788516904225944,0.0,0.0,39.62182962074398,2993.7142347741637,1.3312488833303555,1.0,4.082237406414188,3.0664719854650664,0.0,0.0,22.19212047939859,711.9568969035283,130.99843848536554,178.5,73.86328806217962,0.563848614656817,137.6125,13.0,-0.796519202897925,-1.162866514163851,748.9035197427194,750.0,28.115057830316644,0.037541628646605076,0.0,0.0,-25.602189539488208,653.4721092158792,133.7393105683625,179.35,72.81672771089184,0.5444676468080839,132.75,12.150000000000006,-0.8666926107915738,-1.051290943112548,44776.0,11.971176811545734,204,attack,1
905.9344029784594,750.0,1894.8159352688397,2.0915597520518197,0.0,0.0,39.90016897666482,3041.644083103803,1.3301125786721035,1.0,4.111044629943361,3.0907493815655487,0.0,0.0,22.29851412153987,718.6450821321968,130.8448441919497,179.25,74.65789665292442,0.5705834044435186,140.08124999999998,13.300000000000011,-0.7735678526075144,-1.2016098523448486,748.9119758886624,750.0,28.00659943511403,0.03739638346934067,0.0,0.0,-25.701940481743236,658.589744527072,133.59922964236327,180.1,73.65400642139517,0.5513056221848158,135.8125,12.400000000000006,-0.8432816705150918,-1.094258715694667,45124.0,11.993062060436179,205,attack,1
906.0638802135247,750.0,1906.642275107857,2.104313301462292,0.0,0.0,40.26147363768002,3096.583030374933,1.3316942432498284,1.0,4.1513385732815316,3.117336126009469,0.0,0.0,22.37124817775081,722.8883074266815,131.56600537921983,180.2,75.0138924086857,0.5701616629042517,140.64999999999998,13.349999999999994,-0.7743811289602858,-1.1986254791955027,748.9125301791925,750.0,27.99947535244024,0.037386843221518536,0.0,0.0,-25.708519581087437,658.9279790511562,134.33904378964272,181.1,74.01636456935803,0.5509668855858311,136.05,12.400000000000006,-0.8445912500850894,-1.090443575393938,45147.0,11.981395737625554,206,attack,1
906.2210475309457,750.0,1912.444511610735,2.1103510195678044,0.0,0.0,40.754244528876576,3173.418037768876,1.3326725694903307,1.0,4.18002478834617,3.136572991777556,0.0,0.0,22.50567167973859,731.2093015114998,131.62657737131113,180.95,75.72895079538475,0.5753317628381209,142.6875,13.600000000000023,-0.7590367789950421,-1.2233944364340619,748.918637945465,750.0,27.920853487694693,0.037281557799510714,0.0,0.0,-25.781349277455913,662.6779705661763,134.41978046612485,181.95,74.75867774530712,0.5561583085916962,138.3875,12.600000000000023,-0.8289688570730945,-1.1179567523780225,45402.0,11.988961931860478,207,attack,1
906.4953281253419,750.0,1921.5710573109147,2.1197804309535475,0.0,0.0,41.04437806021322,3223.73559166877,1.3336834504037287,1.0,4.210106590911174,3.1567510188693597,0.0,0.0,22.605214111707888,737.518564147032,131.61341562185382,181.6,76.43162486980256,0.5807282221852119,146.55,13.950000000000017,-0.7403196019061071,-1.2538115754545043,748.9256657694917,750.0,27.83011175665972,0.03716004542061644,0.0,0.0,-25.865915948638758,667.0456078620444,134.43034497400382,182.75,75.48178642122028,0.5614936600498717,141.075,12.800000000000011,-0.8098314663013318,-1.1518524563809718,45699.0,11.994059339887565,208,attack,1
905.5525519643052,750.0,1929.5170429433592,2.1307620841638535,0.0,0.0,41.48502501937409,3290.82316528118,1.3332027424094026,1.0,4.24066000571455,3.180806542634848,0.0,0.0,22.727574470794888,744.9414281288932,131.7517504211424,182.35,77.05567585728029,0.5848550445134356,148.85,14.200000000000017,-0.7257628142876567,-1.2766082318855585,748.9314179997823,750.0,27.755618109960288,0.03706029342992306,0.0,0.0,-25.935752291577916,670.6632469300899,134.57332493520516,183.6,76.13777771850106,0.5657716917907776,144.25,13.0,-0.7948923359691114,-1.1774498805100417,45945.0,12.00428837022031,209,attack,1
906.2021599583622,750.0,1940.4518787495692,2.1413013171793014,0.0,0.0,41.71730318780465,3336.2996479758353,1.3350537820957669,1.0,4.275790777987315,3.202710508991766,0.0,0.0,22.793157718683172,749.3598298802784,132.13324621546226,183.15,77.51937013202594,0.5866757409836088,150.3125,14.400000000000006,-0.7162487575710854,-1.2907363462743697,748.9352879944483,750.0,27.705386775021957,0.03699303159985076,0.0,0.0,-25.983054553055474,673.1191239070558,134.9787154013272,184.45,76.60399786558985,0.5675264995508812,146.29999999999998,13.150000000000006,-0.7853537895773697,-1.1930324684925673,46112.0,12.000386493713997,210,attack,1
906.3776875657796,750.0,1951.5612562878123,2.1531435328345716,0.0,0.0,42.243834465218896,3414.8588278680904,1.3355027170994695,1.0,4.302832596811666,3.221882323202482,0.0,0.0,22.97300814851622,762.1686556255802,131.74744087789165,183.6,78.37591806293692,0.5948951838508847,154.18,14.950000000000017,-0.6890987787252488,-1.3325941953385245,748.9454646991859,750.0,27.57285698811578,0.03681557374700229,0.0,0.0,-26.108681073878316,679.6632274174917,134.6044484367335,185.1,77.49285434767376,0.5757079743474955,150.64999999999998,13.550000000000011,-0.7570596228667608,-1.240526418934186,46557.0,12.016910818618754,211,attack,1
905.4573003932296,750.0,1960.853040186955,2.165594158151223,0.0,0.0,42.5870186414941,3472.3425482480247,1.3350572747478202,1.0,4.334500028272626,3.246677210227833,0.0,0.0,23.0720544519753,768.4838670208986,131.88838853722385,184.25,78.99276134448552,0.5989364357286904,155.79999999999998,15.25,-0.6758654800280536,-1.3517669274412192,748.9507608138143,750.0,27.503632297502595,0.03672288451595534,0.0,0.0,-26.174779892363457,683.1191024136737,134.74965801737477,185.85,78.1594603407912,0.5800345729316302,152.7625,13.800000000000011,-0.7438474883374546,-1.2618603169880371,46792.0,12.024262113975814,212,attack,1
904.5092233630128,750.0,1973.6374034120633,2.1819980962427072,0.0,0.0,42.80122970764252,3508.434692844459,1.3347889064031013,1.0,4.371281910566387,3.2748863056899546,0.0,0.0,23.13315412455276,772.0694686249794,132.2742835611383,185.05,79.46944799334051,0.6007928816836801,156.7875,15.450000000000017,-0.6678748457914334,-1.36281136843104,748.9542027009755,750.0,27.458549814310626,0.036662521840836265,0.0,0.0,-26.218005330593037,685.3838035150059,135.1342186578835,186.7,78.67839887020965,0.5822241002436113,154.1875,13.950000000000017,-0.735824995675718,-1.2745050011705474,46946.0,12.029442378879047,213,attack,1
908.7120808710522,750.0,2006.327707669601,2.2078805266310777,0.0,0.0,42.52895041828723,3470.7302424832496,1.3439184362620948,1.0,4.451093694554573,3.3120266635634636,0.0,0.0,22.955026721162437,760.2210168303045,134.5769574804636,186.95,79.49384020324449,0.5906942889148354,156.10000000000002,14.600000000000023,-0.716431313255798,-1.2933714899797655,748.9372470073814,750.0,27.67992443536085,0.036958936874838116,0.0,0.0,-26.007097515596183,674.3691211857287,137.5182520137238,188.4,78.6077371135779,0.5716167560487398,149.15,13.199999999999989,-0.7876005107794722,-1.1930309252957285,46197.0,12.020253484273917,214,attack,1
908.5138711975648,750.0,2007.733958176555,2.2099100760344412,0.0,0.0,43.448621795324925,3624.8614909949183,1.3447397396316847,1.0,4.4797791325460965,3.331335425376124,0.0,0.0,23.14579731748233,774.4538176881607,135.08022545517088,187.85,79.89333669232596,0.5914510167799519,157.22500000000002,14.700000000000017,-0.7098686649697192,-1.303043130880706,748.9400462013429,750.0,27.643500874078274,0.03691016525860426,0.0,0.0,-26.04156744407609,676.1632349443638,138.0355454781407,189.3,79.0110348858906,0.57239629554985,151.45,13.300000000000011,-0.7808000926651055,-1.2042468778700472,46319.0,12.017876758502627,215,attack,1
906.7983888431721,750.0,1989.4509148594298,2.193928594643212,0.0,0.0,44.85959476496019,3882.937582926748,1.3442981506345013,1.0,4.501305155033151,3.3484425705030985,0.0,0.0,23.35339835224679,789.2078095557371,136.30807901936944,189.0,79.93090206234258,0.5863988593881098,155.85000000000002,14.550000000000011,-0.7206393294724307,-1.2845353625485163,748.936809736238,750.0,27.68560992463739,0.03696654986738836,0.0,0.0,-26.001725135622216,674.0897100284484,139.29594148384513,190.4,79.02021178308333,0.5672829440780779,149.0,13.199999999999989,-0.7923221464926079,-1.1832841346668943,46178.0,11.995487548112742,216,attack,1
905.7889898404106,750.0,1989.8952545457648,2.1968640344108854,0.0,0.0,46.18104892710774,4098.440996652529,1.3432781321820564,1.0,4.521258145631587,3.3658391641402936,0.0,0.0,23.659534539281598,812.5234163084933,136.05634773965485,189.55,80.74080410531481,0.5934365095542115,159.03,15.0,-0.6978509352493447,-1.3197615594254533,748.9454646991859,750.0,27.57285698811578,0.03681557374700229,0.0,0.0,-26.10868107387831,679.6632274174917,139.05099592069934,191.1,79.86342656065243,0.5743463110914968,155.6,13.550000000000011,-0.7684792386657783,-1.2235279600504059,46557.0,12.008518169629385,217,attack,1
905.307477214028,750.0,1995.083946855347,2.2037639112348564,0.0,0.0,46.97278067793753,4233.670901753102,1.3432090332771245,1.0,4.547590687090302,3.3856165156924347,0.0,0.0,23.846648864497098,826.4583426455296,136.09159451094968,190.15,81.36273117847998,0.5978527290451703,161.45,15.349999999999994,-0.68081876077982,-1.3451168578243267,748.9520373967428,750.0,27.486920051797824,0.036700507748585194,0.0,0.0,-26.190787233959274,683.9573359345238,139.09540297007408,191.8,80.50427532947613,0.5787702081484056,158.3,13.849999999999994,-0.7506745971639976,-1.252581140707191,46849.0,12.013508395022603,218,attack,1
905.0933622762774,750.0,2013.110579282339,2.2242021245404318,0.0,0.0,47.01325116287732,4236.392661551022,1.34393155844985,1.0,4.5886917875647715,3.4143790721438014,0.0,0.0,23.87647447549342,827.7688232275149,136.49913998178627,190.95,81.84474099308451,0.5995989498835337,162.7,15.599999999999994,-0.673960770103221,-1.3544485132708661,748.9551597182319,750.0,27.4460013885838,0.036645720417907784,0.0,0.0,-26.23006204961832,686.016155126828,139.50593559464983,192.65,81.01563107809858,0.5807325024040454,159.5,14.0,-0.7437315166994657,-1.2632523310814616,46989.0,12.014766531012684,219,attack,1
904.6820848567298,750.0,2027.519332672261,2.241140138188267,0.0,0.0,47.40902896877605,4280.003220738689,1.344634809965139,1.0,4.6296554547651425,3.4430578625918296,0.0,0.0,23.9541388115651,830.9736531994555,137.15775902501278,191.85,82.18227372093902,0.5991806391788003,163.2,15.699999999999989,-0.6722401640133809,-1.3556868012591816,748.9563812600969,750.0,27.42997612349926,0.036624263855458625,0.0,0.0,-26.245475361658965,686.8249769594483,140.18358025308223,193.6,81.35997909368731,0.5803816605825235,160.05,14.050000000000011,-0.7422533901981475,-1.2646504366896134,47044.0,11.999366918845237,220,attack,1
905.1084880580191,750.0,2045.033100675401,2.2594342309872477,0.0,0.0,47.885270243313784,4350.086723642113,1.3466896361045535,1.0,4.675591327515021,3.471914539299254,0.0,0.0,24.03748935605949,837.24440607764,138.04459026951747,192.85,82.41350955864787,0.5970064411632807,163.0,15.650000000000006,-0.6756604206257919,-1.3493050926510328,748.955826368064,750.0,27.43725685421522,0.03663401216499992,0.0,0.0,-26.23847043315217,686.4573306714009,141.08635585210234,194.6,81.58766045712838,0.5782817194786354,159.9,14.050000000000011,-0.7459238632018884,-1.257688163489531,47019.0,11.984141517310613,221,attack,1
901.7824067199797,750.0,2020.3407041709843,2.240386027844007,0.0,0.0,49.93805015719564,4699.401780787838,1.3432959294062745,1.0,4.684184463530424,3.4870830477397443,0.0,0.0,24.369831689092628,858.6349339350897,138.57402076632508,193.7,82.74826732619037,0.5971412741622567,164.125,15.849999999999994,-0.6688926675823649,-1.3585003570837657,748.9585728528095,750.0,27.4012012468178,0.036585736835143844,0.0,0.0,-26.273196536930122,688.2808562681575,141.64118075527648,195.5,81.91436154191237,0.5783230632865284,161.10000000000002,14.150000000000006,-0.7389327099189841,-1.2684275488944754,47143.0,11.977471050682242,222,attack,1
901.9095085560145,750.0,2037.449601508331,2.2590399393508465,0.0,0.0,50.12163266358483,4736.6489067684,1.3439475680687853,1.0,4.7186934029581655,3.51106956481851,0.0,0.0,24.46080737605428,866.5001154006603,138.5071308975031,194.15,83.4472248740824,0.6024760193454178,166.95,16.400000000000006,-0.6517406069358747,-1.3827872547010762,748.9653544634579,750.0,27.311967816273775,0.03646626329710466,0.0,0.0,-26.359532706315896,692.8249644953376,141.5853744958906,196.1,82.64786712172895,0.5837316701389079,163.8625,14.550000000000011,-0.7213550318509673,-1.2958049859108622,47452.0,11.989017407246932,223,attack,1
900.0596870734013,750.0,2033.70520384999,2.2595225995097126,0.0,0.0,51.1728046186869,4919.307110406336,1.342392103328783,1.0,4.742082457817575,3.532561347804747,0.0,0.0,24.64082987797034,877.9919110438561,138.84821058333267,194.85,83.94557793810823,0.6045852343752498,168.14000000000001,16.700000000000017,-0.6436165690985365,-1.3934431807911092,748.9688963561903,750.0,27.265246305623993,0.036403709737843834,0.0,0.0,-26.404962003364677,695.2220183991317,141.93494047703453,196.9,83.17536438519045,0.586010492593601,165.325,14.75,-0.7131657394721741,-1.307963797790069,47615.0,11.993515599076346,224,attack,1
897.1999414152405,750.0,2012.6148448451966,2.243217762219761,0.0,0.0,53.31336452562908,5280.283511311804,1.3394359124576307,1.0,4.75189857329565,3.547686402238347,0.0,0.0,24.976367201805626,898.991734277855,139.196525057836,195.5,84.3957203496683,0.6063062300916059,169.4,17.05000000000001,-0.6343907823027757,-1.4056158382936006,748.9727580867891,750.0,27.214213848465036,0.03633538543909433,0.0,0.0,-26.454760743132223,697.8543659763699,142.28853615855547,197.7,83.64554052981595,0.5878586060974564,167.0,14.949999999999989,-0.7034643525276377,-1.3224648613898542,47794.0,11.991758669921936,225,attack,1
893.9813072413577,750.0,1988.1455631312383,2.2239229691124596,0.0,0.0,55.56528790009668,5696.5007953273125,1.336114993845576,1.0,4.76085263377876,3.563205753777361,0.0,0.0,25.29271857611966,920.1790887187459,139.6538303052018,196.25,84.79323592401276,0.6071672773937113,170.35,17.349999999999994,-0.6274825249145827,-1.414457940177635,748.975736966182,750.0,27.174782347871293,0.03628259368981174,0.0,0.0,-26.493366707268592,699.8984794858084,142.75452273235555,198.55,84.05773088087888,0.5888270947357316,168.2,15.099999999999994,-0.6963258933554274,-1.3328714017281051,47933.0,11.99281076999163,226,attack,1
888.0489513388046,750.0,1954.4874014461843,2.2008780017133502,0.0,0.0,58.897749321315366,6262.488477586669,1.3286288651247617,1.0,4.757342113951437,3.5806403419548696,0.0,0.0,25.778110449659263,949.9975597771584,139.54375758357824,196.7,85.48961289793935,0.6126365978552374,172.7,17.950000000000017,-0.6102215090608876,-1.4371844059746568,748.9825084970571,750.0,27.084932640975882,0.03616230330308482,0.0,0.0,-26.58175401569592,704.5896465509662,142.65150457688802,199.1,84.8080888023639,0.5945124031737992,170.65,15.5,-0.6786373667164936,-1.3591760419450014,48252.0,12.004661083346175,227,attack,1
887.5597719025402,750.0,1974.6400525323486,2.2247967010712792,0.0,0.0,58.751507237180306,6229.717405023113,1.3294349403836185,1.0,4.805071769953477,3.6143715077677565,0.0,0.0,25.751792247762832,947.2565620595676,140.46374871637374,197.75,85.6704591361681,0.6099115246393931,172.5,17.900000000000006,-0.6131724072305906,-1.432075114736057,748.9819388284085,750.0,27.092502972962087,0.036172438303841356,0.0,0.0,-26.574284346312687,704.1925885186807,143.58280823411096,200.15,84.99343857943408,0.5919471810361361,170.45,15.449999999999989,-0.681989466523697,-1.3533256394100555,48225.0,11.995815864342852,228,attack,1
886.856185769525,750.0,1984.9102605697528,2.2381422066165624,0.0,0.0,59.49647824250924,6365.750013265487,1.3294596885920473,1.0,4.839893784017068,3.6404968315682558,0.0,0.0,25.87990891809811,957.3168550814838,140.9260674542093,198.45,86.0601446249909,0.610675840031896,173.5,18.200000000000017,-0.6067789854930599,-1.4395105947748945,748.9848018031058,750.0,27.054435325443947,0.03612147437479787,0.0,0.0,-26.611888030392578,706.1925845421514,144.05911124492877,200.95,85.3986581110182,0.5928028944023104,171.5,15.650000000000006,-0.6755706699943395,-1.3619257509751033,48361.0,11.987612738715777,229,attack,1
887.7139455153866,750.0,1988.774147468441,2.240332212325226,0.0,0.0,60.268589180831405,6496.934388417636,1.3309108825521956,1.0,4.8624128795265875,3.653447381993207,0.0,0.0,26.041548114690475,967.4594283936833,140.7526128563149,198.85,86.75964938898986,0.6163981444348539,176.10000000000002,18.849999999999994,-0.5885376191789429,-1.462207370012369,748.9920962410954,750.0,26.957200224464664,0.0359913013231415,0.0,0.0,-26.70841877075865,711.3396332342123,143.91404694206648,201.45,86.12703279877942,0.5984616139204981,174.1,16.200000000000017,-0.65697947715905,-1.3879271746950794,48711.0,11.992460816636255,230,attack,1
888.6504018487086,750.0,2000.759063887259,2.251458008374237,0.0,0.0,60.468082905364305,6535.2296098732595,1.3329515941021288,1.0,4.8964245334793,3.6733701022185383,0.0,0.0,26.097195505567335,970.8035154530389,141.03095422326015,199.55,87.26266635998816,0.6187483225976498,177.35,19.19999999999999,-0.5796956168224399,-1.4723378543231722,748.9959712877564,750.0,26.90540199634402,0.03592195823174494,0.0,0.0,-26.76012581686559,714.1043337344765,144.2090620368515,202.1,86.65196294539187,0.6008773770628134,175.47500000000002,16.55000000000001,-0.6481548254530628,-1.399507342685093,48899.0,11.989552821758924,231,attack,1
889.0063943306317,750.0,1994.401688736997,2.2434053359522363,0.0,0.0,61.85688215181192,6803.937129252186,1.334154685781778,1.0,4.916435770626756,3.685056780163283,0.0,0.0,26.291057650708826,983.8849501886436,141.27035136674894,200.2,87.75929931705214,0.6212152689365237,179.05,19.600000000000023,-0.5697838170841927,-1.483510225970279,749.0002036411029,750.0,26.848712787849394,0.03584606874247853,0.0,0.0,-26.81694325427952,717.1484455032476,144.48493384431637,202.8,87.15126537887507,0.6031858343983548,176.9875,16.849999999999994,-0.6382016507116417,-1.412330461530497,49106.0,11.984296881274869,232,attack,1
888.0378072602963,750.0,2004.2746534168002,2.2569699589708114,0.0,0.0,62.38678398053335,6891.9573139525455,1.3340997883770145,1.0,4.954188255491479,3.713506514770118,0.0,0.0,26.35698140852413,987.1754306297098,141.94925472395917,201.1,88.09778736801519,0.6206287418650704,179.45000000000002,19.700000000000017,-0.5694847032364855,-1.4825525400759192,749.0009767214716,750.0,26.838344948719694,0.035832189520228055,0.0,0.0,-26.82736043592324,717.7072679589396,145.17530868978918,203.725,87.50788703033516,0.6027739001907145,177.3,16.92500000000001,-0.6382958942820643,-1.4111114628958552,49144.0,11.989941275741753,233,attack,1
887.5606658172037,750.0,2019.0240865565224,2.274801221274882,0.0,0.0,62.28881397320164,6878.63220925487,1.333899642012014,1.0,4.986060805328072,3.7379579754645174,0.0,0.0,26.400388980091286,990.0556208784681,141.9177688006345,201.65,88.73921278630262,0.6252861324994695,181.55,20.19999999999999,-0.5549735170216884,-1.499865127651987,749.0070181825537,750.0,26.757183321614544,0.035723541531747144,0.0,0.0,-26.909186505572013,722.1043183916601,145.1410814689238,204.25,88.19637103634486,0.6076595967436594,179.89999999999998,17.44999999999999,-0.6232931461648789,-1.4313768828556308,49443.0,12.01110135296641,234,attack,1
887.4867954911433,750.0,2024.465911731894,2.2811222905142334,0.0,0.0,62.81695363331356,6991.642995668051,1.3344202898550726,1.0,5.0133435903996775,3.756944965925362,0.0,0.0,26.49871184324496,996.9519913537775,142.14537240228185,202.15,89.17561045193662,0.6273550024517371,183.0,20.700000000000003,-0.543218209851137,-1.5134956309432483,749.0117552334943,750.0,26.69337171843496,0.035638121206941084,0.0,0.0,-26.973868946264542,725.5896059302536,145.38971589156603,204.9,88.6401771896764,0.6096729513921443,181.7,17.849999999999994,-0.6111203575215498,-1.4473903009203537,49680.0,12.01540435393942,235,attack,1
887.2518755405379,750.0,2035.0188342026458,2.2936202112425597,0.0,0.0,63.247197617515766,7068.27410135595,1.3353245238238902,1.0,5.051343356227553,3.782858223679079,0.0,0.0,26.5512446953992,999.7319697335585,142.87326775965536,203.05,89.43401218720537,0.6259674296639822,183.14999999999998,20.849999999999994,-0.5423701066105114,-1.5132975328960376,749.0125304209658,750.0,26.682914756322152,0.03562412332584825,0.0,0.0,-26.98449803619493,726.1631342654075,146.1431413916008,205.85,88.89776037995091,0.608292387404915,181.95,17.900000000000006,-0.6106094698296293,-1.447150989369228,49719.0,12.012150127254753,236,attack,1
887.6642212529898,750.0,2050.248295120258,2.3097115396024557,0.0,0.0,63.3464120851334,7082.877840798138,1.3371053001829036,1.0,5.092831219613912,3.8088482776317316,0.0,0.0,26.56589239345621,1000.0091958001724,143.63830343321035,204.0,89.67291592900278,0.6242966798246774,183.35,20.900000000000006,-0.542003164852064,-1.5127276497120894,749.0132052338553,750.0,26.67380845035111,0.035611933493246054,0.0,0.0,-26.993761007466237,726.6631333282037,146.92045713078608,206.75,89.13433793273593,0.6066843220708881,182.14999999999998,18.0,-0.6102886168507378,-1.446705980390018,49753.0,12.004272239245902,237,attack,1
888.9675812477403,750.0,2068.8455324786773,2.3272451955726887,0.0,0.0,63.22070687972642,7054.18106562863,1.340075523239465,1.0,5.136710506558189,3.833150010934334,0.0,0.0,26.55606739744066,998.6532916381509,144.39924765252331,204.95,89.91644571593837,0.6226933116182833,183.54999999999998,20.950000000000017,-0.5416181769632745,-1.5121764750457032,749.0138593178805,750.0,26.66497888702197,0.03560011414382306,0.0,0.0,-27.002748499688593,727.1484265374359,147.706213747198,207.7,89.36260596774966,0.6050023468931067,182.3375,18.05000000000001,-0.6100753104428668,-1.4459983584024194,49786.0,11.997923751506097,238,attack,1
890.6286602223881,750.0,2090.156274036366,2.3468324874190083,0.0,0.0,63.050574349509624,7020.660738431211,1.3443585655762518,1.0,5.192366094540926,3.8623371974539005,0.0,0.0,26.48548433307236,993.0328985923878,145.79424447631501,206.35,89.96966011223876,0.617100218430466,182.9,20.5,-0.5555998109609128,-1.4941402419564886,749.0092224486913,750.0,26.727509272072176,0.03568381866473355,0.0,0.0,-26.939227204748775,723.7219623890774,149.1423957264545,209.1,89.37426479621134,0.5992545872746655,181.04999999999998,17.650000000000006,-0.6249530369428428,-1.4249785636951597,49553.0,11.992563021188333,239,attack,1
891.7801971398562,750.0,2116.8486833757083,2.3737336735721737,0.0,0.0,62.546453113762254,6904.88370300408,1.3473782015027875,1.0,5.245018238521554,3.8927587166480535,0.0,0.0,26.422516858160602,987.2927576230167,146.79669306274528,207.45,90.08597934327997,0.6136785336490825,182.5625,20.400000000000006,-0.5592267111495568,-1.488555635640453,749.0083218873717,750.0,26.739636718522174,0.03570005290614516,0.0,0.0,-26.926941878608172,723.0601989339425,150.16737356106083,210.15,89.47053791662515,0.5958054389240868,180.64999999999998,17.549999999999983,-0.6288182717106424,-1.4187507693585475,49508.0,11.983552360508536,240,attack,1
891.7723323680107,750.0,2129.1915378574718,2.3875954215843636,0.0,0.0,62.948883545441845,6975.56558246802,1.3467870957289536,1.0,5.263666322078176,3.9083135996556284,0.0,0.0,26.61616966513412,1002.7025208309375,148.0151292397686,208.7,90.11503724456347,0.6088231500888452,181.65,20.150000000000006,-0.5675072705308385,-1.4765433745743732,749.0203527815468,750.0,26.57716281040132,0.03548256427439509,0.0,0.0,-27.092459443462356,732.0013586956524,151.40976734559223,211.35,89.48596188994206,0.5910184227790978,179.65,17.349999999999994,-0.637681120831493,-1.4052413307445588,49379.0,11.976228050844563,241,attack,1
891.9516397772992,750.0,2144.4771073393636,2.404252665396515,0.0,0.0,63.2170423476162,7015.606692860051,1.3489047831917746,1.0,5.3126150330328485,3.938465560528412,0.0,0.0,26.611043149484356,1001.1459120941307,149.3454797547667,209.95,90.09812615462079,0.6032865963038637,180.45000000000002,19.850000000000023,-0.5780651546128449,-1.4613184514602822,749.0023976917138,750.0,26.8192776975291,0.03580666467848585,0.0,0.0,-26.846539399894525,718.7366777500893,152.76861855772748,212.6,89.43828886512232,0.5854493528153872,178.15,17.099999999999994,-0.6488926149755649,-1.3878179262991994,49214.0,11.962262203307315,242,attack,1
881.343756378332,750.0,1693.1075124483766,1.9210523705367704,0.0,0.0,27.599394759243015,901.5424377935674,1.1751643058333674,1.0,2.2574742842940765,1.9209860894244821,0.0,0.0,27.59943388435993,901.5443601965748,150.83327605620664,211.25,90.00276906712027,0.596703667919946,178.9,19.55000000000001,-0.5916224351072883,-1.4416778103240018,749.9852635016532,750.0,3.261829952949742,0.004349192059748454,0.0,0.0,-221.33910639652217,48989.000020411026,154.12173032722376,213.95,89.48566276821816,0.5806167798546419,177.3,16.700000000000017,-0.6608808739125454,-1.370877963249503,48994.0,11.952596937678106,243,attack,1
864.1493706521961,750.0,1469.1251058781334,1.7000823651232266,0.0,0.0,30.00295685236129,1036.5908355737026,1.1535935045594565,1.0,1.9584235719396625,1.697672155919048,0.0,0.0,30.01993694056022,1037.3758394124823,151.6059331200088,212.25,90.26388122595219,0.5953848861211833,179.125,19.55000000000001,-0.5922784677940011,-1.439113232832357,748.9984291805218,750.0,26.87249500059126,0.03587790568531955,0.0,0.0,-26.793078139755988,715.8690362030701,154.86469073424593,214.9,89.7887595352425,0.5797884534527218,177.65,16.75,-0.6609552145883276,-1.3696666809415754,49019.0,11.95270633198257,244,attack,1
861.4606100146794,750.0,1429.2325680893846,1.6590805795113839,0.0,0.0,30.930083344940968,1104.107850302352,1.1513619311694667,1.0,1.9055664550409972,1.6550542478901193,0.0,0.0,30.93000890624105,1104.1084382243484,152.3832485659769,213.175,90.49331602726596,0.5938534378211877,179.4,19.625,-0.5922306514761814,-1.4375068437644056,748.9990213668243,750.0,26.864560575761438,0.03586728394749724,0.0,0.0,-26.801035539113457,716.2955059688225,155.65341533075764,215.85,90.02570137805652,0.5783727982245381,177.91250000000002,16.80000000000001,-0.6610138910653551,-1.3682371594302583,49048.0,11.951215023967801,245,attack,1
859.857733260042,750.0,1413.0676934648438,1.643373826629873,0.0,0.0,32.1940891162047,1198.044787344231,1.1505730979865225,1.0,1.8851269142185638,1.6384242926568457,0.0,0.0,32.136513548258,1195.1281243351195,153.02365619996232,214.05,90.81193535962649,0.5934503044480834,180.05625,19.75,-0.5903322015151038,-1.4383257224185768,749.0004682505752,750.0,26.84516454348241,0.035841318772716,0.0,0.0,-26.820507482266684,717.3396216063232,156.30475721810296,216.75,90.34558742965987,0.5780091984250636,178.5,16.900000000000006,-0.6588652911237375,-1.3699276322715446,49119.0,11.950182270381974,246,attack,1
855.7263999675253,750.0,1344.3864886213137,1.5710471111705016,0.0,0.0,33.42023600770959,1308.6646616894843,1.146400373459985,1.0,1.7955825992628127,1.566278798255719,0.0,0.0,33.24735564846991,1299.336593627869,153.37069223758817,214.8,91.31646959754306,0.5953971274778088,181.3,20.049999999999983,-0.5846763673387513,-1.4433814958514724,749.0035113357284,750.0,26.804324761987765,0.035786647667627784,0.0,0.0,-26.86159897945001,719.5454997327893,156.66572904964582,217.55,90.87215528778331,0.5800385051601606,179.95,17.149999999999977,-0.6532283988258841,-1.3758737152949843,49269.0,11.958524639844887,247,attack,1
852.0245633298766,750.0,1276.5699833985734,1.4982783810944267,0.0,0.0,34.79439009704068,1432.5642399244919,1.142825189613453,1.0,1.7082658770338124,1.4947744349348941,0.0,0.0,34.426078585251624,1411.4325590460653,154.5007963939117,215.95,91.37033776031102,0.5913907234973422,180.65,19.850000000000023,-0.5910262036047392,-1.4331421651204053,749.0016877122349,750.0,26.82880624147302,0.035819420278503565,0.0,0.0,-26.83695163117099,718.221972853811,157.82005928081094,218.65,90.91385867479725,0.5760602238339884,179.2,17.0,-0.6599994163802626,-1.3646463379107487,49179.0,11.952540960193954,248,attack,1
851.1219204557013,750.0,1275.8748069164271,1.499050578127876,0.0,0.0,35.89867773855296,1519.5833895891335,1.142976299460889,1.0,1.7111121655805681,1.4970670576351002,0.0,0.0,35.29963854148537,1483.9446313344386,155.4225001975684,217.0,91.5531737333657,0.5890599727644714,180.45000000000002,19.80000000000001,-0.5944172493799187,-1.4265685629593787,749.0012002848133,750.0,26.835345973057766,0.03582817485853618,0.0,0.0,-26.830375181020447,717.8690323543187,158.7557700167226,219.7,91.09228844015506,0.5737888357100962,179.0,16.950000000000017,-0.6635315859555326,-1.3576707299286228,49155.0,11.947296630825369,249,attack,1
849.8582555467432,750.0,1274.9102776806326,1.5001446057147951,0.0,0.0,36.65676466639826,1589.9529847083259,1.1426392532487342,1.0,1.7144347062461844,1.5004164274697638,0.0,0.0,35.77900989958577,1536.010440578471,156.19061230067834,217.95,91.82887932858884,0.5879282882367574,180.60000000000002,19.850000000000023,-0.5956325499371843,-1.4227037385936554,749.0015658999857,750.0,26.830440726126863,0.03582160832185701,0.0,0.0,-26.835307669726376,718.1337377288759,159.54805963506396,220.7,91.36596793737137,0.5726548360810765,179.2,17.0,-0.6651254560535185,-1.3532372653242564,49173.0,11.949707444912312,250,attack,1
845.7924037249401,750.0,1227.9330479873877,1.4518137578198484,0.0,0.0,39.5513271918289,1864.730102079452,1.1385669553901834,1.0,1.65800685980605,1.4562225365462642,0.0,0.0,38.177883878046124,1772.4617095479252,157.02297154570383,218.9,92.03822197249974,0.5861449510634861,180.70000000000002,19.900000000000006,-0.596983896966881,-1.4188284796578172,749.001748607214,750.0,26.827989111155485,0.035818326407171606,0.0,0.0,-26.83777357413045,718.2660904162944,160.38864544687084,221.65,91.58762304913769,0.5710355791955132,179.35,17.0,-0.6666586392408732,-1.3492373664285646,49182.0,11.940460247075837,251,attack,1
847.029843134855,750.0,1226.2337513907298,1.447686597266092,0.0,0.0,40.725961171158275,1996.485451886957,1.141607000795545,1.0,1.6623281405662151,1.4561299461266428,0.0,0.0,38.895254315904076,1867.8825531555497,158.2498416163875,220.15,92.15389802376156,0.5823316919782534,179.4,19.650000000000006,-0.6085649266748143,-1.4000952806094695,748.9985109030455,750.0,26.871400179183514,0.03587644005698417,0.0,0.0,-26.79417585257992,715.9278596189773,161.66921323666443,222.9,91.66259222515443,0.5669761755503278,178.025,16.75,-0.6791122024621356,-1.3279722861180558,49023.0,11.923889860678695,252,attack,1
846.1697241168686,750.0,1211.7310314682145,1.4320188928206754,0.0,0.0,41.67437964728273,2092.2395338456045,1.1417896772879976,1.0,1.650684640349792,1.4456993903382733,0.0,0.0,39.29649243682773,1920.1171996804226,158.7704438100928,221.0,92.57274390189917,0.5830603082058934,180.25,19.80000000000001,-0.6061306275937436,-1.4008196348310304,749.0003868471954,750.0,26.84625616114268,0.03584278010075263,0.0,0.0,-26.819410847182535,717.2807981899725,162.2140179818996,223.75,92.09040149703158,0.5677092685498201,178.8,16.900000000000006,-0.6769335458611763,-1.3287424919805588,49115.0,11.925394576016712,253,attack,1
845.865535619838,750.0,1210.9190491666304,1.43157393010378,0.0,0.0,42.31846064735406,2163.281086087557,1.1427234631189227,1.0,1.6578471161584527,1.4507859247359494,0.0,0.0,39.394016138978,1946.5685355050698,159.50065686549374,221.9,92.82687472890431,0.5819842786427196,180.65,19.900000000000006,-0.6054822166519818,-1.3997825100960068,749.0012612392693,750.0,26.834528245068572,0.03582708018497749,0.0,0.0,-26.83119732544039,717.91314991672,162.97071332293825,224.7,92.34021477730568,0.566606188894362,179.2,16.950000000000017,-0.6765231979041204,-1.3276443469978518,49158.0,11.923239261867172,254,attack,1
847.1609082758189,750.0,1217.1212498048812,1.4367061061422473,0.0,0.0,42.645560535225336,2207.471768191773,1.1462082195208407,1.0,1.6761934962813054,1.4623813263021435,0.0,0.0,39.10876101268547,1940.8056733603405,156.94107020043873,219.9,93.92562396487469,0.5984770197177623,185.025,23.0,-0.5445010996064896,-1.4687555674439645,748.9762922496299,750.0,27.16742568240594,0.03627274449609839,0.0,0.0,-26.50058172296806,700.2808316557083,160.46852320688507,223.0,93.54523394504767,0.5829506751579179,184.7,19.80000000000001,-0.6143410615875167,-1.4070247130264744,47959.0,11.941721091288793,255,attack,1
843.8614274788648,750.0,1151.6395063360744,1.3647258528888242,0.0,0.0,44.21838048280433,2414.242128984116,1.1430372682362182,1.0,1.6018975685623242,1.4014394920247506,0.0,0.0,39.559292502015886,2041.478936468965,156.47465886029735,220.1,94.75725119599404,0.6055757007950697,187.15,23.900000000000006,-0.5243783461385033,-1.4917653217755595,748.9851795200397,750.0,27.04940897551736,0.03611474527820564,0.0,0.0,-26.6168610076372,706.457289899877,160.00944287087373,223.4,94.42168219478982,0.5901006871887388,186.7,20.44999999999999,-0.5935421758554428,-1.4336698764723166,48379.0,11.966629167903942,256,attack,1
844.7651440733464,750.0,1166.0066865900696,1.3802731975513796,0.0,0.0,44.64398660661933,2469.752402292515,1.1454240340537,1.0,1.630739679626965,1.423699548066679,0.0,0.0,39.42035009522958,2044.736038211237,155.7871973470472,220.05,95.71070118643647,0.6143682075056637,189.45,25.0,-0.5020447193621271,-1.5162108101742353,748.9952521283562,750.0,26.91502266469809,0.03593483748824302,0.0,0.0,-26.750507076520382,713.5896288509665,159.3250414300917,223.6,95.42422617507059,0.5989279859496577,189.1,21.30000000000001,-0.5702719217655994,-1.462223961990157,48864.0,11.990062341691829,257,attack,1
844.8286690530426,750.0,1146.6199451000416,1.3572218688852886,0.0,0.0,45.70104986055738,2594.0485358535607,1.146741783273674,1.0,1.6176867905324783,1.410680952005053,0.0,0.0,39.52002174445852,2076.2691992369014,155.6988369471403,220.35,96.35020502685127,0.6188241795252596,190.7575,25.75,-0.4889090669009329,-1.5294805708975276,749.001464367068,750.0,26.831803024893055,0.035823431997648834,0.0,0.0,-26.833937624920623,718.0602084581296,159.25115743874065,224.1,96.08111499419839,0.6033307169598314,190.5,21.849999999999994,-0.5565293523071265,-1.478012707451112,49168.0,12.000140719989608,258,attack,1
844.1319503762456,750.0,1146.114609410121,1.357743429684513,0.0,0.0,47.26639353761514,2786.3635387381337,1.147162904209884,1.0,1.6298961640220966,1.4208061976556836,0.0,0.0,40.09708292910858,2162.453791093982,156.5437767879262,221.35,96.55789530884745,0.6168108198875057,190.9375,25.75,-0.4906085199091403,-1.5259569033227487,749.0015049827131,750.0,26.831258080485917,0.03582270249390911,0.0,0.0,-26.834485651236633,718.0896201664245,160.11799537901157,225.1,96.27816077608092,0.6012950671046258,190.55,21.849999999999994,-0.5584082714293443,-1.4741696337429107,49170.0,11.993085816166662,259,attack,1
842.6295753430235,750.0,1145.927110716674,1.35994171608584,0.0,0.0,47.83708886724531,2832.283628418462,1.1465331216155694,1.0,1.6434145365438761,1.4333772880701046,0.0,0.0,39.80099517806949,2128.3335014468726,157.54851340007502,222.45,96.68102853240038,0.6136587800539306,190.64999999999998,25.650000000000006,-0.4945971208059378,-1.5197924611791909,749.0005292944098,750.0,26.844345917618575,0.03584022289397724,0.0,0.0,-26.821329929155247,717.3837391685994,161.13057486790032,226.2,96.41446234646536,0.5983623060087064,190.3,21.75,-0.5629520368398006,-1.4669809257755793,49122.0,11.98310415190169,260,attack,1
842.4740023689907,750.0,1157.2957720262275,1.373687222124333,0.0,0.0,48.09728887783218,2867.7336103811617,1.147755585508312,1.0,1.6721796763165717,1.4569126889293296,0.0,0.0,39.3503460051267,2094.4602032053153,158.87121060353005,223.75,96.66486108071679,0.6084479416597895,189.95,25.325000000000003,-0.5041008665956347,-1.5066830058692184,748.9973450965977,750.0,26.887014029103113,0.035897342233750525,0.0,0.0,-26.778529196803202,715.0896259440422,162.48051217516237,227.45,96.39246359336225,0.5932555375591517,189.64999999999998,21.5,-0.5734797750915159,-1.4515674875105926,48966.0,11.964712994435708,261,attack,1
843.4468886977182,750.0,1182.3945452306418,1.4018601065163199,0.0,0.0,47.34086011779374,2765.3228212903123,1.1504854368932038,1.0,1.7182627407949562,1.4935110742774726,0.0,0.0,38.27645927210957,1977.0749837106312,159.87008309198333,225.05,97.04619810482993,0.6070316361128876,189.7,25.0,-0.5149326226583372,-1.4921190801818938,748.9943877760027,750.0,26.92658110085746,0.03595031089726968,0.0,0.0,-26.738960020775814,712.9719829926469,163.5247189751137,228.65,96.77496230623926,0.5918063208594606,189.25,21.25,-0.5854752502670151,-1.434277675668786,48822.0,11.972604629502746,262,attack,1
841.7286796315251,750.0,1187.2893333227164,1.4105368654451265,0.0,0.0,48.396191302760386,2854.858296902309,1.149539406345957,1.0,1.7396726396877822,1.513364944328166,0.0,0.0,38.409763269621116,1978.3860067468852,160.66131105269014,226.0,97.2655016972904,0.6054071204821142,189.85000000000002,25.05000000000001,-0.5153777353045791,-1.4899763518095333,748.9949641760492,750.0,26.91887382274941,0.0359399930710645,0.0,0.0,-26.74665861183345,713.3837468979643,164.32417278571137,229.6,96.99232018897675,0.5902498612633248,189.45,21.30000000000001,-0.5858398636635092,-1.4323049574077251,48850.0,11.96731842871844,263,attack,1
837.8932359660574,750.0,1065.4047232496769,1.271528015166882,0.0,0.0,51.49729948188769,3377.597194739848,1.1456837467362924,1.0,1.6102940126866827,1.4055309916667011,0.0,0.0,38.21941313237675,2082.0769266166985,160.99605033356144,226.6,97.6936500061037,0.6068077434427492,190.9,25.5,-0.5084026527788319,-1.49689450266467,748.9985313315927,750.0,26.871126494739237,0.03587607367796425,0.0,0.0,-26.79445027375926,715.9425654729577,164.6585837735191,230.35,97.43686861369186,0.5917509210920466,190.3625,21.599999999999994,-0.5783364811692476,-1.4409783244942278,49024.0,11.961858525249157,264,attack,1
837.9882005899705,750.0,1063.9779196349814,1.2696812662587695,0.0,0.0,53.28375623079971,3615.2046113281863,1.1470857491608177,1.0,1.626380590237737,1.4178369763791074,0.0,0.0,38.57940968861756,2135.8437815770453,161.41856998304124,227.3,98.12402346155565,0.6078855950208495,191.6,25.849999999999994,-0.5043436249716367,-1.4995790548277046,749.0012002848133,750.0,26.835345973057766,0.03582817485853618,0.0,0.0,-26.830375181020464,717.8690323543192,165.09358895931237,231.15,97.87392799854022,0.5928390594419838,191.15,21.799999999999983,-0.5740570798015219,-1.4445348424656497,49155.0,11.956612070957922,265,attack,1
836.3878824721378,750.0,997.4478940478549,1.192566170494564,0.0,0.0,52.79990833458201,3666.74198750813,1.1461803444782168,1.0,1.568622515343328,1.368565185138838,0.0,0.0,36.297279344226766,1955.6439460377705,161.659892091689,227.9,98.61299599274477,0.6100028567185621,192.60000000000002,26.299999999999983,-0.4967507626201763,-1.506694648549773,749.0051469098278,750.0,26.78234863549743,0.03575722910048539,0.0,0.0,-26.883762272639185,720.7366739317782,165.3463934893009,231.85,98.37591353297363,0.5949686077630671,192.2375,22.150000000000006,-0.5661124916098917,-1.453178632082924,49350.0,11.95299735599742,266,attack,1
836.3850016329196,750.0,938.028873314769,1.121527611666164,0.0,0.0,49.451421450730194,3300.003823352214,1.147758817766166,1.0,1.5251763579629938,1.328830007101474,0.0,0.0,32.43834082404719,1575.83417321044,163.4186650729872,229.65,98.61714317246036,0.6034631547651871,190.75,25.44999999999999,-0.5189213024483341,-1.4779377469480053,748.9978772044416,750.0,26.87988854693838,0.035887803377046716,0.0,0.0,-26.785667401544746,715.4719781461769,167.14302841510857,233.4,98.34005816542467,0.5883587194626624,190.25,21.549999999999983,-0.5894442870462906,-1.4200042228658127,48992.0,11.94424546279917,267,attack,1
837.0589341949204,750.0,959.7908372094369,1.146622774097214,0.0,0.0,49.61893920525855,3315.37617679467,1.150075661527136,1.0,1.5712827842743564,1.3662429671695842,0.0,0.0,32.18807106716218,1546.9781616804007,164.57038212263785,230.85,98.679964343643,0.5996216516657699,190.3375,25.200000000000017,-0.5254889203605492,-1.4680942055144313,748.9960328820907,750.0,26.904577847583166,0.035920854939719776,0.0,0.0,-26.760950119455536,714.1484512959876,168.31929771058444,234.55,98.37853912348369,0.5844756986370039,189.79999999999998,21.399999999999977,-0.5964031450786329,-1.4088051074557968,48902.0,11.926206608373228,268,attack,1
834.9462440118234,750.0,870.7657548862908,1.0429003796727783,0.0,0.0,47.06722395793577,3038.434981290308,1.1485067781062073,1.0,1.499166541265047,1.3053179744720782,0.0,0.0,28.861051624174458,1219.6797630709727,164.85676955640196,231.45,99.22809740782188,0.6019049000828156,191.2,25.650000000000034,-0.5207319321445821,-1.471840255070015,748.9991642034452,750.0,26.86264642251324,0.0358647214928223,0.0,0.0,-26.80295593674154,716.3984469469087,168.61529189144838,235.3,98.94757986359551,0.5868244733537944,190.60000000000002,21.649999999999977,-0.5913915129131602,-1.4136473116260524,49055.0,11.92658417085142,269,attack,1
836.019364155971,750.0,882.9988568143874,1.0561942637606798,0.0,0.0,46.993245348920865,3020.1137715818704,1.151211276773183,1.0,1.5352438393320023,1.333589993693645,0.0,0.0,28.510100146809258,1179.1737563947881,165.35387635131013,232.2,99.61919349983637,0.6024605875473149,191.8,25.94999999999999,-0.5176546364389102,-1.473742588832488,749.001362813498,750.0,26.833165531189405,0.035825255951998695,0.0,0.0,-26.832567510162143,717.98667918741,169.12684938758824,236.1,99.34104705540796,0.5873759690736504,191.25,21.849999999999994,-0.5881466146404594,-1.416248177107087,49163.0,11.920614916319176,270,attack,1
837.242629368348,750.0,895.5188721947342,1.0696049637013254,0.0,0.0,46.39758158530515,2948.799114962304,1.1542837336378093,1.0,1.573282510057353,1.3629946123376777,0.0,0.0,27.915639674468306,1120.8374069836698,166.61137907976627,233.5,99.61073328201218,0.597862726016588,191.14999999999998,25.600000000000023,-0.5253076232268322,-1.462453874164883,748.9989805488725,750.0,26.865107551851132,0.035868016178291946,0.0,0.0,-26.80048682880236,716.2660942608087,170.41509682069895,237.3,99.30168957255391,0.5827047686804033,190.55,21.649999999999977,-0.5962751119858318,-1.4034637550082172,49046.0,11.887636648711716,271,attack,1
839.3800721553366,750.0,901.5782833942628,1.0741001761921931,0.0,0.0,46.138286524550274,2932.2371868053697,1.158255300174308,1.0,1.6021967381120292,1.3832846159831185,0.0,0.0,27.50106472596073,1081.7681387820548,166.47380978728583,233.9,100.34226173442704,0.6027510385125487,192.70000000000002,26.299999999999983,-0.5136833941258436,-1.4745183923907248,749.0049049414245,750.0,26.78560094744821,0.03576158282907769,0.0,0.0,-26.88047997487405,720.5602036796046,170.28755999675707,237.85,100.05572782649185,0.5875692142655476,192.2,22.150000000000006,-0.5840285276180086,-1.4178850675217751,49338.0,11.889547034608382,272,attack,1
840.1968546746945,750.0,906.2422950796806,1.0786071026540054,0.0,0.0,46.05801844050939,2935.9029603437925,1.1604276998046756,1.0,1.6296822419277266,1.4043806798148961,0.0,0.0,27.182263705591424,1050.4792861407254,166.2855764433908,234.15,101.04162950784303,0.6076391691268604,194.35,27.099999999999994,-0.4998392277102671,-1.489664370239403,749.0113771369888,750.0,26.698470591568153,0.03564494666772624,0.0,0.0,-26.968689154103572,725.310194690664,170.10648584589515,238.35,100.78006734315902,0.5924528206082563,193.9,22.700000000000017,-0.5694916276161472,-1.4358104570184564,49661.0,11.899765089036128,273,attack,1
840.015094790505,750.0,871.4820710550657,1.037460012873231,0.0,0.0,45.47024741986063,2987.8783067818217,1.1610642026445754,1.0,1.6173945976634625,1.393027701637425,0.0,0.0,26.285834872194304,987.1561564922804,165.33819123038847,233.9,102.10245994324063,0.6175370565229373,197.10000000000002,28.49999999999997,-0.47543411127264806,-1.5165016671912908,749.0223036482396,750.0,26.550722698539854,0.03544717235951463,0.0,0.0,-27.11958598912556,733.4719442215751,169.1624396422654,238.5,101.88547203686079,0.6022937021499695,196.71249999999998,23.649999999999977,-0.5438323122656211,-1.4673537463197135,50216.0,11.931402918934047,274,attack,1
840.9977202894241,750.0,892.929288364974,1.0617499510672608,0.0,0.0,45.244925815529704,2949.5897652883464,1.1635048072157796,1.0,1.662214763952099,1.4286273280896125,0.0,0.0,26.163538708624515,970.8853104311115,165.4673985102407,234.35,102.63362716562085,0.6202649469905632,198.24999999999997,29.099999999999994,-0.4665977921516864,-1.5249040780824363,749.0267419962336,750.0,26.490470882517396,0.035366522177723,0.0,0.0,-27.181603799563728,736.8395851164569,169.29992820798893,239.05,102.43451867826978,0.6050476202944787,197.95,24.149999999999977,-0.5346111679714278,-1.4774110587495342,50445.0,11.93101707891139,275,attack,1
841.3642433969368,750.0,905.3246343257664,1.0760198587363243,0.0,0.0,45.23434191483201,2937.2563750954987,1.1652895837048485,1.0,1.700068440710435,1.4589235710022777,0.0,0.0,25.995045422197297,948.4505715546189,166.24069172535715,235.3,102.852848546734,0.6186983913460555,198.39999999999998,29.149999999999977,-0.46690154704161324,-1.5230365052358235,749.0272048187996,750.0,26.484180001693076,0.03535810159004836,0.0,0.0,-27.188095292796216,737.192525650168,170.10576240262338,240.0,102.6501104755191,0.6034487546198259,198.04999999999998,24.19999999999999,-0.5352395280865443,-1.4754282421171152,50469.0,11.924349236243906,276,attack,1
842.3578605902366,750.0,921.6097683872748,1.094083419298191,0.0,0.0,45.16392877088712,2925.33559797803,1.167853469420049,1.0,1.7411264719424566,1.4908775094936288,0.0,0.0,25.868670809067382,933.0520831863056,166.8354611556811,236.05,103.151140901225,0.6182806711875865,198.75000000000003,29.44999999999999,-0.4644297883283497,-1.5243653745790346,749.028878866999,750.0,26.461413072090107,0.03532762730339095,0.0,0.0,-27.21161397436751,738.4719350899927,170.7254191544228,240.85,102.94009323898142,0.6029570391382146,198.49999999999997,24.349999999999994,-0.5327092496762728,-1.4772806036864081,50556.0,11.917850050125644,277,attack,1
843.2303263334319,750.0,933.6179996923071,1.1071921520563694,0.0,0.0,45.138193775138824,2922.6523862184717,1.1701863354037267,1.0,1.7775652389787007,1.5190446044350892,0.0,0.0,25.7411446521605,917.3539032736917,167.21846540954294,236.75,103.54261034780686,0.6192056008540419,199.40000000000003,29.75,-0.45870325685071106,-1.5294787085306858,749.0319234940353,750.0,26.41995581345881,0.035272135919410114,0.0,0.0,-27.25454395428084,740.8101661558261,171.11966077610174,241.55,103.33069816287339,0.6038505318104532,199.22499999999997,24.649999999999977,-0.5266091322971644,-1.4835579101720935,50715.0,11.908669077157745,278,attack,1
844.276927923139,750.0,955.8322797906505,1.1321312334590614,0.0,0.0,45.35623844605444,2951.937761372997,1.172819089244581,1.0,1.8242477102946217,1.5554382828724502,0.0,0.0,25.78283066728462,919.8991755817278,167.86122198138045,237.55,103.81077410977991,0.6184321362875271,199.70000000000002,29.94999999999999,-0.4565818926546278,-1.530718583573252,749.0334101155671,750.0,26.399689402639982,0.035245009162631104,0.0,0.0,-27.275579240683292,741.9572229147941,171.77444991679954,242.35,103.59497548512206,0.6030872201034507,199.54999999999998,24.849999999999994,-0.5243613804424979,-1.485255481282679,50793.0,11.899397865474231,279,attack,1
844.6601693749632,750.0,970.415279548197,1.1488824911281075,0.0,0.0,46.36230499067147,3088.6267899524823,1.1745426679504058,1.0,1.8636363542759218,1.5866910629377087,0.0,0.0,26.027418756173702,939.9764413881225,168.42965690732444,238.3,104.11038829811241,0.618123851878398,200.15,30.25,-0.4535214655485325,-1.532706616378787,749.0353093745701,750.0,26.373774920506555,0.03521032265158253,0.0,0.0,-27.302523848766878,743.4278085124846,172.36630288230208,243.15,103.88175941723165,0.602680208835052,199.95000000000002,25.099999999999994,-0.5210551115244366,-1.488084516415587,50893.0,11.891275031745856,280,attack,1
846.0347849904136,750.0,990.7172505925172,1.171012431366806,0.0,0.0,46.499924244848,3116.3344234803553,1.177466056266385,1.0,1.907100169404146,1.6196646682549392,0.0,0.0,26.056129393250597,942.5691948137086,168.57410548952532,238.85,104.63715848795351,0.6207190492519348,201.1,30.700000000000017,-0.44550884594865375,-1.5398265778556457,749.0394803771961,750.0,26.316773543096897,0.03513402728764641,0.0,0.0,-27.36197731743886,746.6778027200384,172.5237940885863,243.65,104.42078779002227,0.6052544134080718,200.90000000000003,25.650000000000006,-0.5126607654755859,-1.4966827749208933,51114.0,11.89230161100897,281,attack,1
846.4889346972113,750.0,1001.3154699489393,1.1829043817413978,0.0,0.0,46.368652900405095,3113.802510796699,1.17906732526934,1.0,1.9407181447717305,1.6459773782030667,0.0,0.0,25.932953605049914,929.8217397747225,168.44040107061704,239.15,105.29565907932341,0.6251211610163478,202.35,31.450000000000017,-0.43393205953035974,-1.5505019160519733,749.0452335576213,750.0,26.23794565963509,0.03502851961959211,0.0,0.0,-27.444620720555957,751.2072064951694,172.38369487752323,244.0,105.11677716495095,0.6097837573306182,202.20000000000002,26.350000000000023,-0.5005620069957142,-1.5093527106013385,51422.0,11.89521034693559,282,attack,1
846.1923329851843,750.0,1016.1198354563068,1.200814278086939,0.0,0.0,47.067846442595346,3205.213992681625,1.1796835712351552,1.0,1.9784277175264584,1.6770833855514324,0.0,0.0,26.115479176695292,942.4257202697232,168.43136963776067,239.375,105.86406991661245,0.6285294131627055,203.99999999999997,32.27499999999998,-0.42331006501132606,-1.5602682453970973,749.0504042396813,750.0,26.16689524651562,0.03493342383691276,0.0,0.0,-27.51953572234563,755.3248463734571,172.37356209972535,244.4,105.7080631343358,0.6132498617924902,203.45,26.99999999999997,-0.48939023498669787,-1.5210257680672723,51702.0,11.900476795418902,283,attack,1
847.1878580491368,750.0,1028.794355146221,1.2143639045008021,0.0,0.0,46.74946391212428,3182.7453665164085,1.1819754700296052,1.0,2.013695563385426,1.7036695045244794,0.0,0.0,25.96557096196994,928.8563733671771,168.28046893707102,239.225,106.50327097293037,0.6328914558275778,205.90000000000003,33.42499999999998,-0.4113261209403932,-1.5708585576171552,749.0561728632397,750.0,26.087398932758493,0.034827026166863256,0.0,0.0,-27.603838450226604,759.9718971862084,172.23916063239645,244.7,106.36602581189535,0.6175484449724437,205.35,27.80000000000001,-0.47700245615784165,-1.5335714830754417,52018.0,11.901926611048994,284,attack,1
847.4694940903779,750.0,1044.2307349388443,1.232175013048296,0.0,0.0,46.58013419533624,3167.6996541901062,1.1834377334635942,1.0,2.052784103739031,1.7345940945546,0.0,0.0,25.868043974843594,918.4747651498524,168.55936924284373,239.35,106.94804601777854,0.6344829510111558,207.00000000000003,34.349999999999994,-0.4051992342240771,-1.5755174831253662,749.0595176522422,750.0,26.041193291296803,0.034765185779785615,0.0,0.0,-27.653073622596033,762.6924807767166,172.53061933634078,245.3,106.81721147017095,0.6191203154608489,206.45,28.25,-0.4705699873750071,-1.5393468351894317,52203.0,11.89694812298703,285,attack,1
848.0593897116282,750.0,1067.1379263879849,1.258329238888389,0.0,0.0,46.67647780406086,3188.307102451393,1.1852211866506566,1.0,2.097695930297296,1.7698771789805938,0.0,0.0,25.927531782251872,924.1815481257063,168.62902946767593,239.05,107.45116267985014,0.6372044185929872,208.25,35.69999999999999,-0.3952969421431163,-1.584250806547303,749.0642499094669,750.0,25.97567972417591,0.03467750560424607,0.0,0.0,-27.72318212518999,766.5748271464537,172.60566975948694,245.7,107.32907915996581,0.6218166489520353,207.90000000000003,28.900000000000034,-0.4601094098741325,-1.54985437362287,52467.0,11.89685298363989,286,attack,1
849.4187051455331,750.0,1083.07740845221,1.2750807133057467,0.0,0.0,46.63371761428246,3192.854790832624,1.1882317107993374,1.0,2.1383795029114188,1.799631741415911,0.0,0.0,25.858445905444825,917.4648094066674,169.2674234861378,239.0,107.7602271740053,0.636627089575983,208.55,36.75,-0.3947255468207285,-1.5831388325153155,749.065389960214,750.0,25.959871971930944,0.03465634952551977,0.0,0.0,-27.740151442159185,767.5160020339262,173.25471402982998,246.55,107.64313417198328,0.6212998865557557,208.20000000000002,29.05000000000001,-0.45960604917948694,-1.5487231662775265,52531.0,11.884737283375596,287,attack,1
849.0764061580516,750.0,1092.4509433212863,1.2866344364277762,0.0,0.0,46.79785548435543,3225.83642985972,1.1888798192828263,1.0,2.1722929315324064,1.827176217729736,0.0,0.0,25.826728769513718,912.3345144908757,169.67940902940518,239.0,108.12655734718287,0.6372402990185138,209.2,37.80000000000001,-0.3900335521676588,-1.5863339907902052,749.0680157178382,750.0,25.923426799298795,0.03460757401910447,0.0,0.0,-27.779353285776082,769.6924689759577,173.67118360365612,247.2,108.0263123241179,0.6220163304158176,208.87500000000006,29.44999999999999,-0.4548497954985098,-1.5525862896712366,52679.0,11.876370247891247,288,attack,1
849.8703657957244,750.0,1106.2022634364964,1.301612937639932,0.0,0.0,46.89875049336346,3264.121014836143,1.1912589073634203,1.0,2.2124243389395937,1.8572153586967,0.0,0.0,25.77362781721313,909.6383049289609,170.72436007875254,240.65,108.21790892004404,0.6338750303127496,208.95,37.150000000000006,-0.3938316089679207,-1.5812328104953173,749.0670593824228,750.0,25.9367065699331,0.03462534661625212,0.0,0.0,-27.765056323675847,768.8983526568918,174.74708731285511,248.35,108.09367296369439,0.6185721011198941,208.65000000000003,29.25000000000003,-0.4588635057947095,-1.5469539513480686,52625.0,11.850231739466365,289,attack,1
849.5438968513926,750.0,1120.441566079447,1.3188742456182245,0.0,0.0,46.70887093530305,3251.436945343132,1.1918700418425885,1.0,2.250174711777438,1.8879362957212589,0.0,0.0,25.686755140646873,901.1351629267056,170.9767319315509,240.0,108.6841715782281,0.6356664462491827,209.85,38.85000000000002,-0.38789549900718856,-1.5853786020993115,749.0704508018251,750.0,25.88958206248992,0.034562279201878834,0.0,0.0,-27.815856581440347,771.7218773592583,175.0005743459303,248.9,108.57505451089291,0.6204268466929056,209.5,29.74999999999997,-0.45263911667810103,-1.552030710779703,52817.0,11.852127705401385,290,attack,1
849.9818920706928,750.0,1136.1693192914051,1.3366982636812577,0.0,0.0,46.467669944931394,3231.7595485280112,1.1936111898686323,1.0,2.2904156785141088,1.918895950335544,0.0,0.0,25.580379428105083,891.5768942526793,171.56955586944594,240.35,108.9866830336478,0.6352332293532313,210.25,39.54999999999998,-0.38602485148327914,-1.5858191391124443,749.0719969757112,750.0,25.86806900260316,0.03453348824551232,0.0,0.0,-27.839109052900405,773.0159928592817,175.60143221839147,249.7,108.88024411651507,0.6200418911225235,209.9,29.94999999999999,-0.4506848998317118,-1.5527723743941333,52905.0,11.846339046759853,291,attack,1
850.5032294510875,750.0,1153.9717181178726,1.356810507189541,0.0,0.0,46.12399063572413,3199.7053931545597,1.1953300065907164,1.0,2.3310710274967215,1.9501485068088693,0.0,0.0,25.48040632440676,883.2531956788931,171.80156484237037,239.95,109.44047024166457,0.6370167253253909,211.14999999999998,41.0,-0.3794654702440436,-1.5905841031032586,749.0754919499105,750.0,25.819374450785975,0.03446832092126767,0.0,0.0,-27.891883487436637,775.9571644767411,175.84581415659542,250.25,109.34636827405718,0.6218309420585997,210.8,30.44999999999999,-0.44392698962287064,-1.5585615513291884,53105.0,11.851492074907364,292,attack,1
852.1480277295066,750.0,1167.5189773939283,1.3700893969146501,0.0,0.0,46.07585796336833,3206.3247281591034,1.1982921314722426,1.0,2.365209766073312,1.9738173221311017,0.0,0.0,25.482287032355202,882.2213927783457,171.38879547543755,237.9,110.14062615335216,0.642636094429737,214.04999999999998,43.99999999999997,-0.3640025582037166,-1.6033837966431161,749.0826092643459,750.0,25.719924287998786,0.03433523081420571,0.0,0.0,-28.00028532217449,782.0159781231806,175.45133793090048,250.4,110.06533863060027,0.6273268698238611,213.14999999999998,31.349999999999994,-0.4279102198573267,-1.5738609321886807,53517.0,11.864968494486767,293,attack,1
852.9726539957929,750.0,1182.4702653431277,1.386293288306239,0.0,0.0,45.85585820543939,3195.767587460168,1.200394646214561,1.0,2.403132754190169,2.001952242763192,0.0,0.0,25.40912152222774,876.4918084163278,171.6166287667919,237.3,110.59571283208477,0.6444347125730582,215.47500000000002,45.55000000000001,-0.35760216403881656,-1.6077483485678583,749.0860589363167,750.0,25.671582727043013,0.03427053863944019,0.0,0.0,-28.053280763012243,784.9865615683933,175.68950914346877,250.95,110.53177270149187,0.6291313194530652,214.59999999999997,31.80000000000001,-0.4213298451962765,-1.57913981521855,53719.0,11.872274956118574,294,attack,1
852.0276847345338,750.0,1169.262964142678,1.3723297788228386,0.0,0.0,47.73075297711918,3496.91592234908,1.1999925976645631,1.0,2.415144585168266,2.0126329027934364,0.0,0.0,25.792198445428134,907.3889128113238,171.50969398233664,236.0,111.17719060109104,0.6482268612323505,217.8,47.85000000000002,-0.34667391693330846,-1.6161361689895244,749.0914373484834,750.0,25.596029932456727,0.03416943333788135,0.0,0.0,-28.136506973831445,789.663024688465,175.56670819656898,251.0,111.14888149756175,0.6330863216568179,216.90000000000003,32.80000000000001,-0.40983280044444526,-1.5893321746714533,54037.0,11.882555032273336,295,attack,1
852.7627441903527,750.0,1187.0204008191135,1.391970285880768,0.0,0.0,47.48377403110412,3475.4825907373383,1.2022405332839552,1.0,2.4584883494276153,2.044922194323446,0.0,0.0,25.69365962544119,899.307946873871,172.48534694457416,237.2,111.30348403812005,0.6452924031505466,217.60000000000002,47.650000000000034,-0.3494631333388312,-1.612529578163174,749.0908989908341,750.0,25.603602558484894,0.034179566983096106,0.0,0.0,-28.12814315237852,789.1924372006993,176.562718966966,252.05,111.25836398175261,0.6301350853266396,216.70000000000002,32.70000000000002,-0.41273334639016224,-1.5853503963101976,54005.0,11.869858630286917,296,attack,1
853.0081873501751,750.0,1200.9493422424528,1.407898962814341,0.0,0.0,47.50015482329506,3492.837531985594,1.203522035773557,1.0,2.4951168510751964,2.073179199807068,0.0,0.0,25.693766658425357,898.8152121762664,172.67520314498086,236.6,111.74519814873852,0.6471409682078988,219.45,49.29999999999998,-0.3420939451965216,-1.6176938268859786,749.0946708463949,750.0,25.550499565105458,0.03410850531914236,0.0,0.0,-28.186898649776637,792.5012554927805,176.7547605184953,252.2,111.71643650298755,0.6320420235091645,218.35000000000002,33.60000000000002,-0.4050706644612461,-1.5916353285704732,54230.0,11.8666230297311,297,attack,1
853.4182807159395,750.0,1215.6415188175506,1.4244381053072113,0.0,0.0,47.48073089976437,3499.7958207751158,1.2050608254621633,1.0,2.5328186068781893,2.1018180604342573,0.0,0.0,25.683694538151165,896.8254007146095,173.02024709336527,236.3,112.08145746210543,0.647793881612156,221.665,50.64999999999998,-0.3356697959699418,-1.622301106199506,749.0977985225477,750.0,25.506381539031626,0.03404946802585469,0.0,0.0,-28.23589837480484,795.265957032307,177.11148640014335,252.325,112.05283484310013,0.6326683668045228,219.85000000000002,34.47500000000002,-0.3983206980232131,-1.5973725975653712,54418.0,11.863380831854746,298,attack,1
854.572107997366,750.0,1231.5389273422684,1.441117625788536,0.0,0.0,47.325813506523154,3490.776893716107,1.2075071339723422,1.0,2.5705884368543064,2.1288391302483065,0.0,0.0,25.656567301617656,894.1022391757906,173.1091331434331,233.175,112.5859049077031,0.6503753029276494,223.89999999999998,54.875,-0.32788566236951716,-1.627245954537422,749.1019243433087,750.0,25.448066414680255,0.03397143377650378,0.0,0.0,-28.300926166679307,798.9424218918336,177.20027554251118,252.1,112.57971295626744,0.6353247059667186,222.8125,35.75000000000003,-0.39021887949774486,-1.603524003351051,54668.0,11.863017606968011,299,attack,1
1217.0536912751677,750.0,1129.9235246749627,0.9284089377281997,750.0,722.0,1.196100677064965,1.0623553411903917,1.8456375838926173,1.0,1.317027526758062,0.71358945995255,1.0,0.0,1.6517538959968476,2.1977082814279623,0.5744093381991051,0.559962,0.3076097231945603,0.5355235417289383,0.577114125,0.2859610833333333,0.08189547857190341,-1.4302925704089138,585.248322147651,750.0,302.99768324895126,0.517724992592988,0.0,0.0,-1.2953783675395827,-0.32199488491048545,0.7537837617449664,0.7724975000000001,0.1886255928963608,0.2502383342136521,0.31258675,0.17041800000000007,-0.36297464459647505,-0.6725473715399519,298.0,3.5507115414596,2,baseline,0
1521.6791208791208,750.0,1369.640855429176,0.9000851997219312,1500.0,694.0,1.4860263090904486,2.2735264296661306,2.320879120879121,2.0,1.6395869543859618,0.7064508184144058,2.0,1.0,1.7699229580779114,3.3676508407229413,0.7829637881493109,0.6686,0.5290766289158806,0.6757357580565219,0.6559545,0.330975,0.5941187988683737,-0.8396886312103691,642.0967032967033,750.0,257.41611989217097,0.40089930157019177,0.0,0.0,-1.9664402012020288,1.8668870649034792,1.3291646175824177,1.570754,0.6165305439870128,0.4638481462953805,1.166165,0.32501099999999994,-0.5803714201966642,-1.3113282592098492,455.0,4.166178036674282,3,baseline,0
1559.9149606299213,750.0,1363.5559991606674,0.8741220089395382,1500.0,666.0,1.7953714939798493,4.032305227209442,2.393700787401575,2.0,1.7048216953200783,0.7122116950843748,2.0,1.0,1.8190569807944799,4.415174309267018,1.0125629399387008,0.8479736666666667,0.7681169349808612,0.7585868538970644,0.9486779999999999,0.4703844666666668,1.0566399299779852,0.1256617205535,672.6834645669292,750.0,223.25924825481218,0.33189346849568474,0.0,0.0,-2.54129194453932,4.458164747380437,1.8109958850393701,1.843502,0.9805365610390826,0.5414350022213144,1.9171845,0.9527,-0.2653201787817346,-1.4911669722205132,635.0,4.503079857896653,4,baseline,0
1597.8699186991869,750.0,1445.082154392391,0.9043803487888556,1500.0,638.0,2.189471686037614,6.936188398893879,2.4905149051490514,2.0,1.8936613724236107,0.7603493432255847,3.0,1.0,1.9620184645329801,6.040764991279632,1.3803146554598444,0.99985625,1.014018982166829,0.7346288602789732,1.130155125,0.4437829285714286,1.1058350060495539,0.2601244460853085,683.4742547425474,750.0,208.82028946877094,0.3055276596298859,0.0,0.0,-2.8203605644995124,5.95443371378402,2.4877309295392953,2.485913,1.2160916581531076,0.4888356870565244,2.288915,1.1167715,-0.295887942844925,-1.2518067512958144,738.0,4.654874687914619,5,baseline,0
1708.2741738066095,750.0,1659.9157440478427,0.9716916461653179,1500.0,610.0,2.6232556174922403,9.928462326906024,2.6842105263157894,2.0,2.247404681828327,0.8372684108772199,3.0,1.0,2.2190129070290165,7.641850745936354,1.7606947301003357,1.2913810000000001,1.2718509999945267,0.7223574752916131,1.537864,0.6364670000000001,1.0465845614904472,0.13264165702217845,689.9069767441861,750.0,199.4391921029412,0.2890812802678646,0.0,0.0,-3.0175310436363154,7.105493599308879,3.2054201750305995,3.364038,1.4436969063495744,0.4503924064606577,2.3060080000000003,1.2076859999999998,-0.37668046926941845,-1.0668689022633369,817.0,4.815068744343725,6,baseline,0
1815.3226544622426,750.0,1854.7676530832227,1.0217289188365608,1500.0,582.0,2.9774033553023767,13.382656278361704,2.876430205949657,2.0,2.5731082589750627,0.8945491719746239,3.0,1.0,2.419715931280387,9.539782600335094,2.164039281012542,1.6756975,1.5582601334621544,0.7200701702295594,1.9313179166666665,0.8763652857142858,0.9472609536184319,-0.15885642004135114,693.8260869565217,750.0,193.3961134841521,0.27873860196362316,0.0,0.0,-3.1523496668561655,7.937308422128163,3.975555897025172,4.309029499999999,1.6450316092927768,0.41378656266000957,2.85316325,1.3561765000000006,-0.45861897538771085,-0.9229308284271482,874.0,4.80643739956541,7,baseline,0
1871.6185671039354,1500.0,2004.4377053050066,1.070964853916036,1500.0,750.0,3.3890643316112814,17.833881738134842,2.9646821392532794,2.0,2.8436847152438096,0.9591870499682149,3.0,1.0,2.6825729875076676,11.989824388453371,2.3703103940972223,1.70273225,1.8618851967541235,0.7855026925548533,2.367208202380952,1.01812125,0.9498865077754959,-0.12676168658406484,700.4581231079718,750.0,182.52352601804384,0.2605773564423477,0.0,0.0,-3.412799762340574,9.647202217831875,4.445217428859738,4.5784,2.1193596839754028,0.476773007820913,3.7079545000000005,1.9229260000000004,-0.5525685746192428,-0.8613356266638723,991.0,4.97008316025498,8,baseline,0
1925.3384030418251,1500.0,2132.3261712722347,1.1075072142660176,1500.0,750.0,3.6429579873330273,20.554877984050105,3.0722433460076046,2.0,3.0899858961039164,1.0057751122219432,3.0,1.0,2.7925881932968584,12.824400081982018,2.758865539007017,1.948289,2.124064461724722,0.7699050322290172,2.8482848125,1.1171342499999999,0.9590616329293635,-0.15795185305449655,703.3307984790874,750.0,177.53069911285576,0.25241422598975577,0.0,0.0,-3.5411430254016865,10.539693926351022,5.161009239543726,5.4617945,2.3549882934925375,0.4563038320971378,3.950561,2.0761890000000003,-0.5411377059272054,-0.927810158339319,1052.0,5.051854801828804,9,baseline,0
2035.5433364398882,1500.0,2323.1560008974693,1.1412952794022102,1500.0,750.0,3.6850478599580687,20.835584673674404,3.271202236719478,2.0,3.407693744076089,1.0417251815936306,3.0,1.0,2.770268768967365,12.384969155164967,3.2082579579636676,2.4143086666666664,2.3865203420572407,0.7438679723783816,3.3357350000000006,1.4090953333333336,0.9321369057612521,-0.24122755218756975,704.2441752096925,750.0,175.90369523225127,0.24977657100234446,0.0,0.0,-3.5842814421091647,10.847073456248163,6.055131917986952,6.439731,2.449303638328242,0.404500458702231,4.243867999999999,2.106171999999999,-0.5528087931864003,-0.9042508865508507,1073.0,5.032218502684937,10,baseline,0
2053.3873720136517,1500.0,2481.653406118574,1.2085656315714768,1500.0,750.0,4.027957618635253,24.160102781577656,3.304607508532423,2.0,3.684236219124039,1.1148786080075843,3.0,1.0,2.993674169636883,13.95079274148899,3.4520680983820466,2.772705833333333,2.71725254786749,0.7871375854784098,3.6314330178571432,1.7728133333333331,0.8805077348429244,-0.29511329406002007,708.1092150170648,750.0,168.790725133796,0.23836820868053285,0.0,0.0,-3.78112262701775,12.29688832054561,6.499884293515358,7.368748,2.972559457133893,0.457324980399956,5.509567999999998,2.1995575,-0.6313310874793616,-0.7705831452692307,1172.0,5.152975315802241,11,baseline,0
2086.0251968503935,1500.0,2630.709601464809,1.2611111339579277,1500.0,750.0,4.344680815246772,27.307106514637194,3.3566929133858268,2.0,3.9404442483306052,1.1739066843490191,3.0,1.0,3.204962188273359,15.46558851106536,3.7363577948000506,2.7917166666666664,3.0161117530221198,0.8072331180969047,4.054689857142858,1.7919143939393938,0.8882549684689224,-0.3266537622810284,711.3417322834646,750.0,162.53248176440073,0.2284872015629651,0.0,0.0,-3.9664900059880415,13.733042967603012,6.9725154574803145,8.0831575,3.3884068840124066,0.4859662061239644,5.52474575,2.4833784999999997,-0.5563386479978023,-0.9945754546892767,1270.0,5.330373886836598,12,baseline,0
2141.4992805755396,1500.0,2791.037682727046,1.303310119243626,1500.0,750.0,4.413201295839986,27.44731920093372,3.4287769784172664,2.0,4.194073321033363,1.2231980520848456,3.0,1.0,3.271174552897538,15.51956815361078,3.9292915014668965,2.6670142500000003,3.33950986061179,0.849901275933606,4.448597875,1.839532916666667,0.9149705219949413,-0.30827615514017825,714.6791366906475,750.0,155.73727853161733,0.2179121658045952,0.0,0.0,-4.182417206225022,15.492613686927118,7.3243175561151075,8.315321999999998,3.86504592620202,0.5277004849380232,6.20150875,3.040154499999998,-0.4682264325906994,-1.1692078109507302,1390.0,5.389021137109208,13,baseline,0
2181.3247106875424,1500.0,2960.0047810239803,1.3569757709713022,1500.0,750.0,4.490335123520374,27.67900889919789,3.4962559564329476,2.0,4.468574897192372,1.278102905758488,3.0,1.0,3.3232730773769856,15.48267251913872,4.286451293839009,3.14199375,3.6060803478473513,0.8412740751377331,4.9639714999999995,2.1421514423076924,0.9249019582743578,-0.3133836237913008,716.5786249149081,750.0,151.70116841625824,0.21170205632950936,0.0,0.0,-4.318735687203853,16.65147793592812,7.911243915588835,9.243491,4.139831338510693,0.5232845027509894,8.00263,3.303977999999999,-0.4039631315236346,-1.2666148421923797,1469.0,5.5538274918185335,14,baseline,0
2199.4146658014274,1500.0,2987.8079007748925,1.3584559324951981,1500.0,750.0,4.606888820219692,29.68828929717879,3.536015574302401,2.0,4.580893872035973,1.295495954635242,3.0,1.0,3.358287063511652,15.88221339579021,4.609483076177102,3.438849333333333,3.8712488134895553,0.8398444575048087,5.312539,2.296195666666667,0.9394803055518708,-0.2723677210832194,718.1401687216094,750.0,148.28266700430814,0.20648151080070087,0.0,0.0,-4.439361327538663,17.70792899644584,8.5202134256976,9.656809,4.411178417023853,0.5177309765174907,8.110958,3.8024510000000005,-0.3711545318708646,-1.2901155684229761,1541.0,5.564221510735389,15,baseline,0
2233.6296296296296,1500.0,3056.5079584164064,1.368404106872106,1500.0,750.0,4.730678319800317,31.11217337028745,3.59320987654321,2.0,4.734358607571635,1.3175847696729168,3.0,1.0,3.422956487301456,16.22081280421087,4.873962966830038,3.4964115,4.10180664266164,0.8415752582809224,5.7041445625,2.2649185,0.9724257018659929,-0.1516814555488497,719.6938271604938,750.0,144.78464241053138,0.2011753289336522,0.0,0.0,-4.568078791434575,18.867343844754387,9.076637390740741,10.2457005,4.727455355548101,0.5208377455257465,8.6904955,4.296826,-0.3521910522315856,-1.2825472633898065,1620.0,5.6230414639644675,16,baseline,0
2305.0602836879434,1500.0,3197.6095494730507,1.3872129818475236,1500.0,750.0,4.7858668324315445,31.455049540788607,3.701536643026005,2.0,4.964785926258507,1.3412769898178818,3.0,1.0,3.4699405517188016,16.383351511882843,5.160562436729036,3.7485435000000003,4.372035501476007,0.8472013574255236,5.62076445,2.53437575,0.9699246606393122,-0.15322180714959055,720.983451536643,750.0,141.8026371610112,0.19667946172521034,0.0,0.0,-4.682331135487827,19.92422486235872,9.667512238770685,10.649771000000001,5.016451053639036,0.5188978229084636,8.90078075,4.279586500000001,-0.3367768736601428,-1.2779748044152497,1692.0,5.716568971417158,17,baseline,0
2239.789090909091,1500.0,3216.391717951898,1.4360243698867294,1500.0,750.0,5.063814675975531,34.8877321032014,3.572987012987013,2.0,5.0187697216859695,1.4046425871249624,3.0,1.0,3.691086224600921,18.263182496423006,5.063692121330701,3.570592,4.6604395944727415,0.9203639326413101,6.20689375,2.710957125,1.0411531375633614,0.023262833834581276,724.4955844155844,750.0,133.28057937166042,0.18396327353626513,0.0,0.0,-5.0344256604713005,23.34544173081187,9.440276341818182,10.309317,5.749844577298988,0.6090758754411184,10.247891,5.027882999999999,-0.21099658300065294,-1.4055625552450906,1925.0,5.9339439087960555,18,baseline,0
2255.2361516034985,1500.0,3280.764662286112,1.4547322061831314,1500.0,750.0,5.280310984152831,38.37582653507778,3.5879494655004858,2.0,5.1444905355281,1.4338246915109467,3.0,1.0,3.8430696865212726,19.985381000645862,5.247876008361498,3.5577986,4.8879173417526385,0.9314086944822375,6.363280906249999,2.557899988888889,1.0894634304164086,0.12089509404761545,726.1438289601555,750.0,129.054401684272,0.17772567435996675,0.0,0.0,-5.224832699390888,25.298876736624266,9.790313663265305,10.401005000000001,6.086005595323313,0.6216354046100586,11.674687500000001,5.634532000000002,-0.13658838511943103,-1.4563708090624838,2058.0,5.991725386548279,19,baseline,0
2209.256298870547,1500.0,3204.145017900366,1.4503274335071228,1500.0,750.0,5.580163647551483,43.52026210345461,3.4939183318853173,2.0,5.08329468164469,1.4548979680649103,2.0,1.0,4.049571004246852,22.26949991111156,5.246093937229416,3.2675804,5.111614094230219,0.9743657195985669,6.45887325,2.4562566777777777,1.1647373472892981,0.31043358041721847,728.6724587315377,750.0,122.24410324948913,0.16776276059930942,0.0,0.0,-5.557281696251588,28.883379851492958,9.697572106429192,9.3282805,6.571852437448433,0.6776801827636318,13.610398,6.6871805,-0.003215515995505476,-1.5104165868717576,2302.0,6.138213876383373,20,baseline,0
2229.4518828451883,1500.0,3285.6072582121133,1.473728714888916,1500.0,750.0,5.677003393113081,44.92685548260135,3.528451882845188,2.0,5.238718313658453,1.4847073128950201,2.0,1.0,4.112757925951418,22.795546493413823,5.633632416079814,3.6082567,5.324865482995331,0.9451922116531452,6.828632000000001,2.60828295,1.179074724045463,0.339677908343881,729.4577405857741,750.0,120.03968875013703,0.16456016856266675,0.0,0.0,-5.672419582733809,30.17634392258195,10.322465386192468,9.749967,6.7290388515030815,0.6518829174766695,13.780790000000001,6.5174365000000005,0.036725984609653387,-1.5116484053458517,2390.0,6.177540094149085,21,baseline,0
2237.7238895558226,1500.0,3382.8821208506433,1.5117513544184977,1500.0,750.0,5.781100983508833,46.48178196004548,3.5418167266906764,2.0,5.405019681363491,1.5260585452183215,2.0,1.0,4.194005102864232,23.59596899774776,5.941743980081222,3.901577,5.5479919466354435,0.9337312353467649,7.054548428571428,2.73801,1.1953225516365713,0.39620014265384373,730.3537414965987,750.0,117.46754090502324,0.16083650186321433,0.0,0.0,-5.811881969549284,31.777972027972055,10.847403541016407,10.556537,6.946590788006702,0.6403920313040925,13.996800499999999,6.794601,0.06912846280787052,-1.491750880190448,2499.0,6.218392874097683,22,baseline,0
2229.2232716282583,1500.0,3400.220038827887,1.525293622268852,1500.0,750.0,6.015721428823548,50.9937497549373,3.5243672081601813,2.0,5.47095149690422,1.552321643510073,2.0,1.0,4.345204936632472,25.543629524240174,6.161367775017458,4.2076435,5.767575424838908,0.9360868617881792,7.34858525,2.8434350624999993,1.2261447016847975,0.4971284897639192,731.4522100491122,750.0,114.2255830909991,0.15616274244810827,0.0,0.0,-5.996068495028714,33.95283739707591,11.216517402720061,10.492162,7.230414520096824,0.6446220569624769,14.351193999999998,6.849724,0.10769681879324948,-1.4630272773784894,2647.0,6.264577722051273,23,baseline,0
2200.731847591661,1500.0,3411.8037570078623,1.5503041684708296,1500.0,750.0,6.213677216566655,54.77240742228072,3.483465132997843,2.0,5.536388331489377,1.5893336434014496,2.0,1.0,4.465448081306754,26.973549412402928,6.463910555648374,4.455427125,5.987434769786994,0.9262867606599197,7.4551609999999995,2.9098848333333334,1.2296327125452782,0.5332358022309851,732.352264557872,750.0,111.49090735562723,0.15223672097598462,0.0,0.0,-6.159287294391941,35.936819974858025,11.650172604601007,10.858554,7.485439134712558,0.642517444913763,14.561606,6.5958995,0.13577152467888703,-1.433263981450657,2782.0,6.390180923710497,24,baseline,0
2198.876997915219,1500.0,3430.8041082531704,1.5602528524814967,1500.0,750.0,6.376997232681937,58.66308091463058,3.485753995830438,2.0,5.6178669826692165,1.611664790283294,2.0,1.0,4.55436210035272,28.295608897445998,6.839619426378988,4.7493681,6.210407328333452,0.908004808627393,7.538307324999998,3.0287661,1.222589341493397,0.5373634586505207,732.9409312022237,750.0,109.66146015691739,0.14961841464774328,0.0,0.0,-6.272776793416208,37.34772870002094,12.242159604933983,11.5740065,7.680367167869053,0.627370285613138,14.699641249999999,7.005482,0.14619977592151592,-1.4045477231947,2878.0,6.42908169057564,25,baseline,0
2173.467369808833,1500.0,3408.4356809911196,1.5682019101537779,1500.0,750.0,6.6034437755631314,63.53365297049291,3.445286750164799,2.0,5.637986148001064,1.6364345138271525,2.0,1.0,4.689819675427312,30.03100037956694,7.0451682035133185,4.737686500000001,6.431899949941872,0.9129519358720749,7.108901625,3.1189111666666673,1.2391149617721482,0.6198381344838477,733.8180619644035,750.0,106.87143745226243,0.14563751288183285,0.0,0.0,-6.452950763732874,39.64057355916068,12.586221666446933,11.426252,7.993360866308129,0.6350882002672245,14.45306575,7.0883,0.16065247992438975,-1.3639206152198484,3034.0,6.516389877385809,26,baseline,0
2177.7665369649803,1500.0,3468.5329750014926,1.5927019338975492,1500.0,750.0,6.794112437171279,67.24393863959905,3.4636835278858626,2.0,5.776111763640926,1.6676211083194734,2.0,1.0,4.784335231089539,31.201399731924596,7.5332223556719216,5.233813833333333,6.640259179887929,0.881463318932613,7.352722083333333,3.2792908333333344,1.227053933870312,0.595672513095904,734.0804150453956,750.0,106.02125801978356,0.14442730775377952,0.0,0.0,-6.5096457350280374,40.37548759556873,13.373524150453958,11.807824499999999,8.099614025419966,0.605645447998464,15.091446000000001,7.090492499999998,0.16176598512088752,-1.3486588377648627,3084.0,6.549531487256236,27,baseline,0
2171.8477157360408,1500.0,3481.1101622300143,1.6028334477632855,1500.0,750.0,7.022734815836513,72.69959411222442,3.4647842639593907,2.0,5.858529159511696,1.6908784828111774,2.0,1.0,4.891775697421264,32.79479369688236,7.974731389514017,5.567107166666666,6.873402252240431,0.8618976510328956,8.003999875,3.3365846874999994,1.2041640625965122,0.5524533332510808,734.4238578680203,750.0,104.89689421319254,0.14282882165307195,0.0,0.0,-6.585969212129017,41.3749904631113,14.07330592036802,12.3877565,8.262966796015212,0.5871375810893432,15.113598499999998,6.956571500000001,0.15503286625590573,-1.320029464980668,3152.0,6.5851577023660335,28,baseline,0
2152.3703927492447,1500.0,3455.4664288713543,1.6054236949699219,1500.0,750.0,7.29611537294399,79.58111078094046,3.4317220543806646,2.0,5.871948501967238,1.711079279999257,2.0,1.0,5.047489252638772,35.12738433401155,8.153133655211342,5.7206019999999995,7.136331694712117,0.8752869751068901,8.515977750000001,3.5794277499999994,1.2001022035525408,0.5767649116107307,735.1673716012085,750.0,102.41655549134063,0.13931052906806163,0.0,0.0,-6.759988557328063,43.69744529520633,14.37541819123867,12.4361455,8.644910940528918,0.601367614181666,15.499228000000002,6.8802175000000005,0.1406829925778028,-1.2678147820200858,3310.0,6.653088414582642,29,baseline,0
2137.016919988529,1500.0,3494.343836176738,1.6351502898701873,1500.0,750.0,7.408087904950726,81.8921380090865,3.4017780326928593,2.0,5.945940118549347,1.7478918557900498,2.0,1.0,5.148575710796184,36.3501464434961,8.34339993483743,5.910621,7.391639600732078,0.8859265597312042,9.520808625,3.832649000000001,1.1938491122775006,0.5838184344458686,735.920275308288,750.0,99.83647920485633,0.13566208535704952,0.0,0.0,-6.949769825044328,46.29930062109666,14.621549526813881,12.74521,9.031605236267362,0.6176913889806726,16.129706000000002,7.283633,0.14233099999625298,-1.2427273736601105,3487.0,6.765959295604667,30,baseline,0
1455.2406864796985,750.0,2615.293398275722,1.797155221520263,750.0,0.0,10.099668097567339,153.7719274610703,2.218361936654109,1.0,4.4625984500767135,2.0116638211019437,1.0,0.0,7.26654288656434,72.25430633300282,4.833705614083453,0.999,6.615712527615918,1.3686626898296044,5.176846500000001,0.09999999999999998,2.0703930581313994,3.735711494652681,743.1529636280983,750.0,69.96004419403964,0.09413949431418843,0.0,0.0,-10.119847302776286,100.4128306031976,8.104533960792521,0.999,9.655708365869312,1.1913958794646233,12.5784255,0.2993229999999999,1.0741863308885133,-0.2902447384287643,7167.0,9.802481276430408,31,baseline,0
1418.0847651775487,750.0,2603.3101720298564,1.8357930611460407,750.0,0.0,10.487240608143694,164.84057690293218,2.1528573246786307,1.0,4.43488976334995,2.060001706807009,1.0,0.0,7.582771018078832,78.32644247261183,4.8211781516616465,1.999,6.089923525771979,1.2631608569936483,3.560075666666667,1.0,2.2491709265496875,4.667453751388713,743.7541762122947,750.0,66.84658499168688,0.0898772566657917,0.0,0.0,-10.60931937128171,110.55922303801492,7.851318243858979,1.999,9.213899569390701,1.173548095136442,10.757608,1.0,1.2561267235955487,0.19939460841841594,7857.0,9.993825375313635,32,baseline,0
1421.048678720445,750.0,2638.2978938593697,1.8565851637362434,146.0,0.0,10.572579211327401,169.1310304649306,2.1634846377544568,1.0,4.524523508677682,2.0913129817153755,1.0,0.0,7.616768277430856,79.19220423414689,5.243543530057185,2.999,5.986295946991249,1.1416508536024235,3.4022799999999997,1.0827825,2.272786100638541,4.866333920439057,743.7951547335794,750.0,66.62928351362802,0.08958015266648789,0.0,0.0,-10.645283044352352,111.32353551866969,8.307821376533065,2.999,9.08450291549552,1.0934879920692966,11.537913999999999,1.5958520000000003,1.288262237435975,0.3425017158700201,7909.0,9.994062864927786,33,baseline,0
1440.8358132375577,750.0,2725.8977360022595,1.8918864390781405,750.0,0.0,10.560163321922671,168.65491772296414,2.202283222165213,1.0,4.6864213225606095,2.1279830293367414,1.0,0.0,7.583966840478442,78.39694890089555,5.692018803230089,3.999,5.833849300327839,1.0249174329883213,3.3239885048076925,1.64192725,2.209255946983686,4.719661838775223,743.7051353635349,750.0,67.10706486245412,0.09023342944869021,0.0,0.0,-10.566933814851426,109.66147143405509,8.906392602103644,3.999,9.036483959100496,1.0146065149840942,11.301027249999999,2.0,1.2841664525881977,0.4077821161686823,7796.0,9.980621341268543,34,baseline,0
1473.9287322824216,750.0,2838.3667949156134,1.9257150856407552,750.0,0.0,10.293191572059511,160.046367397483,2.2644058815737185,1.0,4.891107877000472,2.159996101759481,1.0,0.0,7.407646242810878,74.37050899571705,6.072222652454886,4.899,5.7272179237834235,0.9431831228171478,3.5395134285714285,1.9,2.0787325301409423,4.249286293509227,743.4990897564484,750.0,68.18708659354066,0.09171105591518214,0.0,0.0,-10.39363579001595,106.02892985303848,9.508556296198172,4.999,9.079139388403274,0.9548388951573444,12.271792999999999,2.9999999999999996,1.2469153776850073,0.39429695571751466,7549.0,9.930484819220123,35,baseline,0
1491.405384006334,750.0,2895.359364600448,1.9413630899083245,750.0,0.0,10.348028957455162,163.55248523724148,2.295328582739509,1.0,5.005922259796967,2.1809174936611138,1.0,0.0,7.431917754970032,75.31230586831823,6.367216813886706,4.999,5.7125561189040015,0.8971825973390902,3.6521561041666666,1.9999999999999996,1.9514090141441998,3.8461960172364114,743.5238922612241,750.0,68.05844609535609,0.09153498200088095,0.0,0.0,-10.414120430287849,106.45510634640765,9.94864466165215,5.999,9.179588350594598,0.922697378666871,12.010578249999998,3.9999999999999996,1.2240777475187283,0.4183706937634155,7578.0,9.904314478290535,36,baseline,0
1540.3342072581759,750.0,3009.40339604565,1.9537340545091477,750.0,0.0,10.147470670391964,158.0805513455416,2.383744997930178,1.0,5.227352211591062,2.1929158597626874,1.0,0.0,7.26587320792249,71.96057834909215,6.829306169425568,5.899,5.914477717762821,0.8660437196741327,4.367324999999999,2.9,1.7627561163677963,3.1372479531742483,743.2280272545208,750.0,69.58170139386615,0.09362093306801209,0.0,0.0,-10.177736906732639,101.58741926699585,10.72338205616117,6.999,9.430345257414855,0.879418937796458,13.222994000000002,4.47853,1.1228085825284448,0.24381624832337945,7247.0,9.724212913794915,37,baseline,0
1492.711093990755,750.0,2950.5904790193254,1.9766654719038348,750.0,0.0,10.567300044792095,172.09151524317014,2.305855161787365,1.0,5.156929369240995,2.2364498233460783,1.0,0.0,7.552871234124484,77.62218047021638,6.5383621140964365,5.243394892857143,5.763995256246268,0.8815656208179927,6.0,2.7556051071428564,1.6246189149772627,2.7062122085848888,743.6983821263482,750.0,67.14419291701633,0.09028417236170494,0.0,0.0,-10.561326211291789,109.54272270391009,10.197366471237803,6.999,9.405630360470589,0.9223587665501336,12.704861499999998,5.0,1.195915524841182,0.5753290967588445,7788.0,9.914530453990025,38,baseline,0
1561.7181594083813,750.0,3115.184668528024,1.9947162999680654,750.0,0.0,10.211339328767375,160.60793192303288,2.427964941112024,1.0,5.451984196999884,2.2454954372211153,1.0,0.0,7.2931004035536455,72.18354774669635,7.084413338141583,5.85077875,5.967459262383114,0.8423364049433805,6.480940416666668,3.1482212500000006,1.4837105615060762,2.088994942787603,743.2788979485775,750.0,69.32300420151422,0.09326647694807853,0.0,0.0,-10.217376029890978,102.3957646709175,11.117303335250616,7.999,9.656987262849539,0.8686447577830566,14.248780749999996,5.6697595,1.0921444016898534,0.3489606843582602,7302.0,9.698610396403513,39,baseline,0
1503.6250314149283,750.0,3039.62023942735,2.02152809106073,750.0,0.0,10.671835080171638,176.24039700580173,2.3303593867805983,1.0,5.34554286262152,2.293870590495662,1.0,0.0,7.623341303949792,78.82519516043733,6.829624334900423,4.999,6.202835339924055,0.9082249675471342,7.899999999999999,3.7279610689655174,1.502639509216127,2.0707861354325505,743.8328788640362,750.0,66.43065111344896,0.08930857051506014,0.0,0.0,-10.67900558653667,112.04218748504395,10.665939106056797,7.899,9.943010119647864,0.9322207843847141,13.821866999999997,5.9,1.1241516462301746,0.41279383568416783,7958.0,9.944581371461563,40,baseline,0
1537.7938144329896,750.0,3121.1846447067965,2.0296509294112552,750.0,0.0,10.577531503423156,174.3457208774027,2.392783505154639,1.0,5.515988894950067,2.3052603309356163,1.0,0.0,7.534737420665581,77.08034007488382,7.144851670267006,5.0771421,6.261532641974219,0.876369857758044,8.0,3.0781420999999995,1.4404979402355484,1.8044483198806578,743.6754651747548,750.0,67.26600873674003,0.09045075693190084,0.0,0.0,-10.541792713582721,109.13034852671342,11.189733100773195,7.999,10.08541866481717,0.9013100289336019,14.632878,6.0,1.0961503022943826,0.38461301541100434,7760.0,9.841086562332272,41,baseline,0
1555.2329087600729,750.0,3193.6334509059507,2.053475998943535,750.0,0.0,10.608152519926314,176.01242252198128,2.4276059266961267,1.0,5.660359018562682,2.3316630414830963,1.0,0.0,7.529874040566476,77.10070467972393,7.4268500376174424,5.3460055,6.35713871166035,0.8559670222854993,7.7791109999999986,3.3470055000000003,1.3775408478614688,1.5334394862522398,743.6211581071211,750.0,67.5519021770071,0.090841823743907,0.0,0.0,-10.495652556765,108.15962599901022,11.636435937093838,8.340993000000001,10.287754443814215,0.8840984043077669,15.528361499999997,5.341993,1.081730773986403,0.3764074857510269,7694.0,9.79950412734771,42,baseline,0
1583.6481262327416,750.0,3304.362486988318,2.086550940358762,750.0,0.0,10.529664600377624,172.75252105386954,2.478369493754109,1.0,5.8466901663768,2.359087368171454,1.0,0.0,7.479351003807269,75.94714814851535,7.625749133628509,5.999,6.443352519054876,0.8449468250457617,7.783164,3.8999454,1.3338986369160957,1.3852513778894657,743.5464550555785,750.0,67.94302179996578,0.091376969573323,0.0,0.0,-10.433113085873174,106.85070167327336,11.991126850361601,8.735371,10.443849042324395,0.8709647702550535,14.572223,5.736371,1.0673873188782925,0.392901577445151,7605.0,9.745855033271608,43,baseline,0
1597.7065217391305,750.0,3362.142903340569,2.1043557484392186,750.0,0.0,10.62491108381215,176.38165185411708,2.4998706004140785,1.0,5.946361344029922,2.378667657055916,1.0,0.0,7.546762849245899,77.53944768262355,7.670219573404216,5.899,6.5687312398843725,0.8563941588661746,8.305093000000001,3.9,1.291339789881117,1.2063636932748665,743.6491212591757,750.0,67.40550858834669,0.0906415494369348,0.0,0.0,-10.519432101748086,108.6592802180509,12.120122945134577,7.999,10.722934280592035,0.8847215765989057,15.728086750000001,6.0,1.0659992940941343,0.3957588445733946,7728.0,9.739520027504412,44,baseline,0
1571.5979650080656,750.0,3357.388780721867,2.1362898498692298,750.0,0.0,10.80375956130729,183.0709539397279,2.4581213550068246,1.0,5.952375578609498,2.4215141235746565,1.0,0.0,7.689298082016831,80.46005394876546,7.564960643546397,5.999,6.656320801500081,0.8798883583325092,8.38789175,3.9999999999999996,1.318469800408946,1.2513029370005562,743.9099198963202,750.0,66.0192645477508,0.08874631562508535,0.0,0.0,-10.748289368607878,113.52655055450006,11.907430133391241,7.999,10.865159826422602,0.9124689126627022,15.693812500000002,6.0,1.108441304508262,0.5059886414312644,8059.0,9.850370070020805,45,baseline,0
1565.7471542746428,750.0,3378.3698915675586,2.1576727010771046,750.0,0.0,10.907999812722945,187.43765417040376,2.449624606442238,1.0,6.003727991717507,2.450876749004062,1.0,0.0,7.77196586785003,82.22425129018633,7.72218484249139,5.801281666666666,6.757450216687028,0.875069731496726,7.9827685,3.802281666666666,1.3482083348947205,1.3238784856802202,744.056635462845,750.0,65.2260927023893,0.08766280628868393,0.0,0.0,-10.88356285049082,116.45275095077555,12.060341063453622,7.999,10.941378364928234,0.9072196472190845,14.802818499999999,6.0,1.1234780079111164,0.5539104745330778,8258.0,9.916645635726763,46,baseline,0
1569.0773888821607,750.0,3428.0781642417674,2.184773159394001,750.0,0.0,10.991211512533505,190.17377048047268,2.46215332445198,1.0,6.114490627160565,2.483391495743472,1.0,0.0,7.802340727310437,82.67805391311471,8.00911952086918,5.999,6.837399545085623,0.8537017742424203,7.899999999999999,3.4460666666666664,1.3860227301210535,1.447765602450752,744.0558752212822,750.0,65.23044387781536,0.08766874377332996,0.0,0.0,-10.882882533599423,116.43790935323076,12.419911272496062,7.999,11.042267091608315,0.8890777759468744,14.766287,5.672896,1.146702641187177,0.631022051238086,8257.0,9.896361273793286,47,baseline,0
1609.3062420382166,750.0,3586.7399213510403,2.228749151440789,750.0,0.0,10.786238130594224,182.30026813711422,2.5434394904458597,1.0,6.400693504760246,2.5165503361899195,1.0,0.0,7.628936979681973,78.8411147070528,8.13776576166411,6.0977785,6.555829304763373,0.805605555230771,8.0,3.1987785000000004,1.304119526908457,1.2669016057780373,743.7476486199574,750.0,66.88610595917656,0.0899311830878194,0.0,0.0,-10.604341768705227,110.45277391798022,12.771642575796177,8.999,11.099946413671404,0.8691087577652039,14.6784305,6.0,1.2134954997763896,0.9040131999248908,7850.0,9.838459214308354,48,baseline,0
1610.5029652996845,750.0,3634.211979309824,2.2565695671560375,750.0,0.0,10.87409519727437,185.02616183264226,2.549652996845426,1.0,6.497286126447437,2.5483021158119343,1.0,0.0,7.679466981662036,79.73539263097538,8.191819713920058,6.470988,6.685156686849753,0.8160771257563093,7.535495399999999,3.5280120000000004,1.2769377561547264,1.2321338336284846,743.8067804030129,750.0,66.57201803119082,0.08950176280339964,0.0,0.0,-10.656212062975738,111.55554339854606,12.76510123154574,8.724393,11.210192957047278,0.8781906820561753,14.860707,5.725392999999999,1.228101620266819,1.0053561415089964,7925.0,9.805850816466275,49,baseline,0
1665.0922155688622,750.0,3812.466046620308,2.289642586142184,750.0,0.0,10.598829920068502,175.17819215421324,2.653226879574185,1.0,6.811327784950203,2.567186333512251,1.0,0.0,7.475525539261662,75.41154424340678,8.176540610997721,6.3816145,6.580231083907868,0.8047695715052448,8.0,3.776364944444445,1.1963407677258409,0.9788096510486963,743.4688542914171,750.0,68.34816579555124,0.09193144460730947,0.0,0.0,-10.369461641158352,105.52636227024479,12.916528017831006,8.999,11.38822901825034,0.8816788073799028,14.990605500000001,6.0,1.2915412502693975,1.2623079589088748,7515.0,9.687643956400198,50,baseline,0
1665.417050994861,750.0,3850.762112921816,2.312190877727298,750.0,0.0,10.745855483073887,180.27196926221703,2.6581894847806034,1.0,6.898959643244379,2.59536036943348,1.0,0.0,7.549481257758439,76.93558419454848,8.294665993393982,6.899,6.70313662811709,0.8081261660753531,8.899999999999999,4.0,1.191738354233373,0.9915976095673451,743.5325018925741,750.0,68.01753199941201,0.09147889544341561,0.0,0.0,-10.421795666153246,106.61443437939656,13.122054595203585,8.999,11.612937571585437,0.8849938466061736,15.542533,6.1000000000000005,1.298701341439035,1.2954159979250228,7589.0,9.720838236897535,51,baseline,0
1700.6174386920982,750.0,3959.913446639081,2.3285151360582015,750.0,0.0,10.631756411011608,177.21163927104914,2.729019073569482,1.0,7.121024814282757,2.6093715808913904,1.0,0.0,7.441476209614265,74.79772514980712,8.462014708354374,6.999,6.7373870884592355,0.7961918432743388,8.527840249999999,4.000000000000001,1.1754850089201736,0.8980235049697125,743.3130632990986,750.0,69.15138233156227,0.09303130234876114,0.0,0.0,-10.244620142023384,102.95280964137125,13.551272581607629,9.725184500000001,11.861879148611449,0.8753332262470244,16.483172500000002,6.449483000000001,1.297764118207356,1.2916224749681477,7340.0,9.651418895517198,52,baseline,0
1686.91732547233,750.0,4001.5752043126436,2.372122891791522,750.0,0.0,10.683311872784422,179.10066153714146,2.7120460940640494,1.0,7.20229119097461,2.6556669544586717,1.0,0.0,7.4896506805381575,75.69420035807303,8.314661484733055,6.899,6.732207521299513,0.8096790871956531,8.563609,4.0,1.1336555676474722,0.7815265250934003,743.4232376579806,750.0,68.58480565150016,0.0922553966265086,0.0,0.0,-10.332515366913242,104.76142975217553,13.283393190539996,9.494751,11.966506331800527,0.9008621637672133,16.358021,6.495751,1.3662869520848013,1.5863436372501178,7463.0,9.749608211025574,53,baseline,0
1699.5677863213275,750.0,4050.617001982199,2.383321827221531,750.0,0.0,10.779175645686994,182.96381557254375,2.7409955483609876,1.0,7.326064037350088,2.6727748761689156,1.0,0.0,7.5112946123943996,76.18879335157514,8.350448314223039,6.856523,6.779349582663769,0.8118545648760833,8.858341333333332,4.282212666666666,1.0926391666151525,0.6169296802873832,743.3788439728005,750.0,68.81392906232138,0.092569124908859,0.0,0.0,-10.29687186557737,104.02610260178632,13.442227604748412,9.999,12.227666761919249,0.9096458653623656,16.271246,7.0,1.3801303264757985,1.638457981510883,7413.0,9.739869432466213,54,baseline,0
1696.2099140779908,750.0,4053.0558568245983,2.389477754601923,750.0,0.0,10.912001763784255,188.96634195884218,2.7357567746199605,1.0,7.360554537003061,2.6905003417292304,1.0,0.0,7.5955218318898305,78.07293320026425,8.433432624702577,6.729319333333333,6.948075286575813,0.823872745034333,9.09061125,4.269680666666668,1.1189959639761875,0.6550304349668452,743.5118476236255,750.0,68.12576467905461,0.09162700620951057,0.0,0.0,-10.404837857350344,106.2611747120865,13.558479977924653,9.999,12.435872635237244,0.9172025666213918,15.577969,7.0,1.3849917581552686,1.6590662371186866,7565.0,9.784774187822354,55,baseline,0
1657.7307547406756,750.0,4004.5573952093105,2.415686252883543,750.0,0.0,11.209789729283074,200.2845899600695,2.669094562350873,1.0,7.295067946707526,2.733162042892257,1.0,0.0,7.8025335624493595,82.43671849105257,8.06084531513311,5.999,6.905959902783152,0.8567289946400756,9.34285375,3.9999999999999996,1.1347651904334861,0.6428093313136407,743.8361035862291,750.0,66.41680118454703,0.08928956374170895,0.0,0.0,-10.68237611073473,112.11369114325771,12.958572088408891,8.999,12.533110564858069,0.967167561313998,15.6484915,6.599080000000001,1.471472034289872,1.9773851455985394,7963.0,9.935840189071893,56,baseline,0
1657.3190964078508,750.0,4038.8483024787183,2.436976868988418,750.0,0.0,11.302442161928886,203.7696916444738,2.668929761757808,1.0,7.3633883281262325,2.7589292283497806,1.0,0.0,7.869811493412664,83.84509128785673,8.152711875911336,5.999,6.978015032129959,0.8559133621228254,9.361176,3.9999999999999996,1.1583286426393253,0.6842423988817781,743.9410772332633,750.0,65.85379703461076,0.08852017861350363,0.0,0.0,-10.776938085901465,114.14291684528516,13.148228140723367,8.999,12.739455775077785,0.9689104599288545,16.445316000000002,6.899999999999999,1.4765081232394777,1.9813577730223155,8101.0,9.955194585970196,57,baseline,0
1687.7658988482724,750.0,4166.3080797394005,2.4685343403267477,750.0,0.0,11.199018396693624,198.75451232408614,2.7243365047571357,1.0,7.573153412009898,2.779815708810544,1.0,0.0,7.8060394573578105,82.3033490454724,8.48964959331256,5.999,7.089230465857787,0.8350439423839228,9.450646916666665,3.9999999999999996,1.1681032258966781,0.6928783715886899,743.8553390430474,750.0,66.31427151884819,0.0891494192999407,0.0,0.0,-10.699564277497133,112.48117358540927,13.705132073860792,9.488714,12.977906111894361,0.9469376903449593,16.224818499999998,6.589714,1.4626693906720716,1.912901003734084,7988.0,9.913475740980841,58,baseline,0
1684.186614076174,750.0,4205.440898224736,2.4970159856849024,750.0,0.0,11.291595599394178,202.06966380698617,2.720448662640207,1.0,7.648234978255868,2.811387358007787,1.0,0.0,7.870514423928787,83.64742939900452,8.178726856241685,5.999,7.0411622808386785,0.8609117781534834,9.0,3.9999999999999996,1.1948040852955415,0.7934738365898046,743.949986107252,750.0,65.80605434133403,0.0884549439750202,0.0,0.0,-10.785117066060893,114.31923893003511,13.366378373351413,8.999,13.136750350580572,0.9828204756474161,15.995908000000002,6.578899999999999,1.5097484116940485,2.1021912417026964,8113.0,9.956252875545676,59,baseline,0
1675.5382003395587,750.0,4259.451346779788,2.542139203938521,750.0,0.0,11.446972493443244,206.60317081510902,2.709313606597138,1.0,7.736208611848004,2.855412748457931,1.0,0.0,7.963248449793138,85.55834786309843,8.09295022657944,5.999,6.920608840025004,0.8551404180512381,8.724280631578946,3.9999999999999996,1.2310809065736301,0.8979303075633509,744.0475422427036,750.0,65.27791891404375,0.0877335320768394,0.0,0.0,-10.875406655214018,116.27495044164328,13.268755609143826,7.999,13.273731507404653,1.000375008659998,15.215858999999998,6.0,1.5826601358241368,2.330887239582415,8246.0,10.045109921725267,60,baseline,0
1665.3925200143387,750.0,4291.00423607266,2.5765723002260845,750.0,0.0,11.557733984164374,210.9542233909918,2.6967379615246743,1.0,7.804137810606847,2.8939177339256816,1.0,0.0,8.032962554060338,87.09901199571817,8.225292262977325,5.999,6.922587222732877,0.841622036203136,8.607455,3.8999999999999995,1.2429372138126242,0.9563913238857387,744.1350025170957,750.0,64.80066064667406,0.08708186072081099,0.0,0.0,-10.958245492586025,118.0836162456335,13.37269160700203,8.314315,13.335589846971825,0.9972255577919124,16.288969,6.315315,1.6292777025218226,2.5379600103440305,8369.0,10.123833340030671,61,baseline,0
1682.2194794085299,750.0,4423.912204727631,2.6298067873302022,750.0,0.0,11.42459211942954,205.25751847717476,2.7381156055236464,1.0,8.036241550937687,2.9349533433599526,1.0,0.0,7.939760786713693,84.91635387855317,8.237150598011718,6.570716666666667,6.703361333470674,0.8137961366262662,8.319792999999999,3.6671376666666666,1.2031434178425024,0.8676444335121909,744.0016675010742,750.0,65.52713309168948,0.08807390622090894,0.0,0.0,-10.83272643360132,115.34840909563954,13.433985609434194,8.657239,13.480888831451843,1.0034913854593317,14.754249,5.7582390000000006,1.7244893797677876,2.873472354995111,8183.0,10.134707653018104,62,baseline,0
1651.734193548387,750.0,4401.399585158403,2.6647142151262035,0.0,0.0,11.650658141317187,213.48282167184885,2.6853958944281526,1.0,8.003901041454146,2.9805292612762235,0.0,0.0,8.104284929918068,88.38778307117957,7.817534171403412,5.926965666666667,6.687359692807084,0.8554308233495784,8.413313342105262,3.9279656666666667,1.187998822713254,0.7661397129707206,744.242282735186,750.0,64.21032132972569,0.08627609962409621,0.0,0.0,-11.062415975258682,120.37749825819407,12.813521748269794,7.999,13.625582366309557,1.0633752869814588,15.560138,6.0,1.7996783753550059,3.2033581964641584,8525.0,10.252060063582748,63,baseline,0
1671.9004237288136,750.0,4464.023128784376,2.670029306427433,750.0,0.0,11.615281270423266,213.04093856294352,2.7217514124293785,1.0,8.13170062930534,2.987672052697551,1.0,0.0,8.082047932616476,87.97207755233471,8.066165514442874,5.999,6.794584141956265,0.8423561517291235,8.084461166666667,3.9999999999999996,1.209620809849334,0.8241850646589888,744.2226084333804,750.0,64.31916311317174,0.08642462938416538,0.0,0.0,-11.043122649809826,119.95099366945107,13.195212592396423,8.3649695,13.845659399398365,1.0492941513785654,16.30588625,6.3659695,1.7939110596220402,3.1601268500803696,8496.0,10.202093609292723,64,baseline,0
1649.1723903434206,750.0,4433.42757253262,2.6882741904316085,0.0,0.0,11.857198475671698,222.45345969160377,2.680720843250595,1.0,8.094488959461271,3.0195195370085743,0.0,0.0,8.246820194809672,91.57990566628398,7.997745092661444,5.999,7.024449835972657,0.8783037912046158,8.321337,3.9999999999999996,1.2430324314907049,0.8954081231375941,744.436711741166,750.0,63.12566016013899,0.08479654370147077,0.0,0.0,-11.258733904995692,124.75952785217687,13.05623131372549,7.6588,14.06247668117193,1.0770701240861607,15.798297499999999,5.659800000000001,1.7900372154525774,3.1544542348782203,8823.0,10.261422466623902,65,baseline,0
1697.341726618705,750.0,4617.915430320506,2.720675134476256,750.0,0.0,11.54427998011104,212.03097766012218,2.7808153477218225,1.0,8.439979446197393,3.035073671148942,1.0,0.0,8.015619882703634,86.76031466862192,8.361993013037047,6.212944416666667,7.026616900916089,0.8403040865928739,8.37289075,3.950181638888889,1.231080665413905,0.8296323234081693,744.1145011263717,750.0,64.91346861217683,0.08723586022570025,0.0,0.0,-10.938760975694285,117.65689444903359,13.61177309148681,7.999,14.188175013848756,1.0423458368346181,16.184894999999997,6.0,1.8053307008787678,3.234602784874019,8340.0,10.16769720763207,66,baseline,0
1672.442200557103,750.0,4589.845919365005,2.7443973357262172,0.0,0.0,11.743856669999458,220.41841210803088,2.738741875580316,1.0,8.413322519510865,3.0719662172354796,0.0,0.0,8.1526948440549,89.81178427037958,8.25826073080947,5.999,6.979471366685892,0.8451502797250345,8.621553874999998,3.6060990499999996,1.242138160006434,0.9052541940651921,744.3030148699401,750.0,63.873923390871,0.08581709614871352,0.0,0.0,-11.122726867850222,121.71545670820156,13.365944754294333,7.999,14.228507352258653,1.0645343530757292,15.176638999999998,5.3593795,1.8813879402264608,3.5799443513363096,8616.0,10.25122437909636,67,baseline,0
1664.899977163736,750.0,4615.2773185282895,2.7721048602515515,0.0,0.0,11.813896045767908,223.50132102533337,2.7280200959123087,1.0,8.468148507742034,3.1041371434289613,0.0,0.0,8.210766092866441,91.09060769020975,8.111919961007521,5.999,6.919196628766485,0.8529665802948951,8.345718,3.9999999999999996,1.237347948112621,0.9002334742571603,744.3953662533751,750.0,63.358276574676694,0.08511374391483113,0.0,0.0,-11.216199998526072,123.80354087797717,13.151143344370862,7.999,14.377775174241009,1.0932718774140036,14.866015499999996,6.0,1.9521307034631727,3.8609950029094176,8758.0,10.308120696550674,68,baseline,0
1711.7734986159585,750.0,4768.103426714592,2.7854756663599516,0.0,0.0,11.575524547042985,215.5957797449227,2.8259718377662777,1.0,8.781403802770452,3.1073925385298615,0.0,0.0,8.013437037165453,86.8312406407816,8.504748640502532,6.644575,6.9385944089587435,0.8158494392079708,8.631178,4.0310950000000005,1.1825089383760263,0.7630224293784953,744.0924857104485,750.0,65.0340720966153,0.08740052257686991,0.0,0.0,-10.917899681440959,117.20090108100746,13.810433918642437,7.999,14.651290492027288,1.0608856013024903,15.652223000000001,5.729046,1.9483032513801855,3.814054494015034,8309.0,10.18822735465486,69,baseline,0
1679.2188614146062,750.0,4720.371864262236,2.8110521938073663,0.0,0.0,11.862771689743521,226.72269234517216,2.7660724554341574,1.0,8.706987876464035,3.147780116662708,0.0,0.0,8.210520245831749,91.16309405510061,8.339643839057025,6.368041,7.220966990416259,0.8658603568414192,8.831743499999998,4.28809,1.2007412455927107,0.7951973755449231,744.3547227470632,750.0,63.585979564008575,0.08542429787956826,0.0,0.0,-11.174822304601225,122.87702720822553,13.4854456426682,7.999,14.820415874443446,1.0989934086828674,16.5951305,6.0,1.9512730231457054,3.8859848654299025,8695.0,10.266942077539404,70,baseline,0
1692.2432432432433,750.0,4814.568606511093,2.8450807091324553,0.0,0.0,11.830748378495638,226.6011675303734,2.8027027027027027,1.0,8.904215045379578,3.1770101897689913,0.0,0.0,8.153261558080263,90.13340198125425,8.353871937791721,6.721247999999999,7.197119984957005,0.8615310407618608,8.8648140625,4.461892000000001,1.2249777696039796,0.8475579676662406,744.2319822578244,750.0,64.26809612561605,0.08635492381104316,0.0,0.0,-11.052428849418092,120.15653922130572,13.520985420916569,7.999,14.94304957340043,1.1051745940265545,15.023552500000001,6.0,2.0135970126334626,4.171967915210576,8510.0,10.25148362676955,71,baseline,0
1698.8378789652347,750.0,4859.472382368966,2.860468584164652,0.0,0.0,11.856167378669777,228.24336751079244,2.8171602481563855,1.0,9.001582731196955,3.195268262459616,0.0,0.0,8.169198075476002,90.53001427022652,8.204829900132335,5.999,7.060345499009602,0.8605108923581374,8.505067,3.9721907499999998,1.244335045744145,0.895815208109322,744.2542464916046,750.0,64.14502814967798,0.08618698308011812,0.0,0.0,-11.074358711869191,120.64176826745295,13.429573583167503,7.999,15.13965632323964,1.127337084046774,15.405527000000001,5.6604,2.0705039640852188,4.372899996715441,8543.0,10.283176172559468,72,baseline,0
1661.4920923882125,750.0,4839.679973376717,2.9128516443434935,0.0,0.0,12.076780777203922,236.93527643223408,2.7594720673569233,1.0,8.987111819394164,3.2568228994621413,0.0,0.0,8.306804018136818,93.52535729432476,7.87418350829543,5.899,6.924558463898211,0.879400188807285,8.038394,3.9,1.3166432430396866,1.144357690792896,744.4150518160153,750.0,63.24823786956595,0.08496367411603327,0.0,0.0,-11.236496009696879,124.25919021522161,12.807463269427693,7.445636,14.975340499858472,1.1692667146354934,14.516321,5.446636,2.216291786967378,5.1587889866252805,8789.0,10.397985259407292,73,baseline,0
1644.279848248159,750.0,4838.014687988659,2.9423304634811123,0.0,0.0,12.240568417703443,243.93972026960571,2.73343003793796,1.0,9.006730630375282,3.295028775336706,0.0,0.0,8.405551047897834,95.76761445365703,7.599706631393399,4.999,6.783559221090577,0.8926080374035199,8.04758725,3.117688333333333,1.3349196633003924,1.1827749618365555,744.5228472167771,750.0,62.63968152359824,0.0841339950248161,0.0,0.0,-11.349132153632251,126.80314562694196,12.361785574648517,6.899,15.017662329342965,1.2148457226228795,13.0,4.9,2.3331481304359913,5.704555409310252,8962.0,10.42589813304457,74,baseline,0
1666.207650273224,750.0,4928.572371007862,2.957958073352788,0.0,0.0,12.166565347443232,241.57448825687686,2.781193078324226,1.0,9.197857101599572,3.3071623733299487,0.0,0.0,8.334729337527762,94.16967020459327,7.85325798834043,5.999,6.761979729741125,0.8610413333906127,8.100000000000001,3.9999999999999996,1.2930906849295682,1.0701595407266131,744.4118427443838,750.0,63.266431259485735,0.0849884803366974,0.0,0.0,-11.233221367579837,124.18559168773895,12.717142185678508,6.999,15.1338536805848,1.190035737559645,13.643007499999998,5.0,2.3552795950606007,5.834616358535239,8784.0,10.359007027727689,75,baseline,0
1648.6176668914363,750.0,4933.8257288301165,2.992704632441025,0.0,0.0,12.303669155986444,247.9189501450705,2.7580355135985615,1.0,9.23787226236666,3.3494391993210764,0.0,0.0,8.409116209747241,95.89876001445437,7.81216689822015,5.999,6.874182858327705,0.8799329235904898,8.127781971153848,3.9999999999999996,1.3257830028669393,1.179741396571548,744.4834232411778,750.0,62.86314576984613,0.08443861046115114,0.0,0.0,-11.307591206654369,125.86194388904269,12.449890889413352,6.999,14.954951851361981,1.2012114792169613,13.0,5.0,2.4444877713782485,6.515393370471928,8898.0,10.383301348751914,76,baseline,0
1650.7472527472528,750.0,4948.253672916568,2.9975840727170358,0.0,0.0,12.377629906450275,252.44205454727987,2.7613497613497615,1.0,9.28558562195441,3.3626981094258666,0.0,0.0,8.460602202323766,97.25734682007787,7.861760644120032,5.999,6.860430913784446,0.8726328903075292,8.255498000000001,3.9999999999999996,1.3506135418529035,1.2812827165783611,744.5513793565742,750.0,62.477795533961164,0.08391334334502633,0.0,0.0,-11.379537029318309,127.49418360229325,12.430532964146966,6.999,14.928090907626634,1.200921227648348,11.367631,5.0,2.522723366809748,7.007593645975605,9009.0,10.399398708272534,77,baseline,0
1654.1407894736842,750.0,4953.8402532519885,2.994811738381837,0.0,0.0,12.49486514599935,258.69031306217363,2.7663377192982455,1.0,9.324645857062341,3.370754695644241,0.0,0.0,8.526947472797804,98.94689453911923,7.894352402874175,5.999,6.957069894570282,0.8812717674013832,7.92646825,3.7147764999999997,1.3814163421132661,1.370507040495501,744.6176816239316,750.0,62.099445344830116,0.08339775817490375,0.0,0.0,-11.451030949398763,129.12642612997254,12.54009671754386,6.999,15.115396551905398,1.2053652290224077,12.0,5.0,2.51755181326998,6.974289169797901,9120.0,10.396375214616311,78,baseline,0
1642.4521853434112,750.0,4994.035043105164,3.0405969121475453,0.0,0.0,12.68982385050789,269.9827673515975,2.757476174827473,1.0,9.42331621061289,3.417369947431179,0.0,0.0,8.596395892059661,101.50816986846257,7.6615130840310375,5.899,6.732238168447828,0.8787086956073852,7.386724000000001,3.9,1.3872094995565376,1.4505745378029538,744.6229750509921,750.0,62.06920295497997,0.08335655094543577,0.0,0.0,-11.456807250662033,129.25874114400796,12.172677229817067,6.999,15.07227277629064,1.238205243738082,11.899999999999999,4.8999999999999995,2.6648337909060884,7.803818493254287,9129.0,10.474281998589085,79,baseline,0
1644.0547031354236,750.0,5037.921205081601,3.0643269931795083,0.0,0.0,12.757640273575781,274.32291225934074,2.775517011340894,1.0,9.562347455742369,3.4452490893300833,0.0,0.0,8.582787507360438,101.28214435995149,7.65550599503133,5.77615325,6.607198931887065,0.8630649543185454,7.1000000000000005,3.77715325,1.390016061616316,1.498998232863344,744.5422531687792,750.0,62.52991907260599,0.08398437940422862,0.0,0.0,-11.369837968329545,127.27351222563041,12.08361186791194,6.999,15.04347993836465,1.244948952582021,11.761752249999999,4.2915735,2.7873742437865254,8.544187137096749,8994.0,10.451715641175415,80,baseline,0
1633.5782922035378,750.0,5062.282264904427,3.098891732991813,0.0,0.0,12.913677076497242,281.289008483741,2.7583533522603187,1.0,9.605190755441114,3.482219110024533,0.0,0.0,8.677312151370284,103.71272740604928,7.610006002621167,5.8163168333333335,6.608928736099035,0.8684524997513374,7.886095,3.7257924166666667,1.3898362257346513,1.5283906060734074,744.6399774601712,750.0,61.97186762894875,0.0832239330479184,0.0,0.0,-11.475401376623113,129.6851315579064,11.910656400960907,7.3273065,14.924049381601836,1.2529997406690214,11.0,4.4283065,2.876333362132774,9.263250720801922,9158.0,10.470507881806926,81,baseline,0
1639.386433260394,750.0,5116.297225331432,3.1208610255217226,0.0,0.0,12.931900009613,282.72163508996033,2.774507658643326,1.0,9.7225642733092,3.5042484900053665,0.0,0.0,8.677957129808687,103.78795031576954,7.9210043897854865,5.999,6.597557155931142,0.8329192651930615,8.0,3.6110644999999995,1.3912018271260782,1.5497253883114315,744.6294097240753,750.0,62.03253899191489,0.08330659275853909,0.0,0.0,-11.4638615934493,129.42040981742292,12.307856333260393,7.318578499999999,15.01649516739919,1.2200739723309129,10.4100425,4.5804215,2.899709588150603,9.400443798495617,9140.0,10.471474548456614,82,baseline,0
1614.4447561501943,750.0,5103.863042890791,3.1613736075190735,0.0,0.0,13.240963508293673,294.92258244541233,2.740289167026327,1.0,9.741190568993574,3.554803882089713,0.0,0.0,8.8116676742807,106.6925734065154,7.85422450699979,5.999,6.543779861899207,0.8331541651333372,7.899999999999999,3.48613,1.365481688685379,1.5416862833636245,744.7035712985737,750.0,61.60600516544599,0.08272554012064261,0.0,0.0,-11.5456642295352,131.30264675399258,12.12996228895123,7.320064,14.889333078332,1.227483872055743,10.3035215,4.3357015,2.9731404864430546,10.033882023414344,9268.0,10.515972829403522,83,baseline,0
1633.7646292476386,750.0,5176.256491546879,3.168300010222761,0.0,0.0,13.167617671665745,292.7069801909511,2.7768971881446096,1.0,9.884945130695025,3.5597087183842318,0.0,0.0,8.772108345927473,105.84716838214877,7.880671394317734,5.999,6.627517618955895,0.8409838816188414,7.999999999999999,3.9999999999999996,1.3263119572680844,1.4127505642883333,744.6707844140805,750.0,61.79504349967556,0.08298303732742374,0.0,0.0,-11.50930701793439,130.46442395330672,12.212003835305612,7.601393,15.125818054046112,1.2386024650857457,10.830803499999998,4.885611000000001,2.976067430407586,10.02741686806367,9211.0,10.44824381607695,84,baseline,0
1587.9040712731794,750.0,5098.746773617024,3.210991687633155,0.0,0.0,13.539732093239895,309.99327219683073,2.6952242826064436,1.0,9.761070581428086,3.621617185783346,0.0,0.0,9.004443840562473,111.53029250583066,7.700590212363358,5.899,6.593349105818943,0.8562134750701665,7.855871,3.9,1.343100469320969,1.489451159354573,744.9147927191182,750.0,60.37410435891103,0.08104833592917524,0.0,0.0,-11.788291843527757,136.96410686931455,11.716317369418832,7.379597,14.862480981768325,1.2685283705749901,11.313559999999999,4.653902,3.147035250284264,11.359475680591538,9653.0,10.552270346619217,85,baseline,0
1595.363075958625,750.0,5168.633068805418,3.2397848155659985,0.0,0.0,13.544120738817547,311.8378270783463,2.7170619579981192,1.0,9.908302827600776,3.6466974183029044,0.0,0.0,8.984692642471193,111.41169190437616,7.7442698310886,5.999,6.483121868636215,0.8371508237755828,7.441921499999999,3.6438849722222217,1.3659093389910917,1.5446194023849342,744.8712146430715,750.0,60.63045966546513,0.08139723817159202,0.0,0.0,-11.73703441605663,135.7582504015328,11.764366124020476,7.32329,14.956421917556664,1.271332578388448,11.0,4.575709999999999,3.2370189431149328,11.882573121491559,9571.0,10.558175421664933,86,baseline,0
1610.3937125748503,750.0,5241.8970704072435,3.2550406956234332,0.0,0.0,13.52572851329126,312.3356001112603,2.7580196749358428,1.0,10.096642710588302,3.6608305598194004,0.0,0.0,8.919955552479193,109.89670486112878,7.869033570535081,6.27230635,6.452034058204528,0.8199271232446654,7.611581249999999,3.6233861249999997,1.3229946382139859,1.4631936703082644,744.7511012457843,750.0,61.33123700634838,0.08235132100342839,0.0,0.0,-11.599031010092146,132.53778167895317,11.88863354384089,7.613731,14.891815359709392,1.252609503421388,10.32176325,4.614730999999999,3.3232629985500535,12.687850418750811,9352.0,10.509882208071867,87,baseline,0
1626.007121277514,750.0,5310.5770521717595,3.2660232434894683,0.0,0.0,13.469556257207685,310.8699491059175,2.7915407854984893,1.0,10.245314606450668,3.670128933696073,0.0,0.0,8.878764564946644,108.96778347878852,8.057613632350137,6.2408210833333335,6.42285382957231,0.7971161342094506,8.0,3.6581789166666656,1.295048228353127,1.4024708563679598,744.7035179699456,750.0,61.60661825361553,0.08272636930943278,0.0,0.0,-11.545660162432144,131.30252179082464,12.194381231873113,7.999,15.037166572781894,1.2331225575823757,10.452401749999998,5.0,3.3324031725672865,12.742441760439766,9268.0,10.473359361764304,88,baseline,0
1642.020284422886,750.0,5421.941978054613,3.301994518271277,0.0,0.0,13.368223162973285,305.73442979894907,2.8337559254767943,1.0,10.467705000140782,3.6939331669432804,0.0,0.0,8.79443010647064,106.80664352212875,8.043415415503578,6.428972,6.3349582075553075,0.7875955524247521,8.0,3.5700280000000006,1.197711775605423,1.099737882320082,744.5884811332323,750.0,62.267115259320434,0.08362621345491741,0.0,0.0,-11.419515698660067,128.40558121425047,12.151766747326645,8.621784,14.995139909502244,1.2339884579171283,10.4889885,4.861902,3.4535302133531793,13.79937448147842,9071.0,10.443174083412591,89,baseline,0
1665.2193642592385,750.0,5516.309988589721,3.3126626479290393,0.0,0.0,13.264487706459875,301.9741692154984,2.8843086600022465,1.0,10.668063307886596,3.6986552291800447,0.0,0.0,8.71541961267688,104.96836479871425,8.113901030002328,6.2447915,6.46780183154148,0.7971260442573607,8.0,3.7542085000000007,1.183111122928974,0.9502823444727726,744.4863554107854,750.0,62.84749615633355,0.08441725721307031,0.0,0.0,-11.310829545289872,125.93509779967607,12.39259175783444,7.999,15.33689388113513,1.2375856625341781,11.305013,5.000000000000001,3.3928036083314628,13.314195619724554,8903.0,10.412983114107655,90,baseline,0
1667.6104240282687,750.0,5524.0647731236095,3.3125631103814497,0.0,0.0,13.355833287707604,307.0720256005118,2.883613074204947,1.0,10.691750560840608,3.7077618549043634,0.0,0.0,8.784392540543177,106.71287375357674,8.238822648659198,6.899,6.6114946527284255,0.8024805162912922,8.41765875,4.1000000000000005,1.1670303386512615,0.9204945017372594,744.5794980196482,750.0,62.3184963450132,0.08369622922839157,0.0,0.0,-11.409852344216967,128.18496213331747,12.51505984860866,7.999,15.408056044102155,1.2311611954308888,11.471512749999999,5.000000000000001,3.392193000092889,13.456841218747222,9056.0,10.388155226210486,91,baseline,0
1636.107970784376,750.0,5452.129407477719,3.3323775110415736,0.0,0.0,13.688343527723449,322.9217408167443,2.82131893722875,1.0,10.574181526413035,3.7479568108664667,0.0,0.0,8.99144602137936,111.7833104117142,8.097055479451884,6.037963636363636,6.803175413910617,0.8402036309588368,9.0,4.038963636363636,1.1842575261276704,0.9146340660109793,744.803836966877,750.0,61.02488294193685,0.0819341683180007,0.0,0.0,-11.659092138187814,133.93466578610054,12.290290801524293,7.999,15.457759116149754,1.2577211854281445,12.561316,5.1,3.3735747853364653,13.530883140562228,9447.0,10.460747379414798,92,baseline,0
1633.4826892535734,750.0,5487.382510636868,3.359314761483239,0.0,0.0,13.81444632456514,328.19531987680944,2.8249867654843834,1.0,10.670053794379106,3.777027887261474,0.0,0.0,9.029579109145054,112.5833570906087,8.329880893724983,6.727392,6.779316468137967,0.8138551504673881,9.0,4.171607999999999,1.185570479550975,0.9006574293672296,744.8027277332833,750.0,61.03140061890817,0.081943041219317,0.0,0.0,-11.657830158911663,133.90523526302707,12.509727252091052,8.324206,15.481797986723189,1.2375807781209094,12.578543,5.362781999999999,3.431812320728903,13.95045742543017,9445.0,10.466525809854248,93,baseline,0
1635.8721004469037,750.0,5545.418207896956,3.389884946617773,0.0,0.0,13.837100112937797,329.0268072901835,2.8384762715471377,1.0,10.79998072371937,3.804851508528814,0.0,0.0,9.02338889984451,112.32504792407863,8.268777762034949,6.488412,6.737523615696749,0.8148149351203076,8.899999999999999,3.61464225,1.1561687932967897,0.7994375680430661,744.7767270537416,750.0,61.1828136333854,0.08214920178214775,0.0,0.0,-11.628148866860737,133.2140713646507,12.38209150776761,7.999,15.512339818529792,1.2528044885469063,12.079968000000001,5.0,3.5270343711558625,14.696523288156161,9398.0,10.493766682243129,94,baseline,0
1653.013304488913,750.0,5633.164872928813,3.407815809849457,0.0,0.0,13.807664780924275,327.23435089921213,2.879394267171444,1.0,10.989274108949731,3.816522882691219,0.0,0.0,8.972743231870101,110.9805245059904,8.353685749496648,6.505869,6.693569233676994,0.8012713710328779,8.466877499999999,4.009594,1.1415201274155484,0.7226626677188843,744.6902758247701,750.0,61.68338836154893,0.08283093033977441,0.0,0.0,-11.530999207195688,130.96415980140293,12.554268515521905,8.457931,15.707080458537963,1.2511346590299521,11.596948999999999,5.458931,3.551927589252121,14.781648691389464,9245.0,10.473000398698233,95,baseline,0
1675.971135837832,750.0,5714.772611037275,3.409827585234881,0.0,0.0,13.752280410056942,325.5640217556799,2.929822628621791,1.0,11.179646638198752,3.815810052452812,0.0,0.0,8.908356835085245,109.44354693579487,8.702501539550324,6.899,6.876428322665355,0.7901668608059417,8.964680640000001,3.9,1.111459180220368,0.616712361066269,744.5919930410195,750.0,62.24742963940556,0.08359938089742036,0.0,0.0,-11.42337374169158,128.49367646680082,13.053992369395173,8.789281,15.92994591224372,1.2203121820103988,12.494179,5.790281,3.4899826741563866,14.347448542766553,9077.0,10.412639019362496,96,baseline,0
1646.8066945606695,750.0,5618.06942952241,3.4114929506168803,0.0,0.0,14.136346286322008,344.50066176412463,2.8627615062761507,1.0,11.004838908560716,3.8441340238906916,0.0,0.0,9.155363565852884,115.63334182570036,8.368757924687198,5.999,6.998344576888956,0.8362465063357098,8.899999999999999,3.9999999999999996,1.1407618459291529,0.6931512555118884,744.8652137342018,750.0,60.666245217673286,0.08144593692802181,0.0,0.0,-11.73013403831018,135.59625986209835,12.581006860251046,7.999,15.951925888471585,1.2679371425247974,12.731737250000002,5.5742295,3.50682142695255,14.666209925780528,9560.0,10.488375728647577,97,baseline,0
1677.9749514143814,750.0,5748.909465879464,3.4260996929862704,0.0,0.0,13.959837260541773,336.2218069806633,2.932951846253509,1.0,11.2785321052713,3.845454237401906,0.0,0.0,9.020324466698208,112.21985360769376,8.642852222328376,6.999,7.041985888046568,0.8147756905820916,9.0,4.300267249999999,1.1239529546670533,0.6138783828397161,744.6999964745129,750.0,61.62746191471056,0.08275474984082364,0.0,0.0,-11.541832222113271,131.21409553791187,12.98912960526884,7.999,16.192928961181043,1.2466523511023118,12.999999999999998,5.636705000000001,3.507385830975707,14.545076978250844,9262.0,10.407462927933802,98,baseline,0
1680.5215993139673,750.0,5785.410788253587,3.442628045135119,0.0,0.0,13.964188183012698,337.4296612116421,2.938471433165398,1.0,11.35347298240533,3.863734339651236,0.0,0.0,9.039142455321883,112.76082532590523,8.659549326598695,6.999,7.004484111231132,0.8088739779697471,8.899999999999999,3.9999999999999996,1.1117451704494097,0.596243636920561,744.7380526239997,750.0,61.407484839331374,0.08245514597108218,0.0,0.0,-11.584434544751186,132.1993255741132,13.04183288530389,7.999,16.285535581820394,1.2487152476989374,12.54728,5.000000000000001,3.5427701726713723,14.811661177556186,9329.0,10.422153016818552,99,baseline,0
1666.5550199119682,750.0,5785.55248114788,3.4715640420041387,0.0,0.0,14.072330849468958,342.9757027383822,2.911234542024733,1.0,11.349656143573347,3.898571544043229,0.0,0.0,9.12923790111265,115.01533484779655,8.464569553610627,6.899,6.988396114454562,0.8256056105621589,8.7126295,4.1000000000000005,1.1335136840312483,0.6412222133420027,744.8555040871935,750.0,60.72330169826987,0.08152359936265108,0.0,0.0,-11.718844359380178,135.33151544517236,12.72686671284846,8.899,16.267891342344043,1.2782322396698573,12.43265475,5.571967999999998,3.6270729008807643,15.54356794455224,9542.0,10.467644389644216,100,baseline,0
1669.3387398627574,750.0,5818.308827505254,3.4853973543941112,0.0,0.0,14.12458349857499,345.7806599288015,2.9164067373674363,1.0,11.417896044128772,3.91505611951624,0.0,0.0,9.165124315639494,115.92870587921477,8.511941239423141,6.9089715,6.895192663654096,0.8100611211598762,9.0,4.04566425,1.1141260164773172,0.6346709530350068,744.896147693372,750.0,60.48471499793872,0.08119885595493315,0.0,0.0,-11.76643088981822,136.44909581935636,12.783646929611146,8.7632705,16.28651610624665,1.2740117273202927,12.30813125,5.7642705,3.6968818072087184,16.11097177658192,9618.0,10.451456448195247,101,baseline,0
1656.9529232333502,750.0,5805.208615332843,3.503544689733644,0.0,0.0,14.342757660768955,357.69466014068456,2.8914082358922215,1.0,11.401397643504543,3.9431988544455177,0.0,0.0,9.288900436672078,119.38496827737926,8.552045951747019,6.70333,6.993082689959454,0.8177087365311574,8.899999999999999,4.29567,1.1487217154446427,0.7092307094876684,745.0087522553505,750.0,59.818506963271005,0.08029235466319504,0.0,0.0,-11.901256898213312,139.64011618819438,12.78036203548551,7.999,16.34746200576709,1.2791078969732854,11.7289035,5.000000000000001,3.7153777577256237,16.320242869056493,9835.0,10.481772392865127,102,baseline,0
1651.7662233776623,750.0,5814.940810711646,3.5204381397391664,0.0,0.0,14.43639942931664,362.85911019216735,2.87981201879812,1.0,11.42137069855436,3.9660125813771105,0.0,0.0,9.360652679093832,121.26973958249815,8.646984444538415,6.999,7.14800823247173,0.826647518371163,9.0,4.348573999999999,1.1748409341914194,0.7475402563994229,745.0915918116926,750.0,59.32349537712185,0.07961906432587244,0.0,0.0,-12.0033734528137,142.08117411383847,12.885390788121185,7.999,16.434540462150913,1.2754398164859406,12.437308,5.000000000000001,3.707779809488493,16.378188931587854,10001.0,10.527230477180003,103,baseline,0
1678.4349974266597,750.0,5944.897828614124,3.5419291409728184,0.0,0.0,14.241430040787016,353.8845669821116,2.9421513124035,1.0,11.68879131529491,3.972872253720395,0.0,0.0,9.225290949520588,117.83856102101365,8.710804572393561,6.899,7.023482363693102,0.8062954811260544,9.623043749999999,4.0,1.165962442668525,0.7340638571826594,744.9470861871016,750.0,60.18439047618142,0.08079015488767943,0.0,0.0,-11.826887444219832,137.8754571642045,13.064520497066392,7.999,16.684504449702683,1.277085098794797,12.0,5.000000000000001,3.7523954230028966,16.50073415272847,9715.0,10.520247262873347,104,baseline,0
1678.0612182430364,750.0,5976.984859077286,3.5618395765890525,0.0,0.0,14.263856865467709,355.72324505983596,2.942250790735639,1.0,11.752581960195156,3.994418829693544,0.0,0.0,9.254510719799093,118.63564749655846,8.44988149078669,6.612694,6.9601114595118885,0.8236933816291779,9.0,3.7136940000000003,1.177171715865359,0.7703243798487605,744.991416813639,750.0,59.92169421919232,0.08043273099102273,0.0,0.0,-11.88023166388565,139.14009298621605,12.790421595959595,7.999,16.82593605087782,1.3155106674664279,11.338199999999999,5.0,3.79693014625118,16.81912884689526,9801.0,10.5472331312453,105,baseline,0
1694.232198142415,750.0,6057.915330921218,3.575611027557627,0.0,0.0,14.20636862671316,353.26581603777765,2.9787409700722396,1.0,11.92315271886865,4.002749093882941,0.0,0.0,9.207058963976541,117.44253145295293,8.592625153655002,6.384461,6.969605552870946,0.8111148139525579,9.0,3.7044883181818182,1.1701260334201171,0.7322402282271185,744.9340362560118,750.0,60.2615890278542,0.08089520158150496,0.0,0.0,-11.811334183217836,137.50779820980756,13.013147686584107,7.999,16.967103321982982,1.3038431385417382,11.704779749999998,5.000000000000001,3.8178852463070263,16.97530536886016,9690.0,10.539399757626745,106,baseline,0
1688.3392357875116,750.0,6108.62284368223,3.6181252642825155,0.0,0.0,14.218245186618036,354.4889386583753,2.980221600911256,1.0,12.043220732557673,4.041048735730001,0.0,0.0,9.200826995508827,117.29747969233303,8.506953899289204,6.561005,6.968988388637591,0.8192107858042915,8.883021999999999,3.8808,1.1701970273979314,0.7192385470622487,744.9167182006371,750.0,60.36381312470089,0.08103431115160233,0.0,0.0,-11.79077323132873,137.02251243722193,12.816045037485761,7.999,17.015653534973588,1.3276836563233319,12.0,5.000000000000001,3.9190658621716556,17.785180612590864,9657.0,10.57656070592388,107,baseline,0
1708.400928465921,750.0,6205.899321749716,3.6325778207826063,0.0,0.0,14.103821193855797,349.9965681723944,3.02774847014138,1.0,12.253829225044361,4.047175432796824,0.0,0.0,9.117115649200676,115.2711304443305,8.39709291656809,6.4498695,6.977222507098808,0.8309092892532162,8.899999999999999,3.8061430000000005,1.1903507095159152,0.7588550611887128,744.8207095574155,750.0,60.927154143032055,0.08180110107200961,0.0,0.0,-11.678617030296188,134.39026830212862,12.71661359210804,7.999,17.236075194253345,1.355398201683984,12.0,5.000000000000001,3.971216688765756,18.08066773315629,9478.0,10.541602310276106,108,baseline,0
1690.9786443825442,750.0,6187.702430404354,3.659243391961213,0.0,0.0,14.276658936655064,358.7563653853776,2.994738471061591,1.0,12.227901939901805,4.083128479518678,0.0,0.0,9.226550045795836,118.026654648082,8.493684349167413,6.830595,7.141205997956891,0.8407665866058351,8.421237,3.9315949999999997,1.2320865520508948,0.8644835543565428,744.9355848399063,750.0,60.25255664226167,0.08088290835939932,0.0,0.0,-11.813200291346032,137.55187434931918,12.779714250593212,7.999,17.28942095227633,1.3528800889639443,11.755578,5.000000000000001,3.971153329068169,18.212712172205464,9693.0,10.577215819557626,109,baseline,0
1709.545388223033,750.0,6272.678280688871,3.669208389494083,0.0,0.0,14.210151746374367,355.5297997691884,3.0339760291818654,1.0,12.39979711971773,4.086979264322477,0.0,0.0,9.180019484259564,116.83159815548755,8.323277033869156,6.258487000000001,6.972921028731095,0.8377614971070674,8.439735999999998,3.757723333333334,1.2252544394187719,0.893349347786168,744.8838523852385,750.0,60.55736292168186,0.0812977254477559,0.0,0.0,-11.752045899305916,136.1107512417507,12.65350652965086,7.999,17.47292935168991,1.3808764638280886,11.100000000000001,5.267901,4.031653605137105,18.561635784464556,9595.0,10.572585671191788,110,baseline,0
1706.7511591962905,750.0,6294.255937905184,3.687858012570005,0.0,0.0,14.34352090795775,362.81029608687294,3.028541988665636,1.0,12.444187997907633,4.10896994147025,0.0,0.0,9.249881557655455,118.85391125538762,8.230271603750284,6.309109,6.936548703303082,0.8428092093755822,8.299270499999999,4.088340333333333,1.236949581345837,0.9346294010844454,744.9418345702735,750.0,60.21570278529067,0.08083275766090738,0.0,0.0,-11.820666016226209,137.7283123641552,12.528972581658936,7.999,17.534711443463824,1.399533068587982,11.75219,5.000000000000001,4.085636385897153,19.028416079703813,9705.0,10.600100806181885,111,baseline,0
1721.7131895479054,750.0,6355.496100070018,3.691379109280606,0.0,0.0,14.326343242893145,362.5781131473603,3.0601410203235173,1.0,12.582449436615708,4.111722091580438,0.0,0.0,9.227470878822158,118.30824830786594,8.489894101847534,6.388778875,6.9851754828111865,0.8227635585337987,8.899999999999999,3.6102211250000007,1.2430819090295193,0.9871103745364951,744.9098347603247,750.0,60.404562880239205,0.08108976423928464,0.0,0.0,-11.78266180554464,136.83128255382186,12.89765401099129,7.999,17.66380819705993,1.3695365205181464,11.7059075,5.0,4.075622993849748,18.972461222073694,9644.0,10.561632848905859,112,baseline,0
1784.047197640118,750.0,6590.600223233178,3.6941849027038183,0.0,0.0,13.909740708952201,341.8043500478207,3.191521905386212,1.0,13.03395988781784,4.083932454237871,0.0,0.0,8.968974288923919,111.75721499790447,8.78447540442649,6.999,6.979538524913171,0.7945310566179271,8.787672333333335,4.000000000000001,1.2101277182181938,0.9300912187820578,744.636773667708,750.0,61.991819405097445,0.08325108508911906,0.0,0.0,-11.47217859571336,129.61103415424256,13.524591845405876,8.899,18.136976828684837,1.3410369078787192,12.404216,5.2853629999999985,4.007419756051758,18.15630710880004,9153.0,10.455854007605538,113,baseline,0
1791.5316664830927,750.0,6667.255883597373,3.7215395118779466,0.0,0.0,13.891942856995765,340.78009462877935,3.2154422293204097,1.0,13.19600931558371,4.103948500537269,0.0,0.0,8.942765099792288,111.07073178050483,8.818533417241843,6.999,6.926684238024011,0.7854689561510396,8.2727125,3.9999999999999996,1.163099727544482,0.852472546826712,744.5930535668393,750.0,62.24211612647746,0.08359212569646975,0.0,0.0,-11.424653007712838,128.52284493620778,13.554839056063443,8.899,18.304244280197388,1.3503844792616264,12.269188999999999,5.125640999999999,4.050951280347382,18.407509719773373,9079.0,10.486325680551127,114,baseline,0
1763.9360477510127,750.0,6608.088694967501,3.746217842417075,0.0,0.0,14.139650713338689,353.43007437156325,3.159027925815391,1.0,13.092665855519787,4.144523620233708,0.0,0.0,9.099873820294007,115.02188794514097,8.468914374685719,6.899,6.87956968645794,0.8123319450508958,9.0,4.1000000000000005,1.1419084037432414,0.8091525953533871,744.7676698210264,750.0,61.236314082147274,0.08222203589592288,0.0,0.0,-11.618017907673888,132.97849094146892,13.089850303560011,8.497283,18.271783015955645,1.395874100331485,12.0,5.5982829999999995,4.1184550911725,19.133256387974228,9382.0,10.586665431998949,115,baseline,0
1753.2574174676138,750.0,6586.814609992188,3.756901037102762,0.0,0.0,14.298204610847057,362.19745670173995,3.1357083159214376,1.0,13.066957315093251,4.167146940532154,0.0,0.0,9.19820913310443,117.58032530835591,8.382810932558053,6.8987805,6.95548636975161,0.8297319867655791,9.0,4.219849860465116,1.18178841546703,0.8748310814902882,744.8715236249406,750.0,60.62996984765055,0.08139654682003805,0.0,0.0,-11.737645123755378,135.77246428052325,12.98499961397827,7.999,18.353106324403072,1.4134083072783514,13.0,6.0,4.1267771515290805,19.29826197087542,9572.0,10.623004058573713,116,baseline,0
1752.7004281090112,750.0,6627.861757143883,3.781514314054618,0.0,0.0,14.382482511609917,367.65638674211334,3.141484807350945,1.0,13.165452971146665,4.1908377020764345,0.0,0.0,9.224119578133601,118.52446694785341,8.183192916125869,6.4632194,6.885949470313571,0.8414746592059514,8.029609974358975,4.0258986,1.221103771663414,0.9403778876502686,744.8741955664792,750.0,60.61431914523272,0.08137524363981402,0.0,0.0,-11.740776433230325,135.84598000802265,12.788639347916883,7.999,18.510973919973683,1.4474545271298858,13.321360999999998,5.1,4.166786275408665,19.568886596676748,9577.0,10.650378308776736,117,baseline,0
1767.576788922947,750.0,6724.207193450591,3.80419523247299,0.0,0.0,14.433616806630088,372.09074941440076,3.178205263714195,1.0,13.358336276412224,4.203106837977187,0.0,0.0,9.208256547428318,118.81747828896974,8.260676575074015,6.720549,6.803790425929026,0.8236359775250085,8.207039499999999,3.8519240000000003,1.217641906231651,0.9477028281000215,744.8113432664695,750.0,60.982169739536154,0.08187599489568823,0.0,0.0,-11.667905743098222,134.14016894639343,12.88964382454286,7.999,18.56513790505252,1.4403142676218166,12.43101,5.0,4.231827708121441,20.130324114782468,9461.0,10.613712593777702,118,baseline,0
1769.4515218073423,750.0,6744.954868042155,3.8118901732627095,0.0,0.0,14.497070589861925,375.6022514484922,3.1790607677021234,1.0,13.402163028724853,4.21576182653852,0.0,0.0,9.254202994223794,120.0006047502733,8.202272094398067,5.999,6.71158862105159,0.8182596899748578,8.3949585,3.9999999999999996,1.1859324176461083,0.8792289506917381,744.8656068640195,750.0,60.664780013789915,0.08144392687050821,0.0,0.0,-11.730751624818689,135.61067728103072,12.844468314716035,7.999,18.641192662852603,1.4513012299228614,11.100000000000001,5.0,4.268910377296579,20.46346858633889,9561.0,10.643084040946446,119,baseline,0
1732.4958250497018,750.0,6633.535205300616,3.828889576175639,0.0,0.0,14.916627691693149,398.16533980730895,3.0957256461232605,1.0,13.183642555609353,4.258659862872237,0.0,0.0,9.513066411127834,127.02930604361336,8.121754447526396,5.999,6.876723528706756,0.8467041909646957,8.420479624999999,3.9999999999999996,1.2256230403626984,0.9763417205375489,745.1202799867461,750.0,59.15165228579904,0.07938537424702923,0.0,0.0,-12.03945290202787,142.9485746793524,12.624686030815107,7.6515865000000005,18.52847298853149,1.4676383193456104,12.44636375,5.2839945,4.292721889267,20.97162762924251,10060.0,10.706104516332635,120,baseline,0
1711.5458515283842,750.0,6611.660492360316,3.862975967869166,0.0,0.0,15.075976979963574,406.7182950327219,3.044347404172732,1.0,13.090313441278123,4.299875048207671,0.0,0.0,9.67025432519195,131.46010234067856,7.9389104794135905,5.999,6.66353456264931,0.8393512661376569,8.100000000000001,3.9999999999999996,1.2605914117071935,1.0830294443592434,745.3063529298543,750.0,58.02041239567587,0.07784773625985254,0.0,0.0,-12.280593445437123,148.81312939114915,12.269142669286753,6.999,18.366157498333994,1.4969389462158469,11.490117999999999,5.0,4.450433650707602,22.37414856556021,10305.0,10.779753618879008,121,baseline,0
1392.6653291296454,750.0,4795.055326369179,3.443077978659724,0.0,0.0,13.321542382915565,214.46991712453203,1.8569790770994554,1.0,6.393387850324983,3.4428970843932496,0.0,0.0,13.321621539110819,214.47176933556085,7.811509056357005,5.999,6.643315155652565,0.8504522119508056,8.100000000000001,3.8999999999999995,1.2858959299988122,1.1518277386544344,749.931021305054,750.0,7.056759857800928,0.009409878585260453,0.0,0.0,-102.29369528738074,10462.000095547493,10.586088700582785,6.999,13.638877532626406,1.2883774091063076,10.899999999999999,4.746504000000001,4.855652228067733,32.71457514784233,10467.0,10.828006692562845,122,baseline,0
1252.430711610487,750.0,3762.4368661534877,3.0041077971614185,0.0,0.0,13.73130113002325,219.22374722345901,1.6762172284644195,1.0,5.015167623309359,2.991955659532117,0.0,0.0,13.739356122091273,219.40540479443473,7.874051963143028,5.999,6.6507137954085405,0.8446367672628139,7.7918185,3.5484819431818178,1.3298803328537558,1.3085384567233556,745.4029962546816,750.0,57.42738249899066,0.07704206018427308,0.0,0.0,-12.412301614511014,152.06523136959268,10.341521530805244,6.999,12.526311689876206,1.2112638988917566,10.24686825,4.3203605,4.747965927093912,33.92725867582039,10680.0,10.842884412167894,123,baseline,0
1167.1703771849127,750.0,3130.977929215522,2.682537177448847,0.0,0.0,15.213406279555043,271.0640844372356,1.5685372585096595,1.0,4.173209775353809,2.6605742086859765,0.0,0.0,15.220482256107871,271.2595287640554,7.888025195940869,5.999,6.591118473965058,0.835585372794804,7.42284675,3.8999999999999995,1.3489257199556648,1.410792183932247,745.4833486660533,750.0,56.92646242159293,0.07636181616055614,0.0,0.0,-12.524345743670688,154.85923630700213,10.108192942502301,6.899,11.595251951430148,1.147114228763398,10.0,4.1000000000000005,4.603275052882953,34.311846925436754,10870.0,10.859224266080123,124,baseline,0
1155.7145243619489,750.0,3003.246069019165,2.5986054563753176,0.0,0.0,15.400253616520141,278.11283497385784,1.5595359628770302,1.0,4.004609382248303,2.56782111959804,0.0,0.0,15.383818468740078,277.74834036690413,8.205402842726778,5.999,6.611456807278458,0.8057443289501398,8.0,3.1673264999999997,1.3627488982047338,1.4943384095730963,745.4435266821346,750.0,57.17527688085489,0.07669967587663426,0.0,0.0,-12.468449516210022,153.46223333827797,10.405156946542922,6.999,11.426499983526053,1.0981573889015166,9.6662125,3.9999999999999996,4.588342701250679,34.52547067563142,10775.0,10.833382918392225,125,baseline,0
1133.6746584637656,750.0,2878.154837908075,2.538783782825526,0.0,0.0,16.46223885961345,318.581434409228,1.5356916674206098,1.0,3.8414375574338457,2.5014380418473134,0.0,0.0,16.39573721243006,316.86786363805976,8.188026214040555,6.899,6.647230207029064,0.8118232689131618,7.9021144,3.9,1.3525713399619368,1.5593319878675285,745.5581290147471,750.0,56.456183306197225,0.07572338240185766,0.0,0.0,-12.63132249237995,157.55030790650355,10.280036524925357,6.999,11.08460609329608,1.0782652441379885,9.0,4.000000000000001,4.464434903308282,34.07568059566157,11053.0,10.856968398018205,126,baseline,0
1111.4450564839883,750.0,2678.2586028293676,2.4097085026424345,0.0,0.0,17.562226431326852,367.71322570187436,1.5130239940248342,1.0,3.581270758777358,2.3669623039160976,0.0,0.0,17.39325945595822,362.88778580349066,8.406426802835659,6.999,6.46259297859402,0.7687681258836461,7.1422558333333335,3.8999999999999995,1.3096512613843827,1.5508679523824753,745.416300998973,750.0,57.34475025849764,0.07692983126562541,0.0,0.0,-12.43065143338583,152.5210950583372,10.36165198431519,7.999,10.451900329518603,1.008709841378578,8.6527595,4.1,4.561403707653716,36.780461094089944,10711.0,10.83283052878122,127,baseline,0
1132.2318173095375,750.0,2737.860153041021,2.418109181516249,0.0,0.0,17.410919581944686,361.2415552132688,1.5479754365764729,1.0,3.668099268489834,2.3696107714746826,0.0,0.0,17.14434210372089,353.597247504533,8.526370073205165,6.999,6.4613431992649,0.7578070320417143,7.1000000000000005,3.7325598999999996,1.2251255604715412,1.4163535732272496,745.289195931683,750.0,58.12924274713045,0.07799555268537513,0.0,0.0,-12.258518401197351,148.271273392494,10.534452017559008,7.999,10.454718057769725,0.9924311241195668,8.9561155,4.000000000000001,4.553806260677171,36.842247438956896,10422.0,10.769029888813007,128,baseline,0
1128.5472782159898,750.0,2582.805704211246,2.2886109904887206,0.0,0.0,17.600511382242825,372.98805396210656,1.5501022494887526,1.0,3.472825833651496,2.240385003503406,0.0,0.0,17.153733419670342,359.71003209852074,8.547027871809972,7.091944,6.5007336765032,0.7605841204688344,8.002549333333333,3.97296,1.1320054893323146,1.1831948463601716,745.2190086668614,750.0,58.55781642444076,0.07857799619094005,0.0,0.0,-12.16640340838199,146.0213718954889,10.54728966978284,8.482329,10.233793372477528,0.9702770752373044,9.415198,4.5166710000000005,4.401168131696791,36.08131763163685,10269.0,10.723697993506837,129,baseline,0
1128.5712572456525,750.0,2486.7192307033674,2.203422437651264,0.0,0.0,18.25634241543681,407.0972662410611,1.5579652208674795,1.0,3.359407186871125,2.156278678031463,0.0,0.0,17.561433964112265,385.1483446636125,8.561055961212714,7.899,6.489939858560264,0.7580770278764692,9.0,4.1266614,1.0671370349139566,0.9653995539925915,745.0933439936039,750.0,59.317201244267466,0.07961042964943821,0.0,0.0,-12.006410839487053,142.15390124655224,10.575016318009194,8.5746795,10.045081076624854,0.9498879977630046,9.7279325,4.6756795,4.245825451274598,34.67585220095726,10006.0,10.666047897235535,130,baseline,0
1144.725361640129,750.0,2510.3669855100356,2.1929862564705087,0.0,0.0,18.27330298507577,408.5736981476987,1.5886148402539286,1.0,3.407196940921766,2.144759607292319,0.0,0.0,17.355479571285056,379.2689642817248,8.594399656543223,7.899,6.286111467670846,0.7314194962861664,8.682818000000001,4.117595,0.9655225467653785,0.6294640231251676,744.8906233739203,750.0,60.521601057163274,0.08124897690755684,0.0,0.0,-11.760780189465844,136.3159506649321,10.65528425257571,8.999,9.767621492337655,0.9166927189179886,9.714278,5.0,4.326406672275042,36.56826045244469,9609.0,10.60699943194987,131,baseline,0
1146.5771176407277,750.0,2388.9983487819213,2.0835915107896805,0.0,0.0,17.38465613700038,364.98131250921176,1.6003659455386934,1.0,3.2692004843189917,2.042783085601436,0.0,0.0,16.16094146323125,327.6672076831519,8.718239076142202,7.899,6.366634676862681,0.7302661261360935,8.100000000000001,4.1000000000000005,0.9381574823669568,0.4731093399069475,744.7157464212679,750.0,61.541106164581066,0.0826370416636373,0.0,0.0,-11.560264954288197,131.6397258133439,10.840384222903886,8.999,9.724323085610813,0.8970459797047575,9.565213,4.899999999999999,4.173330511193388,34.795140727102755,9291.0,10.546304131964376,132,baseline,0
1167.3000112828613,750.0,2411.17736609935,2.0656021098204813,0.0,0.0,17.13151975925485,358.7683687966273,1.6389484373237053,1.0,3.323008031303407,2.027524451427929,0.0,0.0,15.639804528005374,313.0401615025611,9.1129847252178,7.899,6.6283565007430685,0.7273529694832942,9.100000000000001,4.427449999999999,0.9282930592533934,0.42183560056262737,744.460566399639,750.0,62.998299459968536,0.08462274874361846,0.0,0.0,-11.284767031704149,125.34596695983674,11.347098071646167,9.899,9.790187352690499,0.8627921686121638,9.899999999999999,4.8999999999999995,3.9645987279399293,32.57833397844365,8863.0,10.410231252601509,133,baseline,0
1197.257008244994,750.0,2495.5410774820434,2.0843821003312786,0.0,0.0,16.56657133305979,335.7881899070527,1.690341578327444,1.0,3.459489739695785,2.0466216911725468,0.0,0.0,14.90670847481432,286.16273018046815,9.113030823420676,7.427045416666667,6.856040152985003,0.7523336951044695,9.100000000000001,4.528045416666667,0.9613666081904757,0.4234809606025376,744.2171967020024,750.0,64.35637627439077,0.08647526093133291,0.0,0.0,-11.039067681110362,119.86101526813536,11.548217961484099,9.796402,10.15114467860535,0.879022608722982,10.0,4.947037999999999,3.822813401667564,30.32058754720154,8490.0,10.287241798142826,134,baseline,0
1183.6206934998327,750.0,2459.968809840807,2.0783421778196165,0.0,0.0,16.826175395977636,346.076538850296,1.674545657263909,1.0,3.4327230848384627,2.0499429621090735,0.0,0.0,14.910737419096826,287.4910218852433,8.354061930162013,6.999,6.964419999132704,0.8336567357716058,10.3038188,5.0,1.0288690530470739,0.46674128356378697,744.5260341175159,750.0,62.62778189167271,0.08411765206559257,0.0,0.0,-11.353620498087235,126.90469841458668,10.700584944252425,7.999,10.262862886938239,0.9590936327691788,11.177634000000001,5.675547999999999,3.6575162671891936,28.63699614716833,8969.0,10.383296073714579,135,baseline,0
1181.0286526684165,750.0,2411.1946362710282,2.04160553668463,0.0,0.0,17.326013187153876,371.68710624275457,1.676509186351706,1.0,3.3952438649652286,2.025186555854015,0.0,0.0,15.031851887977714,298.1239716483003,8.318553642784462,6.899,7.071476850222212,0.8500849010399821,10.0,4.9,1.1125397506932053,0.6460905768971399,744.6307961504812,750.0,62.03012840043856,0.08330320035259862,0.0,0.0,-11.466389166718752,129.47808052264534,10.616116996062994,8.297991,10.087427890176484,0.9501993896560695,12.0,5.9070205,3.517944214523461,27.93288594150412,9144.0,10.387944960783132,136,baseline,0
1144.7445606694562,750.0,2001.5796262009449,1.7484945506361738,0.0,0.0,16.62131294184394,359.0158980844518,1.6306485355648535,1.0,2.909456878586723,1.7842329693558967,0.0,0.0,13.517386492486732,255.53924379221309,8.098001499328625,5.999,7.019263387703291,0.866789588552834,8.69013725,3.9999999999999996,1.2023475913982817,0.8770238967705937,744.8644351464435,750.0,60.67539697358969,0.08145830853323081,0.0,0.0,-11.730106530702766,135.59539922163566,10.333463205020921,8.479449500000001,9.793824900299885,0.947777594595892,12.0,5.519550499999999,3.1591454492712443,23.768742785867264,9560.0,10.459193825620083,137,baseline,0
1165.6686494822648,750.0,2053.4682065183033,1.761622573816631,0.0,0.0,16.296217475629287,349.4304443757704,1.6714033928178014,1.0,3.0201788187163814,1.8069718128456673,0.0,0.0,12.948339312247944,238.03946365818572,8.20716734580098,5.899,6.756811982622115,0.8232818581528122,8.24468725,3.9,1.199342074685988,0.88531021136501,744.5917602996254,750.0,62.253514013376815,0.08360757845121179,0.0,0.0,-11.423989984668724,128.50754716981135,10.551131639237717,8.698892,9.645489774910562,0.9141663761487687,11.19371525,5.564036999999999,3.3410128834129464,25.876329049843868,9078.0,10.37840567630524,138,baseline,0
1157.9076564651064,750.0,2010.0344814171492,1.735919501174593,0.0,0.0,16.412682654680122,361.2546205068156,1.6635603092237636,1.0,2.995392188381316,1.8005912811054026,0.0,0.0,12.748382198688054,234.8951780329233,8.061130746485066,5.470354333333333,6.733122638539481,0.8352578379249532,8.24293475,3.571354333333333,1.254508712843743,1.070021063568328,744.8008048289738,750.0,61.047418316047285,0.0819647587922054,0.0,0.0,-11.656538954258965,133.87490039215666,10.416990350206502,7.999,9.649759091004023,0.9263480877480826,11.0,5.0,3.2305294796929247,24.417238047717856,9443.0,10.460535644746088,139,baseline,0
1129.0011092064133,750.0,1879.6621848917614,1.6648895820952698,0.0,0.0,17.300767598994778,417.3034816577934,1.6259957648482404,1.0,2.8676534572529224,1.763629106082309,0.0,0.0,12.887700567512596,249.56176312165445,7.882938980613601,5.899,6.660951477339098,0.8449832598882574,8.639527999999999,3.9,1.300718203960435,1.2511025330636611,745.0493092669154,750.0,59.5809480501312,0.07996913400101711,0.0,0.0,-11.951783948363383,140.8451395483567,10.084672442270847,6.899,9.31595875095286,0.9237740545646428,10.5186,4.9,2.9527387376120307,20.990372841293826,9917.0,10.566939050874634,140,baseline,0
1126.3424248457097,750.0,1892.4008718374364,1.6801292662812235,0.0,0.0,17.47081524305686,425.0937323044434,1.627513438184352,1.0,2.9197262614730994,1.7939798179057345,0.0,0.0,12.780484519978055,244.6228378636824,7.81948258355959,5.999,6.4824669310614915,0.829014818025279,8.0,3.6800254,1.3165949485379975,1.3366496963355354,745.1128807485567,750.0,59.199798690234395,0.07945077882798239,0.0,0.0,-12.030881476875734,142.74210911063167,10.006311014732232,6.999,9.143342574029056,0.9137575836456979,10.49278825,4.762934500000001,2.979656163873154,21.36534540677324,10046.0,10.581016680511155,141,baseline,0
1126.031705646345,750.0,1912.9698224518459,1.6988596438799175,0.0,0.0,17.37999971191581,420.9676120305765,1.6314707897054506,1.0,2.97949608275238,1.826263823755193,0.0,0.0,12.5566634363134,234.9919323468272,7.783054668914613,6.103908333333333,6.3338543091068145,0.8138005678418423,7.795066,3.226931333333333,1.2982686938694263,1.3456989642059787,745.1956160093943,750.0,58.69994153053434,0.07877118473251236,0.0,0.0,-12.136148920152152,145.28611061211024,9.977945841080341,7.659559,9.091412696102417,0.9111507359232232,10.3766915,4.760559,3.0769521452026996,22.641675222693983,10219.0,10.6270289385352,142,baseline,0
1138.3961238010481,750.0,1963.6499996647651,1.7249268146734682,0.0,0.0,17.161641592208845,411.3937076219252,1.6558884603975081,1.0,3.0843075101847286,1.8626299922667002,0.0,0.0,12.260741974504533,223.4851840378331,8.015885250189921,6.899,6.270164752004006,0.7822173791541547,7.321192,3.6194700000000006,1.2783191128485432,1.315997600744562,745.1452585780678,750.0,59.004701442861325,0.07918550210660635,0.0,0.0,-12.071758685973514,143.72735777237716,10.269438321665183,7.999,8.947049680265991,0.8712306749426226,10.899999999999999,5.0,3.039311112267565,23.372780690932768,10113.0,10.58435183594666,143,baseline,0
1119.8834260695064,750.0,1933.9650201991908,1.726934228312401,0.0,0.0,17.520393981261137,431.39663237776057,1.626562072425431,1.0,3.0606259025413274,1.8816533069515797,0.0,0.0,12.433998432392393,229.4443949403576,7.7680225269066,5.999,6.335663828381256,0.8156083232812481,7.0,3.7703870000000004,1.2601280996339035,1.3138750046199412,745.5216637781629,750.0,56.68600582904531,0.07603535696303089,0.0,0.0,-12.578824652185498,156.22682963042953,9.904808636778254,7.999,8.993241254775931,0.9079671889250321,10.654203500000001,5.0,2.9588194546503943,22.51968717376332,10963.0,10.692144127680047,144,baseline,0
1100.1218836565097,750.0,1732.3505780874543,1.5746896810466002,0.0,0.0,17.146451348248117,460.1856435582284,1.603431328746314,1.0,2.8760164580945053,1.7936636303240978,0.0,0.0,11.589729715821061,211.4936153400966,7.952171526272535,6.362748,6.424217543442121,0.8078570139260288,7.999999999999999,4.069134999999999,1.256357708959261,1.3186637901352487,745.6129032258065,750.0,56.10915480437753,0.07525239244335483,0.0,0.0,-12.711398147739848,159.57964287036404,10.054533329103744,7.999,8.802887805589233,0.87551430956109,10.861502,5.0,2.467185344085366,16.211172596747545,11191.0,10.715026960114429,145,baseline,0
1106.9786926688334,750.0,1772.3970547022207,1.6011121681385925,0.0,0.0,16.857185947485977,444.4720623446624,1.6199891657638137,1.0,2.971599260790367,1.8343327990031826,0.0,0.0,11.319148353034041,199.2195953521379,8.225265307733732,6.899,6.443083454367218,0.7833283442309352,8.0,3.97102425,1.232660715696223,1.2370425593587013,745.5673528349585,750.0,56.397897941946695,0.0756442697329736,0.0,0.0,-12.644703644876682,157.88853026675775,10.387511282412424,7.999,8.819262698579864,0.8490255710732335,11.373144,5.0,2.463316202835263,16.531673009947806,11076.0,10.70472360590132,146,baseline,0
1113.4583668723728,750.0,1812.2649472318303,1.6276000981719294,0.0,0.0,16.75784779448127,441.3526109631472,1.633217064663268,1.0,3.056672222348284,1.87156520004798,0.0,0.0,11.223998687194243,195.05539478717645,8.327175855088205,6.999,6.585209968171568,0.7908095232728592,8.638382,3.9999999999999996,1.2245071021867036,1.2041247878555579,745.6089795188266,750.0,56.13408702865954,0.07528622719228151,0.0,0.0,-12.705612521559607,159.43258954801217,10.560850531526697,7.999,9.033650636385149,0.8553904450609838,10.50994,5.0,2.3787337134056856,15.4253988158756,11181.0,10.6977796543386,147,baseline,0
1116.397377978563,750.0,1834.3038266873168,1.6430563729992376,0.0,0.0,16.828276754745563,444.8807878653644,1.6415980157675614,1.0,3.1229550747008856,1.9023872133767699,0.0,0.0,11.1857977254554,191.91317187947817,8.22755119825187,6.899,6.46305926024924,0.7855386255903778,8.899999999999999,3.999999999999999,1.1771007825403368,1.0434883107675086,745.650987687129,750.0,55.866564077230606,0.0749232080420336,0.0,0.0,-12.767958566203946,161.02076594830066,10.469847727876694,7.999,8.938877933109309,0.8537734421207415,10.268236,5.0,2.202990157430538,12.938055758769407,11289.0,10.702833923471985,148,baseline,0
1124.5023280802293,750.0,1883.5154628356513,1.674976934953281,0.0,0.0,16.603495703947384,433.3283792358122,1.6600107449856734,1.0,3.229908982350509,1.9457157082307828,0.0,0.0,10.997681751352394,183.88722308560895,8.475189011792141,6.6283425000000005,6.522436200303802,0.7695918275366681,8.221331999999999,3.7293425000000004,1.1492983924371243,0.9456616831400435,745.6038681948424,750.0,56.16654866088411,0.07533028067151414,0.0,0.0,-12.698087267134898,159.24142024377335,10.766621197797278,8.8897455,9.023214573387472,0.8380730042990194,11.0,5.1092545000000005,2.213420014084513,13.062182705997653,11168.0,10.692284366701506,149,baseline,0
1140.4786356474187,750.0,1959.3644962231347,1.7180194656700927,0.0,0.0,16.094618502255667,406.9436262461334,1.6931133561961256,1.0,3.3805627486251884,1.9966547049278567,0.0,0.0,10.652398582756346,170.7060057722422,8.633469038754262,6.999,6.555912128293608,0.7593601249816461,7.9199364999999995,3.9999999999999996,1.1465149772282277,0.8574836826031347,745.4494392436741,750.0,57.1384044480617,0.07664960417172462,0.0,0.0,-12.476702585130234,153.66810739779544,11.01738513912318,8.420109,9.147771362003265,0.8303033112202967,11.444861,5.4211089999999995,2.2490456395707534,13.28964911871379,10789.0,10.640339273592335,150,baseline,0
1151.93143072431,750.0,2009.1313110972565,1.7441414111202411,0.0,0.0,15.985157177081254,401.5257585264078,1.7174343034755581,1.0,3.493913529546418,2.034379727059028,0.0,0.0,10.516535129215224,165.16386668282794,8.965215310493845,7.269944,6.676803824641045,0.7447455073193614,8.0,3.729056000000001,1.117407527433952,0.7932008940442765,745.375718187812,750.0,57.59641903904447,0.07727165996106668,0.0,0.0,-12.374926224014928,151.13879904981232,11.393617046434962,8.290556,9.17750009196589,0.8054948709055927,11.586973999999998,4.716557,2.20596153911471,13.350088112740583,10617.0,10.586381778350857,151,baseline,0
1164.069742384171,750.0,2081.8596117591824,1.7884320294205525,0.0,0.0,15.731261739937871,388.2571668076249,1.747379762954256,1.0,3.6492765524578754,2.0884278448367315,0.0,0.0,10.279145462666946,156.49527353748647,8.995266904611213,7.899,6.690126704318822,0.7437385433098472,8.216023499999999,4.1000000000000005,1.028432602785293,0.5464726992372895,745.1909099813889,750.0,58.72849092757329,0.07880999370891417,0.0,0.0,-12.130088968935365,145.1390583942877,11.475454671956117,8.999,9.271763029970533,0.8079647643617122,11.793105,5.0,2.244782584221702,13.962382730915735,10209.0,10.560322655393577,152,baseline,0
1171.4008308376003,750.0,2119.085808251602,1.8090185293247294,0.0,0.0,15.6729810233194,386.5435810013203,1.7608926673751328,1.0,3.729673398661777,2.1180583392521015,0.0,0.0,10.252660458406732,154.93006228566762,8.955100711074639,7.899,6.952036775261865,0.7763214507084644,9.3435405,4.653802499999999,1.0374784555618466,0.5322264452027063,745.2568833929089,750.0,58.32694947596105,0.07826422107021364,0.0,0.0,-12.215858590024055,147.22720109146454,11.472640707854312,8.999,9.580331681432224,0.8350589829657448,12.5854615,5.5661130000000005,2.1291429283203676,12.560979589854659,10351.0,10.544454984168402,153,baseline,0
1198.7793360912117,750.0,2207.201361385762,1.8412073806532667,0.0,0.0,15.260911082883641,367.7206491866015,1.8129351225910604,1.0,3.906525379740562,2.154807048008054,0.0,0.0,9.961931216142947,145.61024561967596,8.9530330052412,7.622344,7.1356431994332326,0.7970084769324486,9.76857025,4.6233439999999995,1.004930840379839,0.379432746709651,745.0463121783877,750.0,59.59885556090925,0.07999349112493748,0.0,0.0,-11.948092252023638,140.75690846286713,11.636723871960447,9.355596,9.922721400831476,0.8527074724820971,13.672166999999998,6.356596,2.0641253539659554,11.768549829580502,9911.0,10.444074070520536,154,baseline,0
1177.4603053435114,750.0,2190.426118994996,1.8602972083682794,0.0,0.0,15.701576452688416,388.0355094887248,1.7791984732824428,1.0,3.8990734031762533,2.191477489289238,0.0,0.0,10.221668967715878,152.04445142407675,8.490407853356128,6.899,7.267129413471474,0.855922299492231,9.860395583333334,4.9,1.0866603784992939,0.5004400932663602,745.3152671755726,750.0,57.96921922538177,0.07777811857398335,0.0,0.0,-12.293257419605217,149.1241779846785,11.063017226145037,8.433965,10.097121230292101,0.9126914497095556,13.4488165,6.434965,2.020495484309751,10.867197683246022,10480.0,10.561361647515435,155,baseline,0
1179.5541170871013,750.0,2230.5597172485095,1.891019398717252,0.0,0.0,15.773624645865103,389.05313957972055,1.7878153260352214,1.0,3.991376238846903,2.232543921467798,0.0,0.0,10.227601239609855,150.77582990752472,8.525609149765312,6.578133,7.217353416563683,0.8465498816307288,9.383046,4.579133000000001,1.1232316635711084,0.5803058865214488,745.3264159923846,750.0,57.90064996200041,0.0776849561744126,0.0,0.0,-12.308200900205351,149.49180939981605,11.062641850642553,8.610942,10.031867601049678,0.9068238614691295,13.0,5.864073000000001,2.018817606078379,10.44345620250797,10505.0,10.58392897244833,156,baseline,0
1166.0055207949945,750.0,2243.725651048345,1.9242839000612533,0.0,0.0,16.013734050790227,398.78810726226976,1.7686786897313214,1.0,4.029501739436923,2.2782553794714637,0.0,0.0,10.374841590625872,153.82735710120267,8.299842127632493,5.999,7.240449824639272,0.8723599453215853,9.100000000000001,4.000000000000001,1.1946012205486716,0.7577557573053211,745.4825174825174,750.0,56.931667192579354,0.0763688830488429,0.0,0.0,-12.52317155149051,154.82982570806115,10.748625371089437,7.56853,10.045298525062968,0.9345658796595324,12.899999999999999,5.56953,2.0521299747767685,10.576549807011844,10868.0,10.680235400697395,157,baseline,0
1160.4369732502748,750.0,2236.8001144247514,1.927549850604712,0.0,0.0,16.30364630234561,419.37780971276726,1.766397947966288,1.0,4.073440806533756,2.3060719761499056,0.0,0.0,10.42980436017752,155.7742062048996,7.995499347319142,5.666252999999999,7.02119749488184,0.8781437143429971,8.976734624999999,3.667252999999999,1.2512508140245822,0.9354521853311137,745.5023818248443,750.0,56.8071452654765,0.07619981726473321,0.0,0.0,-12.551321850756755,155.5356802012841,10.37706774725174,6.999,9.903652356092573,0.9543786932214502,12.0,5.0,2.115643762442116,10.594092621212017,10916.0,10.705464596783248,158,baseline,0
1125.7216005425569,750.0,2142.3969158579525,1.9031321019561098,0.0,0.0,17.131578616569332,475.6181261116466,1.709393014581214,1.0,3.9655369310354347,2.319850904507736,0.0,0.0,10.843428504254428,169.57895437166192,7.38265585416721,4.999,6.887679971103166,0.9329542250320866,8.636928750000001,3.4696664999999998,1.3713288897656322,1.2936029195718382,745.8379111563241,750.0,54.659904515021736,0.0732865729904755,0.0,0.0,-13.056660611555118,168.47638632533497,9.551401993472362,5.999,9.718285682511985,1.0174721668246896,12.37067175,4.588661,2.0944376038423593,9.156808453315378,11796.0,10.836338294941898,159,baseline,0
1118.6267914837213,750.0,2169.0248915909083,1.9390067430031448,0.0,0.0,17.325073373211342,486.227612660292,1.7006875983762737,1.0,4.0229396096287635,2.3654783003472555,0.0,0.0,10.960392654830962,172.8254820561875,7.277744082728685,4.999,6.684648583419989,0.9185055846197984,7.899999999999999,2.9999999999999996,1.4189206746611054,1.4471127728703008,745.9327313395742,750.0,54.03725842852648,0.07244253557755044,0.0,0.0,-13.210615849865096,172.52037113270688,9.377529544942423,5.999,9.583430842735686,1.0219568807335095,11.322307,3.9999999999999996,2.252752129501256,10.353368563416216,12071.0,10.902543151303847,160,baseline,0
1114.2184105202973,750.0,2200.8887253949742,1.9752758567032145,0.0,0.0,18.050587653625556,532.9359158929886,1.6972964142775464,1.0,4.0929750431708785,2.411467442422573,0.0,0.0,11.249672003669124,184.93013130993015,7.304117405418431,4.999,6.57168164298458,0.8997228930232548,7.0,2.9999999999999996,1.488450100008296,1.6898586410383922,745.9898717634567,750.0,53.658470517810734,0.07192922122517115,0.0,0.0,-13.306002512500301,175.0497028626644,9.344226017397697,5.899,9.403115938703273,1.006302279203856,10.0,3.9,2.2377019153464315,9.608890781242637,12243.0,10.925221580414838,161,baseline,0
1128.55700270636,750.0,2269.2527537013157,2.010755990401447,0.0,0.0,17.912001825371057,524.996003055408,1.729533152909337,1.0,4.246018661945364,2.455008540774669,0.0,0.0,11.084386231735303,179.0005664405574,7.802307030189587,5.424662,6.578871390622842,0.8431956554858856,7.0,2.8488583529411766,1.4909013760022165,1.7097721321787036,745.8477672530447,750.0,54.5955218540575,0.0731992830857866,0.0,0.0,-13.072418950658829,168.88813722154396,9.954736697733424,5.999,9.42773044062664,0.9470597492320638,9.825321249999998,3.0999999999999996,2.1690064427449096,8.737670378874206,11824.0,10.896330898566717,162,baseline,0
1125.9011800662195,750.0,2219.110890076175,1.9709641746229087,0.0,0.0,17.266554977858128,518.4424675353266,1.7324900246200865,1.0,4.258181062027114,2.457838718558209,0.0,0.0,10.748402900563265,169.22543292560368,7.872211962291271,5.899,6.523085362091904,0.8286216622898588,6.2154065,2.9,1.4889268956360882,1.7919582721060427,745.8319042363528,750.0,54.69910528572038,0.0733397230328006,0.0,0.0,-13.047083763891342,168.2263947419971,10.029811019016893,6.899,9.36657004631047,0.9338730339535916,9.518106,3.9,2.099888619406511,7.54222358434199,11779.0,10.908389218488658,163,baseline,0
1131.8200739657693,750.0,2282.6687992258558,2.0168124348843213,0.0,0.0,17.235288921854245,518.1977534055649,1.7491184312376364,1.0,4.386947285049447,2.5080904795825307,0.0,0.0,10.699044081657693,168.0251116623312,8.03790087682132,5.999,6.50256274270652,0.8089876750605106,6.6046249999999995,3.000000000000001,1.4700421616460364,1.8017293680130217,745.7774146383418,750.0,55.053395935044165,0.07382014372444065,0.0,0.0,-12.961141036941397,165.99117697948634,10.220643927324332,6.899,9.369489165256528,0.9167220022417288,9.6833995,3.9,2.1255662886452797,7.866071296368498,11627.0,10.89066519779317,164,baseline,0
1129.9711909457258,750.0,2317.6709175146457,2.0510885021545358,0.0,0.0,17.288044087452818,523.2109860804977,1.7516076481179799,1.0,4.472034411058841,2.55310281150224,0.0,0.0,10.711796118738427,168.17762765406232,8.031473603626628,6.899,6.325218291838706,0.7875538916024751,6.726750666666668,3.12787,1.4139381859398403,1.7460889971253737,745.7904484266484,750.0,54.96886310913812,0.07370550698940004,0.0,0.0,-12.981547306818324,166.5205704791619,10.17561008076824,6.999,9.279099000591502,0.9118960855358312,8.7275665,3.9999999999999996,2.250596786232213,8.946237692968515,11663.0,10.916377057941187,165,baseline,0
1138.8406486867618,750.0,2382.9922636244523,2.0924720823517906,0.0,0.0,17.153626186084857,516.7721133274467,1.7761325577295963,1.0,4.620856624441864,2.601639502824404,0.0,0.0,10.580340647024393,163.86958478001637,8.294296652428951,6.999,6.247916433383531,0.7532786317154275,6.0,3.000000000000001,1.3361068948706154,1.5525424255069638,745.6728362418473,750.0,55.726904518341456,0.07473371941400224,0.0,0.0,-12.80074101817212,161.85897061431422,10.466087437863566,7.999,9.272607866813443,0.8859669787649178,9.550808,3.9999999999999996,2.3365486734814707,9.756823693827771,11346.0,10.901055609908745,166,baseline,0
1142.9303522313903,750.0,2357.4612263236904,2.0626464436097276,0.0,0.0,17.10663148402441,540.8036352438371,1.7891935054564811,1.0,4.663450516363033,2.606453970540898,0.0,0.0,10.495052232398733,163.29487490816646,8.490042664905998,7.899,6.256788099404156,0.7369560255882921,7.1000000000000005,3.6843200000000005,1.22285086389542,1.300758607874637,745.6440422322776,750.0,55.910885704140334,0.0749833466606354,0.0,0.0,-12.75758871428028,160.7560698027315,10.698030556472363,8.320547,9.299630412965437,0.8692843382597288,9.0,4.321546999999999,2.2376026430361984,8.528983228794567,11271.0,10.886019485701485,167,baseline,0
1146.719206588152,750.0,2395.756045091544,2.089226404622337,0.0,0.0,17.14759580427527,545.3574675861995,1.7996103781103339,1.0,4.753533300101922,2.6414235869729374,0.0,0.0,10.50589362021508,163.53801362454897,8.631839881509931,7.999,6.470436594350431,0.7496010912123854,7.201935000000001,3.9999999999999996,1.134625206104411,1.0428510726808824,745.6525281147614,750.0,55.85672913221252,0.07490986354386203,0.0,0.0,-12.770261834364383,161.07958731822362,10.862170532188081,8.999,9.521298809804314,0.876555821103127,10.0,5.0,2.174949001332917,8.196020082158615,11293.0,10.881580738039442,168,baseline,0
1150.560353982301,750.0,2432.0517232913608,2.113797607290728,0.0,0.0,17.257950332189765,552.8388242004661,1.8104424778761061,1.0,4.843515579312736,2.675321441305793,0.0,0.0,10.53248757975008,164.1036407325965,8.898702215137785,7.999,6.593947589997195,0.7410010393178548,7.480455,3.9999999999999996,1.0989760301438707,0.9270484666232535,745.655221238938,750.0,55.83953046905168,0.07488652781948192,0.0,0.0,-12.77429155449684,161.18252471928935,11.1475445119469,8.999,9.613735784211109,0.8624083782673396,10.0,5.0,2.1474940339162947,8.11865745347245,11300.0,10.87079816237459,169,baseline,0
1160.5127646043427,750.0,2499.020153759438,2.1533758438335115,0.0,0.0,17.150597628498673,547.0264887658591,1.8371036613064413,1.0,4.997163971425294,2.7201317359912074,0.0,0.0,10.418001631326819,160.3949336281905,8.985985140876297,7.999,6.734282306250098,0.7494205922527691,8.100000000000001,4.000000000000001,1.0785574511107476,0.8030262208573489,745.5395657308985,750.0,56.57329819289569,0.07588235526766898,0.0,0.0,-12.60451757701027,156.8738633491608,11.303324201962386,9.475253,9.83503568546691,0.8701011764096296,10.470350999999999,5.423746999999999,2.135287653123214,7.9774074440698595,11007.0,10.856894719623659,170,baseline,0
1180.6905695611579,750.0,2584.4497129237957,2.1889305966798656,0.0,0.0,16.864542871194715,529.3049056399982,1.8782446311858076,1.0,5.1700064293807335,2.7525735165374656,0.0,0.0,10.256494541585475,155.27690977037295,9.164422505224772,7.899,6.746398956818943,0.7361510180235276,9.0,4.122810833333333,1.0276514938803354,0.6547881686212365,745.415873015873,750.0,57.34741024957519,0.0769334439009914,0.0,0.0,-12.430059926499055,152.5063897763578,11.551664407563026,8.999,9.914556006622647,0.8582794354838994,10.5716235,5.0,2.1486836185618494,8.128396661392777,10710.0,10.826656824315702,171,baseline,0
1200.9138064018512,750.0,2670.8852682894294,2.2240441021257564,0.0,0.0,16.641844978258863,515.3248262308772,1.9215194755109912,1.0,5.3528425113681815,2.785734196081825,0.0,0.0,10.098933540654464,150.33917912986104,9.525369381859054,7.999,6.900755019495278,0.7244606211951925,9.31840175,4.8999999999999995,0.9832294158335937,0.5223773624497037,745.266486694948,750.0,58.26826287129629,0.07818446678006416,0.0,0.0,-12.228491777140288,147.53601114358779,12.022502852005399,9.899,10.119911292760857,0.8417474645117524,10.0,4.9710990000000015,2.122206186644443,7.953239834470951,10372.0,10.770815404508438,172,baseline,0
1221.9259185303515,750.0,2771.8104054615706,2.2683948048137923,0.0,0.0,16.49170629803608,505.736288503272,1.9675519169329074,1.0,5.55552547074447,2.8235724927678802,0.0,0.0,9.960057701866456,146.5949144095632,9.390462712353706,7.999,7.07612017879169,0.753543291267494,10.0,5.0,0.9351368017237934,0.3457367194955445,745.0982428115016,750.0,59.287785137925766,0.07957042673220298,0.0,0.0,-12.012533171312862,142.3009531918919,11.98863516783147,9.519559000000001,10.457186865718215,0.8722583279352335,10.821175749999998,5.520559,2.096905520821417,7.727226325621986,10016.0,10.727584647830959,173,baseline,0
1219.8105263157895,750.0,2795.0972279782077,2.2914191734516987,0.0,0.0,16.791857250443993,522.5307145626781,1.9695134061569017,1.0,5.630633695321759,2.8588958459078357,0.0,0.0,10.051176044534747,148.9111721688219,9.139463392372884,7.273876333333334,7.102232881875296,0.7770951725461576,10.899999999999999,4.906443,0.9245088297964542,0.2380698024021748,745.1245283018868,750.0,59.129690864730826,0.0793554481416487,0.0,0.0,-12.045540001776166,143.09503393438968,11.700584917974181,8.999,10.561603177208543,0.9026559997854501,12.0,6.0,2.133369416874571,7.925537562328527,10070.0,10.742360149543748,174,baseline,0
1233.8940105989402,750.0,2862.7931149706246,2.320128868751868,0.0,0.0,16.60160276522123,512.3407665502333,1.9973002699730027,1.0,5.763000216343877,2.8853950019351746,0.0,0.0,9.978719155811529,146.76101009670887,9.015904801246698,7.5895019999999995,7.085610451953137,0.7859012054977949,10.0,4.6905019999999995,0.958248488775935,0.2664371414831761,745.0908909109089,750.0,59.33192572532237,0.07963045374610107,0.0,0.0,-12.0033485027752,142.08037527907572,11.646044510348965,8.899,10.71335355083606,0.9199134986403243,12.734145999999999,5.999999999999999,2.178573664339744,8.052454666029702,10001.0,10.7525850570594,175,baseline,0
1214.6502435369052,750.0,2835.6763164698577,2.334562012034619,0.0,0.0,17.079887803673074,544.6505803362298,1.9556013488197828,1.0,5.698206180498573,2.913787201025135,0.0,0.0,10.300914342810707,156.9448175078007,8.53995956278407,6.999,7.147371645850387,0.8369327270585235,9.100000000000001,4.8999999999999995,1.046890265399414,0.43627477776859847,745.4012738853503,750.0,57.43807076233941,0.07705657714125924,0.0,0.0,-12.409931919894252,152.00641025641022,11.042698988572498,7.999,10.776351362029958,0.9758802058429584,13.2447265,5.8999999999999995,2.2094405200330622,8.120236028232634,10676.0,10.834325729176808,176,baseline,0
1210.602314474651,750.0,2848.3662031073522,2.3528504522506384,0.0,0.0,17.32764573310046,560.4095389682343,1.9497612049963262,1.0,5.738976266171721,2.9434252007196617,0.0,0.0,10.422219825662584,160.40681529848888,8.09859718531085,5.899,7.219846047856075,0.8914934133224154,10.0,4.1000000000000005,1.1487382770351826,0.6235102397427936,745.4908155767818,750.0,56.879683626062494,0.07629830232322182,0.0,0.0,-12.534908524471339,155.1239317168642,10.578288786645848,6.999,10.965979764211061,1.0366496874290896,12.4445715,5.1,2.2558090529531274,8.159776625395466,10888.0,10.851353915404175,177,baseline,0
1194.1697088415992,750.0,2842.435034811609,2.3802605389889724,0.0,0.0,17.722608630846455,585.0957124480341,1.9235152702341733,1.0,5.7451074338372194,2.9867750585301027,0.0,0.0,10.61762765775248,166.08617214786872,7.742178155522413,4.999,6.973653535071393,0.9007353479843603,9.0,3.3523729999999996,1.2437243788564334,0.8822562432169652,745.6285281809278,750.0,56.009757074149086,0.07511750819244169,0.0,0.0,-12.734514370730139,160.16785625833236,10.094032767963673,6.487218,10.784567799517355,1.0684102228937966,11.462088000000001,4.488218,2.459063690419487,9.502769328892251,11231.0,10.912560650373752,178,baseline,0
1168.8246688741722,750.0,2781.6923750226224,2.3799056001290477,0.0,0.0,18.408787772128814,632.2890234135193,1.8719370860927151,1.0,5.635557690779864,3.010548662478254,0.0,0.0,11.023192417359759,178.84000832455388,7.139286080191206,3.999,6.79201336813448,0.9513575015546337,8.0,3.0,1.4334790275928297,1.4601008527215988,745.935761589404,750.0,54.01723890196691,0.07241540315330851,0.0,0.0,-13.215624080201065,172.6527198291904,9.341837925827814,4.999,10.632043672347573,1.1381104828368587,10.609909250000001,3.9999999999999996,2.601965780481495,10.168000762216186,12080.0,11.008251517629471,179,baseline,0
1150.190588051053,750.0,2744.0199037498137,2.3857088836028764,0.0,0.0,19.044125858049316,674.4844715556376,1.8353300446323702,1.0,5.572668258155504,3.0363303180555463,0.0,0.0,11.367876621981804,189.70178101121277,6.997619398072368,4.73405,6.561278965643995,0.9376444462600277,7.7205449999999995,2.7350499999999998,1.5674585657318205,1.9893545013182976,746.155665178921,750.0,52.54360884639048,0.07041909791543434,0.0,0.0,-13.594637788319943,182.81417659561657,9.126789853887715,4.999,10.481647211434034,1.1484484007231954,9.436634000000002,3.0,2.774842040715101,11.325419394761798,12771.0,11.074741389826203,180,baseline,0
1149.7534419007159,750.0,2786.099971127007,2.423215160392269,0.0,0.0,19.036143019418127,675.6704209302371,1.8413972150106208,1.0,5.673201400298632,3.0809221139535126,0.0,0.0,11.344742240251623,188.8074837477992,7.04419714796976,4.999,6.256213969725303,0.8881372622469028,6.0,2.9999999999999996,1.6076229066503667,2.219709156756738,746.1375186846038,750.0,52.66680878697902,0.07058592748402127,0.0,0.0,-13.562147656567333,181.931849058535,9.130790478483203,4.999,10.19583723830315,1.1166434343586944,8.899999999999999,2.9999999999999996,2.9191123027096313,12.535005378094558,12711.0,11.087390139010266,181,baseline,0
1145.0922670690306,750.0,2759.7874333343675,2.4101004894551408,0.0,0.0,19.486721969775022,712.4454395904235,1.827536778574123,1.0,5.63888630702374,3.0855118064563936,0.0,0.0,11.595131792984006,197.4521283759159,6.988095901939488,4.999,6.257100360657793,0.8953941743875018,6.1000000000000005,2.9999999999999996,1.6714873715828928,2.605330255778605,746.2960392304791,750.0,51.580426037518976,0.06911523487476176,0.0,0.0,-13.853939049304714,189.9316271818502,9.019509110298001,5.899,10.158519613045252,1.1262829815701154,8.0,3.1000000000000005,2.9368915085954512,12.379451175821556,13255.0,11.094211547671021,182,baseline,0
1139.7454303263523,750.0,2778.814511010772,2.4381010329781203,0.0,0.0,19.84334845123612,744.6280437493493,1.8195811440834753,1.0,5.679689437857195,3.1214268494291635,0.0,0.0,11.755344339884815,204.57061738177094,7.1503846020320845,5.797525,5.995527308738624,0.8384901851342011,5.899999999999999,2.798525,1.6588408761519877,2.7141137830970967,746.3667579368016,750.0,51.0881622466443,0.06844913938539875,0.0,0.0,-13.990198207228525,193.72564587754022,9.117012750314512,5.999,9.952123049022264,1.0915991149270843,7.899999999999999,3.0999999999999996,3.1557654912258175,14.251504809000515,13513.0,11.127506598550875,183,baseline,0
1172.6182924875861,750.0,2939.138848835833,2.506475353203607,0.0,0.0,19.061829359549336,684.7102179783129,1.8934006086817234,1.0,6.004570821637024,3.17131556528742,0.0,0.0,11.2885761048515,188.2432648890712,7.732296613372336,5.999,5.916442447111224,0.7651597892506153,5.1000000000000005,2.9999999999999996,1.6307059618930737,2.662680159307129,746.0679160659939,750.0,53.13664758232615,0.07122226601368274,0.0,0.0,-13.43961022429118,178.6231229808721,9.853897927999359,6.999,10.084105071779673,1.0233620386026316,7.442483749999999,3.0999999999999996,3.2376257156651307,14.773923841111152,12486.0,11.04881456957697,184,baseline,0
1167.4746889914718,750.0,2950.909557796989,2.5276004573136786,0.0,0.0,19.294007237282916,699.704756365938,1.8841248728581488,1.0,6.03169126382712,3.201322455171065,0.0,0.0,11.424897467176919,192.41388479318246,7.817126788239194,6.999,5.905166988111616,0.7554139964821721,5.687051,2.9999999999999996,1.5423296741825918,2.5858647140466493,746.1586730302794,750.0,52.52315945609162,0.0703914078258797,0.0,0.0,-13.60004526494098,182.9612312084436,9.908758577263125,6.999,10.051849393567023,1.0144408419266806,7.439674999999999,3.000000000000001,3.2713807674880493,15.29799935635673,12781.0,11.07949213975943,185,baseline,0
1193.0045278669631,750.0,3073.3929023785413,2.576178740807988,0.0,0.0,18.916224918239756,673.4879596778587,1.9407261052111633,1.0,6.282903495300147,3.2373983523123306,0.0,0.0,11.161407616161595,184.15299929103386,8.117767720015031,6.999,5.895897278041895,0.7262953907273141,6.0,3.000000000000001,1.4994463294440576,2.5307820002381805,745.9581789742323,750.0,53.86890070717915,0.07221437102714567,0.0,0.0,-13.25284809187354,173.63798254627625,10.300156507203425,7.999,10.204113896990588,0.9906756164194525,6.050000000000001,3.000000000000001,3.344198978514689,15.777525352858579,12147.0,11.021889389127633,186,baseline,0
1182.9756097560976,750.0,3070.1789187464306,2.5953019600965663,0.0,0.0,19.295743218703088,698.5963053884877,1.923780487804878,1.0,6.291942650640718,3.270613612377425,0.0,0.0,11.340178481167852,189.6635992298158,8.285643657042016,7.608202,6.117358808628166,0.7383082186293382,6.999999999999999,3.390798,1.4072788980524593,2.3365050936448046,746.060975609756,750.0,53.18326519318987,0.07128541356786978,0.0,0.0,-13.427568777987616,178.29960328758804,10.435811626203465,7.999,10.277213569967156,0.9848025182978501,7.000000000000001,3.3375025000000003,3.262119707966977,15.450854111649782,12464.0,11.049952649678719,187,baseline,0
1208.068585944115,750.0,3185.57621031732,2.6369166845173506,0.0,0.0,18.873869955115534,669.8637000267382,1.9820491109229466,1.0,6.547450683261945,3.3033745971173776,0.0,0.0,11.050504557210134,180.06880907086745,8.463778843550278,7.899,6.015263398952925,0.7107065898274013,7.066458000000001,3.9,1.2620477101652936,1.9283496423455606,745.8428450465707,750.0,54.627684730996336,0.0732428890265554,0.0,0.0,-13.064542156738861,168.68226176520687,10.732615497967824,8.899,10.437331203556985,0.9724872008629444,7.416647500000001,3.999999999999999,3.338932996494381,16.035470913300742,11810.0,11.009420806711889,188,baseline,0
1219.0294367874767,750.0,3234.3707042684764,2.653234291693606,0.0,0.0,18.837442520284867,668.1752008149225,2.0040837161817255,1.0,6.656767816741473,3.3216016691280044,0.0,0.0,11.022793953501857,179.07109880577295,8.462529146932042,7.999,5.9706409624439685,0.705538599486955,7.785173375,4.000000000000001,1.0962861586396508,1.4181892927353612,745.8230389654585,750.0,54.756906993135,0.07341809535555387,0.0,0.0,-13.032987382219893,167.85876010510313,10.769802708865068,8.899,10.54023259620202,0.9786839073222688,8.525495000000001,4.100000000000001,3.380071798476783,16.512803674452616,11754.0,10.989328240742752,189,baseline,0
1242.9162465729194,750.0,3325.3636312004137,2.6754527027620774,0.0,0.0,18.63585172660036,654.3978857254649,2.0567789864685593,1.0,6.868906952190152,3.3396427119201086,0.0,0.0,10.84151268063263,173.1371452544261,8.620219250143789,7.999,6.101466499371605,0.7078087369146475,8.0,4.000000000000001,1.0431616754814637,1.1584623193876507,745.6579110285663,750.0,55.822347682081876,0.07486321388997282,0.0,0.0,-12.77832000401689,161.28546212505822,11.058000302025293,8.999,10.837281664530417,0.980039913956735,9.625331000000001,5.0,3.3326863580157515,15.98177650476292,11307.0,10.928182572773455,190,baseline,0
1258.5807856300462,750.0,3404.763183249556,2.705240078446875,0.0,0.0,18.4782891149311,643.2534311665065,2.0939853034564093,1.0,7.048107980966871,3.365882257785193,0.0,0.0,10.71735996197205,169.01516855635748,8.566267859575733,7.386071,6.1853961583686035,0.7220642944820256,8.100000000000001,4.387071000000001,0.98521285201921,0.8390706758325095,745.546040097977,750.0,56.532479960212314,0.07582694685466107,0.0,0.0,-12.613847485513288,157.1091483877897,11.068248658804317,9.218848,11.076019269638675,1.0007020632688963,10.0,4.780152000000001,3.336412476141642,15.933964541306384,11023.0,10.886072458505511,191,baseline,0
1288.4008023688987,750.0,3526.4640084546577,2.7370861629166776,0.0,0.0,18.101209465384215,618.4459830831129,2.162097621549336,1.0,7.320063775941469,3.385630557558261,0.0,0.0,10.45693269726121,160.89537958981919,9.129817815876248,7.999,6.308416483648915,0.6909684958531076,9.0,4.000000000000001,0.9701069918577091,0.7283800700757106,745.3103448275862,750.0,57.99946697036629,0.07781921634776638,0.0,0.0,-12.286676531342474,148.9624201858419,11.83450359891107,9.899,11.35288733672336,0.9593040588342019,10.0,4.999999999999999,3.2876322099618185,15.315728568478551,10469.0,10.815830925776773,192,baseline,0
1297.423076923077,750.0,3580.1630317742292,2.759441461658612,0.0,0.0,18.081302968065955,617.0607887009539,2.1834615384615383,1.0,7.442587661201885,3.408618622357742,0.0,0.0,10.428806980576576,159.88371508089787,9.149138954996738,7.899,6.489630555787639,0.7093159900302282,9.0,4.1000000000000005,0.9520182912713386,0.6240597354801114,745.2792307692308,750.0,58.190288901888145,0.07807850601421933,0.0,0.0,-12.24531575603401,147.94775796497476,11.883881298173078,8.999,11.524026686053459,0.9697191007642477,10.0,5.0,3.248226326810316,15.17475465232441,10400.0,10.79724166002056,193,baseline,0
1310.863038679336,750.0,3615.277628466627,2.7579369635053066,0.0,0.0,18.18846578028892,623.775282089885,2.206929647758902,1.0,7.530683051575563,3.412289584864129,0.0,0.0,10.457973695188464,160.61153665619912,9.05675095676722,7.999,6.610264990339519,0.7298715645261635,9.0,4.6432329999999995,0.9192817102117706,0.48241398438027616,745.2878395239467,750.0,58.13755591146268,0.07800684893583947,0.0,0.0,-12.256718877777919,148.22715764887747,11.867788785584029,8.999,11.77072823526611,0.9918215135041989,10.577925,5.0,3.196010446315818,14.764752712705974,10419.0,10.779638295122512,194,baseline,0
1327.7621354424123,750.0,3682.947891472242,2.773800964165226,0.0,0.0,18.156232997047887,623.4810867816657,2.249826989619377,1.0,7.71715569760138,3.430110729939709,0.0,0.0,10.348605622788654,157.29441943507604,9.16319951521169,7.92355,6.604372617738126,0.7207496253654966,9.499876,4.92455,0.8920107775708686,0.3576187581386563,745.146218487395,750.0,58.998907253683385,0.07917762418958235,0.0,0.0,-12.07297677416425,143.75676818950936,12.097856098467622,8.999,11.941737429082778,0.9870953441573322,11.0,5.1000000000000005,3.186380568297924,14.398568861154299,10115.0,10.737527514821275,195,baseline,0
1360.9644994840041,750.0,3809.0966596853905,2.7988214689873034,0.0,0.0,17.796956629395524,598.5465464822261,2.321981424148607,1.0,7.986129732666637,3.439359871535098,0.0,0.0,10.12881002112841,150.5739813471237,9.283930798527678,7.999,6.7517524689142085,0.7272514859745569,9.851712500000001,4.796260500000001,0.8869051487104892,0.2860386968407975,744.9333333333333,750.0,60.26991141707629,0.08090644990658175,0.0,0.0,-11.811310983028473,137.5070671378091,12.413225764189887,9.899,12.309542922728312,0.991647389370724,11.100000000000001,5.899999999999999,3.130336380893176,13.778720995860798,9690.0,10.66248310112998,196,baseline,0
1383.0148933890496,750.0,3920.957148168886,2.835079482449145,0.0,0.0,17.568574781360812,581.7210343576693,2.37790635379835,1.0,8.235628604789975,3.4633948438023174,0.0,0.0,9.957886030794453,145.29534761893174,9.239900506296888,7.922597666666667,6.856982494909113,0.7421056633928209,9.302509703703704,4.874307066666667,0.9141506602323209,0.30091966007975834,744.7395264116576,750.0,61.403496223013185,0.08244962707816876,0.0,0.0,-11.58694694255313,132.25733944954123,12.491508349726777,9.338227,12.645201004807639,1.0123037707519302,11.314519,5.660773000000001,3.1273443091825692,13.534250434626195,9333.0,10.618951301615724,197,baseline,0
1389.3933921172845,750.0,3938.7139894124025,2.834844336930544,0.0,0.0,17.68261871862639,592.0987763254592,2.388930202910868,1.0,8.296194830741445,3.4727656842517556,0.0,0.0,10.005487961886091,146.7926694283936,9.011063519730403,7.908294333333333,6.811886155841427,0.755946969070442,9.420881999999999,4.695899768115941,0.929588732404317,0.3087073516797889,744.7842345692128,750.0,61.143915739829495,0.08209614664466611,0.0,0.0,-11.637600577728557,133.43374720674794,12.275220878359715,8.999,12.78800684821452,1.0417740727385858,12.390154999999998,5.370281,3.1799987957729914,13.853118726302853,9413.0,10.608835178504469,198,baseline,0
1425.4201661801033,750.0,4065.179443090959,2.8519166064452324,0.0,0.0,17.416861051395728,575.2248336181697,2.474960700651246,1.0,8.607211581053159,3.4777164658769366,0.0,0.0,9.76864572663712,139.88313327551634,8.974419516814015,7.899,6.82854340501957,0.7608897034761924,9.67547321590909,4.9,0.9510519579686243,0.3044352908268517,744.4873119245452,750.0,62.84720407990374,0.08441675643529757,0.0,0.0,-11.31274866174093,125.97828228372123,12.385820343476308,8.999,13.05764690799431,1.05424158803271,12.14480425,5.4055875,3.2138229601067656,13.924386181640486,8906.0,10.523675501476541,199,baseline,0
1419.9377132166833,750.0,4069.539365989977,2.8659985069140586,0.0,0.0,17.613738390963647,588.565732999258,2.463519313304721,1.0,8.62815122601584,3.502368006379252,0.0,0.0,9.872458877977934,142.7607804161395,8.739066542595447,6.999,6.970481220539031,0.797623085550833,9.28121925,4.4854519999999996,1.0204169005554293,0.457533998740844,744.5971167602069,750.0,62.22291018449546,0.0835658758057399,0.0,0.0,-11.42978095064456,128.6398925797173,12.18286015637724,8.999,13.289987946822238,1.0908758515023635,12.0,5.899999999999999,3.1738421318913193,13.612803628697701,9087.0,10.533360263641951,200,baseline,0
1410.0765726681127,750.0,4075.879237964042,2.890537519002789,0.0,0.0,17.867890201716627,604.2771362274818,2.449349240780911,1.0,8.664832468220368,3.537605958331125,0.0,0.0,9.971787109492892,145.38986503234972,8.574828591430837,6.899,7.016427221290675,0.8182585979972202,9.071861375000001,4.4203244999999995,1.0915784240977262,0.583726452237955,744.675054229935,750.0,61.77585125704744,0.08295678887878091,0.0,0.0,-11.515019121306217,130.59566536404782,11.944287947396965,8.390603,13.376291979032585,1.1198902804371607,11.8736085,5.4916030000000005,3.2389338494444972,14.051879158484827,9220.0,10.565927594175959,201,baseline,0
1428.0713807718046,750.0,4166.4726220692255,2.917552076295686,0.0,0.0,17.675950898478334,593.499815417555,2.496877091233549,1.0,8.881449691549701,3.557023180168607,0.0,0.0,9.83768473654127,141.56069543254313,8.726149039669616,6.899,6.965326892366124,0.7982131477128473,9.159657999999999,4.0,1.1165584432352695,0.6302874541914867,744.52420254294,750.0,62.63817850326251,0.08413182310168069,0.0,0.0,-11.35167755634601,126.8605833432496,12.216916633281283,8.7377905,13.569930005773973,1.1107491696232759,12.100000000000001,5.738790499999999,3.2887763839333046,14.229139949885276,8966.0,10.534835453784726,202,baseline,0
1428.3407030731814,750.0,4171.585659777844,2.920581658705354,0.0,0.0,17.989429627279183,612.9800167474391,2.4993367234136636,1.0,8.930811608043841,3.5732726704571003,0.0,0.0,9.93054286633625,144.0213141428062,8.51623811267637,6.5635425000000005,7.029848154935099,0.8254640208416919,9.186797875,4.01491545,1.1599721671195893,0.7363133159237929,744.5726287862038,750.0,62.362694442017805,0.08375636174496631,0.0,0.0,-11.403376071789207,128.03698583465476,11.997976328543004,8.761479999999999,13.67378968566962,1.139674667730414,11.76890675,5.538213999999999,3.2673258665257765,13.955848579437326,9046.0,10.502301837538056,203,baseline,0
1439.3090665475659,750.0,4224.496154598444,2.9350861832140307,0.0,0.0,17.970114868977806,613.5692157251309,2.5273559624832513,1.0,9.070380717656873,3.5888813654665324,0.0,0.0,9.890321743463053,142.88580774996979,8.381601580045439,5.999,6.941575992175339,0.828192073541356,8.664182375,3.9999999999999996,1.2207024664492008,0.8994182770346186,744.5180884323358,750.0,62.67287130344209,0.08417911166591892,0.0,0.0,-11.34519868129324,126.71353311801772,11.886918835864227,7.899,13.805249095535514,1.1613816234601904,11.318074999999999,4.999999999999999,3.3582932560014256,14.49030014347214,8956.0,10.488074928126656,204,baseline,0
1403.2876451953537,750.0,4141.788866214356,2.951489582620655,0.0,0.0,18.66683744408585,664.0007405092874,2.453326293558606,1.0,8.92040877635378,3.636046619552804,0.0,0.0,10.215768759254342,152.82032503570161,8.090924949313724,5.999,7.026556409073865,0.8684490899485924,8.83227475,3.9999999999999996,1.2790305223009364,1.0817926127885897,744.8156282998945,750.0,60.96096011015071,0.08184704750261394,0.0,0.0,-11.673557229314282,134.2719383860755,11.436434455966209,6.999,13.770643054364223,1.2041028265746143,11.899999999999999,5.0,3.4003573268408225,14.995598052161373,9470.0,10.589847973112194,205,baseline,0
1419.0721112076455,750.0,4223.964800925405,2.9765681162818187,0.0,0.0,18.568714337167364,657.3423312244564,2.4981537793223283,1.0,9.132757040057525,3.655802583352158,0.0,0.0,10.099195224285738,149.24951595526775,7.988017407967515,6.122232666666666,6.951839472391187,0.8702834655138821,9.05183525,4.1232326666666665,1.2679760664719457,1.0477007440354598,744.6681146828845,750.0,61.815792463759266,0.08301119820348882,0.0,0.0,-11.507354367135294,130.41920453082756,11.413767576998262,6.999,13.94499878548182,1.2217699976285352,12.0,5.0,3.4555937865748354,15.344764267943386,9208.0,10.545086123871416,206,baseline,0
1413.331330472103,750.0,4227.068984137577,2.9908549347204985,0.0,0.0,18.806569642810903,674.9763626221886,2.490343347639485,1.0,9.170424628387991,3.6823936896413647,0.0,0.0,10.183622445716486,151.67828804924213,7.575150459004097,4.999,6.875744490593513,0.9076710129791224,8.663689499999998,3.146098743589744,1.3151321112496148,1.1151775047118662,744.7321888412017,750.0,61.44599109988869,0.0825075000390385,0.0,0.0,-11.578694800867043,132.06617329162546,10.978030188197424,6.999,14.074039439388521,1.2820186498047386,11.420046,5.0,3.528963793105203,15.85033330919422,9320.0,10.580165677248605,207,baseline,0
1403.4794607791105,750.0,4199.11319077331,2.991930632488391,0.0,0.0,19.30015654932927,712.1725328610049,2.4777624456002547,1.0,9.18633598552841,3.707512801253616,0.0,0.0,10.310605746228044,155.4780780412956,7.670931928749605,5.359128,6.772569868311914,0.8828874941425627,8.379204916666666,3.399875999999999,1.340676849319338,1.212205564190823,744.7886636238192,750.0,61.118138361511654,0.08206104811549797,0.0,0.0,-11.642653822972873,133.55138804158474,11.068975190107208,6.999,14.005804909720302,1.2653208331551649,11.529509,5.0,3.5805375474097554,16.23469915977798,9421.0,10.597882207169611,208,baseline,0
1388.4671866874676,750.0,4179.023473048322,3.009810756146436,0.0,0.0,19.700863018556774,741.2054147363785,2.452418096723869,1.0,9.181092405120001,3.743689714810382,0.0,0.0,10.454526177892596,159.6469647054696,7.60906804509135,4.999,6.754568819226523,0.8876998837701197,7.086283520833334,3.0,1.4136127695722587,1.4271048057495008,744.8938117524701,750.0,60.50284915850968,0.08122345521460032,0.0,0.0,-11.764530652765595,136.4041814798613,10.93845113447738,6.352483,13.986288079308661,1.2786351474592845,10.899999999999999,4.353483000000001,3.64028621423624,16.67887781852556,9615.0,10.650072006684661,209,baseline,0
1400.6999163529904,750.0,4244.629672164894,3.03036333665005,0.0,0.0,19.733605255927543,741.7937572392473,2.4788791300711,1.0,9.316671587385553,3.7584210840963146,0.0,0.0,10.447316301006804,159.61912885294515,7.7464948245997,5.13984125,6.873570460184671,0.8873136322710785,7.899999999999999,3.14084125,1.4273539547471148,1.4683567271835072,744.866583019657,750.0,60.66279823675742,0.08144115955750499,0.0,0.0,-11.732613508225102,135.65421973338613,11.128609849226265,6.390954499999999,14.161754080071741,1.2725537395900675,11.0,4.391954499999999,3.6271795593053704,16.554914263075062,9564.0,10.610461101108328,210,baseline,0
1377.8478542268247,750.0,4191.2227729532915,3.0418618137669373,0.0,0.0,20.306838167862626,785.2184466781223,2.425868764313452,1.0,9.200941767722863,3.7928439918417567,0.0,0.0,10.730887901050732,168.63492716086913,7.732458967182122,5.899,6.8429439705860755,0.8849635025066023,7.727569000000001,3.559561714285714,1.4594831392572531,1.6699206133823878,745.1114208901722,750.0,59.20857971259389,0.07946271933646969,0.0,0.0,-12.029047905515828,142.69799351319477,11.022976778253511,6.899,14.061274061357354,1.275633102039904,10.899999999999999,4.5718890000000005,3.6943849362966836,17.280304742092316,10043.0,10.689061823403911,211,baseline,0
1366.6329388560157,750.0,4210.133250241938,3.080661332344416,0.0,0.0,20.420148290688676,794.8437567887524,2.411834319526627,1.0,9.255789700849771,3.8376556904897234,0.0,0.0,10.783530117670685,170.1810926865155,7.50185686409276,5.899,6.399841019213225,0.8531009235654341,6.95730375,3.2782045,1.467000220297591,1.8073556051362623,745.1581854043393,750.0,58.92662360502515,0.07907934819645075,0.0,0.0,-12.08819252199499,144.12439844881567,10.669856419230769,6.899,13.907636678407938,1.3034511554758665,10.0,4.1947944999999995,3.9682807163921496,19.420431695215882,10140.0,10.751973304330013,212,baseline,0
1358.5044533620437,750.0,4204.121504424521,3.0946689162631076,0.0,0.0,20.833027837972075,824.5290461721426,2.4030537339727904,1.0,9.29579929737236,3.8683276890376916,0.0,0.0,10.88449643449948,173.04915941702998,7.628746319312195,5.999,6.261463456148278,0.8207722729352481,6.899999999999999,3.000000000000001,1.43475995577794,1.7522829173391843,745.1946755407654,750.0,58.7056480792851,0.07877894194115675,0.0,0.0,-12.134937171963612,145.25670016750414,10.74573276000783,6.999,13.769095727646972,1.2813547512451762,10.0,3.9999999999999996,4.066728930487089,20.311176273686147,10217.0,10.780523639988324,213,baseline,0
1378.6454271356783,750.0,4299.0576700199645,3.1183200447353863,0.0,0.0,20.598834281237362,805.1454401986224,2.452462311557789,1.0,9.515874146456154,3.880130635080679,0.0,0.0,10.743818090302513,168.4022959186901,8.109971303370934,6.451136916666666,6.315286910973825,0.7787064435541045,6.299831625,3.452136916666666,1.4076797091998279,1.6815486983780694,745.0657286432161,750.0,59.482744437152625,0.07983556638079735,0.0,0.0,-11.972067933732367,141.3304106099027,11.35798768723618,7.899,13.883929026907357,1.2223933859789058,9.899999999999999,3.999999999999999,4.017125479435621,19.770882831700344,9950.0,10.723164826997479,214,baseline,0
1382.7874522421073,750.0,4335.892638583588,3.1356175756101905,0.0,0.0,20.760010438881764,818.5780322983157,2.4649105167906695,1.0,9.613516095179866,3.900148110730093,0.0,0.0,10.773177876706292,169.6665010042187,8.276328770934642,6.899,6.251652694503241,0.7553654364793008,6.899999999999999,3.1000000000000005,1.3171587225720243,1.5150995254693287,745.0637442187814,750.0,59.4946220502509,0.07985172075797696,0.0,0.0,-11.969611099236486,141.27158986696526,11.550024942388898,7.999,13.917579745052734,1.204982657134778,9.050318999999998,3.9999999999999996,4.073887932302954,20.331337621540097,9946.0,10.71309812514748,215,baseline,0
1414.6408055113936,750.0,4486.783182141693,3.1716766296160372,0.0,0.0,20.30276059530099,781.6675029470551,2.5480657127715953,1.0,9.963616654150739,3.9102667581178907,0.0,0.0,10.499782929291701,160.976289347082,8.635260464979595,6.999,6.385842426810588,0.739507795127715,7.3459255,3.525353,1.2273483734524906,1.2119059595095525,744.7963963963964,750.0,61.07310628532306,0.08199973386125066,0.0,0.0,-11.651491729737035,133.75725952813056,12.05056493810281,7.999,14.135829234375784,1.1730428662045176,9.0,4.000000000000001,4.000647316312391,19.527055238621582,9435.0,10.612367400012758,216,baseline,0
1383.1299697275479,750.0,4420.608318890203,3.19609032820031,0.0,0.0,21.149808379643236,842.6535748140204,2.481029263370333,1.0,9.827256385315069,3.9609594817778637,0.0,0.0,10.838359785915706,171.78346009057168,8.51955173605936,6.999,6.575221871761063,0.7717802620918612,8.239846916666666,3.9999999999999996,1.1734098564121254,1.0992998884132996,745.0458123107971,750.0,59.60184171604591,0.07999755280979004,0.0,0.0,-11.947476858418732,140.742203282451,11.809949070938446,7.999,14.055024164553425,1.1901003196651871,9.3635315,4.8999999999999995,3.9706206558970463,19.71001322520892,9910.0,10.672814294917623,217,baseline,0
1377.147254493099,750.0,4403.732176504071,3.197720622930043,0.0,0.0,21.582000831312364,874.30378081449,2.469466785820673,1.0,9.831094452547294,3.9810595991798876,0.0,0.0,10.971694088357966,175.7073479748745,8.628219567276235,7.554021,6.789683064421207,0.7869158882061901,8.899999999999999,4.444979000000001,1.1706371802641518,1.0698249517259688,745.1250124118757,750.0,59.126775107741075,0.07935148347302845,0.0,0.0,-12.046150386620727,143.10973913708256,11.890668916989377,8.433179,14.104119952578753,1.1861502537024473,10.4817615,5.097793000000001,3.920277962774456,19.484831372045146,10071.0,10.673641881113022,218,baseline,0
1375.7297513232797,750.0,4443.98518441001,3.230274826967617,0.0,0.0,21.682424917132646,880.0813459947385,2.4778787576151005,1.0,9.948756903321307,4.015029739750766,0.0,0.0,10.965436948604161,175.21107769368427,8.512832356988808,7.703449,6.700769934521589,0.787137541716117,8.8353,4.704449,1.1222031712087193,0.9272588314257098,745.0967741935484,750.0,59.296605374582896,0.07958242127509177,0.0,0.0,-12.010696799388342,142.25683760683745,11.740447170478376,8.899,14.135583955667778,1.2040072878324455,11.504389999999999,5.899999999999999,4.01626107854697,20.317953255295183,10013.0,10.69560758891368,219,baseline,0
1399.6870425729305,750.0,4549.383604590796,3.2502862898752243,0.0,0.0,21.39383681955482,857.3971678112077,2.5373672817235335,1.0,10.200564229642854,4.02013705430694,0.0,0.0,10.795456804525733,169.7632734166554,8.565118703369645,7.354054,6.689416749987719,0.7810068933844434,8.899999999999999,4.355053999999999,1.1200228604701963,0.8454871972806979,744.9390784455211,750.0,60.23597293439519,0.08086026720479045,0.0,0.0,-11.818156530257594,137.66882377367023,11.900745165343778,8.999,14.39082072109224,1.20923694450662,11.100000000000001,5.602188999999999,4.042116776417506,20.307795340656995,9701.0,10.644213471938285,220,baseline,0
1434.575819893928,750.0,4697.1027641922665,3.2742101874682152,0.0,0.0,20.95210208135929,821.3654818640356,2.6246347007251867,1.0,10.546472406395766,4.018262961882572,0.0,0.0,10.540271799218665,161.68345967748166,8.62827565008329,6.999,6.5922726115124455,0.7640312941843495,8.347737166666665,4.000000000000001,1.080686329680047,0.6400047617688327,744.6860049788938,750.0,61.71276903651561,0.08287085915931064,0.0,0.0,-11.527144561231195,130.87506173552194,12.121719420824764,8.899,14.668651051974194,1.2101130658719814,11.638330999999999,4.999999999999999,4.084163270364083,20.375531444619504,9239.0,10.57523268229453,221,baseline,0
1442.2714584020223,750.0,4754.724634726117,3.2966919001462855,0.0,0.0,21.01558694605966,823.3021788450111,2.6531486976590832,1.0,10.714179425490387,4.038288330745911,0.0,0.0,10.49406401272743,159.9729932116906,9.01504107761245,7.216201666666667,6.831764029661532,0.7578184026944956,8.0,4.217201666666666,1.0982951713030396,0.6712591123724185,744.6042422244203,750.0,62.18217519511392,0.08351036922560602,0.0,0.0,-11.437497678671185,128.81635314960877,12.64121632509067,8.999,14.885814705572477,1.1775618993266224,11.3562545,5.0,3.9937642817917327,19.66496930356061,9099.0,10.538774866137407,222,baseline,0
1415.2441885263383,750.0,4709.132828998617,3.3274348463512364,0.0,0.0,21.61155245845625,862.841077263277,2.602473875026658,1.0,10.646904791465277,4.091070766793467,0.0,0.0,10.704752958254366,165.81684518740963,8.743701202572685,6.899,6.91899420053087,0.7913118301086356,9.14216275,4.1000000000000005,1.103649201678805,0.6829959884012404,744.764768607379,750.0,61.25707647070744,0.08225023397018477,0.0,0.0,-11.615466787008755,132.91906868010352,12.241427785348689,8.5929675,14.828709820676103,1.2113545969224306,10.921653749999999,5.045285499999999,4.0052574145585735,20.01007949799976,9378.0,10.5884029172713,223,baseline,0
1402.429416737109,750.0,4727.32878245854,3.3708140502765116,0.0,0.0,21.786506169104744,874.1650944566554,2.5859044801352495,1.0,10.700635935834923,4.138063110233388,0.0,0.0,10.766892541044024,167.45384386380795,8.515583706837601,6.999,6.864914651034985,0.8061590241339288,9.0,4.1,1.1481592245330385,0.7763646585038417,744.8123415046492,750.0,60.98014130008963,0.08187316173749114,0.0,0.0,-11.66977753474395,134.18370771041486,11.888795786031276,7.999,14.82800553217325,1.2472251857160668,10.899999999999999,5.1,4.125472601997798,21.03537583493817,9464.0,10.635587735935038,224,baseline,0
1408.977588953797,750.0,4756.070561348059,3.3755473462708276,0.0,0.0,21.989241593984143,887.8037050273042,2.6054168879447688,1.0,10.810613791599046,4.149283687236243,0.0,0.0,10.778018089514465,167.55547309109144,8.550388953992785,6.999,6.826512802936828,0.7983862301081688,8.899999999999999,3.9999999999999996,1.152345733567607,0.8074107100225616,744.7853425385024,750.0,61.137468337841085,0.08208736779037851,0.0,0.0,-11.638864094681162,133.4631574144583,11.980378132023366,7.999,14.91834421986316,1.2452314989947317,11.100000000000001,5.0,4.146589619654729,21.193307431171135,9415.0,10.621026260596484,225,baseline,0
1410.4585729499468,750.0,4790.053195430815,3.3960963386627596,0.0,0.0,22.153644675039857,897.0106658210481,2.6164004259850904,1.0,10.916598700701682,4.172373078784956,0.0,0.0,10.793954605125238,167.7100523587238,8.669601677097775,7.4411570000000005,6.780075136022055,0.7820515161535938,8.73236,4.339101250000001,1.17515121983577,0.9047780135188148,744.771458998935,750.0,61.218207763451275,0.08219730633305433,0.0,0.0,-11.623060262516827,133.09552986609793,12.127934895633652,8.7842705,14.949776415809845,1.2326728783143555,11.0,5.214729500000001,4.195652922099213,21.645258100229686,9390.0,10.626256453624661,226,baseline,0
1383.6987618950168,750.0,4721.709091875733,3.4123822481485866,0.0,0.0,22.82503788156862,946.6857453281295,2.558682083290699,1.0,10.793389045684414,4.2183392443203145,0.0,0.0,11.052075280434565,175.36180768373956,8.477544106260689,6.999,6.727517727342605,0.793569180297666,7.681992000000001,3.9999999999999996,1.1730132634429928,0.9659649352130395,744.9763634503223,750.0,60.015236937664675,0.08055992093454749,0.0,0.0,-11.862866219125658,138.72759493287262,11.830652251816227,8.899,14.798720907578769,1.2508795451499208,10.717189,4.999999999999999,4.271806751538569,22.68632084388952,9773.0,10.676170896591596,227,baseline,0
1397.4842968167784,750.0,4840.427083433946,3.4636718956052537,0.0,0.0,22.62019046269807,924.2665204533668,2.613009688065581,1.0,11.096492714395971,4.24663282538793,0.0,0.0,10.868538185912483,169.19583618301726,8.727859659679277,6.999,6.587777683808881,0.7547987640363779,7.999999999999999,4.000000000000001,1.1425962454289558,0.8943173396887931,744.7731289257958,750.0,61.20850214103493,0.08218409038107674,0.0,0.0,-11.624957856541993,133.13964516637748,12.135248877887788,8.999,14.915146174323603,1.2290762492313774,10.159497,5.0,4.374887793229648,23.356750368331245,9393.0,10.650230301618667,228,baseline,0
1410.5071095191577,750.0,4901.1127696525655,3.474716813957327,0.0,0.0,22.77108372499239,935.8319055282005,2.652230543796809,1.0,11.284436887359139,4.254696830089615,0.0,0.0,10.818931039572805,167.9440458614007,8.914758232786795,6.999,6.677833206839786,0.7490761984189294,8.100000000000001,4.000000000000001,1.0866574204478552,0.7284196325350538,744.6710083577553,750.0,61.79914088219615,0.08298851464418307,0.0,0.0,-11.51054863483455,130.49272987489147,12.379905555627914,8.999,15.103904727085485,1.2200339218435508,10.0,4.899999999999999,4.358388873608913,23.130907751845317,9213.0,10.613336225411315,229,baseline,0
1385.1518771331057,750.0,4826.205360676023,3.484242732042481,0.0,0.0,23.88442210069648,1012.2286356454265,2.612094709897611,1.0,11.234869368391358,4.301095716713788,0.0,0.0,11.052126938113817,174.28881825388316,8.606805053695545,6.999,6.919488068668763,0.8039554777295332,9.333399625,4.30477975,1.0742183226208741,0.6417246916215853,744.7636518771332,750.0,61.26356178876678,0.08225906518713093,0.0,0.0,-11.61420072518101,132.88965848479498,11.966436232935154,7.999,15.042158685371163,1.25702910980052,10.793023,5.000000000000001,4.31324131388095,23.29049023213966,9376.0,10.636909998309967,230,baseline,0
1373.578748027354,750.0,4792.7998459694945,3.4892792661888565,0.0,0.0,24.501495876236596,1060.2778973872767,2.5932667017359283,1.0,11.23003960306781,4.330460725674857,0.0,0.0,11.189859828433006,178.36370497479757,8.449664854291974,6.999,7.001051685559554,0.8285596892051165,10.429616500000002,5.0,1.0791319243579502,0.6124130625920401,744.8347185691741,750.0,60.84942942046911,0.0816952109017699,0.0,0.0,-11.695581107601145,134.78661744447703,11.728529817885324,7.999,15.030907991098871,1.2815679564694984,11.899999999999999,6.0,4.35846287783691,23.950751253247066,9505.0,10.616427548496189,231,baseline,0
1388.1167347794194,750.0,4832.42900960457,3.4812843102655004,0.0,0.0,24.459678467216392,1057.6749904434441,2.6165775961437703,1.0,11.314421925153628,4.324130093381701,0.0,0.0,11.198813905076275,178.61215147473686,8.36242819165905,6.721643,7.251088843416677,0.867103271589123,9.812230870370371,4.722643,1.1355816332556163,0.6711544355101173,744.855286597506,750.0,60.729029307299555,0.08153131272613953,0.0,0.0,-11.719445894542982,135.34541207512035,11.738309285863982,7.999,15.31529193587898,1.3047272450320104,12.3134445,6.0,4.250468921757912,23.007568585611754,9543.0,10.574489537925036,232,baseline,0
1388.790178100959,750.0,4871.422470447155,3.507673475274984,0.0,0.0,24.57156810384883,1064.7077602416402,2.6288333860259248,1.0,11.436393677477694,4.350368394691755,0.0,0.0,11.189592524402794,178.1058659749442,7.994895216253056,5.899,7.021886362588638,0.8782962343663542,8.702219,3.9,1.2129406387428698,0.8399238680575682,744.8260090631258,750.0,60.900338867763026,0.08176451698345778,0.0,0.0,-11.685518198371751,134.55133556447745,11.326878430603859,6.999,15.338030176362427,1.354126847068555,12.0,5.0,4.417078807255431,24.368901723203514,9489.0,10.610363750704277,233,baseline,0
1349.2897795591182,750.0,4777.458690693024,3.540721024548236,0.0,0.0,25.545825006633347,1144.1725919875857,2.5445891783567136,1.0,11.246193556959808,4.4196499979704225,0.0,0.0,11.534837663649837,189.1873520804481,7.693663598851775,4.999,6.831807908657415,0.8879785060627051,8.440925,3.3918325833333336,1.2639192892627555,0.959464424824044,745.0805611222445,750.0,59.393888497618214,0.07971472025542957,0.0,0.0,-11.990478149499307,141.77156625362022,10.796416541082165,5.999,14.960288950257283,1.3856717081386116,11.313379999999999,4.000000000000001,4.619793784511011,26.660600169735698,9980.0,10.721518434731582,234,baseline,0
1347.0054256683436,750.0,4789.822214989676,3.5559041735953736,0.0,0.0,25.6395023356377,1153.1815292005158,2.5365492749334124,1.0,11.265451539614448,4.441250816982524,0.0,0.0,11.611360247937982,191.60347948582066,7.88004682835278,5.608315666666667,6.780450592565753,0.8604581597369919,8.0,3.609315666666667,1.314122440405588,1.103070758619805,745.156752490875,750.0,58.9352836181654,0.07909112199702854,0.0,0.0,-12.086367643477265,144.08028281329416,10.954472145901153,5.999,14.871056966758285,1.3575329571970844,11.611267999999999,3.9999999999999996,4.7161138229177295,27.723536760619048,10137.0,10.73639002576562,235,baseline,0
1355.9562667726866,750.0,4854.273703452327,3.579963323600392,0.0,0.0,25.515559476323716,1140.1926411806087,2.5606798528973265,1.0,11.410965719395548,4.456225055422063,0.0,0.0,11.563831589485504,189.85693002658854,8.02835887881731,5.999,6.710658439606225,0.8358692655496736,8.0,3.0999999999999996,1.3455093910875688,1.2055750770740268,745.1201669814134,750.0,59.15595210230543,0.0793911569216473,0.0,0.0,-12.040045145940086,142.96268711627536,11.155155262299969,6.899,14.954376415390302,1.3405798542249074,10.0,3.9,4.781327859658326,28.241354151939635,10061.0,10.715834654200581,236,baseline,0
1371.464817252202,750.0,4945.261728762569,3.605824711326279,0.0,0.0,25.243449144518955,1114.975698130258,2.6021059026020046,1.0,11.619260578075158,4.4653296264599955,0.0,0.0,11.450186288210427,186.0017031306167,8.37145300297671,5.999,6.599002225069224,0.7882744157702086,7.0,2.9999999999999996,1.3278791511846206,1.20483883845933,745.0292598967297,750.0,59.70063732814618,0.08013193647779877,0.0,0.0,-11.92715106003995,140.25693240901228,11.587890215348787,6.999,15.04234678049908,1.298109189934737,10.265404,3.9999999999999996,4.848714756833284,28.72613865638824,9877.0,10.679491388047682,237,baseline,0
1382.5641287685232,750.0,4995.472075717704,3.613193754829491,0.0,0.0,25.255182485816427,1115.0749638588477,2.630965763924374,1.0,11.762851797466032,4.470925452074469,0.0,0.0,11.410609014089045,184.6100523513458,8.583240086279618,6.999,6.5476945924361285,0.7628464923057056,7.274573,3.0999999999999996,1.3055717720311737,1.2587470990148564,744.9825242718447,750.0,59.97868298858792,0.08051018786945618,0.0,0.0,-11.870301464924701,138.90405686819352,11.872259808277974,7.999,15.13217317342191,1.274582380927256,9.0,3.9999999999999996,4.884560838387903,29.017139729390188,9785.0,10.639135426674223,238,baseline,0
1395.9493644509273,750.0,5075.060186703747,3.6355618018422424,0.0,0.0,25.16484945698631,1102.9494294811032,2.671077307772453,1.0,11.969314586526998,4.481081304422753,0.0,0.0,11.319861184624608,181.42811181159803,9.032228153820677,7.899,6.570889944233327,0.7274937958087129,6.3399275,3.1000000000000005,1.2554013445638728,1.2178212067967422,744.8847676599291,750.0,60.55602486655021,0.08129582922844322,0.0,0.0,-11.753901232592685,136.15419418554393,12.43248296030423,8.324715,15.262134626269106,1.2276014915926041,9.0,3.7590324999999996,4.880948881417935,28.88217074715157,9598.0,10.615224939575391,239,baseline,0
1399.1039295683918,750.0,5143.658889660136,3.6763951418869207,0.0,0.0,25.384013190805966,1110.6757957189548,2.7071075799871163,1.0,12.214983342896241,4.512189849120948,0.0,0.0,11.226376074914642,177.8487883848231,9.412853954331146,7.999,6.4166974132087375,0.6816952057623519,6.000000000000001,3.000000000000001,1.1862319875681253,1.1307990690401368,744.728795361821,750.0,61.46563389755074,0.08253425177105998,0.0,0.0,-11.574884136222854,131.97794276698357,12.862989374060554,8.999,15.1876832146439,1.1807273389552286,8.779810000000001,3.5600710000000007,4.992595199674366,30.004859686672376,9314.0,10.589707687106948,240,baseline,0
1424.6845310596834,750.0,5291.820556788731,3.7143805813997735,0.0,0.0,24.869531036243472,1066.5445403380988,2.7621525855387,1.0,12.464859713946945,4.512733937729198,0.0,0.0,11.114372037002237,174.8768367561494,9.660004216834116,8.999,6.5236416760474,0.6753249304673078,7.000000000000001,3.2137124999999997,1.0874510733051101,0.9574661697140971,744.6435610674343,750.0,61.95690011027072,0.08320343228571872,0.0,0.0,-11.48035361467281,129.7985191179311,13.189117131657623,9.999,15.377739814970763,1.1659415608691368,8.412359,4.000000000000001,4.990703851642916,29.92852343230738,9031.0,10.556756886158034,241,baseline,0
1454.2173713235295,750.0,5436.452736504048,3.738404480449961,0.0,0.0,24.372016535826877,1024.4227400942661,2.8415670955882355,1.0,12.801360477737362,4.505035442454453,0.0,0.0,10.899730927448593,168.11211360853096,9.989742661165305,8.999,6.703882556107295,0.6710766016194141,7.713287625,3.8999999999999986,0.9890999846631611,0.7725878388893448,744.359375,750.0,63.56661544875089,0.08539774950607815,0.0,0.0,-11.180692018643033,123.00787401574809,13.703288940602024,10.899,15.737574512356817,1.148452359179797,8.56647375,4.0,4.890782362260327,28.752730666653164,8704.0,10.481429791862233,242,baseline,0
1393.7700738622825,750.0,4371.392423889784,3.1363798849376923,0.0,0.0,12.538612116366007,191.68710673444303,1.8585894686680962,1.0,5.828490917340257,3.1359754349178974,0.0,0.0,12.538706024855985,191.6894495226375,10.132223649034131,9.999,6.791624449805828,0.6702995003918265,8.0,4.0,0.919418048710994,0.6137720713590915,749.9139861806052,750.0,7.880011372195023,0.01050788692757791,0.0,0.0,-91.6024023655872,8389.000119146918,12.93292497807958,10.999,12.566449380395749,0.9716633632140462,8.363482750000001,4.1000000000000005,4.9557150915905535,35.63607863328263,8394.0,10.45520522691086,243,baseline,0
1319.6059372755567,750.0,3974.054242782867,3.0115461976381024,0.0,0.0,13.784768548053638,237.72188318744824,1.76765621259277,1.0,5.29690669900874,2.996570634761225,0.0,0.0,13.794702072099518,237.96980474741838,10.044094009131582,9.589938499999999,6.988323257611608,0.6957644214857187,9.178485583333334,4.409061500000002,0.8639053692569993,0.43987709457308455,744.1230548240364,750.0,64.87384628989132,0.08718161044644976,0.0,0.0,-10.94811160840241,117.86114779003566,12.689097037945894,10.999,12.033242771016686,0.9483135588790976,9.0,4.899999999999999,4.685963306393449,34.649693578319216,8354.0,10.434449829272312,244,baseline,0
1311.5179873602333,750.0,3909.399565048947,2.980820394936113,0.0,0.0,14.055982802125135,248.85396019529568,1.76507049100632,1.0,5.210457507309532,2.9519826736998436,0.0,0.0,14.063646924839913,249.0784554064166,10.053545378720088,9.299777,7.047479422005677,0.7009944409186014,10.0,4.760982560606061,0.8379303082246337,0.34093220615941,744.0330578512396,750.0,65.36457628408759,0.08785170980555604,0.0,0.0,-10.863164057185791,116.00833333333334,12.699794065994164,11.999,11.964224558713772,0.9420802019735105,10.562411,5.000000000000001,4.6330002604083385,34.50278380678231,8228.0,10.42387407918368,245,baseline,0
1270.1847478474785,750.0,3485.6586986757916,2.7442139457136223,0.0,0.0,13.841479222308843,240.92710076595841,1.7183271832718328,1.0,4.647116436525335,2.704442135214815,0.0,0.0,13.82998285881121,240.72237331409218,9.924208584701201,8.899,6.991621882386154,0.704501706379306,10.508485499999999,5.100000000000001,0.7813066095347543,0.17275987112055713,743.9611316113161,750.0,65.7540496487777,0.08838371637287501,0.0,0.0,-10.79663179704748,114.56725816101678,12.523233987699875,11.570914,11.608608343687399,0.9269656987236039,11.0,5.5719140000000005,4.524548793143144,34.44288989807679,8130.0,10.41481691517856,246,baseline,0
1228.930254930255,750.0,3254.4486064506173,2.6481963426275286,0.0,0.0,14.878142065980496,285.4413952110213,1.6707551707551707,1.0,4.342986911372519,2.5994155142488746,0.0,0.0,14.819794280468694,284.0155149704496,9.224146570101771,7.90657675,7.043696838323494,0.7636150168248876,10.863716750000002,5.24391995,0.8183029607178913,0.09563053541915068,744.0962000962,750.0,65.02067884326817,0.08738208693292884,0.0,0.0,-10.92256206528254,117.30236206994927,11.699002806758054,10.395018499999999,11.415247959900292,0.9757453817607559,12.0,6.236496499999999,4.326674926163255,33.181673917529835,8316.0,10.485315530732354,247,baseline,0
1217.4085095917364,750.0,3157.4869655932366,2.593613352228098,0.0,0.0,15.21167585590626,302.7140656544493,1.6642892277422527,1.0,4.220169020396605,2.535718521786995,0.0,0.0,15.07828962493401,299.19088530142847,9.321029745839411,7.542550666666667,7.03178423740299,0.7543999353227832,11.39376925,5.396216416666667,0.8166475343703925,0.013688199828058245,743.9626168224299,750.0,65.74603150436383,0.08837276231052371,0.0,0.0,-10.797993694839805,114.59666783380023,11.766091164412199,9.999,11.193069282841458,0.9512988745740891,12.744318999999999,6.0,4.264667954752414,33.041455503137335,8132.0,10.474303011274827,248,baseline,0
1206.6572393943186,750.0,3086.0519368034898,2.557521586123772,0.0,0.0,16.083357966773296,340.4521168640404,1.6589913652859467,1.0,4.1340289553448475,2.4918929910357304,0.0,0.0,15.835525151632098,333.3328195306315,9.23971738010546,7.2654285,7.104990711740132,0.7689619086226895,11.393690999999999,4.6335714999999995,0.8420928380672571,-0.008576481265623048,743.8560880991115,750.0,66.31860024906752,0.08915514883872432,0.0,0.0,-10.701555423860171,112.52328848995111,11.667046403829309,9.899,10.987074167818482,0.9417185624814479,12.999999999999998,6.5269439999999985,4.030388187254391,31.025743337639078,7991.0,10.425913509322081,249,baseline,0
1201.4927427427428,750.0,3113.1921125393087,2.5911035512645526,0.0,0.0,16.16701719507492,339.6436499140791,1.6604104104104105,1.0,4.180702393645829,2.5178729110789346,0.0,0.0,15.804081097668607,329.13394881866725,9.0404184058588,6.999,7.1040885874841235,0.785814136974036,10.899999999999999,5.0,0.8566117738307998,-0.08137589330214601,743.8568568568569,750.0,66.31448666522424,0.08914952662456317,0.0,0.0,-10.702242442086074,112.5379932891885,11.421227300300302,8.999,10.932425900335227,0.9572023752690552,12.999999999999998,6.1000000000000005,4.011205204625294,31.020026452728715,7992.0,10.455686712771897,250,baseline,0
1203.3084303441217,750.0,3113.13668839011,2.587147741913365,0.0,0.0,16.78612172040596,367.9731399455949,1.6726365613406677,1.0,4.194169167219937,2.5075197231478583,0.0,0.0,16.2589308663781,351.88818008066363,8.964288673840018,6.999,7.070963499909986,0.7887924806063846,10.370675,4.510413999999999,0.8972875960313658,-0.04851068085521293,743.7193296661123,750.0,67.04623152142057,0.0901499111923318,0.0,0.0,-10.581335344784689,109.96465767878968,11.370756058334399,8.801755,10.850555289879251,0.954250995642998,13.251775,5.802754999999999,3.954243134359965,30.452890824555126,7817.0,10.388746885010118,251,baseline,0
1221.2866613630338,750.0,3115.5344494367105,2.5510263462302745,0.0,0.0,16.978532532060164,376.8945735670074,1.7079024131530098,1.0,4.2139718642239385,2.4673376135375316,0.0,0.0,16.264159059755027,354.627126369093,8.862170547758065,6.650456,7.362328750705877,0.8307590912441178,10.510276499999998,4.651456,0.9537636199592083,0.009345233912959827,743.4903208697958,750.0,68.2467025549895,0.09179232148597297,0.0,0.0,-10.388496662799696,105.92086291300036,11.420406228851762,8.997174999999999,11.085695990655811,0.9706919148505978,14.226338750000004,6.351269500000002,3.592816197519199,26.344996021054122,7542.0,10.259702202961982,252,baseline,0
1198.8742736397253,750.0,3000.3712769971385,2.5026571534379114,0.0,0.0,18.127312006558583,429.7066132917706,1.6864764923402007,1.0,4.081313231770969,2.420023789425981,0.0,0.0,17.09750946238268,395.1770154563147,8.380963522326171,5.999,7.296545467046579,0.8706093813210385,9.654830375,3.9999999999999996,1.0612634266256311,0.1824733914201513,743.5161119915479,750.0,68.11260043777754,0.091608775303247,0.0,0.0,-10.40970715294908,106.36200301015928,10.887160559957739,7.4139985,10.863929715766796,0.9978662164424777,14.234203500000001,5.414998499999999,3.3701304395664113,23.914834264203755,7572.0,10.272324717165299,253,baseline,0
1205.051169004676,750.0,3037.77306106431,2.5208664488275536,0.0,0.0,17.994135412356272,421.7249714361629,1.7046092184368737,1.0,4.151375672095969,2.4353826244720063,0.0,0.0,16.76255111538738,380.6039453438678,8.536853243442222,5.999,7.372997735194453,0.8636669185871491,9.297692,3.9999999999999996,1.1017558576594628,0.2720450261364151,743.4407481629927,750.0,68.50369363514656,0.09214412016615445,0.0,0.0,-10.348076997154601,105.08269753904005,11.108528780093522,7.999,10.953194071984273,0.9860166263972229,14.579399999999998,5.803368,3.3703573278768086,23.97353476598325,7485.0,10.241620332310402,254,baseline,0
1171.2432432432433,750.0,2950.5174734607617,2.519132973002773,0.0,0.0,19.079741542348867,473.2433156036743,1.6620993086109366,1.0,4.054960614681479,2.4396620548926915,0.0,0.0,17.51532020936928,417.67409149357786,8.19270819278066,5.999,7.382994614114876,0.9011665545003426,9.340447999999999,3.9999999999999996,1.195115495286134,0.5009511331112848,743.8282840980515,750.0,66.46720096432844,0.08935825967538326,0.0,0.0,-10.676793334158315,111.9939159003275,10.584540261345067,6.999,10.792948327422598,1.0196898552919338,13.999999999999998,5.0,3.2875575517239746,23.08998376440566,7955.0,10.369238530067483,255,baseline,0
1141.8599112771421,750.0,2879.9370187270424,2.5221456592743534,0.0,0.0,20.254748534505644,534.3354514967717,1.6235115573196357,1.0,3.9790019828346153,2.4508615075114197,0.0,0.0,18.34469855932998,461.9023862730226,7.987728034021345,5.6359055,7.325243669620571,0.9170622282607621,8.578951,3.6369054999999997,1.293957164647172,0.7967116962424554,744.2685033854775,750.0,64.07254093793208,0.08608793821918205,0.0,0.0,-11.089571232382712,120.97859011809021,10.215806818701845,6.999,10.598726865540714,1.037483093957676,12.398288249999998,5.0,3.294825229567009,23.245065894591068,8566.0,10.50416042734223,256,baseline,0
1118.8289114532154,750.0,2799.9351481833587,2.502558809055624,0.0,0.0,21.48378960794451,599.6341689407352,1.5935145758270552,1.0,3.891918648149967,2.442348948160709,0.0,0.0,19.1628488717815,506.2229377517381,7.6454512874825085,4.999,7.134963518090079,0.9332298709131501,8.0,3.0,1.3951035707867474,1.160765052131005,744.6395894748335,750.0,61.97969343399415,0.08323448593124912,0.0,0.0,-11.476003502778708,129.69865639578921,9.740655887760672,5.999,10.312865296991223,1.0587444434773168,11.0,3.9999999999999996,3.2967741955366328,23.267355278147864,9159.0,10.616529971514552,257,baseline,0
1116.026943884587,750.0,2780.627710905391,2.491541737537967,0.0,0.0,21.81783052552289,615.71394875314,1.5939323220536756,1.0,3.8882170702856205,2.4393865514163813,0.0,0.0,19.175681330790976,507.72414432172195,7.557351394724501,4.999,7.221261429492047,0.9555280748931345,7.899999999999999,3.0,1.4806294034723906,1.4180156783168414,744.7919804815954,750.0,61.09882670709828,0.08203475374102541,0.0,0.0,-11.646442318351761,133.63961867469484,9.648800561578446,5.999,10.367887200534698,1.07452601329741,10.95,3.9999999999999996,3.2040518856198856,21.910587403635425,9427.0,10.648351641149361,258,baseline,0
1124.4136210823121,750.0,2858.6935588678525,2.5423860982012982,0.0,0.0,21.637192622142738,605.109342387739,1.6146838737664029,1.0,4.018015657191909,2.4884224847180194,0.0,0.0,18.776006135782495,488.89006851048424,7.813286689956346,4.999,7.127115025856598,0.9121788702593246,7.0,2.9999999999999996,1.5391363402638016,1.625225846035561,744.6756317102266,750.0,61.77252631656901,0.08295225959617054,0.0,0.0,-11.51565762058933,130.61037043463725,9.95215588135777,5.999,10.346147548730745,1.0395885747841827,10.647001,3.9999999999999996,3.3477085190200917,23.35778978415353,9221.0,10.615390579711134,259,baseline,0
1132.0013357079251,750.0,2918.953915195734,2.578578154565775,0.0,0.0,21.320791541965114,587.2858807584009,1.635240427426536,1.0,4.127957841296739,2.524373646872909,0.0,0.0,18.228307582145238,463.11913587699644,8.136116827327498,5.999,6.965217617516035,0.8560862344209881,7.0,2.9999999999999996,1.5544170397240744,1.7882284217406346,744.5351736420303,750.0,62.57587636886423,0.08404690414122795,0.0,0.0,-11.36333022477439,127.12527379727115,10.268678694011577,6.318159,10.200364450185765,0.9933473189821733,9.40500775,3.3191589999999995,3.5914353409579833,26.268467856829265,8984.0,10.568416503792593,260,baseline,0
1138.8127897301795,750.0,2852.1987177462497,2.5045369559135575,0.0,0.0,21.334794567144353,600.5253027401908,1.6607631047188873,1.0,4.092590242006352,2.4642829735184257,0.0,0.0,17.607955135696805,447.217545654194,8.354053786121451,6.685159,6.796314129975199,0.8135348782726157,6.0,3.0000879999999994,1.5022704471083521,1.7808579722445073,744.1642695827885,750.0,64.64782758704509,0.08687306046457931,0.0,0.0,-10.987662937461504,118.72873682726534,10.517850424581004,6.999,9.899646672670112,0.9412233748384458,9.727841,3.30455,3.534935063448503,25.789602142599502,8413.0,10.4872884490242,261,baseline,0
1130.1048803378696,750.0,2855.7691612548306,2.526994804589319,0.0,0.0,21.60611571167406,615.6311875777998,1.655091506335054,1.0,4.128166759763112,2.494222672258348,0.0,0.0,17.529524434191874,445.5100183250803,8.195144921128366,6.999,6.4634709662024985,0.7886951394280606,6.1000000000000005,3.072828833333333,1.4448610367125707,1.8632254004716584,744.2402627874237,750.0,64.22893191329061,0.08630133993655786,0.0,0.0,-11.061689871069314,120.36098280371748,10.242164980525576,7.999,9.53014344883357,0.9304813451993947,8.0,3.8636299999999997,3.7708647039756764,29.35702986108261,8524.0,10.568020589052912,262,baseline,0
1133.607548071181,750.0,2911.091442919054,2.5679887610771814,0.0,0.0,21.451961038844395,600.2096529675512,1.6703690433536367,1.0,4.2376018717842845,2.5369255307056924,0.0,0.0,17.13019167713529,422.74289107535094,8.293414212535003,6.999,6.573595681085869,0.7926284052170298,7.05627,3.5284696666666666,1.3874382240761987,1.705511200988572,744.1363907798877,750.0,64.80080203079952,0.08708188825826059,0.0,0.0,-10.96086405261135,118.14054077982786,10.340269958198972,7.999,9.522441290289994,0.9209083833192857,8.512443000000001,4.000000000000001,3.6409474112026543,28.13526377890676,8373.0,10.51974365922104,263,baseline,0
1124.3788503516857,750.0,2714.6716337571693,2.414374508118921,0.0,0.0,22.51475657239581,693.4476664220244,1.6685665777346592,1.0,4.045628555855209,2.424613203836184,0.0,0.0,17.034803480840793,446.01219554758853,8.652385921187973,7.7917889166666665,6.576237750876727,0.7600490559225783,6.813352,3.7927889166666664,1.3572846090691058,1.6863832870211644,744.0460829493088,750.0,65.29378976864926,0.08775503462074898,0.0,0.0,-10.87534003485838,116.27302087379343,10.722817683967984,8.999,9.322255283707193,0.8693848537260114,8.74021225,4.359235,3.415415798441789,25.476579910855012,8246.0,10.479630685600824,264,baseline,0
1138.700544015826,750.0,2781.8381174879146,2.4429935790469353,0.0,0.0,22.29142654932249,683.4603577584011,1.6991839762611276,1.0,4.17488479283116,2.4569939754361076,0.0,0.0,16.615123528456287,427.9461398469785,8.506334773974775,7.7445889999999995,6.608898555073917,0.7769384500706362,7.232948222222222,3.7455889999999994,1.2907901642386348,1.4965477593854688,743.9297725024728,750.0,65.92311120800431,0.08861469676935828,0.0,0.0,-10.767992165375155,113.94965527358077,10.612913705365974,8.8125,9.439179248233504,0.8894050691716243,9.798658249999999,4.8134999999999994,3.444261912008105,25.98914124072222,8088.0,10.46456885247658,265,baseline,0
1142.4372348390316,750.0,2828.412159258533,2.4757702856709267,0.0,0.0,22.361513276118124,687.5555554421742,1.7141252807586724,1.0,4.2774103390558755,2.4953895652030127,0.0,0.0,16.394520041940247,418.121907022249,8.6409033826909,7.80212925,6.65132285455211,0.7697485505827742,8.263398375000001,4.19687075,1.1886414675279304,1.2517597188151095,743.8737209882705,750.0,66.22418102127894,0.08902610638442378,0.0,0.0,-10.717345704109007,112.86149894138379,10.77872495183429,8.999,9.416393682527183,0.8736092371412381,10.29171575,5.0,3.323752786135589,25.009154507890802,8014.0,10.447992077610515,266,baseline,0
1147.5454663044884,750.0,2534.241741394195,2.2084020335641865,0.0,0.0,17.10048732362907,342.6873878119728,1.7365153279006598,1.0,4.00481991526911,2.3062393121002223,0.0,0.0,11.855874612746923,180.710426401291,8.730336623859602,7.37203075,6.650231078384696,0.7617382198310573,8.69463,4.37303075,1.1208802654316263,1.0333644462527571,743.6494632001035,750.0,67.41482219718782,0.09065403195086773,0.0,0.0,-10.52140913945472,108.70005027980136,10.961302386107878,9.5784,9.443793525642581,0.8615576135926553,10.03185,5.144375,3.257685652285545,24.284777712363883,7731.0,10.374018896349844,267,baseline,0
1170.621595465229,750.0,2640.3872459730583,2.2555429151498907,0.0,0.0,16.59697635669624,321.3567190267567,1.7906815982303332,1.0,4.214802969648776,2.3537422698787522,0.0,0.0,11.317878935609592,163.72047092817724,8.875370690662225,7.607332,6.566041743933919,0.7398047893190591,9.375207583333335,4.608332000000001,1.020461629419097,0.6734462776356165,743.2122217613714,750.0,69.67569127660653,0.0937493884471908,0.0,0.0,-10.167454825964462,101.37713763802803,11.243300184294208,9.493098,9.509675915833702,0.8458082377910526,10.352217,5.019171,3.4079658898406904,26.09358867098581,7233.0,10.27525122761833,268,baseline,0
1177.3926330150068,750.0,2668.1187332834306,2.2661248749714433,0.0,0.0,16.573872733075138,320.78489418049867,1.8057298772169168,1.0,4.291038273012484,2.376345613567657,0.0,0.0,11.194172406102751,159.74122583245997,8.667907679824168,7.6444399999999995,6.761102222196599,0.7800154860825365,9.653721749999999,4.645439999999999,0.9626975982727629,0.44366314683824415,743.3020463847204,750.0,69.21748281756196,0.0931216093837258,0.0,0.0,-10.237357152052525,102.80348145868106,11.057244475443383,8.999,9.749558223605195,0.8817348884034916,11.0,5.353470499999999,3.256707824474722,24.516829410896698,7330.0,10.256817420773617,269,baseline,0
1189.84059365123,750.0,2714.6235502414906,2.2815018790972688,0.0,0.0,16.419176875966805,315.23901918686414,1.833173010856122,1.0,4.401729144711474,2.401153147381214,0.0,0.0,10.971458170966782,153.06521196317922,8.740780678694144,6.999,6.9704376320120796,0.7974616785663875,10.0,4.759465,1.0117444691840847,0.4730922997697409,743.2532637075718,750.0,69.46671974790223,0.09346305376633161,0.0,0.0,-10.199222447617299,102.02413853598043,11.2025827039989,8.999,9.962136480827857,0.8892714067865574,12.0,5.899999999999999,3.161647456091722,23.308937748846024,7277.0,10.197704124457818,270,baseline,0
1243.2651766837814,750.0,2886.4905673292683,2.321701453127271,0.0,0.0,15.605547946415628,284.7957753536494,1.938840229537904,1.0,4.713030804234957,2.4308505324124843,0.0,0.0,10.323206207039824,135.08182925300883,8.978825053232395,6.999,7.130682229753741,0.7941665181667261,10.214270749999999,4.20611625,1.0111236038317148,0.3739113457496259,742.5859257022048,750.0,72.7873144532406,0.0980187099350306,0.0,0.0,-9.71559201924815,92.39272828447828,11.717801867411657,9.899,10.28824813647494,0.8780015443926864,12.692082249999999,6.313929999999999,3.166446976027969,22.901927085342127,6622.0,9.895683451230727,271,baseline,0
1243.8054943440575,750.0,2890.5210964413163,2.3239333718859982,0.0,0.0,15.700841389990977,289.0509959631476,1.9416776847363009,1.0,4.755114402192696,2.448972061415274,0.0,0.0,10.302778252988682,134.26060498948678,8.424246815521537,6.911494,7.119234866564721,0.8450885904064026,9.488895499999998,4.7734689999999995,1.0278327471672903,0.29022136787823394,742.7874247098575,750.0,71.80151890570916,0.09666496297208554,0.0,0.0,-9.854594445960306,95.11303169435165,11.154983379462319,7.999,10.455029684032313,0.9372519284323896,13.005567499999998,6.0,3.1306299752034783,22.375363400080353,6807.0,9.918736814513089,272,baseline,0
1232.990198823859,750.0,2859.8503151184213,2.319442861627297,0.0,0.0,15.980850229331908,300.3636308082503,1.9232707924950994,1.0,4.742958234428999,2.4660896702309194,0.0,0.0,10.399607561763933,136.51383747194637,8.248275007109767,6.134855166666667,7.133257950777977,0.8648181522353852,9.683389625,4.135855166666667,1.1064567111381642,0.4708024444792036,743.1257350882106,750.0,70.11393405190225,0.09435002818679072,0.0,0.0,-10.101436750819516,100.03902443080715,10.895617523522823,7.999,10.442652080112083,0.9584268223042135,13.56187,6.0,3.1565374858173816,22.63666894718195,7142.0,9.987089005066291,273,baseline,0
1195.704955527319,750.0,2759.408891429921,2.3077673791299054,0.0,0.0,16.637024409521523,326.79829814496077,1.8561626429479035,1.0,4.615938027852846,2.4868176532860007,0.0,0.0,10.747335356217418,145.46762545064644,7.63437331524658,5.64086875,7.032337223691123,0.9211413868964027,8.480552999999999,3.74186875,1.2560552833972245,0.8520692279707829,743.7616264294791,750.0,66.82206531611219,0.0898433892548341,0.0,0.0,-10.618098221035938,110.74400983156656,10.108818080559084,6.899,10.388822409917278,1.027699017543573,12.927541,5.0,3.2019687146828386,22.835499907609474,7870.0,10.20825832817371,274,baseline,0
1197.9792483866886,750.0,2758.1081887853425,2.3023004718150752,0.0,0.0,16.82224120026993,336.04802396381297,1.8665063899784893,1.0,4.668488220520994,2.5011905909278975,0.0,0.0,10.700382868457028,144.40968459454712,7.641236163764352,5.217265666666667,7.0823039162628305,0.926853164131735,8.0,3.218265666666667,1.336620823992709,1.0179082921787428,743.7876755662406,750.0,66.68362067482505,0.08965410810828406,0.0,0.0,-10.640924172258782,111.2292672397613,10.140797832595215,6.999,10.42413090130629,1.0279399188691414,12.900110000000002,5.0,3.146411000334502,21.89851502671744,7903.0,10.198622553961867,275,baseline,0
1214.7830920372285,750.0,2819.605102001748,2.321077005832526,0.0,0.0,16.53760183332646,326.3411466316119,1.9033092037228543,1.0,4.809661447272737,2.526999521604312,0.0,0.0,10.443506194137905,137.3661225098296,7.768341621311822,4.999,6.865933263487418,0.8838351347282772,8.0,3.0,1.3475232980962122,1.0511074377963823,743.6535677352637,750.0,67.39322586617085,0.09062449074427414,0.0,0.0,-10.524902560371071,108.77357390530551,10.355851832083763,6.999,10.308863558649241,0.9954626356000048,12.688752249999999,4.271806,3.2279158049559706,22.71667246846874,7736.0,10.1500921299034,276,baseline,0
1224.7623058699658,750.0,2780.677506413295,2.27038135733459,0.0,0.0,16.457489763674385,329.5143295915514,1.9305080284285339,1.0,4.8468151707238665,2.5106423280038137,0.0,0.0,10.153887042503769,130.5716928236842,8.049977931176311,5.75090725,6.964439211510394,0.8651500999199271,7.834958875,3.2480927500000005,1.3800210371921162,1.1477200977354087,743.5382995525138,750.0,67.9970157463692,0.09145058941454944,0.0,0.0,-10.428054692133895,106.74432466213571,10.769777707423005,6.743361,10.406892396003668,0.9663052180576374,12.369608000000001,3.9345594999999998,3.116118709692184,21.26014912127402,7598.0,10.094466458421676,277,baseline,0
1240.6205327265427,750.0,2839.8596401867744,2.289063871888001,0.0,0.0,16.263038949440457,323.06896987419293,1.9656003212421362,1.0,4.985458163934856,2.53635396273458,0.0,0.0,9.973521099442715,125.73193955893859,8.324475423388588,5.899,7.076108184867953,0.8500365278257412,7.50582725,3.334651,1.3524613342860896,1.0769139501932754,743.428456699237,750.0,68.56725954708301,0.09223114736758418,0.0,0.0,-10.338125193872218,104.87683252417538,11.151229042430733,6.999,10.558404481364104,0.9468377379021706,12.653922,4.240236,3.090676405232048,20.945614018438672,7471.0,10.006893436083969,278,baseline,0
1253.1226519337017,750.0,2799.0734699055115,2.2336787748479714,0.0,0.0,16.13745309227094,325.50657965357306,2.001381215469613,1.0,5.0424987528361696,2.5195093837497495,0.0,0.0,9.648605661591054,118.20220281774617,8.730271824943394,6.3605835,6.895141679171509,0.7897969063771065,7.0,3.3615834999999996,1.323766420767117,1.0688409990940402,743.2187845303868,750.0,69.64231964700379,0.09370365913316933,0.0,0.0,-10.172515399424269,101.48006955152394,11.656174695441988,7.999,10.320191545786294,0.8853840831522442,11.410658250000001,4.301118,3.085882002636011,20.98843205662584,7240.0,9.946194286634267,279,baseline,0
1271.6553094832482,750.0,2877.408871173791,2.2627270532476755,0.0,0.0,15.817803974457698,314.32644294761053,2.044718909710392,1.0,5.216724316891226,2.551316120820787,0.0,0.0,9.424734665013881,112.54134583766835,9.07393865226567,6.999,7.067243096750887,0.7788506587474302,7.788376124999999,3.1871242499999997,1.2781116239766774,0.9743968177518978,743.0300965360591,750.0,70.59526008641589,0.09500996045183739,0.0,0.0,-10.029854585214068,98.59798300053964,12.171613832481544,8.641516500000002,10.545821333407552,0.8664275320060392,11.650691249999998,4.642516500000001,3.011742405118929,20.146976437265874,7044.0,9.881835343205674,280,baseline,0
1279.093139352446,750.0,2915.173514349987,2.279094011735395,0.0,0.0,15.708793039081794,312.5338801132303,2.0657538154328914,1.0,5.326759527589693,2.5786032623027917,0.0,0.0,9.317858432907673,109.97514225031456,9.090582438429728,7.612379,6.948973065595462,0.7644145039837295,7.341574625,3.6120565000000004,1.2182129290421422,0.9465555925027687,742.9972899728997,750.0,70.75958374554463,0.0952353187561768,0.0,0.0,-10.005635172922817,98.11273521363032,12.203796007987448,8.776854,10.472672354723365,0.8581487553437428,11.099999999999998,4.777854,3.021131221168608,20.314550726090246,7011.0,9.896511205717132,281,baseline,0
1268.6379504504505,750.0,2798.2544039115196,2.2057155100223462,0.0,0.0,16.230302640814184,345.58297407454916,2.0564470720720722,1.0,5.268339438548564,2.561864834790129,0.0,0.0,9.342328626602892,112.06314435021976,9.04009093694329,7.999,6.944864537121801,0.7682294996326725,7.380756000000001,3.7296055000000004,1.1433593715448525,0.8417272565104446,743.0889639639639,750.0,70.29939970530779,0.09460428443224324,0.0,0.0,-10.073740755917985,99.48025281744304,12.059300779842342,8.999,10.320241773995358,0.8557910580724631,11.099999999999998,4.759456999999999,2.892700846239057,19.14389655531159,7104.0,9.911356415723874,282,baseline,0
1269.492054641762,750.0,2845.345150899206,2.241325686518089,0.0,0.0,16.28510669630037,348.6369298687307,2.0632840814050737,1.0,5.36996558566998,2.6026302602078393,0.0,0.0,9.366010401681761,112.55574904397763,9.114884356285716,7.999,6.94004490810108,0.7613969236280168,8.338531,4.079768249999999,1.1066757333251138,0.785352340814577,743.1563981042653,750.0,69.95888565302535,0.09413750030476098,0.0,0.0,-10.124700952521533,100.50956937799045,12.169078381377197,9.899,10.37706889685533,0.8527407394084793,11.457808,5.670186,2.900082776662432,19.31187106317128,7174.0,9.96598209086322,283,baseline,0
1273.4259693666345,750.0,2847.939683528176,2.2364391429402524,0.0,0.0,16.475649296790618,360.34273778874353,2.07396163929902,1.0,5.428618497755026,2.617511527161056,0.0,0.0,9.393935419312404,113.4411548957248,9.037347730303983,7.999,6.9610150446355465,0.7702497737576159,9.0,4.649386000000001,1.0423892114075337,0.693518505712921,743.2253346212226,750.0,69.60899591635334,0.09365799667180193,0.0,0.0,-10.177573457513526,101.58300148308383,12.112965672692146,9.999,10.423747793579969,0.8605446490350085,11.7385225,5.766537,2.784897634405346,18.16651697926404,7247.0,9.973905369904122,284,baseline,0
1282.6668524453114,750.0,2916.5326550925656,2.2738037156978117,0.0,0.0,16.479260497543592,360.2891063353385,2.099205796293716,1.0,5.5758961622440095,2.6561932003468245,0.0,0.0,9.35831033444572,112.44232042717542,9.204208903562968,8.441544,7.020162701380098,0.7627122303430748,9.3424415,4.8050049999999995,0.9867599912004267,0.5277014984512949,743.1592587432075,750.0,69.94440253845781,0.09411764936730273,0.0,0.0,-10.126879232358265,100.5536829867691,12.360726717988017,10.999,10.478953656383615,0.8477619395252917,12.68116,6.59033,2.6859205891091174,17.096699240108034,7177.0,9.954753183412105,285,baseline,0
1286.523542600897,750.0,2964.4453158788206,2.3042293574245503,0.0,0.0,16.364062711146293,357.70199550462155,2.1158912556053813,1.0,5.699490058757774,2.693659252883997,0.0,0.0,9.276524454311275,110.42525094114076,9.496571183543725,8.668852000000001,7.034652583713929,0.740757105670311,9.286474250000001,4.669852000000001,0.9725578432345621,0.4585321720753277,743.1199551569507,750.0,70.1431205439225,0.0943900376475665,0.0,0.0,-10.097068747752855,99.9507972968475,12.663637367853138,10.999,10.346577936197075,0.8170304972931428,12.248093250000002,6.3507560000000005,2.5657984154114093,15.630173995194799,7136.0,9.972449387080012,286,baseline,0
1311.920926864591,750.0,3045.2095893603027,2.321183790122293,0.0,0.0,16.202156387452842,352.1751279646475,2.1727733526430124,1.0,5.8931947079116584,2.7122915055742185,0.0,0.0,9.120620493669463,106.73725440680805,9.46554663843159,7.999,7.158333188986127,0.7562514308388891,9.792456333333334,5.0,0.9132195059295185,0.24191008017341087,742.8897900072411,750.0,71.29527704294847,0.09597019369757867,0.0,0.0,-9.92743992828745,96.55406352975592,12.727869923099204,11.766214,10.514673498147339,0.8261141543460276,13.092407999999999,6.767214,2.447444814904128,14.303078645614654,6905.0,9.869154882556119,287,baseline,0
1324.564049586777,750.0,3107.2046607914403,2.34583194505452,510.0,0.0,16.05369867853904,348.1759798350726,2.207497048406139,1.0,6.051923342519625,2.7415317936163244,1.0,0.0,9.001041769133067,103.962381116282,9.629887394321644,7.841335333333333,7.311898850538294,0.759292248302906,10.2182695,5.157664666666667,0.8542177697241435,0.0711329168984487,742.7544273907911,750.0,71.96391527295857,0.09688789809810941,0.0,0.0,-9.831439160835073,94.65719597320144,12.927005118506491,11.999,10.62692155873547,0.8220714280929472,12.741862999999999,6.809123999999999,2.417367238294394,14.23185704093654,6776.0,9.774916746334728,288,baseline,0
1384.9352448453608,750.0,3299.3048956978564,2.3822809824341284,750.0,0.0,15.423135438862667,321.1930978311877,2.339078608247423,1.0,6.441064591242896,2.7536759852927415,1.0,0.0,8.609154137152789,94.95155863493412,10.100826505940075,8.3125605,7.46089065596763,0.7386416004254743,11.556713333333335,5.59780905,0.7214760400462658,-0.23612500368387979,742.0914948453608,750.0,75.14916012749927,0.10126670450947436,0.0,0.0,-9.397084258727583,86.30519256562567,13.76819038659794,12.999,10.829546510721114,0.7865628093916159,13.0755425,7.000000000000001,2.2821148262352566,12.999201928689875,6208.0,9.518112197119715,289,baseline,0
1390.5746569814366,750.0,3349.461582217956,2.4086887858928305,750.0,0.0,15.362765138038917,320.6672578903465,2.358353510895884,1.0,6.567590531723393,2.78482021519688,1.0,0.0,8.565757780754588,94.00910235680499,9.662487955757722,8.1667155,7.514169178151477,0.7776640149573385,12.0,5.5895165,0.7206661611568862,-0.38309029669048567,742.0748991121873,750.0,75.22709363599525,0.10137399031552793,0.0,0.0,-9.386907882434667,86.11403959331409,13.376800286037124,12.546638,11.116712519618638,0.8310442169957792,14.999999999999998,7.0993590000000015,2.248325779876327,12.492347334975477,6195.0,9.550046968856574,290,baseline,0
1416.5356729018374,750.0,3452.333900296961,2.4371669322133616,750.0,0.0,15.170508335352311,315.4243287574499,2.416818407548419,1.0,6.781481196047645,2.80595396611807,1.0,0.0,8.446491524515688,91.84091487596281,9.625916460185808,7.880897999999999,7.528056826588573,0.7820613089388124,11.685664,5.401183999999999,0.7583088976581868,-0.4293291467621323,741.8728687303427,750.0,76.1691441071669,0.10267142433382748,0.0,0.0,-9.2655069941147,83.84961985798847,13.467919659327926,11.87984,11.295821938099577,0.8387206208403577,15.612993999999999,7.836919,2.285933639364185,12.54545136335549,6041.0,9.477781982637977,291,baseline,0
1402.1626359357247,750.0,3454.6423334186898,2.4637957430047015,750.0,0.0,15.359482753881409,324.9683412670672,2.398149651030677,1.0,6.828199200261978,2.847278191053404,1.0,0.0,8.518410302560302,93.36892806694453,9.58566956483724,7.431615,7.689154855078636,0.8021510446473641,11.799446,4.6634018,0.8144169371310344,-0.39798946024296944,742.031163772115,750.0,75.43207146636088,0.10165620414498765,0.0,0.0,-9.360240462958789,85.6141015244109,13.36568864892063,10.801648,11.413092096523714,0.8539097682367005,15.916910999999999,7.802648,2.183362902594486,11.269267919459606,6161.0,9.532228610463696,292,baseline,0
1377.1886209029067,750.0,3359.629903442936,2.4394842162145585,750.0,0.0,15.935747792707417,356.2374954331883,2.350030921459493,1.0,6.734329596437441,2.865634462484037,1.0,0.0,8.736449397358834,98.78035015550708,9.107513194379404,6.315502,7.798317209015811,0.8562509921839533,10.759003499999999,4.416502,0.9141363968018876,-0.24655214841904938,742.4094001236858,750.0,73.63963541610268,0.09919006333141023,0.0,0.0,-9.59834736081288,90.12827205882357,12.759412155534942,9.899,11.575773466762804,0.9072340736121857,16.3888065,7.865426500000002,2.0811844549379614,9.893611339092264,6468.0,9.65566847914285,293,baseline,0
1367.312547070342,750.0,3367.2883516218267,2.46270566216679,678.0,0.0,16.06941835956312,363.8948624296762,2.3336345835216146,1.0,6.7708162219719545,2.901403788657575,1.0,0.0,8.820423165212686,100.61319821667233,8.904300424813904,6.2755745,7.771362091674321,0.8727650372192759,10.055049499999999,4.276574500000001,1.000672229811152,-0.0956269468719455,742.604910378069,750.0,72.69502979239917,0.09789193254241918,0.0,0.0,-9.728448049003788,92.64270144216559,12.47765878144299,9.613995,11.588131544157324,0.928710405303871,17.5493925,7.614994999999999,2.0732746744477746,9.29403437344684,6639.0,9.733625950283917,294,baseline,0
1352.1383376473973,750.0,3346.405881234574,2.4748990455052313,0.0,0.0,16.42197315855458,383.83751498594677,2.299827437446074,1.0,6.743075142718331,2.9319917803078392,0.0,0.0,9.018946224891376,105.71850817562178,8.84901822166569,5.999,7.77145813838001,0.8782282897047933,9.736308625,3.9999999999999996,1.09053047253452,0.12317566906364208,742.9398907103825,750.0,71.0461382759294,0.0956283801210306,0.0,0.0,-9.96366303079694,97.27458099126969,12.271664432413,8.2779205,11.578476325915648,0.9435131142710811,16.778897750000002,5.941582500000001,2.155874807951654,9.648285037940935,6954.0,9.812065562550789,295,baseline,0
1385.5426508199187,750.0,3460.4767761433604,2.497560630194649,734.0,0.0,16.034946466695484,368.48599861386225,2.3773130735670227,1.0,7.003209077773973,2.94585057207718,1.0,0.0,8.78812905448764,100.41927892319109,9.19324194802101,6.764126,7.738635701433472,0.8417743974528306,9.740246249999998,3.886963,1.0783254942701035,0.09489715381912278,742.613810741688,750.0,72.6517229853613,0.09783244256230592,0.0,0.0,-9.734492072897927,92.76033591731262,12.836767359861593,8.999,11.674861863531122,0.9094861296650468,16.542356,6.0,2.189785736730398,9.87008117566889,6647.0,9.709095074413886,296,baseline,0
1399.3897583953806,750.0,3554.5485701632,2.5400704477350518,750.0,0.0,16.01473005446773,371.3895135171322,2.411183710682267,1.0,7.181830313740042,2.97854961524598,1.0,0.0,8.765958748650522,100.89220392946226,9.40023577697171,6.504014,7.701280431902498,0.8192646029973802,9.3270605,3.564726333333333,1.0846520303507194,0.1266129948004,742.539735602492,750.0,73.01133713417414,0.09832650514646628,0.0,0.0,-9.684516117073331,91.78985242185308,13.108071837410728,9.391354,11.728201666835604,0.8947312627142503,15.427851,6.06793,2.2593556653885543,10.280694583946648,6581.0,9.682408120856238,297,baseline,0
1412.1412628038527,750.0,3617.089848263831,2.5614221066538208,750.0,0.0,16.00612956959178,371.786504267528,2.4416755847729705,1.0,7.325725825127693,3.0002863078179347,1.0,0.0,8.740628813646513,100.33048971564192,9.897264445497257,6.999,7.79864448942052,0.7879595955394018,9.260185,3.6335195,1.0763333303143836,0.1465589392385791,742.4941140498395,750.0,73.23190105493019,0.09862960482675899,0.0,0.0,-9.654101804203838,91.20168164593188,13.739332485094025,9.720079,11.82749633590449,0.8608494152635355,15.487352999999999,5.721079,2.255576004481998,10.206857257811025,6541.0,9.653530320052935,298,baseline,0
1418.2197097020626,750.0,3657.278164705927,2.578781087081523,750.0,0.0,16.08005056505821,376.4470621798096,2.4595874713521773,1.0,7.43718858229254,3.0237544583864255,1.0,0.0,8.747702304184509,100.50918273197635,9.75177723304555,6.999,7.741097616174535,0.7938140331941252,8.796410999999999,3.9999999999999996,1.063983082966976,0.22649004107825865,742.4987012987013,750.0,73.20975467881009,0.09859916865949962,0.0,0.0,-9.657147544055858,91.26049868766408,13.575448969289532,9.763059,11.866349031713318,0.8741036159140997,14.31654,5.764059,2.2546081473888084,9.920681115253037,6545.0,9.638036453509386,299,baseline,0
